can_transact,can_select,chance_of_playing_next_round,chance_of_playing_this_round,code,cost_change_event,cost_change_event_fall,cost_change_start,cost_change_start_fall,price_change_percent,price_change_hourly_rate,price_change_projections,price_change_locked_until,price_change_calibrating,dreamteam_count,element_type,ep_next,ep_this,event_points,first_name,form,id,in_dreamteam,news,news_added,now_cost,photo,points_per_game,removed,second_name,selected_by_percent,special,squad_number,status,team,team_code,total_points,transfers_in,transfers_in_event,transfers_out,transfers_out_event,value_form,value_season,web_name,known_name,region,team_join_date,birth_date,has_temporary_code,opta_code,minutes,goals_scored,assists,clean_sheets,goals_conceded,own_goals,penalties_saved,penalties_missed,yellow_cards,red_cards,saves,bonus,bps,influence,creativity,threat,ict_index,clearances_blocks_interceptions,recoveries,tackles,defensive_contribution,starts,expected_goals,expected_assists,expected_goal_involvements,expected_goals_conceded,corners_and_indirect_freekicks_order,corners_and_indirect_freekicks_text,direct_freekicks_order,direct_freekicks_text,penalties_order,penalties_text,scout_risks,scout_news_link,influence_rank,influence_rank_type,creativity_rank,creativity_rank_type,threat_rank,threat_rank_type,ict_index_rank,ict_index_rank_type,expected_goals_per_90,saves_per_90,expected_assists_per_90,expected_goal_involvements_per_90,expected_goals_conceded_per_90,goals_conceded_per_90,now_cost_rank,now_cost_rank_type,form_rank,form_rank_type,points_per_game_rank,points_per_game_rank_type,selected_rank,selected_rank_type,starts_per_90,clean_sheets_per_90,defensive_contribution_per_90,team_name,team_short_name
True,True,,,154561,0,0,0,0,10.6,-33,"[{'offset': 0, 'projected_percent': '10.4', 'likelihood': 1}, {'offset': 1, 'projected_percent': '10.0', 'likelihood': 1}, {'offset': 2, 'projected_percent': '9.5', 'likelihood': 1}]",,False,0,1,3.0,3.0,0,David,3.0,1,False,,,6.0,154561.jpg,6.0,False,Raya Martín,38.0,False,,a,1,3,6,162632,55898,146164,64186,0.5,1.0,Raya,,200.0,2024-07-04,1995-09-15,False,p154561,90,0,0,1,0,0,0,0,0,0,1,0,24,11.8,0.0,0.0,1.2,1,8,0,0,1,0.00,0.00,0.00,0.20,,,,,,,[],,144,19,602,70,595,70,231,19,0.0,1.0,0.0,0.0,0.2,0.0,61,1,110,8,44,3,6,1,1.0,1.0,0.0,Arsenal,ARS
True,True,,,109745,0,0,0,0,-76.1,3,"[{'offset': 0, 'projected_percent': '-73.7', 'likelihood': -3}, {'offset': 1, 'projected_percent': '-68.4', 'likelihood': -3}, {'offset': 2, 'projected_percent': '-63.1', 'likelihood': -3}]",,False,0,1,0.0,0.0,0,Kepa,0.0,2,False,,,5.0,109745.jpg,0.0,False,Arrizabalaga Revuelta,0.1,False,,a,1,3,0,549,227,1785,396,0.0,0.0,Arrizabalaga,,200.0,2025-07-01,1994-10-03,False,p109745,0,0,0,0,0,0,0,0,0,0,0,0,0,0.0,0.0,0.0,0.0,0,0,0,0,0,0.00,0.00,0.00,0.00,,,,,,,[],,447,65,454,54,395,54,463,65,0.0,0.0,0.0,0.0,0.0,0.0,235,9,503,65,503,65,450,50,0.0,0.0,0.0,Arsenal,ARS
True,True,,,437495,0,0,0,0,-73.6,0,"[{'offset': 0, 'projected_percent': '-73.6', 'likelihood': -3}, {'offset': 1, 'projected_percent': '-73.6', 'likelihood': -3}, {'offset': 2, 'projected_percent': '-73.6', 'likelihood': -3}]",,False,0,1,0.0,0.0,0,Illan,0.0,3,False,,,5.0,437495.jpg,0.0,False,Meslier,0.0,False,,a,1,3,0,150,49,632,140,0.0,0.0,Meslier,,73.0,2026-07-09,2000-03-02,False,p437495,0,0,0,0,0,0,0,0,0,0,0,0,0,0.0,0.0,0.0,0.0,0,0,0,0,0,0.00,0.00,0.00,0.00,,,,,,,[],,486,68,496,61,449,61,502,68,0.0,0.0,0.0,0.0,0.0,0.0,301,16,530,68,530,68,532,59,0.0,0.0,0.0,Arsenal,ARS
True,True,,,226597,0,0,0,0,-16.8,-669,"[{'offset': 0, 'projected_percent': '-18.3', 'likelihood': -1}, {'offset': 1, 'projected_percent': '-21.7', 'likelihood': -2}, {'offset': 2, 'projected_percent': '-25.1', 'likelihood': -2}]",,False,0,2,2.5,2.5,0,Gabriel,2.5,4,False,,,8.0,226597.jpg,5.0,False,dos Santos Magalhães,27.9,False,,a,1,3,5,75661,16896,225875,101767,0.3,0.6,Gabriel,Gabriel Magalhães,30.0,2020-09-01,1997-12-19,False,p226597,90,0,0,1,0,0,0,0,1,0,0,0,21,6.6,1.8,1.0,0.9,4,2,0,4,1,0.05,0.01,0.06,0.20,,,,,,,[],,196,87,193,59,194,66,240,90,0.05,0.0,0.01,0.06,0.2,0.0,7,1,142,50,68,24,8,2,1.0,1.0,4.0,Arsenal,ARS
True,True,0.0,0.0,445122,0,0,0,0,-71.6,-4,"[{'offset': 0, 'projected_percent': '-72.6', 'likelihood': -3}, {'offset': 1, 'projected_percent': '-74.8', 'likelihood': -3}, {'offset': 2, 'projected_percent': '-77.0', 'likelihood': -3}]",,False,0,2,0.0,0.0,0,Jurriën,0.0,5,False,Groin injury - Unknown return date,2026-07-23T12:01:23.272929Z,6.5,445122.jpg,0.0,False,Timber,0.1,False,,i,1,3,0,641,240,4163,1059,0.0,0.0,J.Timber,Jurriën Timber,152.0,2023-07-14,2001-06-17,False,p445122,0,0,0,0,0,0,0,0,0,0,0,0,0,0.0,0.0,0.0,0.0,0,0,0,0,0,0.00,0.00,0.00,0.00,,,,,,,[],https://www.arsenal.com/news/arteta-issues-update-on-bruno-timber-and-saliba-aKfIr6V2lm7B?utm_source=premier-league-web&utm_medium=referral&utm_campaign=pl-referral-always-on&utm_content=home&utm_term=live-bar,614,207,616,207,615,207,616,207,0.0,0.0,0.0,0.0,0.0,0.0,41,3,615,205,615,205,430,151,0.0,0.0,0.0,Arsenal,ARS
True,True,0.0,0.0,462424,0,0,0,0,-61.6,-22,"[{'offset': 0, 'projected_percent': '-63.6', 'likelihood': -3}, {'offset': 1, 'projected_percent': '-68.0', 'likelihood': -3}, {'offset': 2, 'projected_percent': '-72.4', 'likelihood': -3}]",,False,0,2,0.0,0.0,0,William,0.0,6,False,Back injury - Unknown return date,2026-07-23T12:01:23.289376Z,6.0,462424.jpg,0.0,False,Saliba,0.2,False,,i,1,3,0,1461,615,9422,2606,0.0,0.0,Saliba,,73.0,2019-07-25,2001-03-24,False,p462424,0,0,0,0,0,0,0,0,0,0,0,0,0,0.0,0.0,0.0,0.0,0,0,0,0,0,0.00,0.00,0.00,0.00,,,,,,,[],https://www.arsenal.com/news/arteta-issues-update-on-bruno-timber-and-saliba-aKfIr6V2lm7B?utm_source=premier-league-web&utm_medium=referral&utm_campaign=pl-referral-always-on&utm_content=home&utm_term=live-bar,604,206,607,206,601,206,607,206,0.0,0.0,0.0,0.0,0.0,0.0,83,9,609,204,609,204,316,117,0.0,0.0,0.0,Arsenal,ARS
True,True,,,499169,0,0,0,0,0.7,-17,"[{'offset': 0, 'projected_percent': '0.6', 'likelihood': 1}, {'offset': 1, 'projected_percent': '0.4', 'likelihood': 1}, {'offset': 2, 'projected_percent': '0.1', 'likelihood': 1}]",,False,0,3,1.5,1.5,0,Myles,1.5,7,False,,,5.5,499169.jpg,3.0,False,Lewis-Skelly,0.7,False,,a,1,3,3,12426,2733,12744,3693,0.3,0.5,Lewis-Skelly,,241.0,2022-12-04,2006-09-26,False,p499169,90,0,0,1,0,0,0,0,0,0,0,0,15,11.0,22.9,7.0,4.1,1,5,1,7,1,0.06,0.11,0.17,0.20,,,,,,,[],,155,54,54,35,112,59,101,52,0.06,0.0,0.11,0.17,0.2,0.0,186,117,194,90,116,50,225,76,1.0,1.0,7.0,Arsenal,ARS
True,True,,,466075,0,0,1,-1,19.6,290,"[{'offset': 0, 'projected_percent': '21.4', 'likelihood': 2}, {'offset': 1, 'projected_percent': '25.4', 'likelihood': 2}, {'offset': 2, 'projected_percent': '29.3', 'likelihood': 2}]",,False,0,2,4.5,4.5,0,Riccardo,4.5,8,False,,,5.6,466075.jpg,9.0,False,Calafiori,41.5,False,,a,1,3,9,395950,85845,83386,41753,0.8,1.6,Calafiori,,106.0,2024-07-29,2002-05-19,False,p466075,80,0,1,1,0,0,0,0,0,0,0,0,31,26.0,12.2,4.0,4.2,4,1,1,5,1,0.04,0.09,0.13,0.06,,,,,,,[],,62,24,105,31,137,45,98,34,0.04,0.0,0.1,0.14,0.07,0.0,113,11,68,24,11,4,5,1,1.12,1.12,5.62,Arsenal,ARS
True,True,,,448104,0,0,-1,1,-21.6,-65,"[{'offset': 0, 'projected_percent': '-24.6', 'likelihood': -2}, {'offset': 1, 'projected_percent': '-31.1', 'likelihood': -2}, {'offset': 2, 'projected_percent': '-37.6', 'likelihood': -2}]",,False,0,2,0.5,0.5,0,Piero,0.5,9,False,,,5.4,448104.jpg,1.0,False,Hincapié,1.4,False,,a,1,3,1,6430,2520,49482,8436,0.1,0.2,Hincapie,,62.0,2026-07-01,2002-01-09,False,p448104,9,0,0,0,0,0,0,0,0,0,0,0,3,0.4,0.5,0.0,0.1,0,0,0,0,0,0.00,0.00,0.00,0.15,,,,,,,[],,273,102,252,91,520,192,290,102,0.0,0.0,0.0,0.0,1.5,0.0,216,32,314,111,293,106,161,64,0.0,0.0,0.0,Arsenal,ARS
True,True,100.0,100.0,198869,0,0,0,0,52.2,-37,"[{'offset': 0, 'projected_percent': '52.0', 'likelihood': 3}, {'offset': 1, 'projected_percent': '51.5', 'likelihood': 3}, {'offset': 2, 'projected_percent': '51.0', 'likelihood': 3}]",,False,0,2,5.5,5.5,0,Benjamin,5.5,10,False,,2026-07-23T12:01:23.305229Z,5.5,198869.jpg,11.0,False,White,7.0,False,,a,1,3,11,184443,39502,55047,29992,1.0,2.0,White,,241.0,2021-07-30,1997-10-08,False,p198869,90,0,1,1,0,0,0,0,0,0,0,2,37,33.2,26.8,13.0,7.3,4,3,1,5,1,0.18,0.21,0.39,0.20,,,,,,,[],,42,15,38,11,76,21,41,11,0.18,0.0,0.21,0.39,0.2,0.0,133,15,43,17,3,1,58,23,1.0,1.0,5.0,Arsenal,ARS
True,True,,,500040,0,0,0,0,-35.0,-152,"[{'offset': 0, 'projected_percent': '-36.8', 'likelihood': -2}, {'offset': 1, 'projected_percent': '-40.8', 'likelihood': -3}, {'offset': 2, 'projected_percent': '-44.8', 'likelihood': -3}]",,False,0,2,3.0,3.0,0,Cristhian,3.0,11,False,,,5.5,500040.jpg,6.0,False,Mosquera,5.4,False,,a,1,3,6,20315,4905,68817,22868,0.5,1.1,Mosquera,,200.0,2025-07-24,2004-06-27,False,p500040,90,0,0,1,0,0,0,0,0,0,0,0,27,14.4,0.6,0.0,1.5,6,3,0,6,1,0.00,0.00,0.00,0.20,,,,,,,[],,119,55,246,89,572,201,210,82,0.0,0.0,0.0,0.0,0.2,0.0,187,26,106,39,43,16,68,27,1.0,1.0,6.0,Arsenal,ARS
True,True,,,223340,0,0,0,0,11.7,-226,"[{'offset': 0, 'projected_percent': '10.3', 'likelihood': 1}, {'offset': 1, 'projected_percent': '7.3', 'likelihood': 1}, {'offset': 2, 'projected_percent': '4.2', 'likelihood': 1}]",,False,0,3,4.5,4.5,0,Bukayo,4.5,12,False,,,9.5,223340.jpg,9.0,False,Saka,10.1,False,,a,1,3,9,103446,14533,67733,32503,0.5,0.9,Saka,,241.0,2018-11-28,2001-09-05,False,p223340,67,1,0,1,0,0,0,0,0,0,0,1,36,42.8,26.1,33.0,10.2,2,4,1,7,1,0.64,0.08,0.72,0.06,2.0,,2.0,,1.0,,[],,21,11,43,29,25,12,12,9,0.86,0.0,0.11,0.97,0.08,0.0,4,3,71,34,14,7,40,16,1.34,1.34,9.4,Arsenal,ARS
True,True,,,204480,0,0,0,0,-49.5,-538,"[{'offset': 0, 'projected_percent': '-51.7', 'likelihood': -3}, {'offset': 1, 'projected_percent': '-56.5', 'likelihood': -3}, {'offset': 2, 'projected_percent': '-61.2', 'likelihood': -3}]",,False,0,3,1.5,1.5,0,Declan,1.5,13,False,,,7.5,204480.jpg,3.0,False,Rice,16.0,False,,a,1,3,3,43442,7955,229719,71997,0.2,0.4,Rice,,241.0,2023-07-15,1999-01-14,False,p204480,67,0,0,1,0,0,0,0,0,0,0,0,10,6.8,6.4,2.0,1.5,3,3,0,6,1,0.07,0.08,0.15,0.06,1.0,,1.0,,,,[],,193,77,136,80,187,95,213,96,0.09,0.0,0.11,0.2,0.08,0.0,15,9,205,97,124,56,26,9,1.34,1.34,8.06,Arsenal,ARS
True,True,,,232413,-1,1,-1,1,-11.0,-69,"[{'offset': 0, 'projected_percent': '-12.6', 'likelihood': -1}, {'offset': 1, 'projected_percent': '-16.1', 'likelihood': -1}, {'offset': 2, 'projected_percent': '-19.5', 'likelihood': -1}]",,False,0,3,0.5,0.5,0,Eberechi,0.5,14,False,,,6.4,232413.jpg,1.0,False,Eze,1.7,False,,a,1,3,1,8858,3142,55712,11220,0.1,0.2,Eze,,241.0,2025-08-23,1998-06-29,False,p232413,14,0,0,0,0,0,0,0,0,0,0,0,4,0.0,1.8,1.0,0.1,0,2,0,2,0,0.04,0.00,0.04,0.15,,,3.0,,,,[],,610,267,192,112,193,99,294,140,0.26,0.0,0.0,0.26,0.96,0.0,52,36,343,164,328,160,148,43,0.0,0.0,12.86,Arsenal,ARS
True,True,,,184029,0,0,1,-1,9.2,29,"[{'offset': 0, 'projected_percent': '9.4', 'likelihood': 1}, {'offset': 1, 'projected_percent': '9.8', 'likelihood': 1}, {'offset': 2, 'projected_percent': '10.1', 'likelihood': 1}]",,False,0,3,5.5,5.5,0,Martin,5.5,15,False,,,6.6,184029.jpg,11.0,False,Ødegaard,11.9,False,,a,1,3,11,334948,45389,69599,32739,0.8,1.7,Ødegaard,,161.0,2021-08-20,1998-12-17,False,p184029,75,1,0,1,0,0,0,0,0,0,0,3,41,50.6,41.5,31.0,12.3,1,4,3,8,1,0.21,0.10,0.31,0.06,4.0,,,,3.0,,[],,6,4,13,11,27,13,6,5,0.25,0.0,0.12,0.37,0.07,0.0,31,20,45,23,4,3,34,12,1.2,1.2,9.6,Arsenal,ARS
True,True,,,248857,0,0,-1,1,-25.3,-5,"[{'offset': 0, 'projected_percent': '-26.3', 'likelihood': -2}, {'offset': 1, 'projected_percent': '-28.5', 'likelihood': -2}, {'offset': 2, 'projected_percent': '-30.7', 'likelihood': -2}]",,False,0,3,0.5,0.5,0,Noni,0.5,16,False,,,6.4,248857.jpg,1.0,False,Madueke,0.3,False,,a,1,3,1,2035,623,10180,1949,0.1,0.2,Madueke,,241.0,2025-07-18,2002-03-10,False,p248857,22,0,0,0,0,0,0,0,0,0,0,0,8,9.4,43.1,0.0,5.3,0,2,0,2,0,0.00,0.04,0.04,0.15,6.0,,,,,,[],,171,67,11,9,609,265,70,37,0.0,0.0,0.16,0.16,0.61,0.0,53,37,344,165,329,161,299,102,0.0,0.0,8.18,Arsenal,ARS
True,True,,,195384,-1,1,-1,1,-13.7,-40,"[{'offset': 0, 'projected_percent': '-16.4', 'likelihood': -1}, {'offset': 1, 'projected_percent': '-22.2', 'likelihood': -2}, {'offset': 2, 'projected_percent': '-28.1', 'likelihood': -2}]",,False,0,3,0.5,0.5,0,Mikel,0.5,17,False,,,5.9,195384.jpg,1.0,False,Merino Zazón,0.6,False,,a,1,3,1,3820,1398,20181,4924,0.1,0.2,Merino,,200.0,2024-08-27,1996-06-22,False,p195384,14,0,0,0,0,0,0,0,0,0,0,0,5,3.6,1.2,14.0,1.9,0,2,0,2,0,0.14,0.02,0.16,0.15,,,,,,,[],,233,103,216,121,73,40,186,83,0.9,0.0,0.13,1.03,0.96,0.0,99,61,333,157,317,153,249,83,0.0,0.0,12.86,Arsenal,ARS
True,True,,,444145,0,0,-1,1,-47.0,-16,"[{'offset': 0, 'projected_percent': '-52.4', 'likelihood': -3}, {'offset': 1, 'projected_percent': '-64.5', 'likelihood': -3}, {'offset': 2, 'projected_percent': '-76.6', 'likelihood': -3}]",,False,0,3,0.0,0.0,0,Gabriel,0.0,18,False,,,6.4,444145.jpg,0.0,False,Martinelli Silva,0.2,False,,a,1,3,0,1877,559,8846,1810,0.0,0.0,Martinelli,Gabriel Martinelli,30.0,2019-07-15,2001-06-18,False,p444145,0,0,0,0,0,0,0,0,0,0,0,0,0,0.0,0.0,0.0,0.0,0,0,0,0,0,0.00,0.00,0.00,0.00,,,,,,,[],,611,268,613,269,610,266,613,269,0.0,0.0,0.0,0.0,0.0,0.0,54,38,612,269,612,269,350,129,0.0,0.0,0.0,Arsenal,ARS
True,True,,,481655,-1,1,-1,1,-8.3,-42,"[{'offset': 0, 'projected_percent': '-10.0', 'likelihood': -1}, {'offset': 1, 'projected_percent': '-13.9', 'likelihood': -1}, {'offset': 2, 'projected_percent': '-17.7', 'likelihood': -1}]",,False,0,3,0.5,0.5,0,Martín,0.5,19,False,,,5.4,481655.jpg,1.0,False,Zubimendi Ibáñez,0.9,False,,a,1,3,1,3438,1859,26291,5699,0.1,0.2,Zubimendi,,200.0,2025-07-06,1999-02-02,False,p481655,22,0,0,0,0,0,0,0,0,0,0,0,3,3.8,2.3,0.0,0.6,0,2,1,3,0,0.00,0.02,0.02,0.15,,,,,,,[],,228,100,178,104,523,211,253,114,0.0,0.0,0.08,0.08,0.61,0.0,219,135,315,148,294,138,202,66,0.0,0.0,12.27,Arsenal,ARS
True,True,,,616077,0,0,-1,1,-25.0,-1,"[{'offset': 0, 'projected_percent': '-25.5', 'likelihood': -2}, {'offset': 1, 'projected_percent': '-26.7', 'likelihood': -2}, {'offset': 2, 'projected_percent': '-27.9', 'likelihood': -2}]",,False,0,3,0.0,0.0,0,Max,0.0,20,False,,,5.4,616077.jpg,0.0,False,Dowman,0.1,False,,a,1,3,0,812,339,3046,716,0.0,0.0,Dowman,,241.0,2025-07-22,2009-12-31,False,p616077,0,0,0,0,0,0,0,0,0,0,0,0,0,0.0,0.0,0.0,0.0,0,0,0,0,0,0.00,0.00,0.00,0.00,,,,,,,[],,547,230,559,238,527,215,561,236,0.0,0.0,0.0,0.0,0.0,0.0,225,140,579,246,579,246,449,180,0.0,0.0,0.0,Arsenal,ARS
True,True,,,499175,-1,1,-1,1,-1.6,1,"[{'offset': 0, 'projected_percent': '0.0', 'likelihood': 0}, {'offset': 1, 'projected_percent': '0.0', 'likelihood': 0}, {'offset': 2, 'projected_percent': '0.0', 'likelihood': 0}]",,False,0,3,0.0,0.0,0,Ethan,0.0,22,False,,,5.4,499175.jpg,0.0,False,Nwaneri,0.0,False,,a,1,3,0,159,83,445,121,0.0,0.0,Nwaneri,,241.0,2022-09-17,2007-03-21,False,p499175,0,0,0,0,0,0,0,0,0,0,0,0,0,0.0,0.0,0.0,0.0,0,0,0,0,0,0.00,0.00,0.00,0.00,,,,,,,[],,546,229,558,237,526,214,560,235,0.0,0.0,0.0,0.0,0.0,0.0,223,138,578,245,578,245,582,246,0.0,0.0,0.0,Arsenal,ARS
True,True,,,438098,0,0,0,0,-47.1,2,"[{'offset': 0, 'projected_percent': '-37.0', 'likelihood': -2}, {'offset': 1, 'projected_percent': '-14.9', 'likelihood': -1}, {'offset': 2, 'projected_percent': '0.0', 'likelihood': 0}]",,False,0,3,0.0,0.0,0,Fábio,0.0,23,False,,,5.5,438098.jpg,0.0,False,Ferreira Vieira,0.0,False,,a,1,3,0,169,89,293,78,0.0,0.0,Fábio Vieira,Fábio Vieira,173.0,2022-06-21,2000-05-30,False,p438098,0,0,0,0,0,0,0,0,0,0,0,0,0,0.0,0.0,0.0,0.0,0,0,0,0,0,0.00,0.00,0.00,0.00,,,,,,,[],,564,239,577,247,556,233,577,245,0.0,0.0,0.0,0.0,0.0,0.0,161,100,590,253,590,253,590,251,0.0,0.0,0.0,Arsenal,ARS
True,False,0.0,,200641,0,0,0,0,0.0,-1,"[{'offset': 0, 'projected_percent': '0.0', 'likelihood': 0}, {'offset': 1, 'projected_percent': '0.0', 'likelihood': 0}, {'offset': 2, 'projected_percent': '0.0', 'likelihood': 0}]",,False,0,3,0.0,0.0,0,Reiss,0.0,24,False,has departed the club as a free agent.,2026-08-29T00:33:08.556767Z,5.5,200641.jpg,0.0,False,Nelson,0.0,False,,u,1,3,0,68,4,319,147,0.0,0.0,Nelson,,241.0,2017-07-12,1999-12-10,False,p200641,0,0,0,0,0,0,0,0,0,0,0,0,0,0.0,0.0,0.0,0.0,0,0,0,0,0,0.00,0.00,0.00,0.00,,,,,,,[],,555,233,569,241,542,223,569,239,0.0,0.0,0.0,0.0,0.0,0.0,135,84,586,249,586,249,599,256,0.0,0.0,0.0,Arsenal,ARS
True,True,,,224117,0,0,-1,1,-48.9,-439,"[{'offset': 0, 'projected_percent': '-53.6', 'likelihood': -3}, {'offset': 1, 'projected_percent': '-63.7', 'likelihood': -3}, {'offset': 2, 'projected_percent': '-73.9', 'likelihood': -3}]",,False,0,4,0.0,0.0,0,Viktor,0.0,25,False,,,7.4,224117.jpg,0.0,False,Gyökeres,6.1,False,,a,1,3,0,12330,3554,280726,42597,0.0,0.0,Gyökeres,,206.0,2025-07-26,1998-06-04,False,p224117,0,0,0,0,0,0,0,0,0,0,0,0,0,0.0,0.0,0.0,0.0,0,0,0,0,0,0.00,0.00,0.00,0.00,,,,,2.0,,[],,621,71,622,71,622,71,622,71,0.0,0.0,0.0,0.0,0.0,0.0,20,8,619,71,619,71,63,11,0.0,0.0,0.0,Arsenal,ARS
True,True,,,219847,0,0,0,0,73.7,44,"[{'offset': 0, 'projected_percent': '74.0', 'likelihood': 3}, {'offset': 1, 'projected_percent': '74.6', 'likelihood': 3}, {'offset': 2, 'projected_percent': '75.2', 'likelihood': 3}]",,False,0,4,3.0,3.0,0,Kai,3.0,26,False,,,7.5,219847.jpg,6.0,False,Havertz,7.4,False,,a,1,3,6,214701,27093,70619,31794,0.4,0.8,Havertz,,80.0,2023-06-28,1999-06-11,False,p219847,90,1,0,1,0,0,0,0,0,0,0,0,34,37.2,13.2,25.0,7.5,2,0,0,2,1,0.26,0.03,0.29,0.20,,,,,,,[],,35,5,98,9,38,10,38,7,0.26,0.0,0.03,0.29,0.2,0.0,16,6,115,14,49,4,53,7,1.0,1.0,2.0,Arsenal,ARS
True,True,,,205651,0,0,0,0,-103.2,-34,"[{'offset': 0, 'projected_percent': '-109.7', 'likelihood': -5}, {'offset': 1, 'projected_percent': '-124.2', 'likelihood': -5}, {'offset': 2, 'projected_percent': '-138.7', 'likelihood': -5}]",,False,0,4,0.0,0.0,0,Gabriel,0.0,27,False,,,6.0,205651.jpg,0.0,False,Fernando de Jesus,0.3,False,,a,1,3,0,3353,1439,10013,2835,0.0,0.0,G.Jesus,Gabriel Jesus,30.0,2022-07-04,1997-04-03,False,p205651,0,0,0,0,0,0,0,0,0,0,0,0,0,0.0,0.0,0.0,0.0,0,0,0,0,0,0.00,0.00,0.00,0.00,,,,,,,[],,600,63,604,65,596,65,604,65,0.0,0.0,0.0,0.0,0.0,0.0,68,16,606,69,606,69,291,50,0.0,0.0,0.0,Arsenal,ARS
True,True,,,199798,-1,1,-1,1,-0.3,-4,"[{'offset': 0, 'projected_percent': '-0.3', 'likelihood': -1}, {'offset': 1, 'projected_percent': '-0.3', 'likelihood': -1}, {'offset': 2, 'projected_percent': '-0.3', 'likelihood': -1}]",,False,0,2,0.0,0.0,0,Ezri,0.0,31,False,,,4.4,199798.jpg,0.0,False,Konsa Ngoyo,10.4,False,,a,1,3,0,97527,47706,290250,60663,0.0,0.0,Konsa,,241.0,2026-08-21,1997-10-23,False,p199798,0,0,0,0,0,0,0,0,0,0,0,0,0,0.0,0.0,0.0,0.0,0,0,0,0,0,0.00,0.00,0.00,0.00,,,,,,,[],,338,139,339,142,262,112,355,140,0.0,0.0,0.0,0.0,0.0,0.0,547,150,405,152,405,152,38,13,0.0,0.0,0.0,Arsenal,ARS
True,True,75.0,75.0,208706,0,0,-1,1,-38.3,-332,"[{'offset': 0, 'projected_percent': '-43.1', 'likelihood': -3}, {'offset': 1, 'projected_percent': '-53.9', 'likelihood': -3}, {'offset': 2, 'projected_percent': '-64.6', 'likelihood': -3}]",,False,0,3,0.0,0.0,0,Bruno,0.0,452,False,Thigh injury - 75% chance of playing,2026-08-20T17:00:08.846118Z,6.9,208706.jpg,0.0,False,Guimarães Rodriguez Moura,2.4,False,,d,1,3,0,1304,454,154710,28155,0.0,0.0,Bruno G.,Bruno Guimarães,30.0,2026-08-08,1997-11-16,False,p208706,0,0,0,0,0,0,0,0,0,0,0,0,0,0.0,0.0,0.0,0.0,0,0,0,0,0,0.00,0.00,0.00,0.00,5.0,,,,4.0,,[],https://www.arsenal.com/news/arteta-issues-update-on-bruno-timber-and-saliba-aKfIr6V2lm7B?utm_source=premier-league-web&utm_medium=referral&utm_campaign=pl-referral-always-on&utm_content=home&utm_term=live-bar,618,273,620,274,619,273,620,274,0.0,0.0,0.0,0.0,0.0,0.0,29,18,618,273,618,273,120,37,0.0,0.0,0.0,Arsenal,ARS
True,True,,,439509,0,0,0,0,93.9,-86,"[{'offset': 0, 'projected_percent': '93.4', 'likelihood': 3}, {'offset': 1, 'projected_percent': '92.2', 'likelihood': 3}, {'offset': 2, 'projected_percent': '91.1', 'likelihood': 3}]",,False,0,3,3.0,3.0,0,Christos,3.0,557,False,,,6.5,439509.jpg,6.0,False,Tzolis,25.6,False,,a,1,3,6,296423,59736,114720,59020,0.5,0.9,Tzolis,,83.0,2026-07-23,2002-01-30,False,p439509,75,0,1,1,0,0,0,0,0,0,0,0,30,17.0,39.8,30.0,8.7,2,3,1,6,1,0.19,0.14,0.33,0.06,3.0,,,,,,[],,102,35,16,14,29,15,24,15,0.23,0.0,0.17,0.4,0.07,0.0,39,26,114,54,47,24,11,5,1.2,1.2,7.2,Arsenal,ARS
True,True,,,72147,0,0,0,0,0.1,-1,"[{'offset': 0, 'projected_percent': '0.1', 'likelihood': 1}, {'offset': 1, 'projected_percent': '0.1', 'likelihood': 1}, {'offset': 2, 'projected_percent': '0.1', 'likelihood': 1}]",,False,0,1,0.5,0.5,0,Marco,0.5,29,False,,,4.5,72147.jpg,1.0,False,Bizot,0.1,False,,a,2,7,1,1951,1106,1502,621,0.1,0.2,M.Bizot,,152.0,2025-07-15,1991-03-10,False,p72147,90,0,0,0,4,0,0,0,0,0,3,0,1,28.2,0.0,0.0,2.8,2,6,0,0,1,0.00,0.00,0.00,3.77,,,,,,,[],,56,8,342,24,267,24,138,8,0.0,3.0,0.0,0.0,3.77,4.0,408,23,268,21,232,20,378,41,1.0,0.0,0.0,Aston Villa,AVL
True,False,0.0,0.0,101188,0,0,0,0,0.0,-11,"[{'offset': 0, 'projected_percent': '0.0', 'likelihood': 0}, {'offset': 1, 'projected_percent': '0.0', 'likelihood': 0}, {'offset': 2, 'projected_percent': '0.0', 'likelihood': 0}]",,False,0,2,0.0,0.0,0,Lucas,0.0,30,False,Has joined Paris Saint-Germain permanently,2026-08-10T14:03:30.089007Z,4.5,101188.jpg,0.0,False,Digne,0.1,False,,u,2,7,0,0,0,5995,1018,0.0,0.0,Digne,,73.0,2022-01-13,1993-07-20,False,p101188,0,0,0,0,0,0,0,0,0,0,0,0,0,0.0,0.0,0.0,0.0,0,0,0,0,0,0.00,0.00,0.00,0.00,,,,,,,[],,342,141,345,144,271,117,359,142,0.0,0.0,0.0,0.0,0.0,0.0,413,84,409,154,409,154,455,161,0.0,0.0,0.0,Aston Villa,AVL
True,True,,,199796,0,0,0,0,-51.9,-84,"[{'offset': 0, 'projected_percent': '-52.6', 'likelihood': -3}, {'offset': 1, 'projected_percent': '-54.3', 'likelihood': -3}, {'offset': 2, 'projected_percent': '-55.9', 'likelihood': -3}]",,False,0,2,-0.5,-0.5,0,Matty,-0.5,32,False,,,4.5,199796.jpg,-1.0,False,Cash,7.3,False,,a,2,7,-1,35130,8152,132491,26164,-0.1,-0.2,Cash,,172.0,2020-09-03,1997-08-07,False,p199796,90,0,0,0,4,0,0,0,1,0,0,0,-8,12.0,1.1,0.0,1.3,5,0,2,7,1,0.00,0.00,0.00,3.77,1.0,,,,,,[],,143,67,218,72,289,124,222,85,0.0,0.0,0.0,0.0,3.77,4.0,438,98,624,206,624,206,55,22,1.0,0.0,7.0,Aston Villa,AVL
True,True,,,149484,0,0,0,0,0.2,0,"[{'offset': 0, 'projected_percent': '0.2', 'likelihood': 1}, {'offset': 1, 'projected_percent': '0.2', 'likelihood': 1}, {'offset': 2, 'projected_percent': '0.2', 'likelihood': 1}]",,False,0,2,0.5,0.5,0,Tyrone,0.5,33,False,,,4.5,149484.jpg,1.0,False,Mings,0.4,False,,a,2,7,1,4382,1129,4771,1264,0.1,0.2,Mings,,241.0,2019-07-08,1993-03-13,False,p149484,16,0,0,0,0,0,0,0,0,0,0,0,5,2.0,0.0,0.0,0.2,0,0,1,1,0,0.00,0.00,0.00,0.22,,,,,,,[],,251,98,354,146,281,119,280,99,0.0,0.0,0.0,0.0,1.24,0.0,425,88,269,91,233,79,277,106,0.0,0.0,5.62,Aston Villa,AVL
True,True,,,244954,0,0,0,0,-38.1,2,"[{'offset': 0, 'projected_percent': '-37.7', 'likelihood': -2}, {'offset': 1, 'projected_percent': '-36.9', 'likelihood': -2}, {'offset': 2, 'projected_percent': '-36.1', 'likelihood': -2}]",,False,0,2,0.0,0.0,0,Pau,0.0,34,False,,,4.5,244954.jpg,0.0,False,Torres,0.4,False,,a,2,7,0,2567,736,6391,1331,0.0,0.0,Pau,,200.0,2023-07-12,1997-01-16,False,p244954,73,0,0,0,4,0,0,0,0,0,0,0,-14,0.0,0.7,0.0,0.0,5,1,0,5,1,0.00,0.00,0.00,3.55,,,,,,,[],,372,156,234,81,309,137,389,157,0.0,0.0,0.0,0.0,4.38,4.93,465,118,434,164,434,164,271,100,1.23,0.0,6.16,Aston Villa,AVL
True,True,,,515597,0,0,0,0,-20.3,0,"[{'offset': 0, 'projected_percent': '-20.3', 'likelihood': -2}, {'offset': 1, 'projected_percent': '-20.3', 'likelihood': -2}, {'offset': 2, 'projected_percent': '-20.3', 'likelihood': -2}]",,False,0,3,0.5,0.5,0,Lamare,0.5,35,False,,,5.0,515597.jpg,1.0,False,Bogarde,0.1,False,,a,2,7,1,976,340,1418,433,0.1,0.2,Bogarde,,152.0,2021-01-07,2004-01-05,False,p515597,16,0,0,0,0,0,0,0,0,0,0,0,3,2.2,0.5,0.0,0.3,1,0,0,1,0,0.00,0.00,0.00,0.22,,,,,,,[],,247,112,251,134,487,185,277,130,0.0,0.0,0.0,0.0,1.24,0.0,354,208,303,140,280,127,464,188,0.0,0.0,5.62,Aston Villa,AVL
True,True,,,441302,0,0,0,0,-41.6,11,"[{'offset': 0, 'projected_percent': '-40.6', 'likelihood': -3}, {'offset': 1, 'projected_percent': '-38.4', 'likelihood': -2}, {'offset': 2, 'projected_percent': '-36.3', 'likelihood': -2}]",,False,0,2,0.0,0.0,0,Ian,0.0,36,False,,,4.5,441302.jpg,0.0,False,Maatsen,0.7,False,,a,2,7,0,3965,1419,11319,2461,0.0,0.0,Maatsen,,152.0,2024-06-28,2002-03-10,False,p441302,81,0,0,0,4,0,0,0,0,0,0,0,-9,9.2,0.8,3.0,1.3,7,2,2,9,1,0.03,0.00,0.03,3.62,,,,,,,[],,172,74,228,78,148,49,223,86,0.03,0.0,0.0,0.03,4.02,4.44,471,123,438,167,438,167,224,82,1.11,0.0,10.0,Aston Villa,AVL
True,True,,,184667,0,0,0,0,-38.8,6,"[{'offset': 0, 'projected_percent': '-37.4', 'likelihood': -2}, {'offset': 1, 'projected_percent': '-34.3', 'likelihood': -2}, {'offset': 2, 'projected_percent': '-31.2', 'likelihood': -2}]",,False,0,2,-1.0,-1.0,0,Victor,-1.0,37,False,,,4.5,184667.jpg,-2.0,False,Lindelöf,0.3,False,,a,2,7,-2,2501,726,4965,954,-0.2,-0.4,Lindelöf,,206.0,2025-09-01,1994-07-17,False,p184667,90,0,0,0,4,1,0,0,0,0,0,0,-13,1.8,0.1,0.0,0.2,3,1,0,3,1,0.00,0.00,0.00,3.77,,,,,,,[],,255,99,273,101,287,122,281,100,0.0,0.0,0.0,0.0,3.77,4.0,435,95,625,207,625,207,308,114,1.0,0.0,3.0,Aston Villa,AVL
True,True,,,606798,0,0,0,0,-9.1,3,"[{'offset': 0, 'projected_percent': '-9.0', 'likelihood': -1}, {'offset': 1, 'projected_percent': '-8.7', 'likelihood': -1}, {'offset': 2, 'projected_percent': '-8.5', 'likelihood': -1}]",,False,0,2,0.0,0.0,0,Andrés,0.0,38,False,,,4.0,606798.jpg,0.0,False,García,1.7,False,,a,2,7,0,12711,5372,19262,5339,0.0,0.0,A.García,,,,,False,p606798,0,0,0,0,0,0,0,0,0,0,0,0,0,0.0,0.0,0.0,0.0,0,0,0,0,0,0.00,0.00,0.00,0.00,,,,,,,[],,332,133,333,136,256,106,349,134,0.0,0.0,0.0,0.0,0.0,0.0,620,201,399,146,399,146,146,59,0.0,0.0,0.0,Aston Villa,AVL
True,False,0.0,0.0,578545,0,0,0,0,0.0,-16,"[{'offset': 0, 'projected_percent': '0.0', 'likelihood': 0}, {'offset': 1, 'projected_percent': '0.0', 'likelihood': 0}, {'offset': 2, 'projected_percent': '0.0', 'likelihood': 0}]",,False,0,2,0.0,0.0,0,Kosta,0.0,39,False,Has joined Rangers on loan for the rest of the season,2026-08-19T13:56:46.385411Z,4.0,578545.jpg,0.0,False,Nedeljkovic,0.2,False,,u,2,7,0,0,0,8944,1706,0.0,0.0,Nedeljkovic,,190.0,2024-01-22,2005-12-16,False,p578545,0,0,0,0,0,0,0,0,0,0,0,0,0,0.0,0.0,0.0,0.0,0,0,0,0,0,0.00,0.00,0.00,0.00,,,,,,,[],,330,132,330,134,253,104,347,133,0.0,0.0,0.0,0.0,0.0,0.0,617,199,397,145,397,145,338,126,0.0,0.0,0.0,Aston Villa,AVL
True,True,,,195546,0,0,0,0,-87.8,-31,"[{'offset': 0, 'projected_percent': '-89.6', 'likelihood': -3}, {'offset': 1, 'projected_percent': '-93.6', 'likelihood': -3}, {'offset': 2, 'projected_percent': '-97.5', 'likelihood': -4}]",,False,0,3,1.0,1.0,0,Emiliano,1.0,41,False,,,6.0,195546.jpg,2.0,False,Buendía Stati,1.1,False,,a,2,7,2,8199,3179,29231,7345,0.2,0.3,Buendía,,10.0,2021-06-10,1996-12-25,False,p195546,85,0,0,0,4,0,0,0,0,0,0,0,4,0.0,16.3,8.0,2.2,3,3,1,7,1,0.13,0.09,0.22,3.62,3.0,,1.0,,1.0,,[],,599,262,73,45,99,50,167,76,0.14,0.0,0.1,0.24,3.83,4.24,65,44,255,122,181,90,182,54,1.06,0.0,7.41,Aston Villa,AVL
True,True,,,215711,0,0,0,0,-68.3,-3,"[{'offset': 0, 'projected_percent': '-69.6', 'likelihood': -3}, {'offset': 1, 'projected_percent': '-72.4', 'likelihood': -3}, {'offset': 2, 'projected_percent': '-75.3', 'likelihood': -3}]",,False,0,3,0.0,0.0,0,Leon,0.0,44,False,,,5.5,215711.jpg,0.0,False,Bailey,0.1,False,,a,2,7,0,1502,500,3639,982,0.0,0.0,Bailey,,107.0,2021-08-04,1997-08-09,False,p215711,0,0,0,0,0,0,0,0,0,0,0,0,0,0.0,0.0,0.0,0.0,0,0,0,0,0,0.00,0.00,0.00,0.00,,,,,,,[],,560,236,574,244,549,227,573,242,0.0,0.0,0.0,0.0,0.0,0.0,144,89,588,251,588,251,385,149,0.0,0.0,0.0,Aston Villa,AVL
True,True,,,122806,0,0,0,0,-78.3,-72,"[{'offset': 0, 'projected_percent': '-80.1', 'likelihood': -3}, {'offset': 1, 'projected_percent': '-83.9', 'likelihood': -3}, {'offset': 2, 'projected_percent': '-87.8', 'likelihood': -3}]",,False,0,3,0.5,0.5,0,John,0.5,45,False,,,5.5,122806.jpg,1.0,False,McGinn,2.7,False,,a,2,7,1,11893,4287,58327,13674,0.1,0.2,McGinn,,243.0,2018-08-08,1994-10-18,False,p122806,81,0,0,0,4,0,0,0,1,0,0,0,8,1.6,2.4,1.0,0.5,2,3,1,6,1,0.04,0.01,0.05,3.62,2.0,,,,,,[],,257,118,173,102,191,97,259,118,0.04,0.0,0.01,0.05,4.02,4.44,122,78,318,151,301,142,112,33,1.11,0.0,6.67,Aston Villa,AVL
True,True,,,88894,0,0,0,0,-9.7,4,"[{'offset': 0, 'projected_percent': '-8.6', 'likelihood': -1}, {'offset': 1, 'projected_percent': '-6.2', 'likelihood': -1}, {'offset': 2, 'projected_percent': '-3.8', 'likelihood': -1}]",,False,0,3,1.0,1.0,0,Ross,1.0,46,False,,,5.0,88894.jpg,2.0,False,Barkley,0.2,False,,a,2,7,2,3031,1156,3911,1195,0.2,0.4,Barkley,,241.0,2024-07-01,1993-12-05,False,p88894,73,0,0,0,4,0,0,0,0,0,0,0,11,9.4,21.4,7.0,3.8,1,0,0,1,1,0.10,0.02,0.12,3.55,4.0,,,,,,[],,170,66,58,38,103,52,107,56,0.12,0.0,0.02,0.14,4.38,4.93,230,143,224,102,156,72,320,112,1.23,0.0,1.23,Aston Villa,AVL
True,True,100.0,100.0,226944,0,0,0,0,-28.2,-18,"[{'offset': 0, 'projected_percent': '-31.8', 'likelihood': -2}, {'offset': 1, 'projected_percent': '-39.5', 'likelihood': -2}, {'offset': 2, 'projected_percent': '-47.2', 'likelihood': -3}]",,False,0,3,1.0,1.0,0,Boubacar,1.0,47,False,,2026-07-23T12:01:23.337269Z,5.0,226944.jpg,2.0,False,Kamara,0.3,False,,a,2,7,2,4031,1542,6733,1994,0.2,0.4,Kamara,,73.0,2022-06-11,1999-11-23,False,p226944,90,0,0,0,4,0,0,0,0,0,0,0,9,11.2,2.8,0.0,1.4,3,2,2,7,1,0.00,0.00,0.00,3.77,,,,,,,[],,154,53,165,97,433,159,218,97,0.0,0.0,0.0,0.0,3.77,4.0,282,170,231,106,163,76,289,95,1.0,0.0,7.0,Aston Villa,AVL
True,True,0.0,0.0,449871,0,0,0,0,-49.5,-2,"[{'offset': 0, 'projected_percent': '-51.8', 'likelihood': -3}, {'offset': 1, 'projected_percent': '-56.9', 'likelihood': -3}, {'offset': 2, 'projected_percent': '-61.9', 'likelihood': -3}]",,False,0,3,0.0,0.0,0,Amadou,0.0,48,False,Knee injury - Unknown return date,2026-07-23T12:01:23.352497Z,5.0,449871.jpg,0.0,False,Onana,0.0,False,,i,2,7,0,227,70,781,252,0.0,0.0,Onana,,21.0,2024-07-22,2001-08-16,False,p449871,0,0,0,0,0,0,0,0,0,0,0,0,0,0.0,0.0,0.0,0.0,0,0,0,0,0,0.00,0.00,0.00,0.00,,,,,,,[],,493,195,503,204,456,170,509,202,0.0,0.0,0.0,0.0,0.0,0.0,308,183,536,221,536,221,556,231,0.0,0.0,0.0,Aston Villa,AVL
True,False,0.0,0.0,469247,0,0,0,0,0.0,0,"[{'offset': 0, 'projected_percent': '0.0', 'likelihood': 0}, {'offset': 1, 'projected_percent': '0.0', 'likelihood': 0}, {'offset': 2, 'projected_percent': '0.0', 'likelihood': 0}]",,False,0,3,0.0,0.0,0,Samuel,0.0,49,False,Has joined Bolton Wanderers on loan for the rest of the season,2026-08-17T13:52:28.532616Z,5.0,469247.jpg,0.0,False,Iling-Junior,0.0,False,,u,2,7,0,0,0,152,32,0.0,0.0,Iling Jr,,241.0,2024-07-01,2003-10-04,False,p469247,0,0,0,0,0,0,0,0,0,0,0,0,0,0.0,0.0,0.0,0.0,0,0,0,0,0,0.00,0.00,0.00,0.00,,,,,,,[],,499,199,510,208,465,175,515,206,0.0,0.0,0.0,0.0,0.0,0.0,320,188,541,224,541,224,617,270,0.0,0.0,0.0,Aston Villa,AVL
True,True,,,645618,0,0,0,0,-11.5,4,"[{'offset': 0, 'projected_percent': '-11.2', 'likelihood': -1}, {'offset': 1, 'projected_percent': '-10.3', 'likelihood': -1}, {'offset': 2, 'projected_percent': '-9.5', 'likelihood': -1}]",,False,0,3,0.0,0.0,0,Bradley,0.0,50,False,,,4.5,645618.jpg,0.0,False,Burrowes,0.7,False,,a,2,7,0,6699,3186,9792,3024,0.0,0.0,Burrowes,,241.0,2025-01-09,2008-03-04,False,p645618,0,0,0,0,0,0,0,0,0,0,0,0,0,0.0,0.0,0.0,0.0,0,0,0,0,0,0.00,0.00,0.00,0.00,,,,,,,[],,430,159,436,169,377,128,446,166,0.0,0.0,0.0,0.0,0.0,0.0,543,273,487,193,487,193,231,77,0.0,0.0,0.0,Aston Villa,AVL
True,True,,,577285,0,0,0,0,2.6,10,"[{'offset': 0, 'projected_percent': '2.7', 'likelihood': 1}, {'offset': 1, 'projected_percent': '2.8', 'likelihood': 1}, {'offset': 2, 'projected_percent': '3.0', 'likelihood': 1}]",,False,0,3,1.0,1.0,0,George,1.0,51,False,,,4.5,577285.jpg,2.0,False,Hemmings,0.8,False,,a,2,7,2,15777,7034,9035,3551,0.2,0.4,George Hemmings,,241.0,2025-08-05,2007-03-04,False,p577285,90,0,0,0,4,0,0,0,0,0,0,0,12,10.6,11.6,2.0,2.4,0,2,3,5,1,0.00,0.00,0.00,3.77,,,,,,,[],,158,56,111,67,164,80,154,69,0.0,0.0,0.0,0.0,3.77,4.0,524,264,222,100,155,71,218,71,1.0,0.0,5.0,Aston Villa,AVL
True,True,,,653481,0,0,0,0,-26.7,-1,"[{'offset': 0, 'projected_percent': '-27.4', 'likelihood': -2}, {'offset': 1, 'projected_percent': '-29.0', 'likelihood': -2}, {'offset': 2, 'projected_percent': '-30.6', 'likelihood': -2}]",,False,0,3,0.5,0.5,0,Alysson Edward Franco,0.5,52,False,,,5.0,653481.jpg,1.0,False,da Rocha dos Santos,0.0,False,,a,2,7,1,535,192,889,293,0.1,0.2,Alysson,Alysson,30.0,2026-01-01,2006-05-05,False,p653481,8,0,0,0,0,0,0,0,0,0,0,0,5,4.0,0.0,0.0,0.4,1,1,1,3,0,0.00,0.00,0.00,0.14,,,,,,,[],,224,97,548,232,513,206,267,123,0.0,0.0,0.0,0.0,1.58,0.0,391,235,312,146,291,136,502,207,0.0,0.0,33.75,Aston Villa,AVL
True,True,0.0,0.0,614071,-1,1,-1,1,-7.6,-24,"[{'offset': 0, 'projected_percent': '-9.6', 'likelihood': -1}, {'offset': 1, 'projected_percent': '-14.0', 'likelihood': -1}, {'offset': 2, 'projected_percent': '-18.3', 'likelihood': -1}]",,False,0,3,0.0,0.0,0,Johan,0.0,53,False,Knee injury - Unknown return date,2026-08-15T15:30:06.388335Z,5.9,614071.jpg,0.0,False,Manzambi,0.2,False,,i,2,7,0,391,159,11218,2428,0.0,0.0,Manzambi,,207.0,2026-07-17,2005-10-14,False,p614071,0,0,0,0,0,0,0,0,0,0,0,0,0,0.0,0.0,0.0,0.0,0,0,0,0,0,0.00,0.00,0.00,0.00,,,,,,,[],,594,259,600,263,593,256,602,263,0.0,0.0,0.0,0.0,0.0,0.0,112,73,604,263,604,263,365,138,0.0,0.0,0.0,Aston Villa,AVL
True,True,0.0,0.0,448089,0,0,0,0,-0.0,0,"[{'offset': 0, 'projected_percent': '-0.0', 'likelihood': 0}, {'offset': 1, 'projected_percent': '-0.0', 'likelihood': 0}, {'offset': 2, 'projected_percent': '-0.0', 'likelihood': 0}]",2026-08-31T13:00:07.426195Z,False,0,3,0.0,0.0,0,Joao,-1.0,54,False,Suspended until 19 Sep,2026-08-23T17:30:08.367415Z,5.5,448089.jpg,-2.0,False,Gomes,0.0,False,,s,2,7,-2,180,26,2389,506,-0.2,-0.4,Gomes,João Gomes,30.0,2026-07-20,2001-02-12,False,p448089,39,0,0,0,4,0,0,0,0,1,0,0,-2,1.0,11.0,0.0,1.2,1,2,4,7,1,0.00,0.01,0.01,2.58,,,,,,,[],,265,123,121,71,561,236,228,103,0.0,0.0,0.02,0.02,5.95,9.23,168,105,626,276,626,276,499,205,2.31,0.0,16.15,Aston Villa,AVL
True,True,,,178301,0,0,-1,1,-87.3,-1156,"[{'offset': 0, 'projected_percent': '-98.7', 'likelihood': -4}, {'offset': 1, 'projected_percent': '-123.8', 'likelihood': -5}, {'offset': 2, 'projected_percent': '-148.9', 'likelihood': -5}]",,False,0,4,0.0,0.0,0,Ollie,0.0,55,False,,,7.9,178301.jpg,0.0,False,Watkins,6.6,False,,a,2,7,0,13560,2928,359033,82573,0.0,0.0,Watkins,,241.0,2020-09-09,1995-12-30,False,p178301,0,0,0,0,0,0,0,0,0,0,0,0,0,0.0,0.0,0.0,0.0,0,0,0,0,0,0.00,0.00,0.00,0.00,,,,,2.0,,[],,625,73,626,73,626,73,626,73,0.0,0.0,0.0,0.0,0.0,0.0,11,4,623,73,623,73,62,10,0.0,0.0,0.0,Aston Villa,AVL
True,True,50.0,50.0,173879,0,0,0,0,-83.6,-2,"[{'offset': 0, 'projected_percent': '-84.4', 'likelihood': -3}, {'offset': 1, 'projected_percent': '-86.2', 'likelihood': -3}, {'offset': 2, 'projected_percent': '-88.1', 'likelihood': -3}]",,False,0,4,0.0,0.0,0,Tammy,0.0,56,False,Knock - 50% chance of playing,2026-08-15T16:00:07.558543Z,5.5,173879.jpg,0.0,False,Abraham,0.1,False,,d,2,7,0,792,195,3762,1079,0.0,0.0,Abraham,,241.0,2026-01-27,1997-10-02,False,p173879,0,0,0,0,0,0,0,0,0,0,0,0,0,0.0,0.0,0.0,0.0,0,0,0,0,0,0.00,0.00,0.00,0.00,,,,,,,[],,550,49,564,57,535,55,564,57,0.0,0.0,0.0,0.0,0.0,0.0,127,32,582,65,582,65,424,62,0.0,0.0,0.0,Aston Villa,AVL
True,True,,,493105,-1,1,-1,1,-1.7,-25,"[{'offset': 0, 'projected_percent': '-3.6', 'likelihood': -1}, {'offset': 1, 'projected_percent': '-7.6', 'likelihood': -1}, {'offset': 2, 'projected_percent': '-11.6', 'likelihood': -1}]",,False,0,3,0.5,0.5,0,Alejandro,0.5,160,False,,,5.9,493105.jpg,1.0,False,Garnacho Ferreyra,0.5,False,,a,2,7,1,2970,949,14358,3783,0.1,0.2,Garnacho,,10.0,2026-07-23,2004-07-01,False,p493105,4,0,0,0,0,0,0,0,0,0,0,0,2,0.0,0.0,0.0,0.0,0,0,0,0,0,0.00,0.00,0.00,0.14,,,,,,,[],,589,254,596,259,589,252,598,259,0.0,0.0,0.0,0.0,3.15,0.0,105,66,335,159,319,155,257,87,0.0,0.0,0.0,Aston Villa,AVL
True,True,,,517052,0,0,0,0,8.0,150,"[{'offset': 0, 'projected_percent': '8.9', 'likelihood': 1}, {'offset': 1, 'projected_percent': '11.0', 'likelihood': 1}, {'offset': 2, 'projected_percent': '13.0', 'likelihood': 1}]",,False,0,4,0.0,0.0,0,Nicolas,0.0,166,False,,,6.5,517052.jpg,0.0,False,Jackson,0.6,False,,a,2,7,0,28204,22865,12357,4140,0.0,0.0,N.Jackson,,189.0,2026-08-28,2001-06-20,False,p517052,0,0,0,0,0,0,0,0,0,0,0,0,0,0.0,0.0,0.0,0.0,0,0,0,0,0,0.00,0.00,0.00,0.00,,,,,,,[],,617,68,619,69,618,69,619,69,0.0,0.0,0.0,0.0,0.0,0.0,46,12,617,70,617,70,246,40,0.0,0.0,0.0,Aston Villa,AVL
True,True,0.0,0.0,690838,0,0,0,0,-28.9,-32,"[{'offset': 0, 'projected_percent': '-30.9', 'likelihood': -2}, {'offset': 1, 'projected_percent': '-35.3', 'likelihood': -2}, {'offset': 2, 'projected_percent': '-39.8', 'likelihood': -2}]",,False,0,4,0.0,0.0,0,Brian,0.0,582,False,Unspecified injury - Unknown return date,2026-08-15T16:00:07.974271Z,5.5,690838.jpg,0.0,False,Madjo,0.4,False,,i,2,7,0,1577,411,12640,3717,0.0,0.0,Madjo,,241.0,2026-01-12,2009-01-12,False,p690838,0,0,0,0,0,0,0,0,0,0,0,0,0,0.0,0.0,0.0,0.0,0,0,0,0,0,0.00,0.00,0.00,0.00,,,,,,,[],,583,57,592,62,583,62,594,63,0.0,0.0,0.0,0.0,0.0,0.0,211,45,599,67,599,67,283,48,0.0,0.0,0.0,Aston Villa,AVL
True,True,,,487992,0,0,0,0,0.0,0,"[{'offset': 0, 'projected_percent': '0.0', 'likelihood': 0}, {'offset': 1, 'projected_percent': '0.0', 'likelihood': 0}, {'offset': 2, 'projected_percent': '0.0', 'likelihood': 0}]",2026-09-02T14:00:12.061795Z,False,0,2,0.5,0.5,0,Matteo,0.5,596,False,,,4.5,487992.jpg,1.0,False,Ruggeri,0.1,False,,a,2,7,1,1229,373,1507,408,0.1,0.2,Ruggeri,,106.0,2026-08-19,2002-07-11,False,p487992,8,0,0,0,0,0,0,0,0,0,0,0,3,4.0,0.0,0.0,0.4,0,0,2,2,0,0.00,0.00,0.00,0.14,,,,,,,[],,222,92,387,162,325,144,262,97,0.0,0.0,0.0,0.0,1.58,0.0,487,131,278,100,248,93,410,145,0.0,0.0,22.5,Aston Villa,AVL
True,True,,,433969,0,0,0,0,0.0,0,"[{'offset': 0, 'projected_percent': '0.0', 'likelihood': 0}, {'offset': 1, 'projected_percent': '0.0', 'likelihood': 0}, {'offset': 2, 'projected_percent': '0.0', 'likelihood': 0}]",2026-09-02T14:00:48.901511Z,False,0,1,0.0,0.0,0,Zion,0.0,597,False,,,5.0,433969.jpg,0.0,False,Suzuki,0.9,False,,a,2,7,0,8281,4052,9742,2971,0.0,0.0,Suzuki,,108.0,2026-08-19,2002-08-21,False,p433969,0,0,0,0,0,0,0,0,0,0,0,0,0,0.0,0.0,0.0,0.0,0,0,0,0,0,0.00,0.00,0.00,0.00,,,,,,,[],,485,67,495,60,448,60,501,67,0.0,0.0,0.0,0.0,0.0,0.0,299,15,529,67,529,67,210,31,0.0,0.0,0.0,Aston Villa,AVL
True,True,,,569577,0,0,0,0,0.0,0,"[{'offset': 0, 'projected_percent': '0.0', 'likelihood': 0}, {'offset': 1, 'projected_percent': '0.0', 'likelihood': 0}, {'offset': 2, 'projected_percent': '0.0', 'likelihood': 0}]",2026-09-05T18:20:01.582031Z,False,0,2,0.0,0.0,0,Triston,0.0,606,False,,,4.0,569577.jpg,0.0,False,Rowe,0.1,False,,a,2,7,0,3761,2201,758,512,0.0,0.0,Rowe,,241.0,2026-07-01,2006-10-02,False,p569577,0,0,0,0,0,0,0,0,0,0,0,0,0,0.0,0.0,0.0,0.0,0,0,0,0,0,0.00,0.00,0.00,0.00,,,,,,,[],,326,128,326,130,248,99,343,129,0.0,0.0,0.0,0.0,0.0,0.0,612,194,393,141,393,141,419,148,0.0,0.0,0.0,Aston Villa,AVL
True,True,,,571380,0,0,0,0,0.0,0,"[{'offset': 0, 'projected_percent': '0.0', 'likelihood': 0}, {'offset': 1, 'projected_percent': '0.0', 'likelihood': 0}, {'offset': 2, 'projected_percent': '0.0', 'likelihood': 0}]",2026-09-05T18:20:27.235486Z,False,0,3,0.0,0.0,0,Luka,0.0,607,False,,,4.5,571380.jpg,0.0,False,Lynch,0.1,False,,a,2,7,0,5295,1692,1627,795,0.0,0.0,Lynch,,241.0,2026-07-01,2007-01-11,False,p571380,0,0,0,0,0,0,0,0,0,0,0,0,0,0.0,0.0,0.0,0.0,0,0,0,0,0,0.00,0.00,0.00,0.00,,,,,,,[],,411,150,417,160,356,118,427,157,0.0,0.0,0.0,0.0,0.0,0.0,519,262,470,185,470,185,408,163,0.0,0.0,0.0,Aston Villa,AVL
True,True,,,214590,0,0,0,0,0.0,0,"[{'offset': 0, 'projected_percent': '0.0', 'likelihood': 0}, {'offset': 1, 'projected_percent': '0.0', 'likelihood': 0}, {'offset': 2, 'projected_percent': '0.0', 'likelihood': 0}]",2026-09-07T14:00:13.698490Z,False,0,2,1.7,1.7,0,Aaron,0.0,611,False,,,4.5,214590.jpg,0.0,False,Wan-Bissaka,0.1,False,,a,2,7,0,3939,2390,623,457,0.0,0.0,Wan-Bissaka,,50.0,2026-08-21,1997-11-26,False,p214590,0,0,0,0,0,0,0,0,0,0,0,0,0,0.0,0.0,0.0,0.0,0,0,0,0,0,0.00,0.00,0.00,0.00,,,,,,,[],,359,146,363,150,292,125,376,147,0.0,0.0,0.0,0.0,0.0,0.0,443,101,424,157,424,157,431,152,0.0,0.0,0.0,Aston Villa,AVL
True,True,,,119090,0,0,0,0,0.0,0,"[{'offset': 0, 'projected_percent': '0.0', 'likelihood': 0}, {'offset': 1, 'projected_percent': '0.0', 'likelihood': 0}, {'offset': 2, 'projected_percent': '0.0', 'likelihood': 0}]",2026-09-10T13:59:31.002497Z,False,0,3,2.2,2.2,0,Leon,0.0,618,False,,,6.0,119090.jpg,0.0,False,Goretzka,0.0,False,,a,2,7,0,1679,1467,239,232,0.0,0.0,Goretzka,,80.0,2026-08-27,1995-02-06,False,p119090,0,0,0,0,0,0,0,0,0,0,0,0,0,0.0,0.0,0.0,0.0,0,0,0,0,0,0.00,0.00,0.00,0.00,,,,,,,[],,596,261,601,264,594,257,603,264,0.0,0.0,0.0,0.0,0.0,0.0,60,42,605,264,605,264,542,223,0.0,0.0,0.0,Aston Villa,AVL
True,True,,,457569,0,0,0,0,6.5,7,"[{'offset': 0, 'projected_percent': '6.5', 'likelihood': 1}, {'offset': 1, 'projected_percent': '6.6', 'likelihood': 1}, {'offset': 2, 'projected_percent': '6.7', 'likelihood': 1}]",,False,0,1,2.5,2.5,3,Đorđe,2.5,57,False,,,4.5,457569.jpg,2.5,False,Petrović,3.4,False,,a,3,91,5,41490,16112,23969,9916,0.6,1.1,Petrović,,190.0,2025-07-16,1999-10-08,False,p457569,180,0,0,0,3,0,0,0,0,0,9,0,33,36.8,0.0,0.0,3.7,5,13,0,0,2,0.00,0.00,0.00,4.09,,,,,,,[],,36,3,381,40,315,40,111,3,0.0,4.5,0.0,0.0,2.04,1.5,474,39,122,10,131,10,97,16,1.0,0.0,0.0,Bournemouth,BOU
True,True,,,40383,0,0,0,0,0.4,31,"[{'offset': 0, 'projected_percent': '0.6', 'likelihood': 1}, {'offset': 1, 'projected_percent': '1.0', 'likelihood': 1}, {'offset': 2, 'projected_percent': '1.4', 'likelihood': 1}]",,False,0,1,0.0,0.0,0,Fraser,0.0,58,False,,,4.0,40383.jpg,0.0,False,Forster,3.3,False,,a,3,91,0,20294,10732,16652,5999,0.0,0.0,Forster,,241.0,2026-01-02,1988-03-17,False,p40383,0,0,0,0,0,0,0,0,0,0,0,0,0,0.0,0.0,0.0,0.0,0,0,0,0,0,0.00,0.00,0.00,0.00,,,,,,,[],,281,22,278,2,196,2,297,22,0.0,0.0,0.0,0.0,0.0,0.0,551,50,350,23,350,23,105,17,0.0,0.0,0.0,Bournemouth,BOU
True,False,0.0,0.0,444172,0,0,0,0,0.0,-8,"[{'offset': 0, 'projected_percent': '0.0', 'likelihood': 0}, {'offset': 1, 'projected_percent': '0.0', 'likelihood': 0}, {'offset': 2, 'projected_percent': '0.0', 'likelihood': 0}]",,False,0,1,0.0,0.0,0,Will,0.0,59,False,Has joined MK Dons permanently,2026-08-27T14:53:48.692835Z,4.0,444172.jpg,0.0,False,Dennis,0.2,False,,u,3,91,0,1133,0,2790,1273,0.0,0.0,Dennis,,241.0,2019-08-01,2000-07-10,False,p444172,0,0,0,0,0,0,0,0,0,0,0,0,0,0.0,0.0,0.0,0.0,0,0,0,0,0,0.00,0.00,0.00,0.00,,,,,,,[],,305,36,305,16,224,16,322,36,0.0,0.0,0.0,0.0,0.0,0.0,586,64,373,37,373,37,359,38,0.0,0.0,0.0,Bournemouth,BOU
True,True,,,463981,0,0,0,0,1.7,-9,"[{'offset': 0, 'projected_percent': '1.6', 'likelihood': 1}, {'offset': 1, 'projected_percent': '1.5', 'likelihood': 1}, {'offset': 2, 'projected_percent': '1.4', 'likelihood': 1}]",,False,0,2,2.5,2.5,4,James,2.5,60,False,,,5.5,463981.jpg,2.5,False,Hill,0.9,False,,a,3,91,5,11747,2594,10211,3470,0.5,0.9,Hill,,241.0,2022-01-05,2002-01-10,False,p463981,180,0,0,0,3,0,0,0,0,0,0,0,19,11.6,0.3,0.0,1.2,14,4,4,18,2,0.00,0.74,0.74,4.09,,,,,,,[],,148,70,265,96,564,199,229,87,0.0,0.0,0.37,0.37,2.04,1.5,172,23,132,47,140,50,209,78,1.0,0.0,9.0,Bournemouth,BOU
True,True,,,494521,0,0,0,0,-4.3,-67,"[{'offset': 0, 'projected_percent': '-5.3', 'likelihood': -1}, {'offset': 1, 'projected_percent': '-7.7', 'likelihood': -1}, {'offset': 2, 'projected_percent': '-10.0', 'likelihood': -1}]",,False,0,2,2.5,2.5,4,Adrien,2.5,61,False,,,5.5,494521.jpg,2.5,False,Truffert,4.1,False,,a,3,91,5,25850,5249,38351,12530,0.5,0.9,Truffert,,73.0,2025-06-16,2001-11-20,False,p494521,180,0,0,0,3,0,0,0,0,0,0,2,27,15.4,1.3,0.0,1.7,12,13,4,16,2,0.00,0.07,0.07,4.09,,,,,,,[],,110,49,211,68,570,200,200,78,0.0,0.0,0.04,0.04,2.04,1.5,184,25,134,48,142,51,86,35,1.0,0.0,8.0,Bournemouth,BOU
True,True,,,242882,0,0,0,0,0.1,-7,"[{'offset': 0, 'projected_percent': '0.0', 'likelihood': 0}, {'offset': 1, 'projected_percent': '-4.3', 'likelihood': -1}, {'offset': 2, 'projected_percent': '-9.7', 'likelihood': -1}]",,False,0,2,0.0,0.0,0,Bafodé,0.0,62,False,,,5.0,242882.jpg,0.0,False,Diakité,0.2,False,,a,3,91,0,3495,773,3877,1556,0.0,0.0,Diakité,,73.0,2025-08-13,2001-01-06,False,p242882,0,0,0,0,0,0,0,0,0,0,0,0,0,0.0,0.0,0.0,0.0,0,0,0,0,0,0.00,0.00,0.00,0.00,,,,,,,[],,481,189,490,189,441,176,497,189,0.0,0.0,0.0,0.0,0.0,0.0,292,50,527,189,527,189,340,127,0.0,0.0,0.0,Bournemouth,BOU
True,True,0.0,0.0,620487,0,0,0,0,-52.5,-3,"[{'offset': 0, 'projected_percent': '-60.7', 'likelihood': -3}, {'offset': 1, 'projected_percent': '-78.6', 'likelihood': -3}, {'offset': 2, 'projected_percent': '-96.5', 'likelihood': -4}]",,False,0,2,0.0,0.0,0,Veljko,0.0,63,False,Unspecified injury - Unknown return date,2026-08-06T10:00:10.456051Z,5.0,620487.jpg,0.0,False,Milosavljevic,0.0,False,,i,3,91,0,106,32,390,94,0.0,0.0,Milosavljević,,190.0,2025-09-01,2007-06-28,False,p620487,0,0,0,0,0,0,0,0,0,0,0,0,0,0.0,0.0,0.0,0.0,0,0,0,0,0,0.00,0.00,0.00,0.00,,,,,,,[],,532,199,544,199,508,191,548,199,0.0,0.0,0.0,0.0,0.0,0.0,385,74,566,198,566,198,593,201,0.0,0.0,0.0,Bournemouth,BOU
True,True,,,54469,0,0,0,0,1.0,-4,"[{'offset': 0, 'projected_percent': '1.0', 'likelihood': 1}, {'offset': 1, 'projected_percent': '0.9', 'likelihood': 1}, {'offset': 2, 'projected_percent': '0.9', 'likelihood': 1}]",,False,0,2,1.0,1.0,1,Adam,1.0,64,False,,,4.5,54469.jpg,1.0,False,Smith,0.1,False,,a,3,91,2,3469,624,1671,653,0.2,0.4,Smith,,241.0,2014-01-28,1991-04-29,False,p54469,180,0,0,0,3,0,0,0,1,0,0,0,9,7.0,0.6,0.0,0.8,8,3,3,11,2,0.00,0.02,0.02,4.09,,,,,,,[],,188,83,238,85,265,115,242,92,0.0,0.0,0.01,0.01,2.04,1.5,406,81,211,73,231,78,387,139,1.0,0.0,5.5,Bournemouth,BOU
True,True,0.0,0.0,436893,0,0,0,0,-73.5,0,"[{'offset': 0, 'projected_percent': '-73.5', 'likelihood': -3}, {'offset': 1, 'projected_percent': '-73.5', 'likelihood': -3}, {'offset': 2, 'projected_percent': '-73.5', 'likelihood': -3}]",,False,0,2,0.0,0.0,0,Julián,0.0,65,False,Thigh injury - Unknown return date,2026-08-09T08:00:05.645826Z,4.5,436893.jpg,0.0,False,Araujo Zúñiga,0.0,False,,i,3,91,0,126,38,685,179,0.0,0.0,J.Araujo,,139.0,2024-08-13,2001-08-13,False,p436893,0,0,0,0,0,0,0,0,0,0,0,0,0,0.0,0.0,0.0,0.0,0,0,0,0,0,0.00,0.00,0.00,0.00,,,,,,,[],https://www.afcb.co.uk/news/2026/august/06/araujo-undergoes-successful-surgery/,374,157,378,160,312,139,391,158,0.0,0.0,0.0,0.0,0.0,0.0,469,121,436,165,436,165,576,198,0.0,0.0,0.0,Bournemouth,BOU
True,True,100.0,75.0,575901,0,0,0,0,-24.7,10,"[{'offset': 0, 'projected_percent': '-21.5', 'likelihood': -2}, {'offset': 1, 'projected_percent': '-14.5', 'likelihood': -1}, {'offset': 2, 'projected_percent': '-7.5', 'likelihood': -1}]",,False,0,2,0.0,0.0,0,Julio,0.0,66,False,,2026-08-15T16:30:07.021055Z,4.0,575901.jpg,0.0,False,Soler Barreto,0.2,False,,a,3,91,0,2056,1640,3246,819,0.0,0.0,Soler,,10.0,2025-01-07,2005-02-16,False,p575901,0,0,0,0,0,0,0,0,0,0,0,0,0,0.0,0.0,0.0,0.0,0,0,0,0,0,0.00,0.00,0.00,0.00,,,,,,,[],,327,129,327,131,250,101,344,130,0.0,0.0,0.0,0.0,0.0,0.0,614,196,394,142,394,142,330,123,0.0,0.0,0.0,Bournemouth,BOU
True,True,,,499604,0,0,0,0,-20.3,-159,"[{'offset': 0, 'projected_percent': '-24.3', 'likelihood': -2}, {'offset': 1, 'projected_percent': '-33.0', 'likelihood': -2}, {'offset': 2, 'projected_percent': '-41.8', 'likelihood': -3}]",,False,0,3,2.0,2.0,2,Rayan Vitor,2.0,67,False,,,6.5,499604.jpg,2.0,False,Simplício Rocha,2.6,False,,a,3,91,4,27887,4207,43482,21303,0.3,0.6,Rayan,Rayan,30.0,2026-01-27,2006-08-03,False,p499604,178,0,0,0,2,0,0,0,0,0,0,0,13,6.2,11.3,17.0,3.5,2,3,1,6,2,0.44,0.05,0.49,3.90,,,,,,,[],,200,81,118,70,62,32,117,58,0.22,0.0,0.03,0.25,1.97,1.01,44,29,168,81,186,92,113,34,1.01,0.0,3.03,Bournemouth,BOU
True,True,,,201658,0,0,0,0,33.0,-98,"[{'offset': 0, 'projected_percent': '32.4', 'likelihood': 2}, {'offset': 1, 'projected_percent': '31.1', 'likelihood': 2}, {'offset': 2, 'projected_percent': '29.7', 'likelihood': 2}]",,False,0,3,5.5,5.5,1,Marcus,5.5,68,False,,,6.0,201658.jpg,5.5,False,Tavernier,2.5,False,,a,3,91,11,99029,11822,29091,16660,0.9,1.8,Tavernier,,241.0,2022-08-01,1999-03-22,False,p201658,180,1,0,0,3,0,0,0,1,0,0,3,52,40.0,17.2,18.0,7.5,3,10,6,19,2,0.49,0.29,0.78,4.09,1.0,,1.0,,3.0,,[],,27,14,70,43,53,28,36,21,0.24,0.0,0.14,0.38,2.04,1.5,66,45,44,22,54,27,117,36,1.0,0.0,9.5,Bournemouth,BOU
True,True,,,503139,0,0,0,0,5.4,134,"[{'offset': 0, 'projected_percent': '6.2', 'likelihood': 1}, {'offset': 1, 'projected_percent': '8.0', 'likelihood': 1}, {'offset': 2, 'projected_percent': '9.8', 'likelihood': 1}]",,False,1,3,7.0,7.0,12,Alex,7.0,69,False,,,6.0,503139.jpg,7.0,False,Scott,1.7,False,,a,3,91,14,29212,20692,18787,5901,1.2,2.3,Scott,,241.0,2023-08-10,2003-08-21,False,p503139,176,1,0,1,2,0,0,0,1,0,0,3,56,11.4,4.8,0.0,1.6,4,15,7,26,2,0.26,0.28,0.54,3.96,2.0,,4.0,,,,[],,152,52,147,87,604,262,205,93,0.13,0.0,0.14,0.27,2.02,1.02,89,57,24,13,30,16,144,42,1.02,0.51,13.3,Bournemouth,BOU
True,True,,,222683,0,0,0,0,2.2,-76,"[{'offset': 0, 'projected_percent': '1.8', 'likelihood': 1}, {'offset': 1, 'projected_percent': '0.7', 'likelihood': 1}, {'offset': 2, 'projected_percent': '-2.9', 'likelihood': -1}]",,False,0,3,3.0,3.0,3,Justin,3.0,70,False,,,6.0,222683.jpg,3.0,False,Kluivert,1.2,False,,a,3,91,6,20031,3710,17700,8110,0.5,1.0,Kluivert,,152.0,2023-07-01,1999-05-05,False,p222683,154,0,0,2,0,0,0,0,0,0,0,0,27,11.0,14.3,17.0,4.2,1,10,3,14,2,0.72,0.05,0.77,3.61,3.0,,2.0,,2.0,,[],,156,55,87,55,60,31,99,51,0.42,0.0,0.03,0.45,2.11,0.0,71,47,112,52,122,54,177,53,1.17,1.17,8.18,Bournemouth,BOU
True,True,,,155408,0,0,0,0,1.4,14,"[{'offset': 0, 'projected_percent': '1.5', 'likelihood': 1}, {'offset': 1, 'projected_percent': '1.7', 'likelihood': 1}, {'offset': 2, 'projected_percent': '1.9', 'likelihood': 1}]",,False,0,3,3.0,3.0,3,Lewis,3.0,71,False,,,5.0,155408.jpg,3.0,False,Cook,0.2,False,,a,3,91,6,5791,2532,2932,1225,0.6,1.2,Cook,,241.0,2016-07-08,1997-02-03,False,p155408,143,0,0,2,0,0,0,0,0,0,0,0,21,4.6,2.1,0.0,0.7,3,5,1,9,2,0.00,0.01,0.01,3.61,5.0,,,,,,[],,216,92,184,107,403,144,245,108,0.0,0.0,0.01,0.01,2.27,0.0,244,149,96,42,107,44,336,121,1.26,1.26,5.66,Bournemouth,BOU
True,True,,,496208,0,0,0,0,-46.6,-4,"[{'offset': 0, 'projected_percent': '-50.0', 'likelihood': -3}, {'offset': 1, 'projected_percent': '-57.3', 'likelihood': -3}, {'offset': 2, 'projected_percent': '-64.7', 'likelihood': -3}]",,False,0,3,0.5,0.5,0,Ben,0.5,72,False,,,5.0,496208.jpg,1.0,False,Gannon-Doak,0.1,False,,a,3,91,1,526,161,1411,578,0.1,0.2,Gannon-Doak,,243.0,2025-08-18,2005-11-11,False,p496208,1,0,0,0,1,0,0,0,0,0,0,0,3,0.2,0.1,2.0,0.2,0,1,0,1,0,0.00,0.00,0.00,0.19,,,,,,,[],,276,131,275,143,171,84,282,133,0.0,0.0,0.0,0.0,17.1,90.0,339,198,299,136,275,123,453,182,0.0,0.0,90.0,Bournemouth,BOU
True,True,100.0,100.0,200785,0,0,0,0,0.5,7,"[{'offset': 0, 'projected_percent': '0.6', 'likelihood': 1}, {'offset': 1, 'projected_percent': '0.7', 'likelihood': 1}, {'offset': 2, 'projected_percent': '0.8', 'likelihood': 1}]",,False,0,3,1.0,1.0,1,Tyler,1.0,73,False,,2026-08-15T16:30:07.029928Z,5.0,200785.jpg,1.0,False,Adams,0.2,False,,a,3,91,2,5228,2196,4673,1818,0.2,0.4,Adams,,229.0,2023-08-20,1999-02-14,False,p200785,36,0,0,0,3,0,0,0,0,0,0,0,8,3.6,0.6,0.0,0.4,3,3,0,6,0,0.00,0.00,0.00,0.47,,,,,,,[],,231,101,239,127,415,152,263,119,0.0,0.0,0.0,0.0,1.18,7.5,257,158,226,103,260,113,319,111,0.0,0.0,15.0,Bournemouth,BOU
True,True,100.0,100.0,111317,0,0,0,0,0.1,2,"[{'offset': 0, 'projected_percent': '0.1', 'likelihood': 1}, {'offset': 1, 'projected_percent': '0.1', 'likelihood': 1}, {'offset': 2, 'projected_percent': '0.1', 'likelihood': 1}]",,False,0,3,0.5,0.5,1,David,0.5,74,False,,2026-08-15T16:30:07.037929Z,5.0,111317.jpg,1.0,False,Brooks,0.1,False,,a,3,91,1,1053,451,1017,322,0.1,0.2,Brooks,,244.0,2018-07-01,1997-07-08,False,p111317,9,0,0,0,1,0,0,0,0,0,0,0,3,0.0,0.0,0.0,0.0,0,0,0,0,0,0.00,0.01,0.01,0.16,4.0,,3.0,,,,[],,448,170,455,180,396,139,464,177,0.0,0.0,0.1,0.1,1.6,10.0,236,144,282,125,254,109,484,196,0.0,0.0,0.0,Bournemouth,BOU
True,True,100.0,100.0,158499,0,0,0,0,0.0,0,"[{'offset': 0, 'projected_percent': '0.0', 'likelihood': 0}, {'offset': 1, 'projected_percent': '0.0', 'likelihood': 0}, {'offset': 2, 'projected_percent': '0.0', 'likelihood': 0}]",2026-08-31T15:30:07.730886Z,False,0,3,0.5,0.5,1,Ryan,0.5,75,False,,2026-07-24T17:30:10.035483Z,5.0,158499.jpg,1.0,False,Christie,0.0,False,,a,3,91,1,974,414,379,183,0.1,0.2,Christie,,243.0,2021-08-31,1995-02-22,False,p158499,3,0,0,0,1,0,0,0,0,0,0,0,5,0.0,0.0,0.0,0.0,0,1,1,2,0,0.00,0.00,0.00,0.13,6.0,,,,,,[],,455,175,463,185,404,145,471,182,0.0,0.0,0.0,0.0,3.9,30.0,245,150,284,126,256,110,550,227,0.0,0.0,60.0,Bournemouth,BOU
True,True,,,614574,0,0,0,0,-24.4,0,"[{'offset': 0, 'projected_percent': '-24.4', 'likelihood': -2}, {'offset': 1, 'projected_percent': '-24.4', 'likelihood': -2}, {'offset': 2, 'projected_percent': '-24.4', 'likelihood': -2}]",,False,0,3,0.5,0.5,0,Alex,0.5,76,False,,,5.0,614574.jpg,1.0,False,Tóth,0.0,False,,a,3,91,1,147,47,240,94,0.1,0.2,Tóth.A,,98.0,2026-01-20,2005-10-23,False,p614574,15,0,0,0,2,0,0,0,0,0,0,0,5,2.8,0.6,0.0,0.3,0,1,1,2,0,0.00,0.00,0.00,0.31,,,,,,,[],,238,107,243,129,507,202,278,131,0.0,0.0,0.0,0.0,1.86,12.0,384,231,309,144,288,133,571,238,0.0,0.0,12.0,Bournemouth,BOU
True,True,0.0,0.0,489888,-1,1,-1,1,-1.1,-2,"[{'offset': 0, 'projected_percent': '-2.4', 'likelihood': -1}, {'offset': 1, 'projected_percent': '-5.4', 'likelihood': -1}, {'offset': 2, 'projected_percent': '-8.4', 'likelihood': -1}]",,False,0,3,0.0,0.0,0,Amine,0.0,77,False,Unspecified injury - Unknown return date,2026-08-15T16:00:07.590566Z,4.9,489888.jpg,0.0,False,Adli,0.0,False,,i,3,91,0,99,45,1274,298,0.0,0.0,Adli,,145.0,2025-08-21,2000-05-10,False,p489888,0,0,0,0,0,0,0,0,0,0,0,0,0,0.0,0.0,0.0,0.0,0,0,0,0,0,0.00,0.00,0.00,0.00,,,,,,,[],,438,165,444,175,385,134,454,172,0.0,0.0,0.0,0.0,0.0,0.0,400,241,495,199,495,199,557,232,0.0,0.0,0.0,Bournemouth,BOU
True,True,0.0,0.0,560262,-1,1,-1,1,-1.7,-34,"[{'offset': 0, 'projected_percent': '-3.3', 'likelihood': -1}, {'offset': 1, 'projected_percent': '-7.0', 'likelihood': -1}, {'offset': 2, 'projected_percent': '-10.7', 'likelihood': -1}]",,False,0,3,0.0,0.0,0,Junior,0.0,78,False,Foot injury - Unknown return date,2026-07-29T17:30:09.796802Z,7.4,560262.jpg,0.0,False,Kroupi,0.3,False,,i,3,91,0,596,134,17423,4015,0.0,0.0,Kroupi.Jr,,73.0,2025-02-02,2006-06-23,False,p560262,0,0,0,0,0,0,0,0,0,0,0,0,0,0.0,0.0,0.0,0.0,0,0,0,0,0,0.00,0.00,0.00,0.00,,,,,1.0,,[],https://www.afcb.co.uk/news/2026/july/29/junior-kroupi-undergoes-successful-surgery-after-foot-injury/,623,275,624,276,624,276,624,276,0.0,0.0,0.0,0.0,0.0,0.0,22,13,621,275,621,275,309,107,0.0,0.0,0.0,Bournemouth,BOU
True,True,,,444102,0,0,0,0,35.0,111,"[{'offset': 0, 'projected_percent': '35.7', 'likelihood': 2}, {'offset': 1, 'projected_percent': '37.2', 'likelihood': 2}, {'offset': 2, 'projected_percent': '38.7', 'likelihood': 2}]",,False,0,4,4.5,4.5,5,Francisco Evanilson,4.5,79,False,,,6.0,444102.jpg,4.5,False,de Lima Barbosa,3.2,False,,a,3,91,9,101670,29045,32769,13743,0.8,1.5,Evanilson,Evanilson,30.0,2024-08-16,1999-10-06,False,p444102,154,0,2,2,0,0,0,0,1,0,0,0,28,19.4,11.9,2.0,3.3,5,5,1,11,2,0.58,0.25,0.83,3.61,,,,,,,[],,88,9,108,12,186,29,124,14,0.34,0.0,0.15,0.49,2.11,0.0,80,19,70,9,79,11,107,16,1.17,1.17,6.43,Bournemouth,BOU
True,False,0.0,0.0,168636,0,0,0,0,0.0,-3,"[{'offset': 0, 'projected_percent': '0.0', 'likelihood': 0}, {'offset': 1, 'projected_percent': '0.0', 'likelihood': 0}, {'offset': 2, 'projected_percent': '0.0', 'likelihood': 0}]",,False,0,4,0.0,0.0,0,Enes,0.0,80,False,Has joined Getafe permanently,2026-08-14T14:14:21.881112Z,5.5,168636.jpg,0.0,False,Ünal,0.0,False,,u,3,91,0,0,0,1319,249,0.0,0.0,Enes Ünal,,219.0,2024-07-01,1997-05-10,False,p168636,0,0,0,0,0,0,0,0,0,0,0,0,0,0.0,0.0,0.0,0.0,0,0,0,0,0,0.00,0.00,0.00,0.00,,,,,,,[],,549,48,563,56,534,54,563,56,0.0,0.0,0.0,0.0,0.0,0.0,124,30,581,64,581,64,554,70,0.0,0.0,0.0,Bournemouth,BOU
True,True,100.0,100.0,561245,0,0,0,0,-8.8,-4,"[{'offset': 0, 'projected_percent': '-11.0', 'likelihood': -1}, {'offset': 1, 'projected_percent': '-15.9', 'likelihood': -1}, {'offset': 2, 'projected_percent': '-20.7', 'likelihood': -2}]",,False,0,4,0.5,0.5,1,Álvaro,0.5,81,False,,2026-08-15T16:30:07.054142Z,6.0,561245.jpg,1.0,False,Rodríguez,0.1,False,,a,3,91,1,1518,518,1872,690,0.1,0.2,Rodríguez,,230.0,2026-07-14,2004-07-14,False,p561245,9,0,0,0,1,0,0,0,0,0,0,0,4,0.0,0.0,0.0,0.0,0,1,0,1,0,0.00,0.00,0.00,0.16,,,,,,,[],,608,67,611,68,606,68,611,68,0.0,0.0,0.0,0.0,1.6,10.0,95,25,341,41,326,39,401,58,0.0,0.0,10.0,Bournemouth,BOU
True,True,,,483067,0,0,0,0,2.9,48,"[{'offset': 0, 'projected_percent': '3.2', 'likelihood': 1}, {'offset': 1, 'projected_percent': '3.8', 'likelihood': 1}, {'offset': 2, 'projected_percent': '4.5', 'likelihood': 1}]",,False,0,2,3.0,3.0,4,António João,3.0,566,False,,,5.0,483067.jpg,3.0,False,Pereira de Albuquerque Tavares da Silva,0.4,False,,a,3,91,6,9398,2033,3579,1389,0.6,1.2,Silva,António Silva,173.0,2026-08-01,2003-10-30,False,p483067,180,0,0,0,3,0,0,0,1,0,0,0,16,31.4,0.3,0.0,3.2,21,5,2,23,2,0.25,0.03,0.28,4.09,,,,,,,[],,52,20,260,95,468,183,126,48,0.12,0.0,0.02,0.14,2.04,1.5,325,62,99,37,110,40,280,108,1.0,0.0,11.5,Bournemouth,BOU
True,True,,,494928,0,0,0,0,-34.0,-5,"[{'offset': 0, 'projected_percent': '-35.4', 'likelihood': -2}, {'offset': 1, 'projected_percent': '-38.5', 'likelihood': -2}, {'offset': 2, 'projected_percent': '-41.6', 'likelihood': -3}]",,False,0,2,0.0,0.0,0,Juanlu,0.0,573,False,,,4.5,494928.jpg,0.0,False,Sánchez,0.2,False,,a,3,91,0,574,122,2258,793,0.0,0.0,Sanchez,,200.0,2026-08-06,2003-08-15,False,p494928,0,0,0,0,0,0,0,0,0,0,0,0,0,0.0,0.0,0.0,0.0,0,0,0,0,0,0.00,0.00,0.00,0.00,,,,,,,[],,386,162,393,163,331,145,402,162,0.0,0.0,0.0,0.0,0.0,0.0,493,132,446,168,446,168,332,124,0.0,0.0,0.0,Bournemouth,BOU
True,True,,,523700,0,0,0,0,0.0,0,"[{'offset': 0, 'projected_percent': '0.0', 'likelihood': 0}, {'offset': 1, 'projected_percent': '0.0', 'likelihood': 0}, {'offset': 2, 'projected_percent': '0.0', 'likelihood': 0}]",2026-09-05T18:20:47.304197Z,False,0,4,0.5,0.5,0,Daniel,0.5,608,False,,,5.0,523700.jpg,1.0,False,Jebbison,0.1,False,,a,3,91,1,4124,1647,1089,668,0.1,0.2,Jebbison,,39.0,2024-07-10,2003-08-13,False,p523700,15,0,0,0,2,0,0,0,0,0,0,0,6,3.4,0.8,17.0,2.1,0,1,0,1,0,0.10,0.00,0.10,0.31,,,,,,,[],,235,17,230,26,57,12,171,18,0.6,0.0,0.0,0.6,1.86,12.0,357,58,304,35,281,30,472,63,0.0,0.0,6.0,Bournemouth,BOU
True,True,,,230650,0,0,0,0,0.0,0,"[{'offset': 0, 'projected_percent': '0.0', 'likelihood': 0}, {'offset': 1, 'projected_percent': '0.0', 'likelihood': 0}, {'offset': 2, 'projected_percent': '0.0', 'likelihood': 0}]",2026-09-09T14:56:25.380082Z,False,0,1,1.9,1.9,0,Michele,0.0,615,False,,,4.5,230650.jpg,0.0,False,Di Gregorio,0.0,False,,a,3,91,0,811,570,188,161,0.0,0.0,Di Gregorio,,106.0,2026-08-25,1997-07-27,False,p230650,0,0,0,0,0,0,0,0,0,0,0,0,0,0.0,0.0,0.0,0.0,0,0,0,0,0,0.00,0.00,0.00,0.00,,,,,,,[],,364,54,368,36,299,36,381,54,0.0,0.0,0.0,0.0,0.0,0.0,453,35,428,55,428,55,567,66,0.0,0.0,0.0,Bournemouth,BOU
True,True,,,200720,0,0,0,0,27.4,130,"[{'offset': 0, 'projected_percent': '28.2', 'likelihood': 2}, {'offset': 1, 'projected_percent': '30.0', 'likelihood': 2}, {'offset': 2, 'projected_percent': '31.8', 'likelihood': 2}]",,False,0,1,4.5,4.5,2,Caoimhín,4.5,82,False,,,5.0,200720.jpg,4.5,False,Kelleher,6.8,False,,a,4,94,9,108875,34441,35808,15884,0.9,1.8,Kelleher,,104.0,2025-06-03,1998-11-23,False,p200720,180,0,0,1,1,0,0,0,0,0,5,0,41,31.4,0.0,0.0,3.1,2,9,0,0,2,0.00,0.01,0.01,2.03,,,,,,,[],,51,6,471,56,414,56,128,6,0.0,2.5,0.0,0.0,1.02,0.5,256,11,61,4,72,5,60,8,1.0,0.5,0.0,Brentford,BRE
True,True,,,507433,0,0,0,0,-16.2,-1,"[{'offset': 0, 'projected_percent': '-16.9', 'likelihood': -1}, {'offset': 1, 'projected_percent': '-18.5', 'likelihood': -1}, {'offset': 2, 'projected_percent': '-20.0', 'likelihood': -2}]",,False,0,1,0.0,0.0,0,Hákon Rafn,0.0,83,False,,,4.5,507433.jpg,0.0,False,Valdimarsson,0.1,False,,a,4,94,0,949,307,1334,444,0.0,0.0,Valdimarsson,,99.0,2024-01-26,2001-10-13,False,p507433,0,0,0,0,0,0,0,0,0,0,0,0,0,0.0,0.0,0.0,0.0,0,0,0,0,0,0.00,0.00,0.00,0.00,,,,,,,[],,391,57,398,45,336,45,407,57,0.0,0.0,0.0,0.0,0.0,0.0,498,44,451,58,451,58,411,45,0.0,0.0,0.0,Brentford,BRE
True,True,,,432830,0,0,0,0,9.5,30,"[{'offset': 0, 'projected_percent': '9.7', 'likelihood': 1}, {'offset': 1, 'projected_percent': '10.1', 'likelihood': 1}, {'offset': 2, 'projected_percent': '10.5', 'likelihood': 1}]",,False,0,2,4.5,4.5,3,Nathan,4.5,84,False,,,5.5,432830.jpg,4.5,False,Collins,2.1,False,,a,4,94,9,34418,9329,15411,6038,0.8,1.6,Collins,,104.0,2023-07-04,2001-04-30,False,p432830,180,0,0,1,1,0,0,0,1,0,0,0,35,11.6,21.5,17.0,5.0,14,11,2,16,2,0.51,0.05,0.56,2.03,,,,,,,[],,147,69,57,17,58,16,77,26,0.26,0.0,0.02,0.28,1.02,0.5,158,20,65,23,75,26,126,52,1.0,0.5,8.0,Brentford,BRE
True,True,0.0,0.0,444765,0,0,0,0,-100.1,-14,"[{'offset': 0, 'projected_percent': '-103.5', 'likelihood': -5}, {'offset': 1, 'projected_percent': '-111.1', 'likelihood': -5}, {'offset': 2, 'projected_percent': '-118.7', 'likelihood': -5}]",,False,0,2,0.0,0.0,0,Sepp,0.0,85,False,Groin injury - Unknown return date,2026-08-15T15:30:06.416627Z,5.0,444765.jpg,0.0,False,van den Berg,0.1,False,,i,4,94,0,208,63,5253,1130,0.0,0.0,Van den Berg,,152.0,2024-08-22,2001-12-20,False,p444765,0,0,0,0,0,0,0,0,0,0,0,0,0,0.0,0.0,0.0,0.0,0,0,0,0,0,0.00,0.00,0.00,0.00,,,,,,,[],https://www.brentfordfc.com/en/news/article/first-team-brentford-v-tottenham-hotspur-premier-league-team-news-mamadou-sangar%C3%A9,490,192,500,192,453,180,506,192,0.0,0.0,0.0,0.0,0.0,0.0,305,55,534,192,534,192,427,150,0.0,0.0,0.0,Brentford,BRE
True,True,,,249231,0,0,0,0,31.5,197,"[{'offset': 0, 'projected_percent': '32.7', 'likelihood': 2}, {'offset': 1, 'projected_percent': '35.4', 'likelihood': 2}, {'offset': 2, 'projected_percent': '38.1', 'likelihood': 2}]",,False,0,3,8.0,8.0,6,Keane,8.0,86,False,,,5.5,249231.jpg,8.0,False,Lewis-Potter,1.5,False,,a,4,94,16,82294,29752,13544,6828,1.5,2.9,Lewis-Potter,,241.0,2022-07-12,2001-02-22,False,p249231,177,1,1,1,1,0,0,0,0,0,0,3,66,47.2,15.9,19.0,8.2,7,11,3,21,2,0.79,0.25,1.04,2.03,,,1.0,,,,[],,12,8,76,47,49,25,29,19,0.4,0.0,0.13,0.53,1.03,0.51,154,95,15,8,21,11,154,46,1.02,0.51,10.68,Brentford,BRE
True,True,,,191866,0,0,0,0,31.5,256,"[{'offset': 0, 'projected_percent': '33.0', 'likelihood': 2}, {'offset': 1, 'projected_percent': '36.5', 'likelihood': 2}, {'offset': 2, 'projected_percent': '40.0', 'likelihood': 3}]",,False,0,2,5.5,5.5,3,Kristoffer,5.5,87,False,,,4.5,191866.jpg,5.5,False,Ajer,4.4,False,,a,4,94,11,107812,37834,27183,13281,1.2,2.4,Ajer,,161.0,2021-07-21,1998-04-17,False,p191866,180,0,0,1,1,0,0,0,1,0,0,0,36,20.0,0.9,35.0,5.6,25,5,2,27,2,0.11,0.03,0.14,2.03,,,,,,,[],,84,38,223,74,21,5,60,18,0.06,0.0,0.02,0.08,1.02,0.5,436,96,40,15,51,19,81,33,1.0,0.5,13.5,Brentford,BRE
True,True,,,607464,0,0,1,-1,20.2,258,"[{'offset': 0, 'projected_percent': '21.8', 'likelihood': 2}, {'offset': 1, 'projected_percent': '25.3', 'likelihood': 2}, {'offset': 2, 'projected_percent': '28.9', 'likelihood': 2}]",,False,1,2,7.5,7.5,2,Michael,7.5,88,False,,,4.6,607464.jpg,7.5,False,Kayode,8.7,False,,a,4,94,15,379341,68538,43215,22055,1.6,3.3,Kayode,,106.0,2025-07-01,2004-07-10,False,p607464,162,1,0,1,1,0,0,0,0,0,0,1,45,33.8,1.5,46.0,8.1,7,9,1,8,2,0.52,0.21,0.73,1.93,,,,,,,[],,39,13,197,62,10,1,31,6,0.29,0.0,0.12,0.41,1.07,0.56,405,80,17,6,22,9,47,17,1.11,0.56,4.44,Brentford,BRE
True,True,,,194010,0,0,0,0,-35.1,0,"[{'offset': 0, 'projected_percent': '-35.1', 'likelihood': -2}, {'offset': 1, 'projected_percent': '-35.1', 'likelihood': -2}, {'offset': 2, 'projected_percent': '-35.1', 'likelihood': -2}]",,False,0,2,0.5,0.5,1,Rico,0.5,89,False,,,4.5,194010.jpg,1.0,False,Henry,0.2,False,,a,4,94,1,749,205,2814,668,0.1,0.2,Henry,,107.0,2016-08-31,1997-07-08,False,p194010,2,0,0,0,0,0,0,0,0,0,0,0,3,0.0,0.0,0.0,0.0,0,0,0,0,0,0.00,0.00,0.00,0.00,,,,,,,[],,356,145,360,149,288,123,373,146,0.0,0.0,0.0,0.0,0.0,0.0,437,97,271,93,236,82,321,120,0.0,0.0,0.0,Brentford,BRE
True,True,,,472713,0,0,0,0,0.1,2,"[{'offset': 0, 'projected_percent': '0.1', 'likelihood': 1}, {'offset': 1, 'projected_percent': '0.1', 'likelihood': 1}, {'offset': 2, 'projected_percent': '0.2', 'likelihood': 1}]",,False,0,2,1.0,1.0,1,Aaron,1.0,90,False,,,4.5,472713.jpg,1.0,False,Hickey,0.1,False,,a,4,94,2,888,265,846,306,0.2,0.4,Hickey,,243.0,2022-07-09,2002-06-10,False,p472713,16,0,0,0,0,0,0,0,0,0,0,0,8,0.0,0.3,0.0,0.0,0,2,1,1,0,0.00,0.02,0.02,0.10,,,,,,,[],,380,160,257,93,320,142,396,160,0.0,0.0,0.11,0.11,0.56,0.0,480,127,219,79,245,90,454,160,0.0,0.0,5.62,Brentford,BRE
True,True,,,570241,0,0,0,0,-21.7,0,"[{'offset': 0, 'projected_percent': '-21.7', 'likelihood': -2}, {'offset': 1, 'projected_percent': '-21.7', 'likelihood': -2}, {'offset': 2, 'projected_percent': '-21.7', 'likelihood': -2}]",,False,0,2,0.0,0.0,0,Kim,0.0,92,False,,,4.5,570241.jpg,0.0,False,Ji-soo,0.0,False,,a,4,94,0,171,59,295,97,0.0,0.0,Ji-soo,Kim Ji-Soo,114.0,2023-07-20,2004-12-24,False,p570241,0,0,0,0,0,0,0,0,0,0,0,0,0,0.0,0.0,0.0,0.0,0,0,0,0,0,0.00,0.00,0.00,0.00,,,,,,,[],,410,169,416,170,355,152,426,169,0.0,0.0,0.0,0.0,0.0,0.0,518,140,469,175,469,175,559,192,0.0,0.0,0.0,Brentford,BRE
True,True,,,513086,0,0,0,0,-37.8,-3,"[{'offset': 0, 'projected_percent': '-38.9', 'likelihood': -2}, {'offset': 1, 'projected_percent': '-41.4', 'likelihood': -3}, {'offset': 2, 'projected_percent': '-44.0', 'likelihood': -3}]",,False,0,2,0.0,0.0,0,Jannik,0.0,93,False,,,4.5,513086.jpg,0.0,False,Schuster,0.2,False,,a,4,94,0,194,52,1646,440,0.0,0.0,Schuster,,14.0,2026-06-15,2006-05-16,False,p513086,0,0,0,0,0,0,0,0,0,0,0,0,0,0.0,0.0,0.0,0.0,0,0,0,0,0,0.00,0.00,0.00,0.00,,,,,,,[],,393,165,400,166,338,148,409,165,0.0,0.0,0.0,0.0,0.0,0.0,500,135,453,171,453,171,367,136,0.0,0.0,0.0,Brentford,BRE
True,True,,,513418,0,0,0,0,6.6,251,"[{'offset': 0, 'projected_percent': '8.2', 'likelihood': 1}, {'offset': 1, 'projected_percent': '11.6', 'likelihood': 1}, {'offset': 2, 'projected_percent': '15.0', 'likelihood': 1}]",,False,0,3,6.5,6.5,10,Kevin,6.5,94,False,,,6.0,513418.jpg,6.5,False,Schade,3.6,False,,a,4,94,13,50958,25960,39678,13889,1.1,2.2,Schade,,80.0,2023-07-01,2001-11-27,False,p513418,177,1,0,1,1,0,0,0,0,0,0,3,51,14.4,11.8,59.0,8.5,4,9,5,18,2,0.77,0.03,0.80,2.03,,,,,2.0,,[],,120,39,110,66,2,1,28,18,0.39,0.0,0.02,0.41,1.03,0.51,90,58,26,15,32,18,95,30,1.02,0.51,9.15,Brentford,BRE
True,True,,,533463,0,0,0,0,-43.4,-83,"[{'offset': 0, 'projected_percent': '-48.7', 'likelihood': -3}, {'offset': 1, 'projected_percent': '-60.3', 'likelihood': -3}, {'offset': 2, 'projected_percent': '-71.9', 'likelihood': -3}]",,False,0,3,2.0,2.0,1,Dango,2.0,95,False,,,6.5,533463.jpg,2.0,False,Ouattara,1.0,False,,a,4,94,4,8946,1598,20455,9503,0.3,0.6,O.Dango,,35.0,2025-08-16,2002-02-11,False,p533463,95,0,0,1,1,0,0,0,0,0,0,0,22,1.0,30.8,15.0,4.7,5,7,1,13,1,0.07,0.37,0.44,1.83,2.0,,,,,,[],,268,125,26,21,70,38,85,45,0.07,0.0,0.35,0.42,1.73,0.95,47,31,169,82,187,93,187,58,0.95,0.95,12.32,Brentford,BRE
True,True,,,440089,0,0,0,0,-55.2,-12,"[{'offset': 0, 'projected_percent': '-56.7', 'likelihood': -3}, {'offset': 1, 'projected_percent': '-60.1', 'likelihood': -3}, {'offset': 2, 'projected_percent': '-63.4', 'likelihood': -3}]",,False,0,3,2.0,2.0,3,Mikkel,2.0,96,False,,,5.5,440089.jpg,2.0,False,Damsgaard,0.5,False,,a,4,94,4,3434,1116,10039,2495,0.4,0.7,Damsgaard,,58.0,2022-08-10,2000-07-03,False,p440089,82,0,0,1,0,0,0,0,0,0,0,0,26,7.6,26.3,0.0,3.4,2,8,3,13,1,0.03,0.24,0.27,0.23,3.0,,3.0,,,,[],,183,72,41,28,557,234,120,60,0.03,0.0,0.26,0.29,0.25,0.0,162,101,159,77,174,85,258,88,1.1,1.1,14.27,Brentford,BRE
True,True,75.0,,207283,0,0,0,0,0.7,-16,"[{'offset': 0, 'projected_percent': '0.6', 'likelihood': 1}, {'offset': 1, 'projected_percent': '0.3', 'likelihood': 1}, {'offset': 2, 'projected_percent': '0.1', 'likelihood': 1}]",,False,0,3,2.2,3.0,0,Mathias,3.0,97,False,Unspecified injury - 75% chance of playing,2026-08-30T12:30:08.176795Z,5.5,207283.jpg,6.0,False,Jensen,0.2,False,,d,4,94,6,4365,507,3343,2006,0.5,1.1,Jensen,,58.0,2019-07-10,1996-01-01,False,p207283,66,0,1,1,0,0,0,0,0,0,0,0,22,12.6,46.2,13.0,7.2,0,3,2,5,1,0.08,0.34,0.42,0.47,1.0,,2.0,,3.0,,[],,138,46,9,8,77,42,43,25,0.11,0.0,0.46,0.57,0.64,0.0,141,87,103,46,41,22,328,117,1.36,1.36,6.82,Brentford,BRE
True,True,,,204580,0,0,0,0,17.7,40,"[{'offset': 0, 'projected_percent': '18.0', 'likelihood': 1}, {'offset': 1, 'projected_percent': '18.5', 'likelihood': 1}, {'offset': 2, 'projected_percent': '19.1', 'likelihood': 1}]",,False,0,3,5.0,5.0,1,Vitaly,5.0,98,False,,,5.0,204580.jpg,5.0,False,Janelt,0.6,False,,a,4,94,10,46477,12718,8844,4559,1.0,2.0,Janelt,,80.0,2020-10-03,1998-05-10,False,p204580,180,1,0,1,1,0,0,0,2,0,0,0,46,53.2,38.8,24.0,11.6,11,5,7,23,2,0.39,0.31,0.70,2.03,4.0,,,,,,[],,3,3,18,15,39,22,8,7,0.2,0.0,0.16,0.36,1.02,0.5,260,160,48,25,57,29,245,81,1.0,0.5,11.5,Brentford,BRE
True,True,0.0,0.0,543295,0,0,0,0,-15.8,0,"[{'offset': 0, 'projected_percent': '-15.8', 'likelihood': -1}, {'offset': 1, 'projected_percent': '-15.8', 'likelihood': -1}, {'offset': 2, 'projected_percent': '-15.8', 'likelihood': -1}]",,False,0,3,0.0,0.0,0,Antoni,0.0,99,False,Knee injury - Unknown return date,2026-07-23T12:01:23.384798Z,5.0,543295.jpg,0.0,False,Milambo,0.0,False,,i,4,94,0,43,15,60,15,0.0,0.0,Milambo,,152.0,2025-07-03,2005-04-03,False,p543295,0,0,0,0,0,0,0,0,0,0,0,0,0,0.0,0.0,0.0,0.0,0,0,0,0,0,0.00,0.00,0.00,0.00,,,,,,,[],https://www.brentfordfc.com/en/news/video/first-team-fabio-carvalho-brentford-injury-return-keith-andrews?utm_source=chatgpt.com,521,213,534,222,492,190,537,220,0.0,0.0,0.0,0.0,0.0,0.0,364,216,559,234,559,234,618,271,0.0,0.0,0.0,Brentford,BRE
True,True,100.0,100.0,244858,0,0,0,0,0.0,-2,"[{'offset': 0, 'projected_percent': '-6.0', 'likelihood': -1}, {'offset': 1, 'projected_percent': '-19.2', 'likelihood': -1}, {'offset': 2, 'projected_percent': '-32.4', 'likelihood': -2}]",,False,0,3,0.0,0.0,0,Fábio,0.0,100,False,,2026-08-18T13:58:17.442072Z,5.0,244858.jpg,0.0,False,Freitas Gouveia Carvalho,0.0,False,,a,4,94,0,355,200,383,137,0.0,0.0,Carvalho,Fábio Carvalho,173.0,2024-08-12,2002-08-30,False,p244858,0,0,0,0,0,0,0,0,0,0,0,0,0,0.0,0.0,0.0,0.0,0,0,0,0,0,0.00,0.00,0.00,0.00,,,,,,,[],,482,190,491,199,442,164,498,197,0.0,0.0,0.0,0.0,0.0,0.0,293,177,528,219,528,219,561,233,0.0,0.0,0.0,Brentford,BRE
True,True,,,508395,0,0,0,0,-68.5,-56,"[{'offset': 0, 'projected_percent': '-72.0', 'likelihood': -3}, {'offset': 1, 'projected_percent': '-79.6', 'likelihood': -3}, {'offset': 2, 'projected_percent': '-87.3', 'likelihood': -3}]",,False,0,3,1.0,1.0,1,Yehor,1.0,102,False,,,5.0,508395.jpg,1.0,False,Yarmoliuk,1.1,False,,a,4,94,2,1108,363,19574,6395,0.2,0.4,Yarmoliuk,,225.0,2022-10-28,2004-03-01,False,p508395,44,0,0,0,1,0,0,0,0,0,0,0,11,2.2,0.8,3.0,0.6,1,3,2,6,0,0.04,0.01,0.05,1.42,,,,,,,[],,246,111,229,126,150,77,252,113,0.08,0.0,0.02,0.1,2.9,2.05,348,203,238,110,278,125,186,57,0.0,0.0,12.27,Brentford,BRE
True,True,,,183656,0,0,0,0,-50.7,0,"[{'offset': 0, 'projected_percent': '-50.7', 'likelihood': -3}, {'offset': 1, 'projected_percent': '-50.7', 'likelihood': -3}, {'offset': 2, 'projected_percent': '-50.7', 'likelihood': -3}]",,False,0,3,0.0,0.0,0,Josh,0.0,103,False,,,5.0,183656.jpg,0.0,False,Dasilva,0.0,False,,a,4,94,0,225,61,542,189,0.0,0.0,Dasilva,,241.0,2025-10-23,1998-10-23,False,p183656,0,0,0,0,0,0,0,0,0,0,0,0,0,0.0,0.0,0.0,0.0,0,0,0,0,0,0.00,0.00,0.00,0.00,,,,,,,[],,461,179,469,188,412,150,477,186,0.0,0.0,0.0,0.0,0.0,0.0,253,155,512,210,512,210,546,226,0.0,0.0,0.0,Brentford,BRE
True,True,,,444180,0,0,0,0,-19.5,-4,"[{'offset': 0, 'projected_percent': '-21.0', 'likelihood': -2}, {'offset': 1, 'projected_percent': '-24.5', 'likelihood': -2}, {'offset': 2, 'projected_percent': '-27.9', 'likelihood': -2}]",,False,0,3,1.5,1.5,2,Jaidon,1.5,105,False,,,6.0,444180.jpg,1.5,False,Anthony,0.2,False,,a,4,94,3,2571,613,3591,1200,0.2,0.5,Anthony,,241.0,2026-07-07,1999-12-01,False,p444180,83,0,0,1,0,0,0,0,1,0,0,0,13,10.6,34.9,1.0,4.7,0,7,2,9,1,0.14,0.41,0.55,0.19,,,,,,,[],,160,58,21,16,192,98,84,44,0.15,0.0,0.44,0.59,0.21,0.0,81,53,200,94,216,104,362,136,1.08,1.08,9.76,Brentford,BRE
True,True,,,502500,0,0,0,0,-36.4,-902,"[{'offset': 0, 'projected_percent': '-40.2', 'likelihood': -3}, {'offset': 1, 'projected_percent': '-48.6', 'likelihood': -3}, {'offset': 2, 'projected_percent': '-56.9', 'likelihood': -3}]",,False,0,4,1.0,1.0,2,Igor Thiago,1.0,106,False,,,8.0,502500.jpg,1.0,False,Nascimento Rodrigues,15.4,False,,a,4,94,2,111190,19418,253086,111919,0.1,0.2,Thiago,Igor Thiago,30.0,2024-07-01,2001-06-26,False,p502500,172,0,0,1,1,0,0,1,0,0,0,0,-1,2.2,4.0,8.0,1.4,1,7,1,9,2,1.80,0.09,1.89,1.96,,,,,1.0,,[],,250,20,153,19,102,21,221,21,0.94,0.0,0.05,0.99,1.03,0.52,10,3,261,33,335,41,27,5,1.05,0.52,4.71,Brentford,BRE
True,True,,,593174,0,0,0,0,2.1,58,"[{'offset': 0, 'projected_percent': '2.5', 'likelihood': 1}, {'offset': 1, 'projected_percent': '3.2', 'likelihood': 1}, {'offset': 2, 'projected_percent': '4.0', 'likelihood': 1}]",,False,0,4,0.0,0.0,0,Kaye,0.0,107,False,,,4.5,593174.jpg,0.0,False,Furo,1.0,False,,a,4,94,0,16506,8315,12753,4310,0.0,0.0,Furo,,21.0,2026-01-11,2007-02-06,False,p593174,0,0,0,0,0,0,0,0,0,0,0,0,0,0.0,0.0,0.0,0.0,0,0,0,0,0,0.00,0.00,0.00,0.00,,,,,,,[],,417,32,423,39,363,38,433,41,0.0,0.0,0.0,0.0,0.0,0.0,528,70,476,49,476,49,195,30,0.0,0.0,0.0,Brentford,BRE
True,True,,,75115,0,0,0,0,-3.6,-1,"[{'offset': 0, 'projected_percent': '-3.8', 'likelihood': -1}, {'offset': 1, 'projected_percent': '-4.2', 'likelihood': -1}, {'offset': 2, 'projected_percent': '-4.5', 'likelihood': -1}]",,False,0,4,1.0,1.0,1,Callum,1.0,108,False,,,5.5,75115.jpg,1.0,False,Wilson,0.4,False,,a,4,94,2,6265,1914,7280,2472,0.2,0.4,Wilson,,241.0,2026-07-09,1992-02-27,False,p75115,9,0,0,0,0,0,0,0,0,0,0,0,7,2.2,10.3,5.0,1.8,0,1,0,1,0,0.07,0.04,0.11,0.07,,,,,,,[],,248,19,122,15,125,23,192,19,0.7,0.0,0.4,1.1,0.7,0.0,117,29,243,27,298,32,279,47,0.0,0.0,10.0,Brentford,BRE
True,True,,,513545,0,0,1,-1,57.1,1237,"[{'offset': 0, 'projected_percent': '64.8', 'likelihood': 3}, {'offset': 1, 'projected_percent': '81.6', 'likelihood': 3}, {'offset': 2, 'projected_percent': '98.5', 'likelihood': 4}]",,False,1,3,9.0,9.0,4,Mamadou,9.0,565,True,,,5.6,513545.jpg,9.0,False,Sangaré,10.6,False,,a,4,94,18,581909,138147,61134,37794,1.6,3.2,M.Sangaré,,132.0,2026-08-01,2002-06-26,False,p513545,165,0,2,1,1,0,0,0,0,0,0,3,57,31.6,21.8,21.0,7.4,9,12,6,27,2,0.26,0.36,0.62,1.93,,,,,,,[],,50,21,56,37,44,23,39,23,0.14,0.0,0.2,0.34,1.05,0.55,115,74,7,4,12,6,37,14,1.09,0.55,14.73,Brentford,BRE
True,True,,,613804,0,0,0,0,0.0,0,"[{'offset': 0, 'projected_percent': '0.0', 'likelihood': 0}, {'offset': 1, 'projected_percent': '0.0', 'likelihood': 0}, {'offset': 2, 'projected_percent': '0.0', 'likelihood': 0}]",2026-09-10T14:57:43.968027Z,False,0,2,1.7,1.7,0,El Hadji Malick,0.0,620,False,,,4.5,613804.jpg,0.0,False,Diouf,0.1,False,,a,4,94,0,5636,5036,1317,1280,0.0,0.0,Diouf,El Hadji Malick Diouf,189.0,2026-08-28,2004-12-29,False,p613804,0,0,0,0,0,0,0,0,0,0,0,0,0,0.0,0.0,0.0,0.0,0,0,0,0,0,0.00,0.00,0.00,0.00,,,,,,,[],,422,172,428,173,369,156,438,172,0.0,0.0,0.0,0.0,0.0,0.0,535,146,481,178,481,178,477,168,0.0,0.0,0.0,Brentford,BRE
True,True,,,489639,0,0,0,0,21.3,241,"[{'offset': 0, 'projected_percent': '22.8', 'likelihood': 2}, {'offset': 1, 'projected_percent': '26.0', 'likelihood': 2}, {'offset': 2, 'projected_percent': '29.3', 'likelihood': 2}]",,False,0,1,3.0,3.0,0,Bart,3.0,109,False,,,4.5,489639.jpg,3.0,False,Verbruggen,21.5,False,,a,5,36,6,159836,75080,87325,41845,0.7,1.3,Verbruggen,,152.0,2023-07-03,2002-08-18,False,p489639,180,0,0,1,4,0,0,0,0,0,1,0,24,6.6,0.0,0.0,0.7,0,18,0,0,2,0.00,0.00,0.00,3.22,,,,,,,[],,195,20,388,44,326,44,244,20,0.0,0.5,0.0,0.0,1.61,2.0,488,43,94,7,105,8,13,2,1.0,0.5,0.0,Brighton,BHA
True,True,,,49262,0,0,0,0,-0.0,39,"[{'offset': 0, 'projected_percent': '0.2', 'likelihood': 1}, {'offset': 1, 'projected_percent': '0.8', 'likelihood': 1}, {'offset': 2, 'projected_percent': '1.3', 'likelihood': 1}]",,False,0,1,0.0,0.0,0,Jason,0.0,111,False,,,4.0,49262.jpg,0.0,False,Steele,4.1,False,,a,5,36,0,25013,14299,22256,8212,0.0,0.0,Steele,,241.0,2018-07-01,1990-08-18,False,p49262,0,0,0,0,0,0,0,0,0,0,0,0,0,0.0,0.0,0.0,0.0,0,0,0,0,0,0.00,0.00,0.00,0.00,,,,,,,[],,282,23,279,3,197,3,298,23,0.0,0.0,0.0,0.0,0.0,0.0,552,51,351,24,351,24,87,13,0.0,0.0,0.0,Brighton,BHA
True,True,100.0,100.0,231416,-1,1,-1,1,-3.7,-44,"[{'offset': 0, 'projected_percent': '-4.5', 'likelihood': -1}, {'offset': 1, 'projected_percent': '-6.2', 'likelihood': -1}, {'offset': 2, 'projected_percent': '-7.9', 'likelihood': -1}]",,False,0,2,0.0,0.0,0,Ferdi,0.0,113,False,,2026-08-23T13:00:07.595211Z,4.4,231416.jpg,0.0,False,Kadıoğlu,2.1,False,,a,5,36,0,7375,4795,62067,10663,0.0,0.0,F.Kadıoğlu,,219.0,2024-08-27,1999-10-07,False,p231416,90,0,0,0,4,0,0,0,0,0,0,0,-4,0.0,0.0,0.0,0.0,0,2,0,0,1,0.02,0.01,0.03,2.93,3.0,,,,,,[],,339,140,340,143,263,113,356,141,0.02,0.0,0.01,0.03,2.93,4.0,548,151,406,153,406,153,125,51,1.0,0.0,0.0,Brighton,BHA
True,True,,,204120,0,0,0,0,1.6,13,"[{'offset': 0, 'projected_percent': '1.7', 'likelihood': 1}, {'offset': 1, 'projected_percent': '1.9', 'likelihood': 1}, {'offset': 2, 'projected_percent': '2.0', 'likelihood': 1}]",,False,0,2,2.5,2.5,-1,Olivier,2.5,114,False,,,4.5,204120.jpg,2.5,False,Boscagli,0.3,False,,a,5,36,5,6568,2465,2890,1331,0.6,1.1,Boscagli,,73.0,2025-07-02,1997-11-18,False,p204120,180,0,0,1,4,0,0,0,1,0,0,0,27,15.2,7.3,6.0,2.9,8,6,1,9,2,0.05,0.15,0.20,3.22,,,,,,,[],,112,51,130,39,114,33,133,51,0.02,0.0,0.08,0.1,1.61,2.0,440,99,121,43,130,46,301,112,1.0,0.5,4.5,Brighton,BHA
True,True,,,465730,0,0,1,-1,113.4,2458,"[{'offset': 0, 'projected_percent': '128.7', 'likelihood': 5}, {'offset': 1, 'projected_percent': '162.2', 'likelihood': 5}, {'offset': 2, 'projected_percent': '195.8', 'likelihood': 5}]",,False,1,2,8.5,8.5,0,Maxim,8.5,115,True,,,4.6,465730.jpg,8.5,False,De Cuyper,12.0,False,,a,5,36,17,776237,281239,50575,29417,1.8,3.7,De Cuyper,,21.0,2025-07-05,2000-12-22,False,p465730,167,1,1,1,4,0,0,0,0,0,0,2,44,40.6,45.3,43.0,12.9,3,6,3,6,2,1.50,0.26,1.76,3.22,2.0,,4.0,,,,[],,26,9,10,2,11,2,4,1,0.81,0.0,0.14,0.95,1.74,2.16,404,79,10,4,16,7,33,12,1.08,0.54,3.23,Brighton,BHA
True,True,,,83299,0,0,0,0,5.4,13,"[{'offset': 0, 'projected_percent': '5.5', 'likelihood': 1}, {'offset': 1, 'projected_percent': '5.7', 'likelihood': 1}, {'offset': 2, 'projected_percent': '5.8', 'likelihood': 1}]",,False,0,2,2.5,2.5,-1,Lewis,2.5,116,False,,,4.5,83299.jpg,2.5,False,Dunk,1.2,False,,a,5,36,5,20703,7360,9650,4340,0.6,1.1,Dunk,,241.0,2009-07-01,1991-11-21,False,p83299,180,0,0,1,4,0,0,0,1,0,0,0,20,13.4,6.4,0.0,2.0,3,6,2,5,2,0.00,0.05,0.05,3.22,,,3.0,,,,[],,132,61,134,40,270,116,175,66,0.0,0.0,0.02,0.02,1.61,2.0,411,82,118,40,127,43,170,69,1.0,0.5,2.5,Brighton,BHA
True,True,,,550090,0,0,0,0,-0.9,0,"[{'offset': 0, 'projected_percent': '-0.9', 'likelihood': -1}, {'offset': 1, 'projected_percent': '-0.9', 'likelihood': -1}, {'offset': 2, 'projected_percent': '-0.9', 'likelihood': -1}]",,False,0,2,0.0,0.0,0,Diego,0.0,117,False,,,4.5,550090.jpg,0.0,False,Coppola,0.0,False,,a,5,36,0,281,90,312,88,0.0,0.0,Coppola,,,,,False,p550090,0,0,0,0,0,0,0,0,0,0,0,0,0,0.0,0.0,0.0,0.0,0,0,0,0,0,0.00,0.00,0.00,0.00,,,,,,,[],,403,168,410,169,348,151,419,168,0.0,0.0,0.0,0.0,0.0,0.0,510,138,463,174,463,174,558,191,0.0,0.0,0.0,Brighton,BHA
True,True,,,223434,0,0,0,0,-24.9,2,"[{'offset': 0, 'projected_percent': '-23.0', 'likelihood': -2}, {'offset': 1, 'projected_percent': '-19.0', 'likelihood': -1}, {'offset': 2, 'projected_percent': '-15.0', 'likelihood': -1}]",,False,0,2,0.0,0.0,0,Igor Julio,0.0,118,False,,,4.5,223434.jpg,0.0,False,dos Santos de Paulo,0.1,False,,a,5,36,0,691,220,1219,344,0.0,0.0,Igor,Igor Julio,30.0,2023-07-26,1998-02-07,False,p223434,0,0,0,0,0,0,0,0,0,0,0,0,0,0.0,0.0,0.0,0.0,0,0,0,0,0,0.00,0.00,0.00,0.00,,,,,,,[],,363,149,367,153,296,128,380,150,0.0,0.0,0.0,0.0,0.0,0.0,448,105,427,159,427,159,447,158,0.0,0.0,0.0,Brighton,BHA
True,True,,,451490,0,0,0,0,0.0,2,"[{'offset': 0, 'projected_percent': '0.0', 'likelihood': 0}, {'offset': 1, 'projected_percent': '0.1', 'likelihood': 1}, {'offset': 2, 'projected_percent': '0.1', 'likelihood': 1}]",,False,0,2,0.5,0.5,0,João Pedro,0.5,119,False,,,4.5,451490.jpg,0.5,False,Loureiro da Costa,0.0,False,,a,5,36,1,409,124,388,162,0.1,0.2,Costinha,Costinha,173.0,2026-06-15,2000-03-26,False,p451490,36,0,0,0,0,0,0,0,1,0,0,0,6,8.2,1.9,18.0,2.8,3,0,1,4,0,0.12,0.00,0.12,0.14,,,,,,,[],,177,77,188,57,50,14,139,55,0.3,0.0,0.0,0.3,0.35,0.0,473,124,276,98,338,111,520,181,0.0,0.0,10.0,Brighton,BHA
True,True,,,454490,0,0,0,0,0.1,0,"[{'offset': 0, 'projected_percent': '0.1', 'likelihood': 1}, {'offset': 1, 'projected_percent': '0.1', 'likelihood': 1}, {'offset': 2, 'projected_percent': '0.1', 'likelihood': 1}]",,False,0,2,0.0,0.0,0,Michael,0.0,120,False,,,5.0,454490.jpg,0.0,False,Svoboda,0.1,False,,a,5,36,0,1067,299,1027,343,0.0,0.0,Svoboda,,14.0,2026-07-02,1998-10-15,False,p454490,0,0,0,0,0,0,0,0,0,0,0,0,0,0.0,0.0,0.0,0.0,0,0,0,0,0,0.00,0.00,0.00,0.00,,,,,,,[],,495,193,505,193,458,181,511,193,0.0,0.0,0.0,0.0,0.0,0.0,310,56,538,193,538,193,487,172,0.0,0.0,0.0,Brighton,BHA
True,True,0.0,0.0,451340,0,0,0,0,-74.9,-4,"[{'offset': 0, 'projected_percent': '-77.3', 'likelihood': -3}, {'offset': 1, 'projected_percent': '-82.7', 'likelihood': -3}, {'offset': 2, 'projected_percent': '-88.0', 'likelihood': -3}]",,False,0,3,0.0,0.0,0,Mitoma,0.0,121,False,Hamstring injury - Unknown return date,2026-07-24T18:30:10.661894Z,6.0,451340.jpg,0.0,False,Kaoru,0.0,False,,i,5,36,0,221,62,1692,455,0.0,0.0,Mitoma,,108.0,2021-08-09,1997-05-20,False,p451340,0,0,0,0,0,0,0,0,0,0,0,0,0,0.0,0.0,0.0,0.0,0,0,0,0,0,0.00,0.00,0.00,0.00,,,,,,,[],https://www.brightonandhovealbion.com/media-article/successful-surgery-for-mitoma,603,264,606,266,600,260,606,266,0.0,0.0,0.0,0.0,0.0,0.0,82,54,608,266,608,266,513,213,0.0,0.0,0.0,Brighton,BHA
True,True,0.0,0.0,592031,-1,1,-1,1,-14.5,-4,"[{'offset': 0, 'projected_percent': '-15.5', 'likelihood': -1}, {'offset': 1, 'projected_percent': '-17.7', 'likelihood': -1}, {'offset': 2, 'projected_percent': '-19.9', 'likelihood': -1}]",,False,0,3,0.0,0.0,0,Yankuba,0.0,122,False,Leg injury - Expected back 28 Nov,2026-08-14T18:00:06.418033Z,5.9,592031.jpg,0.0,False,Minteh,0.1,False,,i,5,36,0,180,40,4418,897,0.0,0.0,Minteh,,78.0,2024-07-01,2004-07-22,False,p592031,0,0,0,0,0,0,0,0,0,0,0,0,0,0.0,0.0,0.0,0.0,0,0,0,0,0,0.00,0.00,0.00,0.00,5.0,,,,,,[],https://www.brightonandhovealbion.com/media-article/fabian-hurzeler-reflects-on-albions-pre-season-win-over-as-roma?utm_source=premier-league-web&utm_medium=referral&utm_campaign=pl-referral-always-on&utm_term=content-card,591,256,598,261,591,254,600,261,0.0,0.0,0.0,0.0,0.0,0.0,109,70,603,262,603,262,485,197,0.0,0.0,0.0,Brighton,BHA
True,True,50.0,25.0,532529,0,0,0,0,27.0,-429,"[{'offset': 0, 'projected_percent': '24.3', 'likelihood': 2}, {'offset': 1, 'projected_percent': '18.5', 'likelihood': 1}, {'offset': 2, 'projected_percent': '12.6', 'likelihood': 1}]",,False,1,3,4.0,2.0,0,Jack,8.0,123,False,Unspecified injury - 50% chance of playing,2026-08-27T19:30:07.780933Z,6.0,532529.jpg,16.0,False,Hinshelwood,1.8,False,,d,5,36,16,143926,4098,84525,46440,1.3,2.7,Hinshelwood,,241.0,2022-12-30,2005-04-11,False,p532529,63,2,0,1,0,0,0,0,0,0,0,3,54,72.8,13.4,59.0,14.5,0,1,2,3,1,1.41,0.02,1.43,0.19,,,,,,,[],https://www.brightonandhovealbion.com/media-article/match-preview-albion-head-to-chelsea-on-sunday,1,1,96,60,3,2,2,2,2.01,0.0,0.03,2.04,0.27,0.0,91,59,16,9,1,1,137,40,1.43,1.43,4.29,Brighton,BHA
True,True,,,60307,0,0,0,0,-15.9,1157,"[{'offset': 0, 'projected_percent': '-10.2', 'likelihood': -1}, {'offset': 1, 'projected_percent': '2.9', 'likelihood': 1}, {'offset': 2, 'projected_percent': '18.7', 'likelihood': 1}]",,False,1,3,7.5,7.5,13,Pascal,7.5,124,False,,,5.5,60307.jpg,7.5,False,Groß,13.1,False,,a,5,36,15,104570,80391,137988,32115,1.4,2.7,Groß,,80.0,2026-01-02,1991-06-15,False,p60307,180,1,1,1,4,0,0,0,1,0,0,3,64,21.0,56.9,8.0,8.6,2,5,4,11,2,0.05,0.38,0.43,3.22,1.0,,1.0,,1.0,,[],,79,26,2,1,95,46,26,17,0.02,0.0,0.19,0.21,1.61,2.0,116,75,18,10,23,12,30,11,1.0,0.5,5.5,Brighton,BHA
True,True,75.0,75.0,463067,0,0,0,0,0.7,-79,"[{'offset': 0, 'projected_percent': '0.2', 'likelihood': 1}, {'offset': 1, 'projected_percent': '-5.7', 'likelihood': -1}, {'offset': 2, 'projected_percent': '-12.5', 'likelihood': -1}]",,False,0,4,1.9,1.9,0,Georginio,2.5,125,False,Unspecified injury - 75% chance of playing,2026-08-26T16:00:07.608056Z,5.5,463067.jpg,5.0,False,Rutter,0.9,False,,d,5,36,5,26405,2518,24909,9902,0.5,0.9,Georginio,,73.0,2024-08-19,2002-04-20,False,p463067,90,0,1,1,0,0,0,0,0,0,0,0,22,19.8,11.4,15.0,4.6,1,4,2,7,1,0.08,0.44,0.52,0.29,,,,,,,[],https://www.brightonandhovealbion.com/media-article/match-preview-albion-head-to-chelsea-on-sunday,86,8,113,14,69,14,87,12,0.08,0.0,0.44,0.52,0.29,0.0,171,39,131,15,61,5,206,33,1.0,1.0,7.0,Brighton,BHA
True,True,,,219249,0,0,0,0,-42.6,-9,"[{'offset': 0, 'projected_percent': '-48.0', 'likelihood': -3}, {'offset': 1, 'projected_percent': '-60.0', 'likelihood': -3}, {'offset': 2, 'projected_percent': '-72.0', 'likelihood': -3}]",,False,0,3,0.0,0.0,0,Matt,0.0,126,False,,,5.5,219249.jpg,0.0,False,O'Riley,0.1,False,,a,5,36,0,1051,395,2078,726,0.0,0.0,O'Riley,,58.0,2024-08-26,2000-11-21,False,p219249,0,0,0,0,0,0,0,0,0,0,0,0,0,0.0,0.0,0.0,0.0,0,0,0,0,0,0.00,0.00,0.00,0.00,,,,,3.0,,[],,561,237,575,245,550,228,574,243,0.0,0.0,0.0,0.0,0.0,0.0,146,90,589,252,589,252,417,166,0.0,0.0,0.0,Brighton,BHA
True,True,,,514254,0,0,0,0,13.2,345,"[{'offset': 0, 'projected_percent': '15.3', 'likelihood': 1}, {'offset': 1, 'projected_percent': '20.0', 'likelihood': 2}, {'offset': 2, 'projected_percent': '24.7', 'likelihood': 2}]",,False,0,3,5.5,5.5,5,Diego,5.5,127,False,,,5.0,514254.jpg,5.5,False,Gómez Amarilla,4.1,False,,a,5,36,11,62453,38501,31286,14414,1.1,2.2,Gomez,Diego Gómez,168.0,2025-01-01,2003-03-27,False,p514254,175,0,2,1,4,0,0,0,0,0,0,0,42,33.0,25.1,41.0,9.9,3,3,5,11,2,0.56,0.65,1.21,3.22,,,5.0,,,,[],,43,19,47,31,12,7,13,10,0.29,0.0,0.33,0.62,1.66,2.06,351,205,42,21,53,26,88,28,1.03,0.51,5.66,Brighton,BHA
True,False,0.0,0.0,536916,0,0,0,0,0.0,0,"[{'offset': 0, 'projected_percent': '0.0', 'likelihood': 0}, {'offset': 1, 'projected_percent': '0.0', 'likelihood': 0}, {'offset': 2, 'projected_percent': '0.0', 'likelihood': 0}]",,False,0,3,0.0,0.0,0,Facundo,0.0,128,False,Has joined Elche on loan for the rest of the season,2026-08-10T14:03:07.561436Z,5.0,536916.jpg,0.0,False,Buonanotte,0.0,False,,u,5,36,0,0,0,215,42,0.0,0.0,Buonanotte,,10.0,2023-01-01,2004-12-23,False,p536916,0,0,0,0,0,0,0,0,0,0,0,0,0,0.0,0.0,0.0,0.0,0,0,0,0,0,0.00,0.00,0.00,0.00,,,,,,,[],,520,212,533,221,491,189,536,219,0.0,0.0,0.0,0.0,0.0,0.0,362,214,558,233,558,233,614,268,0.0,0.0,0.0,Brighton,BHA
True,True,75.0,,509416,0,0,0,0,-38.0,-100,"[{'offset': 0, 'projected_percent': '-44.1', 'likelihood': -3}, {'offset': 1, 'projected_percent': '-57.4', 'likelihood': -3}, {'offset': 2, 'projected_percent': '-70.8', 'likelihood': -3}]",,False,0,3,0.8,1.0,0,Yasin,1.0,129,False,Ankle injury - 75% chance of playing,2026-08-30T18:00:07.935334Z,5.5,509416.jpg,2.0,False,Ayari,0.6,False,,d,5,36,2,4595,1261,13977,6366,0.2,0.4,Ayari,,206.0,2023-01-30,2003-10-06,False,p509416,63,0,0,1,0,0,0,0,1,0,0,0,8,0.0,15.0,6.0,1.7,1,3,0,4,1,0.11,0.03,0.14,0.19,4.0,,2.0,,,,[],,574,246,81,51,121,62,201,89,0.16,0.0,0.04,0.2,0.27,0.0,189,119,250,119,177,88,248,82,1.43,1.43,5.71,Brighton,BHA
True,True,,,467779,0,0,0,0,6.1,14,"[{'offset': 0, 'projected_percent': '6.1', 'likelihood': 1}, {'offset': 1, 'projected_percent': '6.3', 'likelihood': 1}, {'offset': 2, 'projected_percent': '6.5', 'likelihood': 1}]",,False,0,2,3.5,3.5,0,Mats,3.5,130,False,,,5.0,467779.jpg,3.5,False,Wieffer,0.5,False,,a,5,36,7,19242,5814,5761,2704,0.7,1.4,Wieffer,,152.0,2024-07-06,1999-11-16,False,p467779,156,0,0,1,4,0,0,0,0,0,0,1,38,16.6,26.3,6.0,4.9,11,9,4,15,2,0.12,0.13,0.25,3.18,,,,,,,[],,104,44,40,13,116,35,80,28,0.07,0.0,0.08,0.15,1.83,2.31,318,59,87,34,98,36,263,97,1.15,0.58,8.65,Brighton,BHA
True,False,0.0,0.0,597320,0,0,0,0,0.0,-8,"[{'offset': 0, 'projected_percent': '0.0', 'likelihood': 0}, {'offset': 1, 'projected_percent': '0.0', 'likelihood': 0}, {'offset': 2, 'projected_percent': '0.0', 'likelihood': 0}]",,False,0,3,0.0,0.0,0,Harry,0.0,132,False,Has joined Leicester City on loan for the rest of the season,2026-08-17T13:53:19.019938Z,4.5,597320.jpg,0.0,False,Howell,0.0,False,,u,5,36,0,0,0,1986,454,0.0,0.0,Howell,,,,,False,p597320,0,0,0,0,0,0,0,0,0,0,0,0,0,0.0,0.0,0.0,0.0,0,0,0,0,0,0.00,0.00,0.00,0.00,,,,,,,[],,419,154,425,164,365,122,435,161,0.0,0.0,0.0,0.0,0.0,0.0,530,267,478,189,478,189,498,204,0.0,0.0,0.0,Brighton,BHA
True,False,0.0,0.0,549074,0,0,0,0,0.0,0,"[{'offset': 0, 'projected_percent': '0.0', 'likelihood': 0}, {'offset': 1, 'projected_percent': '0.0', 'likelihood': 0}, {'offset': 2, 'projected_percent': '0.0', 'likelihood': 0}]",,False,0,3,0.0,0.0,0,Tom,0.0,133,False,Has joined Leicester City on loan for the rest of the season,2026-08-03T14:05:44.459483Z,5.0,549074.jpg,0.0,False,Watson,0.0,False,,u,5,36,0,0,0,73,17,0.0,0.0,Watson,,241.0,2025-06-01,2006-04-08,False,p549074,0,0,0,0,0,0,0,0,0,0,0,0,0,0.0,0.0,0.0,0.0,0,0,0,0,0,0.00,0.00,0.00,0.00,,,,,,,[],,523,215,536,224,495,193,539,222,0.0,0.0,0.0,0.0,0.0,0.0,367,219,561,236,561,236,621,272,0.0,0.0,0.0,Brighton,BHA
True,True,,,556637,0,0,0,0,-10.6,1,"[{'offset': 0, 'projected_percent': '-10.4', 'likelihood': -1}, {'offset': 1, 'projected_percent': '-9.9', 'likelihood': -1}, {'offset': 2, 'projected_percent': '-9.4', 'likelihood': -1}]",,False,0,3,0.0,0.0,0,Nehemiah,0.0,134,False,,,4.5,556637.jpg,0.0,False,Oriola,0.3,False,,a,5,36,0,2910,1202,4033,1253,0.0,0.0,Oriola,,241.0,2025-10-17,2007-06-11,False,p556637,0,0,0,0,0,0,0,0,0,0,0,0,0,0.0,0.0,0.0,0.0,0,0,0,0,0,0.00,0.00,0.00,0.00,,,,,,,[],,406,149,413,159,351,117,422,156,0.0,0.0,0.0,0.0,0.0,0.0,514,261,466,184,466,184,304,104,0.0,0.0,0.0,Brighton,BHA
True,True,,,700308,0,0,0,0,-56.9,-5,"[{'offset': 0, 'projected_percent': '-61.3', 'likelihood': -3}, {'offset': 1, 'projected_percent': '-71.0', 'likelihood': -3}, {'offset': 2, 'projected_percent': '-80.7', 'likelihood': -3}]",,False,0,3,0.5,0.5,0,Zadok,0.5,135,False,,,5.0,700308.jpg,1.0,False,Yohanna,0.1,False,,a,5,36,1,552,179,1443,564,0.1,0.2,Yohanna,,157.0,2026-06-15,2007-06-29,False,p700308,12,0,0,0,0,0,0,0,0,0,0,0,3,0.2,1.3,0.0,0.2,0,0,0,0,0,0.00,0.03,0.03,0.00,,,,,,,[],,278,133,210,119,517,209,284,135,0.0,0.0,0.22,0.22,0.0,0.0,395,238,313,147,292,137,469,190,0.0,0.0,0.0,Brighton,BHA
True,True,0.0,0.0,608181,0,0,0,0,-49.0,0,"[{'offset': 0, 'projected_percent': '-49.0', 'likelihood': -3}, {'offset': 1, 'projected_percent': '-49.0', 'likelihood': -3}, {'offset': 2, 'projected_percent': '-49.0', 'likelihood': -3}]",,False,0,4,0.0,0.0,0,Stefanos,0.0,137,False,Knee injury - Unknown return date,2026-07-23T12:01:23.432796Z,5.5,608181.jpg,0.0,False,Tzimas,0.0,False,,i,5,36,0,109,25,331,79,0.0,0.0,Tzimas,,83.0,2025-02-03,2006-01-06,False,p608181,0,0,0,0,0,0,0,0,0,0,0,0,0,0.0,0.0,0.0,0.0,0,0,0,0,0,0.00,0.00,0.00,0.00,,,,,,,[],https://www.brightonandhovealbion.com/media-article/fabian-hurzeler-reflects-on-a-successful-training-camp?srsltid=AfmBOoq6Qw6fHwT9Mxn5PIGBhoGos01rwVude5hxVRG_7iMPpS-YkOIf&utm_source=chatgpt.com,580,55,590,61,581,61,592,62,0.0,0.0,0.0,0.0,0.0,0.0,208,43,598,66,598,66,600,72,0.0,0.0,0.0,Brighton,BHA
True,True,,,647850,0,0,0,0,1.4,97,"[{'offset': 0, 'projected_percent': '2.0', 'likelihood': 1}, {'offset': 1, 'projected_percent': '3.4', 'likelihood': 1}, {'offset': 2, 'projected_percent': '4.7', 'likelihood': 1}]",,False,0,4,3.0,3.0,5,Charalampos,3.0,138,False,,,5.5,647850.jpg,3.0,False,Kostoulas,0.3,False,,a,5,36,6,6907,5523,3511,1360,0.5,1.1,Kostoulas,,83.0,2025-07-01,2007-05-30,False,p647850,105,0,1,0,4,0,0,0,0,0,0,0,16,0.0,0.4,10.0,0.9,0,7,1,8,1,0.35,0.02,0.37,2.99,,,,,,,[],,582,56,255,29,88,17,237,23,0.3,0.0,0.02,0.32,2.56,3.43,210,44,109,13,119,18,306,52,0.86,0.0,6.86,Brighton,BHA
True,True,0.0,0.0,487117,0,0,0,0,-19.9,-2,"[{'offset': 0, 'projected_percent': '-21.1', 'likelihood': -2}, {'offset': 1, 'projected_percent': '-23.8', 'likelihood': -2}, {'offset': 2, 'projected_percent': '-26.5', 'likelihood': -2}]",,False,0,4,0.0,0.0,0,Evan,0.0,139,False,Ankle injury - Expected back 10 Oct,2026-07-23T12:01:23.448357Z,5.0,487117.jpg,0.0,False,Ferguson,0.0,False,,i,5,36,0,562,244,939,316,0.0,0.0,Ferguson,,104.0,2021-08-23,2004-10-19,False,p487117,0,0,0,0,0,0,0,0,0,0,0,0,0,0.0,0.0,0.0,0.0,0,0,0,0,0,0.00,0.00,0.00,0.00,,,,,,,[],https://www.brightonandhovealbion.com/media-article/fabian-hurzeler-reflects-on-a-successful-training-camp?srsltid=AfmBOoq6Qw6fHwT9Mxn5PIGBhoGos01rwVude5hxVRG_7iMPpS-YkOIf&utm_source=chatgpt.com,503,39,515,47,471,46,519,48,0.0,0.0,0.0,0.0,0.0,0.0,328,55,544,56,544,56,531,69,0.0,0.0,0.0,Brighton,BHA
True,True,100.0,100.0,222694,0,0,0,0,-34.2,-11,"[{'offset': 0, 'projected_percent': '-37.4', 'likelihood': -2}, {'offset': 1, 'projected_percent': '-44.4', 'likelihood': -3}, {'offset': 2, 'projected_percent': '-51.4', 'likelihood': -3}]",,False,0,2,0.0,0.0,0,Pascal,0.0,328,False,,2026-08-15T20:30:07.523574Z,5.0,222694.jpg,0.0,False,Struijk,0.2,False,,a,5,36,0,1967,551,3808,1254,0.0,0.0,Struijk,,152.0,2026-06-30,1999-08-11,False,p222694,0,0,0,0,0,0,0,0,0,0,0,0,0,0.0,0.0,0.0,0.0,0,0,0,0,0,0.00,0.00,0.00,0.00,,,,,,,[],,474,188,483,188,431,174,490,188,0.0,0.0,0.0,0.0,0.0,0.0,280,48,520,188,520,188,326,122,0.0,0.0,0.0,Brighton,BHA
True,True,,,610799,0,0,0,0,4.8,-38,"[{'offset': 0, 'projected_percent': '4.6', 'likelihood': 1}, {'offset': 1, 'projected_percent': '4.1', 'likelihood': 1}, {'offset': 2, 'projected_percent': '3.6', 'likelihood': 1}]",,False,0,2,3.0,3.0,0,Luka,3.0,504,False,,,5.0,610799.jpg,3.0,False,Vušković,2.5,False,,a,5,36,6,30340,9154,22739,10392,0.6,1.2,Vuskovic,,97.0,2026-07-14,2007-02-24,False,p610799,180,0,0,1,4,0,0,0,0,0,0,0,17,12.4,4.5,12.0,2.9,11,5,1,12,2,0.16,0.05,0.21,3.22,,,,,,,[],,141,66,149,44,78,22,137,54,0.08,0.0,0.02,0.1,1.61,2.0,382,73,101,38,112,41,114,45,1.0,0.5,6.0,Brighton,BHA
True,True,,,538007,0,0,0,0,0.0,0,"[{'offset': 0, 'projected_percent': '0.0', 'likelihood': 0}, {'offset': 1, 'projected_percent': '0.0', 'likelihood': 0}, {'offset': 2, 'projected_percent': '0.0', 'likelihood': 0}]",2026-09-01T14:01:16.200061Z,False,0,4,0.5,0.5,1,Promise,0.5,594,False,,,6.0,538007.jpg,1.0,False,David,0.3,False,,a,5,36,1,3936,1417,6099,1958,0.1,0.2,David,,39.0,2026-08-18,2001-07-03,False,p538007,10,0,0,0,0,0,0,0,0,0,0,0,3,0.0,0.0,0.0,0.0,0,0,0,0,0,0.00,0.00,0.00,0.04,,,,,2.0,,[],,607,66,610,67,605,67,610,67,0.0,0.0,0.0,0.0,0.36,0.0,92,22,340,40,325,38,313,53,0.0,0.0,0.0,Brighton,BHA
True,True,,,612855,0,0,0,0,0.0,0,"[{'offset': 0, 'projected_percent': '0.0', 'likelihood': 0}, {'offset': 1, 'projected_percent': '0.0', 'likelihood': 0}, {'offset': 2, 'projected_percent': '0.0', 'likelihood': 0}]",2026-09-03T13:04:41.322924Z,False,0,3,1.0,1.0,1,Ibrahim,1.0,600,False,,,5.0,612855.jpg,1.0,False,Osman,0.0,False,,a,5,36,2,333,115,228,85,0.2,0.4,Osman,,81.0,2024-07-01,2004-11-29,False,p612855,28,0,0,0,1,0,0,0,0,0,0,0,13,4.2,15.4,4.0,2.4,0,2,1,3,0,0.00,0.06,0.06,0.10,,,,,,,[],,221,95,78,49,136,68,157,71,0.0,0.0,0.19,0.19,0.32,3.21,383,230,240,112,287,132,566,235,0.0,0.0,9.64,Brighton,BHA
True,True,,,611695,0,0,0,0,0.0,0,"[{'offset': 0, 'projected_percent': '0.0', 'likelihood': 0}, {'offset': 1, 'projected_percent': '0.0', 'likelihood': 0}, {'offset': 2, 'projected_percent': '0.0', 'likelihood': 0}]",2026-09-05T18:19:45.373499Z,False,0,3,4.5,4.5,8,Malick,4.5,605,False,,,4.5,611695.jpg,4.5,False,Yalcouyé,0.6,False,,a,5,36,9,48316,43977,5951,4999,1.0,2.0,Yalcouyé,,54.0,2024-07-12,2005-11-18,False,p611695,77,1,0,0,3,0,0,0,0,0,0,1,42,0.6,2.7,0.0,0.3,2,2,3,7,1,0.70,0.17,0.87,2.83,,,,,,,[],,269,126,167,98,367,123,275,129,0.82,0.0,0.2,1.02,3.31,3.51,533,268,59,30,70,34,242,80,1.17,0.0,8.18,Brighton,BHA
True,True,,,512123,0,0,0,0,0.0,0,"[{'offset': 0, 'projected_percent': '0.0', 'likelihood': 0}, {'offset': 1, 'projected_percent': '0.0', 'likelihood': 0}, {'offset': 2, 'projected_percent': '0.0', 'likelihood': 0}]",2026-09-08T14:03:01.287849Z,False,0,2,1.7,1.7,0,Jaouen,0.0,614,False,,,4.5,512123.jpg,0.0,False,Hadjam,0.0,False,,a,5,36,0,1954,948,227,173,0.0,0.0,Hadjam,,3.0,2026-08-25,2003-03-26,False,p512123,0,0,0,0,0,0,0,0,0,0,0,0,0,0.0,0.0,0.0,0.0,0,0,0,0,0,0.00,0.00,0.00,0.00,,,,,,,[],,392,164,399,165,337,147,408,164,0.0,0.0,0.0,0.0,0.0,0.0,499,134,452,170,452,170,534,186,0.0,0.0,0.0,Brighton,BHA
True,True,,,519324,0,0,0,0,0.0,0,"[{'offset': 0, 'projected_percent': '0.0', 'likelihood': 0}, {'offset': 1, 'projected_percent': '0.0', 'likelihood': 0}, {'offset': 2, 'projected_percent': '0.0', 'likelihood': 0}]",2026-09-12T18:33:35.104021Z,False,0,3,1.5,1.5,0,Amario,0.0,624,False,,,5.0,519324.jpg,0.0,False,Cozier-Duberry,0.0,False,,a,5,36,0,23,23,5,5,0.0,0.0,Cozier-Duberry,,,,,False,p519324,0,0,0,0,0,0,0,0,0,0,0,0,0,0.0,0.0,0.0,0.0,0,0,0,0,0,0.00,0.00,0.00,0.00,,,,,,,[],,517,209,530,218,488,186,533,216,0.0,0.0,0.0,0.0,0.0,0.0,355,209,555,230,555,230,625,276,0.0,0.0,0.0,Brighton,BHA
True,True,,,98980,0,0,0,0,-31.2,92,"[{'offset': 0, 'projected_percent': '-29.9', 'likelihood': -2}, {'offset': 1, 'projected_percent': '-26.8', 'likelihood': -2}, {'offset': 2, 'projected_percent': '-23.8', 'likelihood': -2}]",,False,0,1,1.0,1.0,2,Emiliano,1.0,28,False,,,5.0,98980.jpg,2.0,False,Martínez Romero,4.3,False,,a,6,8,2,53992,24606,79540,14626,0.2,0.4,Martinez,Emiliano Martínez,10.0,2020-09-16,1992-09-02,False,p98980,90,0,0,0,3,0,0,0,0,0,4,0,18,0.0,0.0,0.0,0.0,1,13,0,0,1,0.00,0.01,0.01,1.41,,,,,,,[],,445,63,452,52,393,52,461,63,0.0,4.0,0.01,0.01,1.41,3.0,233,7,225,18,157,12,83,12,1.0,0.0,0.0,Chelsea,CHE
True,True,,,244850,0,0,0,0,86.0,-196,"[{'offset': 0, 'projected_percent': '84.8', 'likelihood': 3}, {'offset': 1, 'projected_percent': '82.1', 'likelihood': 3}, {'offset': 2, 'projected_percent': '79.4', 'likelihood': 3}]",,False,0,3,6.5,6.5,5,Morgan,6.5,40,False,,,7.5,244850.jpg,6.5,False,Rogers,25.9,False,,a,6,8,13,346092,94241,162567,90818,0.9,1.7,Rogers,,241.0,2026-07-21,2002-07-26,False,p244850,171,1,1,0,5,0,0,0,0,0,0,1,65,48.8,53.5,29.0,13.1,1,8,3,12,2,1.10,1.11,2.21,2.65,4.0,,,,,,[],,8,6,4,3,30,16,3,3,0.58,0.0,0.58,1.16,1.39,2.63,17,10,28,17,34,20,10,4,1.05,0.0,6.32,Chelsea,CHE
True,True,75.0,75.0,56979,0,0,0,0,-50.4,1,"[{'offset': 0, 'projected_percent': '-49.9', 'likelihood': -3}, {'offset': 1, 'projected_percent': '-48.8', 'likelihood': -3}, {'offset': 2, 'projected_percent': '-47.8', 'likelihood': -3}]",,False,0,3,0.0,0.0,0,Jordan,0.0,101,False,Wrist injury - 75% chance of playing,2026-08-09T09:30:07.136250Z,5.0,56979.jpg,0.0,False,Henderson,0.0,False,,d,6,8,0,320,106,1020,329,0.0,0.0,Henderson,Jordan Henderson,241.0,2026-08-03,1990-06-17,False,p56979,0,0,0,0,0,0,0,0,0,0,0,0,0,0.0,0.0,0.0,0.0,0,0,0,0,0,0.00,0.00,0.00,0.00,,,,,,,[],,442,168,448,178,389,137,458,175,0.0,0.0,0.0,0.0,0.0,0.0,227,141,499,202,499,202,521,217,0.0,0.0,0.0,Chelsea,CHE
True,True,100.0,100.0,50175,-1,1,-1,1,-3.9,-77,"[{'offset': 0, 'projected_percent': '-7.0', 'likelihood': -1}, {'offset': 1, 'projected_percent': '-13.9', 'likelihood': -1}, {'offset': 2, 'projected_percent': '-20.8', 'likelihood': -2}]",,False,0,4,0.0,0.0,0,Danny,0.0,136,False,,2026-08-20T14:00:07.949090Z,5.9,50175.jpg,0.0,False,Welbeck,0.9,False,,a,6,8,0,6647,3511,32144,9719,0.0,0.0,Welbeck,,241.0,2026-08-01,1990-11-26,False,p50175,0,0,0,0,0,0,0,0,0,0,0,0,0,0.0,0.0,0.0,0.0,0,0,0,0,0,0.00,0.00,0.00,0.00,,,,,,,[],,584,58,593,63,584,63,595,64,0.0,0.0,0.0,0.0,0.0,0.0,97,26,600,68,600,68,200,31,0.0,0.0,0.0,Chelsea,CHE
True,True,,,215059,0,0,0,0,-110.9,-290,"[{'offset': 0, 'projected_percent': '-120.8', 'likelihood': -5}, {'offset': 1, 'projected_percent': '-142.5', 'likelihood': -5}, {'offset': 2, 'projected_percent': '-164.2', 'likelihood': -5}]",,False,0,1,1.0,1.0,0,Robert,1.0,140,False,,,5.0,215059.jpg,2.0,False,Lynch Sánchez,1.9,False,,a,6,8,2,10246,1322,54706,27515,0.2,0.4,Sánchez,,200.0,2023-08-05,1997-11-18,False,p215059,90,0,0,0,2,0,0,0,0,0,4,0,6,21.4,0.0,0.0,2.1,1,5,0,0,1,0.00,0.01,0.01,1.33,,,,,,,[],,78,11,476,57,422,57,170,11,0.0,4.0,0.01,0.01,1.33,2.0,269,12,228,19,161,13,130,19,1.0,0.0,0.0,Chelsea,CHE
True,False,0.0,0.0,508479,0,0,0,0,0.0,0,"[{'offset': 0, 'projected_percent': '0.0', 'likelihood': 0}, {'offset': 1, 'projected_percent': '0.0', 'likelihood': 0}, {'offset': 2, 'projected_percent': '0.0', 'likelihood': 0}]",,False,0,1,0.0,0.0,0,Filip,0.0,141,False,Has joined RC Strasbourg on loan for the rest of the season,2026-08-12T14:07:02.607115Z,5.0,508479.jpg,0.0,False,Jörgensen,0.0,False,,u,6,8,0,0,0,626,125,0.0,0.0,Jörgensen,,58.0,2024-07-30,2002-04-16,False,p508479,0,0,0,0,0,0,0,0,0,0,0,0,0,0.0,0.0,0.0,0.0,0,0,0,0,0,0.00,0.00,0.00,0.00,,,,,,,[],,516,70,529,66,486,66,532,70,0.0,0.0,0.0,0.0,0.0,0.0,349,21,554,70,554,70,583,69,0.0,0.0,0.0,Chelsea,CHE
True,True,,,225796,0,0,0,0,-28.5,-724,"[{'offset': 0, 'projected_percent': '-33.5', 'likelihood': -2}, {'offset': 1, 'projected_percent': '-44.6', 'likelihood': -3}, {'offset': 2, 'projected_percent': '-55.6', 'likelihood': -3}]",,False,0,2,0.5,0.5,1,Reece,0.5,142,False,,,5.5,225796.jpg,0.5,False,James,9.3,False,,a,6,8,1,76904,14379,150764,69446,0.1,0.2,James,,241.0,2019-05-15,1999-12-08,False,p225796,112,0,0,0,3,0,0,0,1,0,0,0,4,23.4,16.8,19.0,5.9,6,5,0,6,1,0.10,0.07,0.17,1.47,1.0,,1.0,,,,[],,72,32,71,23,48,13,54,15,0.08,0.0,0.06,0.14,1.18,2.41,147,18,321,113,344,115,42,15,0.8,0.0,4.82,Chelsea,CHE
True,False,0.0,0.0,180736,0,0,0,0,0.0,-16,"[{'offset': 0, 'projected_percent': '0.0', 'likelihood': 0}, {'offset': 1, 'projected_percent': '0.0', 'likelihood': 0}, {'offset': 2, 'projected_percent': '0.0', 'likelihood': 0}]",,False,0,2,0.0,0.0,0,Trevoh,0.0,143,False,Has joined Como permanently,2026-08-10T14:03:50.769483Z,5.5,180736.jpg,0.0,False,Chalobah,0.1,False,,u,6,8,0,0,0,9857,1799,0.0,0.0,Chalobah,,241.0,2018-02-16,1999-07-05,False,p180736,0,0,0,0,0,0,0,0,0,0,0,0,0,0.0,0.0,0.0,0.0,0,0,0,0,0,0.00,0.00,0.00,0.00,,,,,,,[],,552,202,566,202,537,195,566,202,0.0,0.0,0.0,0.0,0.0,0.0,129,14,583,202,583,202,404,143,0.0,0.0,0.0,Chelsea,CHE
True,True,,,482609,0,0,0,0,1.3,-75,"[{'offset': 0, 'projected_percent': '0.9', 'likelihood': 1}, {'offset': 1, 'projected_percent': '-1.2', 'likelihood': -1}, {'offset': 2, 'projected_percent': '-9.9', 'likelihood': -1}]",,False,0,2,1.0,1.0,1,Malo,1.0,144,False,,,5.0,482609.jpg,1.0,False,Gusto,1.2,False,,a,6,8,2,18060,4735,17896,6949,0.2,0.4,Gusto,,73.0,2023-01-28,2003-05-19,False,p482609,165,0,0,0,5,0,0,0,0,0,0,0,1,7.2,9.8,6.0,2.3,6,7,2,8,2,0.00,0.04,0.04,2.52,,,,,,,[],,185,82,125,38,117,36,162,63,0.0,0.0,0.02,0.02,1.37,2.73,324,61,235,83,272,103,174,72,1.09,0.0,4.36,Chelsea,CHE
True,True,100.0,100.0,444463,0,0,0,0,0.0,0,"[{'offset': 0, 'projected_percent': '0.0', 'likelihood': 0}, {'offset': 1, 'projected_percent': '0.0', 'likelihood': 0}, {'offset': 2, 'projected_percent': '0.0', 'likelihood': 0}]",2026-09-01T21:00:07.689883Z,False,0,2,0.0,0.0,0,Wesley,0.0,145,False,,2026-07-23T12:01:23.464591Z,5.0,444463.jpg,0.0,False,Fofana,0.1,False,,a,6,8,0,2005,1192,681,420,0.0,0.0,Fofana,Wesley Fofana,73.0,2022-08-31,2000-12-17,False,p444463,67,0,0,0,2,0,0,0,1,0,0,0,-2,0.0,0.0,0.0,0.0,9,0,0,9,1,0.00,0.01,0.01,1.26,,,,,,,[],,489,191,499,191,452,179,505,191,0.0,0.0,0.01,0.01,1.69,2.69,304,54,533,191,533,191,480,169,1.34,0.0,12.09,Chelsea,CHE
True,False,0.0,0.0,242880,0,0,0,0,0.0,-2,"[{'offset': 0, 'projected_percent': '0.0', 'likelihood': 0}, {'offset': 1, 'projected_percent': '0.0', 'likelihood': 0}, {'offset': 2, 'projected_percent': '0.0', 'likelihood': 0}]",,False,0,2,0.0,0.0,0,Benoît,0.0,146,False,Has joined Napoli on loan for the rest of the season,2026-08-25T14:03:47.079414Z,4.5,242880.jpg,0.0,False,Badiashile Mukinayi,0.0,False,,u,6,8,0,232,0,1170,370,0.0,0.0,B.Badiashile,,73.0,2023-01-05,2001-03-26,False,p242880,0,0,0,0,0,0,0,0,0,0,0,0,0,0.0,0.0,0.0,0.0,0,0,0,0,0,0.00,0.00,0.00,0.00,,,,,,,[],,369,153,374,157,305,134,386,154,0.0,0.0,0.0,0.0,0.0,0.0,460,114,431,161,431,161,563,195,0.0,0.0,0.0,Chelsea,CHE
True,True,,,109646,0,0,0,0,-64.7,-6,"[{'offset': 0, 'projected_percent': '-67.0', 'likelihood': -3}, {'offset': 1, 'projected_percent': '-71.8', 'likelihood': -3}, {'offset': 2, 'projected_percent': '-76.7', 'likelihood': -3}]",,False,0,2,0.0,0.0,0,Tosin,0.0,147,False,,,4.5,109646.jpg,0.0,False,Adarabioyo,0.2,False,,a,6,8,0,366,103,2997,877,0.0,0.0,Tosin,,241.0,2024-07-01,1997-09-24,False,p109646,0,0,0,0,0,0,0,0,0,0,0,0,0,0.0,0.0,0.0,0.0,0,0,0,0,0,0.00,0.00,0.00,0.00,,,,,,,[],,346,142,349,145,276,118,363,143,0.0,0.0,0.0,0.0,0.0,0.0,419,86,413,155,413,155,353,132,0.0,0.0,0.0,Chelsea,CHE
True,True,,,551210,0,0,0,0,1.9,52,"[{'offset': 0, 'projected_percent': '2.3', 'likelihood': 1}, {'offset': 1, 'projected_percent': '3.0', 'likelihood': 1}, {'offset': 2, 'projected_percent': '3.7', 'likelihood': 1}]",,False,0,2,2.5,2.5,4,Jorrel,2.5,148,False,,,4.5,551210.jpg,2.5,False,Hato,0.5,False,,a,6,8,5,13365,9007,7565,3081,0.6,1.1,Hato,,152.0,2025-08-03,2006-03-07,False,p551210,154,0,1,0,5,0,0,0,0,0,0,0,17,8.4,12.3,11.0,3.2,5,5,4,9,2,0.01,0.09,0.10,2.46,,,,,,,[],,175,76,101,30,82,26,125,47,0.01,0.0,0.05,0.06,1.44,2.92,511,139,123,44,132,47,252,95,1.17,0.0,5.26,Chelsea,CHE
True,True,,,460028,0,0,0,0,-37.2,-93,"[{'offset': 0, 'projected_percent': '-41.4', 'likelihood': -3}, {'offset': 1, 'projected_percent': '-50.6', 'likelihood': -3}, {'offset': 2, 'projected_percent': '-59.9', 'likelihood': -3}]",,False,0,2,0.5,0.5,1,Levi,0.5,149,False,,,5.0,460028.jpg,0.5,False,Samuels Colwill,1.4,False,,a,6,8,1,14474,3903,28735,10956,0.1,0.2,Colwill,,241.0,2022-07-01,2003-02-26,False,p460028,161,0,0,0,4,0,0,0,1,0,0,0,8,6.0,1.6,7.0,1.5,10,5,3,13,2,0.01,0.03,0.04,2.64,,,,,,,[],,201,88,195,60,105,31,208,81,0.01,0.0,0.02,0.03,1.48,2.24,311,57,295,108,340,112,160,63,1.12,0.0,7.27,Chelsea,CHE
True,False,0.0,,574458,0,0,0,0,0.0,-15,"[{'offset': 0, 'projected_percent': '0.0', 'likelihood': 0}, {'offset': 1, 'projected_percent': '0.0', 'likelihood': 0}, {'offset': 2, 'projected_percent': '0.0', 'likelihood': 0}]",,False,0,2,0.0,0.0,0,Mamadou,0.0,150,False,Has joined Real Sociedad on loan for the rest of the season,2026-08-29T00:34:23.077418Z,4.5,574458.jpg,0.0,False,Sarr,0.1,False,,u,6,8,0,429,24,2662,1713,0.0,0.0,M.Sarr,Mamadou Sarr,189.0,2025-06-09,2005-08-29,False,p574458,0,0,0,0,0,0,0,0,0,0,0,0,0,0.0,0.0,0.0,0.0,0,0,0,0,0,0.00,0.00,0.00,0.00,,,,,,,[],,412,170,418,171,357,153,428,170,0.0,0.0,0.0,0.0,0.0,0.0,520,141,471,176,471,176,476,167,0.0,0.0,0.0,Chelsea,CHE
True,True,,,577016,0,0,0,0,2.2,-4,"[{'offset': 0, 'projected_percent': '2.2', 'likelihood': 1}, {'offset': 1, 'projected_percent': '2.1', 'likelihood': 1}, {'offset': 2, 'projected_percent': '2.1', 'likelihood': 1}]",,False,0,2,2.0,2.0,1,Josh,2.0,151,False,,,4.5,577016.jpg,2.0,False,Acheampong,0.4,False,,a,6,8,4,10701,2636,5726,2592,0.4,0.9,Acheampong,,241.0,2024-03-10,2006-05-05,False,p577016,112,0,0,0,3,0,0,0,0,0,0,0,12,33.2,2.2,2.0,3.7,12,6,6,18,1,0.00,0.01,0.01,1.47,,,,,,,[],,41,14,180,54,163,59,112,40,0.0,0.0,0.01,0.01,1.18,2.41,523,143,146,53,154,55,278,107,0.8,0.0,14.46,Chelsea,CHE
True,True,75.0,75.0,620109,-1,1,-1,1,-15.8,-282,"[{'offset': 0, 'projected_percent': '-19.0', 'likelihood': -1}, {'offset': 1, 'projected_percent': '-26.2', 'likelihood': -2}, {'offset': 2, 'projected_percent': '-33.4', 'likelihood': -2}]",,False,0,2,0.0,0.0,0,Marco,0.0,152,False,Unspecified injury - 75% chance of playing,2026-08-24T18:30:07.421239Z,5.4,620109.jpg,0.0,False,Palestra,1.8,False,,d,6,8,0,5312,352,100526,30589,0.0,0.0,Palestra,,106.0,2026-07-01,2005-03-03,False,p620109,0,0,0,0,0,0,0,0,0,0,0,0,0,0.0,0.0,0.0,0.0,0,0,0,0,0,0.00,0.00,0.00,0.00,,,,,,,[],https://www.chelseafc.com/en/news/article/xabi-alonso-explains-marco-palestra-and-moises-caicedo-absences-against?utm_source=chatgpt.com,548,201,560,201,528,194,562,201,0.0,0.0,0.0,0.0,0.0,0.0,226,34,580,201,580,201,140,56,0.0,0.0,0.0,Chelsea,CHE
True,True,100.0,100.0,244851,1,-1,1,-1,7.3,354,"[{'offset': 0, 'projected_percent': '8.1', 'likelihood': 1}, {'offset': 1, 'projected_percent': '9.9', 'likelihood': 1}, {'offset': 2, 'projected_percent': '11.7', 'likelihood': 1}]",,False,1,3,10.0,10.0,7,Cole,10.0,154,True,,2026-08-24T22:00:07.971542Z,9.6,244851.jpg,10.0,False,Palmer,17.8,False,,a,6,8,20,535853,158981,85698,53738,1.0,2.1,Palmer,,241.0,2023-09-01,2002-05-06,False,p244851,172,2,1,0,5,0,0,0,0,0,0,3,88,65.2,41.3,54.0,16.1,2,11,4,17,2,0.94,0.32,1.26,2.65,,,3.0,,1.0,,[],,2,2,14,12,5,4,1,1,0.49,0.0,0.17,0.66,1.39,2.62,3,2,6,3,9,5,21,8,1.05,0.0,8.9,Chelsea,CHE
True,True,,,448047,-1,1,-1,1,-30.6,-613,"[{'offset': 0, 'projected_percent': '-36.7', 'likelihood': -2}, {'offset': 1, 'projected_percent': '-50.2', 'likelihood': -3}, {'offset': 2, 'projected_percent': '-63.6', 'likelihood': -3}]",,False,0,3,0.5,0.5,0,Enzo,0.5,155,False,,,6.9,448047.jpg,1.0,False,Fernández,3.8,False,,a,6,8,1,18098,3144,145800,56635,0.1,0.1,Enzo,,10.0,2023-01-31,2001-01-17,False,p448047,25,0,0,0,0,0,0,0,0,0,0,0,6,3.4,12.0,0.0,1.5,0,3,0,3,0,0.00,0.02,0.02,0.28,3.0,,2.0,,2.0,,[],,236,105,106,64,620,274,212,95,0.0,0.0,0.07,0.07,1.01,0.0,30,19,348,169,333,165,91,29,0.0,0.0,10.8,Chelsea,CHE
True,True,,,247632,0,0,0,0,-59.9,35,"[{'offset': 0, 'projected_percent': '-58.1', 'likelihood': -3}, {'offset': 1, 'projected_percent': '-54.1', 'likelihood': -3}, {'offset': 2, 'projected_percent': '-50.2', 'likelihood': -3}]",,False,0,3,4.0,4.0,7,Pedro,4.0,156,False,,,6.5,247632.jpg,4.0,False,Lomba Neto,1.2,False,,a,6,8,8,14337,8702,30477,7115,0.6,1.2,Neto,Pedro Neto,173.0,2024-08-11,2000-03-09,False,p247632,81,1,0,0,2,0,0,0,0,0,0,0,41,5.2,4.1,4.0,1.3,3,4,1,8,1,0.44,0.40,0.84,1.48,2.0,,4.0,,,,[],,212,88,152,90,144,73,227,102,0.49,0.0,0.44,0.93,1.64,2.22,38,25,83,38,94,41,173,52,1.11,0.0,8.89,Chelsea,CHE
True,True,,,624773,-1,1,-1,1,-6.0,-167,"[{'offset': 0, 'projected_percent': '-12.3', 'likelihood': -1}, {'offset': 1, 'projected_percent': '-26.0', 'likelihood': -2}, {'offset': 2, 'projected_percent': '-39.7', 'likelihood': -2}]",,False,0,3,0.5,0.5,0,Estêvão,0.5,157,False,,,6.4,624773.jpg,1.0,False,Almeida de Oliveira Gonçalves,1.0,False,,a,6,8,1,7281,1717,38076,14292,0.1,0.2,Estêvão,Estêvão,30.0,2025-07-14,2007-04-24,False,p624773,7,0,0,0,0,0,0,0,0,0,0,0,3,0.2,0.4,0.0,0.1,0,1,0,1,0,0.00,0.00,0.00,0.09,5.0,,,,3.0,,[],,279,134,256,135,611,267,295,141,0.0,0.0,0.0,0.0,1.16,0.0,55,39,345,166,330,162,188,59,0.0,0.0,12.86,Chelsea,CHE
True,True,,,463936,-1,1,-1,1,-4.7,-6,"[{'offset': 0, 'projected_percent': '-12.1', 'likelihood': -1}, {'offset': 1, 'projected_percent': '-28.3', 'likelihood': -2}, {'offset': 2, 'projected_percent': '-44.6', 'likelihood': -3}]",,False,0,3,0.0,0.0,0,Jamie,0.0,158,False,,,5.9,463936.jpg,0.0,False,Bynoe-Gittens,0.0,False,,a,6,8,0,389,118,1179,406,0.0,0.0,Gittens,,241.0,2025-07-05,2004-08-08,False,p463936,0,0,0,0,0,0,0,0,0,0,0,0,0,0.0,0.0,0.0,0.0,0,0,0,0,0,0.00,0.00,0.00,0.00,,,,,,,[],,588,253,595,258,587,250,597,258,0.0,0.0,0.0,0.0,0.0,0.0,103,64,601,260,601,260,530,220,0.0,0.0,0.0,Chelsea,CHE
True,True,75.0,75.0,486672,-1,1,-1,1,-12.5,-416,"[{'offset': 0, 'projected_percent': '-16.0', 'likelihood': -1}, {'offset': 1, 'projected_percent': '-23.6', 'likelihood': -2}, {'offset': 2, 'projected_percent': '-31.2', 'likelihood': -2}]",,False,0,3,0.4,0.4,1,Moisés,0.5,159,False,Unspecified injury - 75% chance of playing,2026-08-30T16:00:08.393562Z,5.4,486672.jpg,1.0,False,Caicedo Corozo,2.5,False,,d,6,8,1,11326,1845,136330,38007,0.1,0.2,Caicedo,Moisés Caicedo,62.0,2023-08-14,2001-11-02,False,p486672,13,0,0,0,0,0,0,0,0,0,0,0,3,0.0,0.0,0.0,0.0,0,0,0,0,0,0.00,0.00,0.00,0.07,,,,,,,[],,544,227,556,235,524,212,558,233,0.0,0.0,0.0,0.0,0.48,0.0,221,136,316,149,296,139,116,35,0.0,0.0,0.0,Chelsea,CHE
True,True,,,514356,0,0,0,0,1.6,51,"[{'offset': 0, 'projected_percent': '1.9', 'likelihood': 1}, {'offset': 1, 'projected_percent': '2.6', 'likelihood': 1}, {'offset': 2, 'projected_percent': '3.3', 'likelihood': 1}]",,False,0,3,4.0,4.0,7,Roméo,4.0,161,False,,,5.0,514356.jpg,4.0,False,Lavia,0.1,False,,a,6,8,8,5352,4179,1753,834,0.8,1.6,Lavia,,21.0,2023-08-18,2004-01-06,False,p514356,131,1,0,0,4,0,0,0,1,0,0,0,40,13.6,21.9,33.0,6.9,5,7,4,16,2,0.75,0.03,0.78,2.31,,,,,,,[],,130,43,55,36,24,11,44,26,0.52,0.0,0.02,0.54,1.59,2.75,352,206,80,36,88,39,405,160,1.37,0.0,10.99,Chelsea,CHE
True,True,,,491007,0,0,0,0,-37.8,-18,"[{'offset': 0, 'projected_percent': '-44.0', 'likelihood': -3}, {'offset': 1, 'projected_percent': '-57.7', 'likelihood': -3}, {'offset': 2, 'projected_percent': '-71.4', 'likelihood': -3}]",,False,0,3,0.0,0.0,0,Dário,0.0,163,False,,,4.5,491007.jpg,0.0,False,Luís Essugo,0.2,False,,a,6,8,0,2028,776,4017,1130,0.0,0.0,D.Essugo,Dário Essugo,173.0,2025-06-02,2005-03-14,False,p491007,0,0,0,0,0,0,0,0,0,0,0,0,0,0.0,0.0,0.0,0.0,0,0,0,0,0,0.00,0.00,0.00,0.00,,,,,,,[],,383,142,390,152,328,110,399,149,0.0,0.0,0.0,0.0,0.0,0.0,490,254,443,177,443,177,346,127,0.0,0.0,0.0,Chelsea,CHE
True,True,100.0,100.0,593117,-1,1,-1,1,-3.1,-4,"[{'offset': 0, 'projected_percent': '-6.9', 'likelihood': -1}, {'offset': 1, 'projected_percent': '-15.4', 'likelihood': -1}, {'offset': 2, 'projected_percent': '-23.8', 'likelihood': -2}]",,False,0,3,0.5,0.5,0,Geovany,0.5,164,False,,2026-07-24T20:30:10.609931Z,5.4,593117.jpg,1.0,False,Quenda,0.0,False,,a,6,8,1,344,113,1320,500,0.1,0.2,Quenda,Geovany Quenda,173.0,2026-06-15,2007-04-30,False,p593117,8,0,0,0,0,0,0,0,0,0,0,0,2,1.2,0.3,2.0,0.4,1,0,0,1,0,0.00,0.00,0.00,0.09,,,,,,,[],,264,122,263,139,176,87,268,124,0.0,0.0,0.0,0.0,1.01,0.0,224,139,317,150,297,140,511,212,0.0,0.0,11.25,Chelsea,CHE
True,True,,,475168,0,0,1,-1,66.5,1378,"[{'offset': 0, 'projected_percent': '75.1', 'likelihood': 3}, {'offset': 1, 'projected_percent': '93.9', 'likelihood': 3}, {'offset': 2, 'projected_percent': '112.7', 'likelihood': 5}]",,False,2,4,10.0,10.0,9,João Pedro,10.0,165,True,,,7.6,475168.jpg,10.0,False,Junqueira de Jesus,69.4,False,,a,6,8,20,562223,157035,66084,37919,1.3,2.6,João Pedro,João Pedro,30.0,2025-07-02,2001-09-26,False,p475168,180,2,2,0,5,1,0,0,0,0,0,4,89,51.2,23.0,37.0,11.1,1,4,1,6,2,1.86,0.10,1.96,2.74,,,,,,,[],,5,1,53,3,19,7,11,2,0.93,0.0,0.05,0.98,1.37,2.5,14,5,5,1,8,1,2,2,1.0,0.0,3.0,Chelsea,CHE
True,True,,,499309,0,0,0,0,-53.7,-8,"[{'offset': 0, 'projected_percent': '-54.9', 'likelihood': -3}, {'offset': 1, 'projected_percent': '-57.5', 'likelihood': -3}, {'offset': 2, 'projected_percent': '-60.2', 'likelihood': -3}]",,False,0,4,0.0,0.0,0,Marc,0.0,168,False,,,5.0,499309.jpg,0.0,False,Guiu Paz,0.4,False,,a,6,8,0,3443,1265,9157,3011,0.0,0.0,Marc Guiu,,200.0,2024-07-01,2006-01-04,False,p499309,0,0,0,0,0,0,0,0,0,0,0,0,0,0.0,0.0,0.0,0.0,0,0,0,0,0,0.00,0.00,0.00,0.00,,,,,,,[],,513,40,526,48,483,47,529,49,0.0,0.0,0.0,0.0,0.0,0.0,342,56,552,57,552,57,269,46,0.0,0.0,0.0,Chelsea,CHE
True,True,,,567119,0,0,0,0,-2.9,16,"[{'offset': 0, 'projected_percent': '-0.1', 'likelihood': -1}, {'offset': 1, 'projected_percent': '0.2', 'likelihood': 1}, {'offset': 2, 'projected_percent': '0.4', 'likelihood': 1}]",,False,0,4,0.0,0.0,0,Shumaira,0.0,169,False,,,4.5,567119.jpg,0.0,False,Mheuka,0.4,False,,a,6,8,0,5510,2581,6431,2022,0.0,0.0,Mheuka,,,,,False,p567119,0,0,0,0,0,0,0,0,0,0,0,0,0,0.0,0.0,0.0,0.0,0,0,0,0,0,0.00,0.00,0.00,0.00,,,,,,,[],,409,31,415,38,354,37,425,40,0.0,0.0,0.0,0.0,0.0,0.0,517,69,468,48,468,48,284,49,0.0,0.0,0.0,Chelsea,CHE
True,True,100.0,100.0,503037,0,0,0,0,-35.8,-8,"[{'offset': 0, 'projected_percent': '-39.3', 'likelihood': -2}, {'offset': 1, 'projected_percent': '-47.1', 'likelihood': -3}, {'offset': 2, 'projected_percent': '-54.9', 'likelihood': -3}]",,False,0,4,0.0,0.0,0,Emmanuel,0.0,170,False,,2026-07-24T20:30:10.622380Z,5.0,503037.jpg,0.0,False,Emegha,0.1,False,,a,6,8,0,2269,819,3659,1325,0.0,0.0,Emegha,,152.0,2026-06-15,2003-02-03,False,p503037,0,0,0,0,0,0,0,0,0,0,0,0,0,0.0,0.0,0.0,0.0,0,0,0,0,0,0.00,0.00,0.00,0.00,,,,,,,[],,515,41,528,49,485,48,531,50,0.0,0.0,0.0,0.0,0.0,0.0,347,57,553,58,553,58,380,54,0.0,0.0,0.0,Chelsea,CHE
True,True,,,437499,0,0,0,0,0.0,-409,"[{'offset': 0, 'projected_percent': '-2.8', 'likelihood': -1}, {'offset': 1, 'projected_percent': '-9.2', 'likelihood': -1}, {'offset': 2, 'projected_percent': '-15.5', 'likelihood': -1}]",,False,0,2,3.5,3.5,1,Maxence,3.5,200,False,,,6.0,437499.jpg,3.5,False,Lacroix,9.2,False,,a,6,8,7,82456,18934,90435,45628,0.6,1.2,Lacroix,,73.0,2026-07-30,2000-04-06,False,p437499,180,0,1,0,5,0,0,0,0,0,0,0,22,44.2,11.2,2.0,5.7,15,3,6,21,2,0.02,0.20,0.22,2.74,,,,,,,[],,15,5,120,36,185,63,58,17,0.01,0.0,0.1,0.11,1.37,2.5,76,8,91,35,101,37,43,16,1.0,0.0,10.5,Chelsea,CHE
True,True,,,549939,0,0,0,0,-45.2,-3,"[{'offset': 0, 'projected_percent': '-47.6', 'likelihood': -3}, {'offset': 1, 'projected_percent': '-52.9', 'likelihood': -3}, {'offset': 2, 'projected_percent': '-58.2', 'likelihood': -3}]",,False,0,1,0.0,0.0,0,Mike,0.0,560,False,,,4.5,549939.jpg,0.0,False,Penders,0.1,False,,a,6,8,0,557,162,1244,479,0.0,0.0,Penders,,21.0,2024-08-27,2005-07-31,False,p549939,0,0,0,0,0,0,0,0,0,0,0,0,0,0.0,0.0,0.0,0.0,0,0,0,0,0,0.00,0.00,0.00,0.00,,,,,,,[],,402,60,409,48,347,48,418,60,0.0,0.0,0.0,0.0,0.0,0.0,509,47,462,61,462,61,466,51,0.0,0.0,0.0,Chelsea,CHE
True,True,100.0,100.0,622758,0,0,0,0,-6.4,0,"[{'offset': 0, 'projected_percent': '-6.4', 'likelihood': -1}, {'offset': 1, 'projected_percent': '-6.4', 'likelihood': -1}, {'offset': 2, 'projected_percent': '-6.4', 'likelihood': -1}]",,False,0,2,0.0,0.0,0,Aaron,0.0,561,False,,2026-08-23T19:00:08.536705Z,4.5,622758.jpg,0.0,False,Anselmino,0.0,False,,a,6,8,0,202,80,544,98,0.0,0.0,Anselmino,,10.0,2024-08-08,2005-04-29,False,p622758,0,0,0,0,0,0,0,0,0,0,0,0,0,0.0,0.0,0.0,0.0,0,0,0,0,0,0.00,0.00,0.00,0.00,,,,,,,[],,426,174,432,175,373,158,442,174,0.0,0.0,0.0,0.0,0.0,0.0,539,148,483,179,483,179,560,193,0.0,0.0,0.0,Chelsea,CHE
True,True,,,543158,0,0,0,0,-39.7,-6,"[{'offset': 0, 'projected_percent': '-42.3', 'likelihood': -3}, {'offset': 1, 'projected_percent': '-48.2', 'likelihood': -3}, {'offset': 2, 'projected_percent': '-54.0', 'likelihood': -3}]",,False,0,3,0.5,0.5,1,Valentín,0.5,568,False,,,5.5,543158.jpg,1.0,False,Barco,0.1,False,,a,6,8,1,1056,528,2336,675,0.1,0.2,Barco,,10.0,2026-08-02,2004-07-23,False,p543158,8,0,0,0,1,0,0,0,0,0,0,0,1,0.0,0.0,0.0,0.0,1,0,0,1,0,0.04,0.00,0.04,0.07,,,,,,,[],,575,247,587,254,574,244,587,252,0.45,0.0,0.0,0.45,0.79,11.25,192,122,328,154,311,148,388,151,0.0,0.0,11.25,Chelsea,CHE
True,True,,,465920,0,0,0,0,-99.0,-2,"[{'offset': 0, 'projected_percent': '-101.7', 'likelihood': -5}, {'offset': 1, 'projected_percent': '-107.7', 'likelihood': -5}, {'offset': 2, 'projected_percent': '-113.7', 'likelihood': -5}]",,False,0,3,0.0,0.0,0,Mykhailo,0.0,578,False,,,5.5,465920.jpg,0.0,False,Mudryk,0.0,False,,a,6,8,0,325,91,1470,494,0.0,0.0,Mudryk,,225.0,2023-01-15,2001-01-05,False,p465920,0,0,0,0,0,0,0,0,0,0,0,0,0,0.0,0.0,0.0,0.0,0,0,0,0,0,0.00,0.00,0.00,0.00,,,,,,,[],,570,242,583,250,567,239,583,248,0.0,0.0,0.0,0.0,0.0,0.0,175,108,592,255,592,255,509,211,0.0,0.0,0.0,Chelsea,CHE
True,True,,,498444,0,0,0,0,-40.7,-5,"[{'offset': 0, 'projected_percent': '-42.3', 'likelihood': -3}, {'offset': 1, 'projected_percent': '-45.8', 'likelihood': -3}, {'offset': 2, 'projected_percent': '-49.2', 'likelihood': -3}]",,False,0,2,1.0,1.0,1,Pep,1.0,583,False,,,5.0,498444.jpg,1.0,False,Chavarría,0.2,False,,a,6,8,2,1378,297,3952,1394,0.2,0.4,Chavarria,,200.0,2026-08-12,1998-04-10,False,p498444,43,0,0,0,1,0,0,0,0,0,0,0,4,2.4,0.2,2.0,0.5,3,2,1,4,0,0.00,0.02,0.02,0.37,,,,,,,[],,243,96,270,99,172,61,257,95,0.0,0.0,0.04,0.04,0.77,2.09,341,68,237,84,276,104,347,130,0.0,0.0,8.37,Chelsea,CHE
True,True,,,231065,0,0,0,0,-28.0,-6,"[{'offset': 0, 'projected_percent': '-32.9', 'likelihood': -2}, {'offset': 1, 'projected_percent': '-43.5', 'likelihood': -3}, {'offset': 2, 'projected_percent': '-54.1', 'likelihood': -3}]",,False,0,2,0.5,0.5,1,Ethan,0.5,91,False,,,4.5,231065.jpg,1.0,False,Pinnock,0.1,False,,a,7,9,1,824,250,1403,432,0.1,0.2,Pinnock,,107.0,2026-08-26,1993-05-29,False,p231065,12,0,0,0,1,0,0,0,0,0,0,0,-1,0.0,0.0,0.0,0.0,2,0,0,2,0,0.00,0.00,0.00,0.54,,,,,,,[],,365,150,369,154,300,131,382,151,0.0,0.0,0.0,0.0,4.05,7.5,454,110,273,95,240,86,456,162,0.0,0.0,15.0,Coventry City,COV
True,True,,,428580,0,0,0,0,0.1,-16,"[{'offset': 0, 'projected_percent': '0.0', 'likelihood': 0}, {'offset': 1, 'projected_percent': '-11.1', 'likelihood': -1}, {'offset': 2, 'projected_percent': '-25.7', 'likelihood': -2}]",,False,0,3,1.0,1.0,0,Frank,1.0,104,False,,,5.0,428580.jpg,2.0,False,Onyeka,0.2,False,,a,7,9,2,2620,164,2795,1195,0.2,0.4,Onyeka,,157.0,2026-07-01,1998-01-01,False,p428580,90,0,0,0,3,0,0,0,0,0,0,0,8,3.6,1.6,0.0,0.5,3,5,1,9,1,0.00,0.01,0.01,1.88,,,,,,,[],,232,102,194,113,446,167,255,115,0.0,0.0,0.01,0.01,1.88,3.0,297,180,232,107,164,77,373,142,1.0,0.0,9.0,Coventry City,COV
True,True,,,472739,0,0,0,0,2.6,-42,"[{'offset': 0, 'projected_percent': '2.3', 'likelihood': 1}, {'offset': 1, 'projected_percent': '1.7', 'likelihood': 1}, {'offset': 2, 'projected_percent': '1.2', 'likelihood': 1}]",,False,0,1,1.5,1.5,2,Carl,1.5,110,False,,,4.5,472739.jpg,1.5,False,Rushworth,1.1,False,,a,7,9,3,12896,965,10282,5610,0.3,0.7,Rushworth,,241.0,2026-08-04,2001-07-02,False,p472739,180,0,0,0,4,0,0,0,0,0,3,0,10,14.2,0.0,0.0,1.4,2,20,0,0,2,0.00,0.01,0.01,2.60,,,,,,,[],,121,17,384,41,321,41,216,17,0.0,1.5,0.0,0.0,1.3,2.0,481,40,175,12,193,14,180,27,1.0,0.0,0.0,Coventry City,COV
True,True,,,484389,0,0,0,0,-10.5,-18,"[{'offset': 0, 'projected_percent': '-11.3', 'likelihood': -1}, {'offset': 1, 'projected_percent': '-12.9', 'likelihood': -1}, {'offset': 2, 'projected_percent': '-14.6', 'likelihood': -1}]",,False,0,1,0.0,0.0,0,Oliver,0.0,171,False,,,4.0,484389.jpg,0.0,False,Dovin,1.5,False,,a,7,9,0,5370,2736,9598,3187,0.0,0.0,Dovin,,206.0,2024-07-19,2002-07-11,False,p484389,0,0,0,0,0,0,0,0,0,0,0,0,0,0.0,0.0,0.0,0.0,0,0,0,0,0,0.00,0.00,0.00,0.00,,,,,,,[],,311,39,311,19,232,19,328,39,0.0,0.0,0.0,0.0,0.0,0.0,596,67,379,40,379,40,153,22,0.0,0.0,0.0,Coventry City,COV
True,True,,,110690,0,0,0,0,-45.9,-14,"[{'offset': 0, 'projected_percent': '-47.9', 'likelihood': -3}, {'offset': 1, 'projected_percent': '-52.2', 'likelihood': -3}, {'offset': 2, 'projected_percent': '-56.6', 'likelihood': -3}]",,False,0,1,0.0,0.0,0,Ben,0.0,172,False,,,4.5,110690.jpg,0.0,False,Wilson,0.4,False,,a,7,9,0,300,73,4925,1485,0.0,0.0,Wilson,,241.0,2019-07-01,1992-08-09,False,p110690,0,0,0,0,0,0,0,0,0,0,0,0,0,0.0,0.0,0.0,0.0,0,0,0,0,0,0.00,0.00,0.00,0.00,,,,,,,[],,347,47,350,29,277,29,364,47,0.0,0.0,0.0,0.0,0.0,0.0,420,28,414,48,414,48,267,36,0.0,0.0,0.0,Coventry City,COV
True,True,,,461102,0,0,0,0,10.9,173,"[{'offset': 0, 'projected_percent': '11.9', 'likelihood': 1}, {'offset': 1, 'projected_percent': '14.3', 'likelihood': 1}, {'offset': 2, 'projected_percent': '16.7', 'likelihood': 1}]",,False,0,2,5.5,5.5,8,Bobby,5.5,173,False,,,4.0,461102.jpg,5.5,False,Thomas,8.1,False,,a,7,9,11,74425,36314,41416,17526,1.4,2.8,Thomas,,241.0,2023-07-22,2001-01-30,False,p461102,167,0,0,1,3,0,0,0,0,0,0,2,39,23.2,11.2,1.0,3.5,18,8,1,19,2,0.02,0.02,0.04,2.06,,,,,,,[],,73,33,119,35,189,65,115,42,0.01,0.0,0.01,0.02,1.11,1.62,592,178,39,14,50,18,50,20,1.08,0.54,10.24,Coventry City,COV
True,True,,,436761,0,0,0,0,-39.6,-20,"[{'offset': 0, 'projected_percent': '-41.6', 'likelihood': -3}, {'offset': 1, 'projected_percent': '-46.1', 'likelihood': -3}, {'offset': 2, 'projected_percent': '-50.6', 'likelihood': -3}]",,False,0,2,0.0,0.0,0,Liam,0.0,174,False,,,4.0,436761.jpg,0.0,False,Kitching,0.6,False,,a,7,9,0,742,222,6828,2042,0.0,0.0,Kitching,,241.0,2023-09-01,1999-09-25,False,p436761,0,0,0,0,0,0,0,0,0,0,0,0,0,0.0,0.0,0.0,0.0,0,0,0,0,0,0.00,0.00,0.00,0.00,,,,,,,[],,304,112,304,114,223,80,321,113,0.0,0.0,0.0,0.0,0.0,0.0,585,173,372,126,372,126,237,89,0.0,0.0,0.0,Coventry City,COV
True,True,,,451284,0,0,0,0,-6.9,-138,"[{'offset': 0, 'projected_percent': '-7.6', 'likelihood': -1}, {'offset': 1, 'projected_percent': '-9.2', 'likelihood': -1}, {'offset': 2, 'projected_percent': '-10.7', 'likelihood': -1}]",,False,0,2,1.5,1.5,2,Milan,1.5,175,False,,,4.0,451284.jpg,1.5,False,van Ewijk,12.5,False,,a,7,9,3,49429,14978,92551,42693,0.4,0.8,van Ewijk,,152.0,2023-07-27,2000-09-08,False,p451284,180,0,0,0,4,0,0,0,0,0,0,0,7,10.6,2.0,2.0,1.5,7,6,2,9,2,0.00,0.20,0.20,2.60,,,,,,,[],,157,72,186,56,157,53,206,79,0.0,0.0,0.1,0.1,1.3,2.0,590,176,171,59,190,61,32,11,1.0,0.0,4.5,Coventry City,COV
True,True,,,173878,0,0,0,0,-3.7,-9,"[{'offset': 0, 'projected_percent': '-4.4', 'likelihood': -1}, {'offset': 1, 'projected_percent': '-5.9', 'likelihood': -1}, {'offset': 2, 'projected_percent': '-7.4', 'likelihood': -1}]",,False,0,2,1.5,1.5,2,Jay,1.5,176,False,,,4.0,173878.jpg,1.5,False,Dasilva,0.8,False,,a,7,9,3,4003,779,6011,1957,0.4,0.8,Dasilva,,244.0,2023-07-01,1998-04-22,False,p173878,180,0,0,0,4,0,0,0,0,0,0,0,11,13.8,3.8,0.0,1.8,7,4,2,9,2,0.18,0.07,0.25,2.60,,,,,,,[],,124,56,154,45,212,72,188,73,0.09,0.0,0.04,0.13,1.3,2.0,570,161,170,58,189,60,213,80,1.0,0.0,4.5,Coventry City,COV
True,True,0.0,0.0,465390,0,0,0,0,-33.2,-2,"[{'offset': 0, 'projected_percent': '-33.9', 'likelihood': -2}, {'offset': 1, 'projected_percent': '-35.5', 'likelihood': -2}, {'offset': 2, 'projected_percent': '-37.2', 'likelihood': -2}]",,False,0,2,0.0,0.0,0,Kaine,0.0,177,False,Hamstring injury - Unknown return date,2026-08-27T14:56:28.704361Z,4.0,465390.jpg,0.0,False,Kesler-Hayden,0.1,False,,i,7,9,0,205,37,1304,554,0.0,0.0,Kesler-Hayden,,241.0,2025-07-01,2002-10-23,False,p465390,0,0,0,0,0,0,0,0,0,0,0,0,0,0.0,0.0,0.0,0.0,0,0,0,0,0,0.00,0.00,0.00,0.00,,,,,,,[],,309,114,309,116,230,84,326,115,0.0,0.0,0.0,0.0,0.0,0.0,594,179,377,128,377,128,491,173,0.0,0.0,0.0,Coventry City,COV
True,True,,,80178,0,0,0,0,-17.1,-6,"[{'offset': 0, 'projected_percent': '-21.5', 'likelihood': -2}, {'offset': 1, 'projected_percent': '-31.1', 'likelihood': -2}, {'offset': 2, 'projected_percent': '-40.7', 'likelihood': -3}]",,False,0,2,0.0,0.0,0,Jake,0.0,178,False,,,4.0,80178.jpg,0.0,False,Bidwell,0.1,False,,a,7,9,0,638,132,1111,367,0.0,0.0,Bidwell,,241.0,2022-01-17,1993-03-21,False,p80178,0,0,0,0,0,0,0,0,0,0,0,0,0,0.0,0.0,0.0,0.0,0,0,0,0,0,0.00,0.00,0.00,0.00,,,,,,,[],,286,103,283,102,201,67,302,103,0.0,0.0,0.0,0.0,0.0,0.0,556,153,355,118,355,118,446,157,0.0,0.0,0.0,Coventry City,COV
True,True,,,204813,0,0,0,0,-31.5,0,"[{'offset': 0, 'projected_percent': '-31.5', 'likelihood': -2}, {'offset': 1, 'projected_percent': '-31.5', 'likelihood': -2}, {'offset': 2, 'projected_percent': '-31.5', 'likelihood': -2}]",,False,0,2,0.0,0.0,0,Joel,0.0,179,False,,,4.0,204813.jpg,0.0,False,Latibeaudiere,0.0,False,,a,7,9,0,250,90,587,167,0.0,0.0,Latibeaudiere,,107.0,2023-07-18,2000-01-06,False,p204813,0,0,0,0,0,0,0,0,0,0,0,0,0,0.0,0.0,0.0,0.0,0,0,0,0,0,0.00,0.00,0.00,0.00,,,,,,,[],,297,108,296,109,216,76,314,109,0.0,0.0,0.0,0.0,0.0,0.0,574,165,365,122,365,122,512,178,0.0,0.0,0.0,Coventry City,COV
True,True,0.0,0.0,220583,0,0,0,0,-25.1,-11,"[{'offset': 0, 'projected_percent': '-26.8', 'likelihood': -2}, {'offset': 1, 'projected_percent': '-30.5', 'likelihood': -2}, {'offset': 2, 'projected_percent': '-34.2', 'likelihood': -2}]",,False,0,2,0.0,0.0,0,Luke,0.0,180,False,Knee injury - Unknown return date,2026-08-27T14:56:28.718566Z,4.0,220583.jpg,0.0,False,Woolfenden,0.2,False,,i,7,9,0,1153,207,3638,1410,0.0,0.0,Woolfenden,,241.0,2025-09-01,1998-10-21,False,p220583,0,0,0,0,0,0,0,0,0,0,0,0,0,0.0,0.0,0.0,0.0,0,0,0,0,0,0.00,0.00,0.00,0.00,,,,,,,[],,300,110,299,111,219,78,317,111,0.0,0.0,0.0,0.0,0.0,0.0,579,169,368,124,368,124,369,137,0.0,0.0,0.0,Coventry City,COV
True,False,0.0,,577411,0,0,0,0,0.0,-4,"[{'offset': 0, 'projected_percent': '0.0', 'likelihood': 0}, {'offset': 1, 'projected_percent': '0.0', 'likelihood': 0}, {'offset': 2, 'projected_percent': '0.0', 'likelihood': 0}]",,False,0,2,0.0,0.0,0,Miguel,0.0,181,False,Has joined Academico de Viseu on loan for the rest of the season,2026-08-29T00:35:59.980316Z,4.0,577411.jpg,0.0,False,Brau,0.0,False,,u,7,9,0,275,19,783,445,0.0,0.0,Brau,,200.0,2025-07-01,2001-12-27,False,p577411,0,0,0,0,0,0,0,0,0,0,0,0,0,0.0,0.0,0.0,0.0,0,0,0,0,0,0.00,0.00,0.00,0.00,,,,,,,[],,328,130,328,132,251,102,345,131,0.0,0.0,0.0,0.0,0.0,0.0,615,197,395,143,395,143,518,180,0.0,0.0,0.0,Coventry City,COV
True,True,,,539142,0,0,0,0,-10.1,-17,"[{'offset': 0, 'projected_percent': '-11.4', 'likelihood': -1}, {'offset': 1, 'projected_percent': '-14.3', 'likelihood': -1}, {'offset': 2, 'projected_percent': '-17.1', 'likelihood': -1}]",,False,0,2,1.0,1.0,1,Aurèle,1.0,182,False,,,4.0,539142.jpg,1.0,False,Amenda,0.8,False,,a,7,9,2,4049,721,7135,2624,0.2,0.5,Amenda,,207.0,2026-07-16,2003-07-31,False,p539142,180,0,0,0,4,0,0,0,1,0,0,0,5,28.8,0.8,0.0,3.0,13,5,0,13,2,0.02,0.05,0.07,2.60,,,,,,,[],,54,21,227,77,241,92,129,49,0.01,0.0,0.02,0.03,1.3,2.0,605,187,207,69,226,73,212,79,1.0,0.0,6.5,Coventry City,COV
True,True,100.0,100.0,480457,0,0,0,0,-5.0,-8,"[{'offset': 0, 'projected_percent': '-8.6', 'likelihood': -1}, {'offset': 1, 'projected_percent': '-16.5', 'likelihood': -1}, {'offset': 2, 'projected_percent': '-24.4', 'likelihood': -2}]",,False,0,3,2.0,2.0,3,Jack,2.0,183,False,,2026-07-23T12:01:23.481435Z,5.0,480457.jpg,2.0,False,Rudoni,0.1,False,,a,7,9,4,1562,312,2135,836,0.4,0.8,Rudoni,,241.0,2024-06-20,2001-06-14,False,p480457,90,0,0,1,0,0,0,0,0,0,0,0,15,5.6,3.8,17.0,2.6,1,8,2,11,1,0.21,0.09,0.30,0.31,4.0,,1.0,,,,[],,206,84,157,91,54,29,148,66,0.21,0.0,0.09,0.3,0.31,0.0,323,190,149,70,165,78,389,152,1.0,1.0,11.0,Coventry City,COV
True,True,,,168144,0,0,0,0,0.2,-14,"[{'offset': 0, 'projected_percent': '0.1', 'likelihood': 1}, {'offset': 1, 'projected_percent': '-4.2', 'likelihood': -1}, {'offset': 2, 'projected_percent': '-14.5', 'likelihood': -1}]",,False,0,3,2.0,2.0,2,Matt,2.0,184,False,,,5.0,168144.jpg,2.0,False,Grimes,0.2,False,,a,7,9,4,2508,218,2781,1165,0.4,0.8,Grimes,,241.0,2025-01-31,1995-07-15,False,p168144,180,0,0,0,4,0,0,0,0,0,0,0,28,13.4,3.7,0.0,1.7,5,12,0,17,2,0.01,0.05,0.06,2.60,1.0,,,,3.0,,[],,133,44,158,92,406,147,197,87,0.0,0.0,0.02,0.02,1.3,2.0,247,152,147,68,158,73,349,128,1.0,0.0,8.5,Coventry City,COV
True,True,,,501459,0,0,0,0,-89.3,-8,"[{'offset': 0, 'projected_percent': '-95.0', 'likelihood': -4}, {'offset': 1, 'projected_percent': '-107.3', 'likelihood': -5}, {'offset': 2, 'projected_percent': '-119.7', 'likelihood': -5}]",,False,0,3,0.5,0.5,1,Tatsuhiro,0.5,185,False,,,5.0,501459.jpg,1.0,False,Sakamoto,0.1,False,,a,7,9,1,198,61,2020,565,0.1,0.2,Sakamoto,,108.0,2023-07-10,1996-10-22,False,p501459,31,0,0,0,1,0,0,0,0,0,0,0,8,0.0,0.0,0.0,0.0,0,2,2,4,0,0.02,0.02,0.04,0.69,,,,,,,[],,514,208,527,217,484,184,530,215,0.06,0.0,0.06,0.12,2.0,2.9,345,201,300,137,277,124,432,173,0.0,0.0,11.61,Coventry City,COV
True,True,100.0,100.0,241293,0,0,0,0,-66.7,-8,"[{'offset': 0, 'projected_percent': '-71.2', 'likelihood': -3}, {'offset': 1, 'projected_percent': '-81.1', 'likelihood': -3}, {'offset': 2, 'projected_percent': '-91.1', 'likelihood': -3}]",,False,0,3,0.5,0.5,1,Ephron,0.5,186,False,,2026-08-19T18:00:08.310507Z,5.5,241293.jpg,1.0,False,Mason-Clark,0.1,False,,a,7,9,1,583,94,2263,685,0.1,0.2,Mason-Clark,,107.0,2024-02-01,1999-08-25,False,p241293,57,0,0,0,0,0,0,0,0,0,0,0,4,0.0,0.0,0.0,0.0,2,2,0,4,1,0.00,0.06,0.06,0.02,,,,,,,[],,562,238,576,246,552,230,575,244,0.0,0.0,0.09,0.09,0.03,0.0,150,92,322,153,305,146,402,159,1.58,0.0,6.32,Coventry City,COV
True,True,,,439668,-1,1,-1,1,0.0,0,"[{'offset': 0, 'projected_percent': '0.0', 'likelihood': 0}, {'offset': 1, 'projected_percent': '0.0', 'likelihood': 0}, {'offset': 2, 'projected_percent': '0.0', 'likelihood': 0}]",,False,0,3,0.0,0.0,0,Josh,0.0,187,False,,,4.9,439668.jpg,0.0,False,Eccles,0.0,False,,a,7,9,0,174,105,437,138,0.0,0.0,Eccles,,241.0,2018-07-01,2000-04-06,False,p439668,0,0,0,0,0,0,0,0,0,0,0,0,0,0.0,0.0,0.0,0.0,0,0,0,0,0,0.00,0.00,0.00,0.00,,,,,,,[],,436,163,442,173,383,132,452,170,0.0,0.0,0.0,0.0,0.0,0.0,398,239,493,197,493,197,579,243,0.0,0.0,0.0,Coventry City,COV
True,True,,,226965,0,0,0,0,-64.0,-6,"[{'offset': 0, 'projected_percent': '-66.8', 'likelihood': -3}, {'offset': 1, 'projected_percent': '-72.8', 'likelihood': -3}, {'offset': 2, 'projected_percent': '-78.7', 'likelihood': -3}]",,False,0,3,1.0,1.0,1,Victor,1.0,188,False,,,5.5,226965.jpg,1.0,False,Torp,0.2,False,,a,7,9,2,575,26,2850,1026,0.2,0.4,Torp,,58.0,2024-01-11,1999-07-30,False,p226965,47,0,0,0,1,0,0,0,0,0,0,0,10,6.8,16.4,0.0,2.3,1,2,0,3,0,0.00,0.12,0.12,1.01,2.0,,2.0,,2.0,,[],,192,76,72,44,551,229,163,74,0.0,0.0,0.23,0.23,1.93,1.91,148,91,247,116,304,145,375,144,0.0,0.0,5.74,Coventry City,COV
True,True,,,684268,0,0,0,0,-37.6,-8,"[{'offset': 0, 'projected_percent': '-39.5', 'likelihood': -2}, {'offset': 1, 'projected_percent': '-43.6', 'likelihood': -3}, {'offset': 2, 'projected_percent': '-47.7', 'likelihood': -3}]",,False,0,3,0.0,0.0,0,George,0.0,189,False,,,4.5,684268.jpg,0.0,False,Shepherd,0.3,False,,a,7,9,0,1604,591,4487,1316,0.0,0.0,Shepherd,,,,,False,p684268,0,0,0,0,0,0,0,0,0,0,0,0,0,0.0,0.0,0.0,0.0,0,0,0,0,0,0.00,0.00,0.00,0.00,,,,,,,[],,432,161,438,171,379,130,448,168,0.0,0.0,0.0,0.0,0.0,0.0,545,275,489,195,489,195,305,105,0.0,0.0,0.0,Coventry City,COV
True,True,,,469272,0,0,0,0,0.4,-14,"[{'offset': 0, 'projected_percent': '0.3', 'likelihood': 1}, {'offset': 1, 'projected_percent': '0.1', 'likelihood': 1}, {'offset': 2, 'projected_percent': '-2.8', 'likelihood': -1}]",,False,0,3,1.5,1.5,1,Loum,1.5,190,False,,,5.5,469272.jpg,1.5,False,Tchaouna,0.2,False,,a,7,9,3,2818,56,2433,982,0.3,0.5,Tchaouna,,73.0,2026-07-11,2003-09-08,False,p469272,139,0,0,0,3,0,0,0,0,0,0,0,18,1.8,6.0,3.0,1.1,5,8,1,14,2,0.09,0.15,0.24,1.78,,,,,,,[],,256,117,138,82,151,78,232,105,0.06,0.0,0.1,0.16,1.15,1.94,176,109,193,89,211,100,374,143,1.29,0.0,9.06,Coventry City,COV
True,True,,,492498,0,0,0,0,-29.9,-13,"[{'offset': 0, 'projected_percent': '-34.9', 'likelihood': -2}, {'offset': 1, 'projected_percent': '-46.1', 'likelihood': -3}, {'offset': 2, 'projected_percent': '-57.2', 'likelihood': -3}]",,False,0,3,0.0,0.0,0,Raphael,0.0,191,False,,,4.5,492498.jpg,0.0,False,Borges Rodrigues,0.2,False,,a,7,9,0,1317,637,2761,888,0.0,0.0,Borges Rodrigues,,13.0,2024-07-01,2003-09-11,False,p492498,0,0,0,0,0,0,0,0,0,0,0,0,0,0.0,0.0,0.0,0.0,0,0,0,0,0,0.00,0.00,0.00,0.00,,,,,,,[],,385,144,392,154,330,112,401,151,0.0,0.0,0.0,0.0,0.0,0.0,492,256,445,179,445,179,363,137,0.0,0.0,0.0,Coventry City,COV
True,False,0.0,,629397,0,0,0,0,0.0,-67,"[{'offset': 0, 'projected_percent': '0.0', 'likelihood': 0}, {'offset': 1, 'projected_percent': '0.0', 'likelihood': 0}, {'offset': 2, 'projected_percent': '0.0', 'likelihood': 0}]",,False,0,3,0.0,0.0,0,Kai,0.0,192,False,Has joined Oxford United on loan for the rest of the season,2026-08-29T00:35:59.998520Z,4.5,629397.jpg,0.0,False,Andrews,0.5,False,,u,7,9,0,2718,142,15148,7954,0.0,0.0,Andrews,,244.0,2023-08-11,2006-08-06,False,p629397,0,0,0,0,0,0,0,0,0,0,0,0,0,0.0,0.0,0.0,0.0,0,0,0,0,0,0.00,0.00,0.00,0.00,,,,,,,[],,427,158,433,168,374,127,443,165,0.0,0.0,0.0,0.0,0.0,0.0,540,272,484,192,484,192,254,86,0.0,0.0,0.0,Coventry City,COV
True,True,0.0,0.0,176412,-1,1,-1,1,-1.5,-10,"[{'offset': 0, 'projected_percent': '-2.6', 'likelihood': -1}, {'offset': 1, 'projected_percent': '-5.0', 'likelihood': -1}, {'offset': 2, 'projected_percent': '-7.3', 'likelihood': -1}]",,False,0,4,0.0,0.0,0,Haji,0.0,193,False,Thigh injury - Unknown return date,2026-08-14T22:00:07.214508Z,5.4,176412.jpg,0.0,False,Wright,0.1,False,,i,7,9,0,146,39,6997,1572,0.0,0.0,Wright,,229.0,2023-08-04,1998-03-27,False,p176412,0,0,0,0,0,0,0,0,0,0,0,0,0,0.0,0.0,0.0,0.0,0,0,0,0,0,0.00,0.00,0.00,0.00,,,,,1.0,,[],https://www.ccfc.co.uk/news/2026/august/19/head-coach-frank-lampard-provides-an-update-on-haji-wright/,538,45,551,53,518,52,554,54,0.0,0.0,0.0,0.0,0.0,0.0,212,46,571,62,571,62,399,57,0.0,0.0,0.0,Coventry City,COV
True,True,,,230730,0,0,0,0,3.9,-4,"[{'offset': 0, 'projected_percent': '3.9', 'likelihood': 1}, {'offset': 1, 'projected_percent': '3.9', 'likelihood': 1}, {'offset': 2, 'projected_percent': '3.8', 'likelihood': 1}]",,False,0,4,1.5,1.5,1,Brandon,1.5,194,False,,,5.0,230730.jpg,1.5,False,Thomas-Asante,0.8,False,,a,7,9,3,22280,7686,14165,6277,0.3,0.6,Thomas-Asante,,81.0,2024-08-01,1998-12-29,False,p230730,101,0,0,0,4,0,0,0,0,0,0,0,14,4.6,1.1,0.0,0.6,5,3,0,8,1,0.00,0.02,0.02,2.29,,,,,4.0,,[],,217,15,220,25,436,43,251,26,0.0,0.0,0.02,0.02,2.04,3.56,285,52,180,20,198,24,211,34,0.89,0.0,7.13,Coventry City,COV
True,True,,,218997,0,0,0,0,4.3,-47,"[{'offset': 0, 'projected_percent': '4.0', 'likelihood': 1}, {'offset': 1, 'projected_percent': '3.4', 'likelihood': 1}, {'offset': 2, 'projected_percent': '2.7', 'likelihood': 1}]",,False,0,4,1.0,1.0,0,Ellis,1.0,195,False,,,5.0,218997.jpg,2.0,False,Simms,1.0,False,,a,7,9,2,24678,4742,17383,7780,0.2,0.4,Simms,,241.0,2023-07-07,2001-01-05,False,p218997,69,0,0,0,3,0,0,0,0,0,0,0,7,2.6,12.3,2.0,1.7,1,2,0,3,1,0.00,0.01,0.01,1.60,,,,,,,[],,241,18,102,10,168,27,198,20,0.0,0.0,0.01,0.01,2.09,3.91,274,50,230,25,162,19,193,29,1.3,0.0,3.91,Coventry City,COV
True,False,0.0,0.0,551262,0,0,0,0,0.0,-3,"[{'offset': 0, 'projected_percent': '0.0', 'likelihood': 0}, {'offset': 1, 'projected_percent': '0.0', 'likelihood': 0}, {'offset': 2, 'projected_percent': '0.0', 'likelihood': 0}]",,False,0,4,0.0,0.0,0,Jahnoah,0.0,196,False,Has joined Shabab Al-Ahli Dubai permanently,2026-08-17T13:53:55.791223Z,5.0,551262.jpg,0.0,False,Markelo,0.0,False,,u,7,9,0,0,0,732,142,0.0,0.0,Markelo,,203.0,2026-01-27,2003-01-04,False,p551262,0,0,0,0,0,0,0,0,0,0,0,0,0,0.0,0.0,0.0,0.0,0,0,0,0,0,0.00,0.00,0.00,0.00,,,,,,,[],,525,42,538,50,497,49,541,51,0.0,0.0,0.0,0.0,0.0,0.0,369,59,562,59,562,59,589,71,0.0,0.0,0.0,Coventry City,COV
True,False,0.0,0.0,549653,0,0,0,0,0.0,-5,"[{'offset': 0, 'projected_percent': '0.0', 'likelihood': 0}, {'offset': 1, 'projected_percent': '0.0', 'likelihood': 0}, {'offset': 2, 'projected_percent': '0.0', 'likelihood': 0}]",,False,0,4,0.0,0.0,0,Norman,0.0,197,False,Has joined KVC Westerlo on loan for the rest of the season,2026-07-28T12:58:50.001768Z,4.5,549653.jpg,0.0,False,Bassette,0.0,False,,u,7,9,0,0,0,1079,291,0.0,0.0,Bassette,,,,,False,p549653,0,0,0,0,0,0,0,0,0,0,0,0,0,0.0,0.0,0.0,0.0,0,0,0,0,0,0.00,0.00,0.00,0.00,,,,,,,[],,401,28,408,36,346,34,417,37,0.0,0.0,0.0,0.0,0.0,0.0,508,66,461,46,461,46,526,68,0.0,0.0,0.0,Coventry City,COV
True,True,,,210156,0,0,0,0,-19.7,-29,"[{'offset': 0, 'projected_percent': '-22.1', 'likelihood': -2}, {'offset': 1, 'projected_percent': '-27.4', 'likelihood': -2}, {'offset': 2, 'projected_percent': '-32.6', 'likelihood': -2}]",,False,0,4,1.5,1.5,2,Taiwo,1.5,492,False,,,5.5,210156.jpg,1.5,False,Awoniyi,0.8,False,,a,7,9,3,10406,1752,14959,5666,0.3,0.5,Awoniyi,,157.0,2026-08-17,1997-08-12,False,p210156,110,0,0,0,1,0,0,0,0,0,0,0,10,0.0,1.4,0.0,0.1,1,3,0,4,1,0.93,0.03,0.96,1.01,,,,,5.0,,[],,559,51,201,24,548,57,292,32,0.76,0.0,0.02,0.78,0.83,0.82,143,35,190,22,208,26,217,36,0.82,0.0,3.27,Coventry City,COV
True,True,,,661888,0,0,0,0,-41.1,-8,"[{'offset': 0, 'projected_percent': '-43.3', 'likelihood': -3}, {'offset': 1, 'projected_percent': '-48.0', 'likelihood': -3}, {'offset': 2, 'projected_percent': '-52.8', 'likelihood': -3}]",,False,0,3,2.0,2.0,3,Caleb,2.0,575,False,,,5.0,661888.jpg,2.0,False,Yirenkyi,0.2,False,,a,7,9,4,1344,347,4006,1431,0.4,0.8,Yirenkyi,,81.0,2026-08-07,2006-01-15,False,p661888,131,0,0,1,3,0,0,0,1,0,0,0,19,0.0,3.1,0.0,0.0,3,7,0,10,2,0.03,0.13,0.16,1.58,,,,,,,[],,536,223,164,96,515,207,552,230,0.02,0.0,0.09,0.11,1.09,2.06,393,236,152,72,168,80,324,114,1.37,0.69,6.87,Coventry City,COV
True,True,,,196100,0,0,0,0,-34.7,-7,"[{'offset': 0, 'projected_percent': '-37.9', 'likelihood': -2}, {'offset': 1, 'projected_percent': '-45.1', 'likelihood': -3}, {'offset': 2, 'projected_percent': '-52.2', 'likelihood': -3}]",,False,0,3,1.0,1.0,1,Gustavo,1.0,584,False,,,5.5,196100.jpg,1.0,False,Hamer,0.1,False,,a,7,9,2,472,86,2199,771,0.2,0.4,Hamer,,152.0,2026-08-11,1997-06-24,False,p196100,27,0,0,0,1,0,0,0,0,0,0,0,5,0.4,0.3,0.0,0.1,0,1,0,1,0,0.00,0.02,0.02,0.82,3.0,,,,,,[],,274,129,264,140,540,221,291,138,0.0,0.0,0.07,0.07,2.73,3.33,132,82,246,115,302,143,392,154,0.0,0.0,3.33,Coventry City,COV
True,True,,,627221,0,0,0,0,0.0,0,"[{'offset': 0, 'projected_percent': '0.0', 'likelihood': 0}, {'offset': 1, 'projected_percent': '0.0', 'likelihood': 0}, {'offset': 2, 'projected_percent': '0.0', 'likelihood': 0}]",2026-09-02T14:02:06.979982Z,False,0,4,0.0,0.0,0,Sidiki,0.0,599,False,,,5.0,627221.jpg,0.0,False,Cherif,0.1,False,,a,7,9,0,2620,896,2200,806,0.0,0.0,Cherif,,73.0,2026-08-19,2006-12-15,False,p627221,0,0,0,0,0,0,0,0,0,0,0,0,0,0.0,0.0,0.0,0.0,0,0,0,0,0,0.00,0.00,0.00,0.00,,,,,,,[],,533,43,545,51,509,50,549,52,0.0,0.0,0.0,0.0,0.0,0.0,386,60,567,60,567,60,420,61,0.0,0.0,0.0,Coventry City,COV
True,True,,,79602,0,0,0,0,0.0,0,"[{'offset': 0, 'projected_percent': '0.0', 'likelihood': 0}, {'offset': 1, 'projected_percent': '0.0', 'likelihood': 0}, {'offset': 2, 'projected_percent': '0.0', 'likelihood': 0}]",2026-09-11T19:08:56.427340Z,False,0,1,1.0,1.0,0,Dan,0.0,623,False,,,4.0,79602.jpg,0.0,False,Bentley,0.1,False,,a,7,9,0,4404,4404,458,458,0.0,0.0,Bentley,,241.0,2026-08-21,1993-07-13,False,p79602,0,0,0,0,0,0,0,0,0,0,0,0,0,0.0,0.0,0.0,0.0,0,0,0,0,0,0.00,0.00,0.00,0.00,,,,,,,[],,285,26,282,6,200,6,301,26,0.0,0.0,0.0,0.0,0.0,0.0,555,54,354,27,354,27,436,47,0.0,0.0,0.0,Coventry City,COV
True,True,,,485337,0,0,0,0,-34.0,0,"[{'offset': 0, 'projected_percent': '-34.0', 'likelihood': -2}, {'offset': 1, 'projected_percent': '-34.0', 'likelihood': -2}, {'offset': 2, 'projected_percent': '-34.0', 'likelihood': -2}]",,False,0,3,1.0,1.0,1,Evann,1.0,42,False,,,5.5,485337.jpg,1.0,False,Guessand,0.0,False,,a,8,31,2,687,204,1020,397,0.2,0.4,Guessand,,54.0,2026-08-12,2001-07-01,False,p485337,54,0,0,0,1,0,0,0,0,0,0,0,6,3.2,1.8,7.0,1.2,1,0,1,2,0,0.03,0.03,0.06,0.34,,,,,,,[],,237,106,191,111,111,58,230,104,0.05,0.0,0.05,0.1,0.57,1.67,182,114,249,118,310,147,503,208,0.0,0.0,3.33,Crystal Palace,CRY
True,True,,,220362,0,0,0,0,-4.1,0,"[{'offset': 0, 'projected_percent': '-4.1', 'likelihood': -1}, {'offset': 1, 'projected_percent': '-4.1', 'likelihood': -1}, {'offset': 2, 'projected_percent': '-4.1', 'likelihood': -1}]",,False,0,2,0.5,0.5,1,Axel,0.5,153,False,,,4.5,220362.jpg,1.0,False,Disasi,0.1,False,,a,8,31,1,1051,526,1193,345,0.1,0.2,Disasi,,73.0,2026-08-26,1998-03-11,False,p220362,16,0,0,0,1,0,0,0,0,0,0,0,-2,0.0,0.0,0.0,0.0,0,1,1,1,0,0.00,0.00,0.00,0.20,,,,,,,[],,361,148,365,152,294,127,378,149,0.0,0.0,0.0,0.0,1.12,5.62,445,103,272,94,237,83,470,166,0.0,0.0,5.62,Crystal Palace,CRY
True,True,100.0,100.0,172649,0,0,0,0,-21.4,14,"[{'offset': 0, 'projected_percent': '-21.0', 'likelihood': -2}, {'offset': 1, 'projected_percent': '-19.9', 'likelihood': -1}, {'offset': 2, 'projected_percent': '-18.9', 'likelihood': -1}]",,False,0,1,1.5,1.5,1,Dean,1.5,198,False,,2026-08-20T14:00:08.018379Z,5.0,172649.jpg,1.5,False,Henderson,1.8,False,,a,8,31,3,10689,4785,20490,6716,0.3,0.6,Henderson,Dean Henderson,241.0,2023-08-31,1997-03-12,False,p172649,180,0,0,0,6,0,0,0,0,0,7,0,18,28.2,0.0,0.0,2.8,5,24,0,0,2,0.00,0.00,0.00,3.33,,,,,,,[],,57,9,467,55,409,55,140,9,0.0,3.5,0.0,0.0,1.66,3.0,250,10,178,15,196,17,136,21,1.0,0.0,0.0,Crystal Palace,CRY
True,True,,,121709,0,0,0,0,-43.2,0,"[{'offset': 0, 'projected_percent': '-43.2', 'likelihood': -3}, {'offset': 1, 'projected_percent': '-43.2', 'likelihood': -3}, {'offset': 2, 'projected_percent': '-43.2', 'likelihood': -3}]",,False,0,1,0.0,0.0,0,Walter,0.0,199,False,,,4.5,121709.jpg,0.0,False,Benítez,0.1,False,,a,8,31,0,695,227,1817,441,0.0,0.0,Benitez,,10.0,2025-07-01,1993-01-19,False,p121709,0,0,0,0,0,0,0,0,0,0,0,0,0,0.0,0.0,0.0,0.0,0,0,0,0,0,0.00,0.00,0.00,0.00,,,,,,,[],,348,48,351,30,278,30,365,48,0.0,0.0,0.0,0.0,0.0,0.0,421,29,415,49,415,49,403,44,0.0,0.0,0.0,Crystal Palace,CRY
True,True,,,247348,-1,1,-1,1,-3.3,-606,"[{'offset': 0, 'projected_percent': '-6.4', 'likelihood': -1}, {'offset': 1, 'projected_percent': '-13.2', 'likelihood': -1}, {'offset': 2, 'projected_percent': '-20.1', 'likelihood': -2}]",,False,0,2,0.0,0.0,0,Daniel,0.0,201,False,,,5.4,247348.jpg,0.0,False,Muñoz Mejía,7.4,False,,a,8,31,0,22714,7069,208389,82963,0.0,0.0,Muñoz,,48.0,2024-01-30,1996-05-26,False,p247348,54,0,0,0,2,0,0,0,0,0,0,0,-4,1.2,1.8,21.0,2.4,3,1,1,4,1,0.23,0.01,0.24,0.84,,,,,,,[],,263,100,190,58,43,10,158,61,0.38,0.0,0.02,0.4,1.4,3.33,215,31,574,199,574,199,54,21,1.67,0.0,6.67,Crystal Palace,CRY
True,True,,,427623,0,0,0,0,-28.7,-12,"[{'offset': 0, 'projected_percent': '-29.7', 'likelihood': -2}, {'offset': 1, 'projected_percent': '-32.1', 'likelihood': -2}, {'offset': 2, 'projected_percent': '-34.4', 'likelihood': -2}]",,False,0,2,1.5,1.5,0,Chris,1.5,202,False,,,5.0,427623.jpg,1.5,False,Richards,0.7,False,,a,8,31,3,5886,1678,10589,4135,0.3,0.6,Richards,,229.0,2022-07-27,2000-03-28,False,p427623,180,0,0,0,6,0,0,0,0,0,0,0,9,42.6,0.7,0.0,4.3,18,3,4,22,2,0.04,0.00,0.04,3.33,,,,,,,[],,22,8,236,83,445,177,95,33,0.02,0.0,0.0,0.02,1.66,3.0,296,51,181,64,199,65,227,83,1.0,0.0,11.0,Crystal Palace,CRY
True,True,,,651426,0,0,0,0,-73.8,-14,"[{'offset': 0, 'projected_percent': '-76.9', 'likelihood': -3}, {'offset': 1, 'projected_percent': '-83.7', 'likelihood': -3}, {'offset': 2, 'projected_percent': '-90.5', 'likelihood': -3}]",,False,0,2,0.5,0.5,0,Jaydee,0.5,203,False,,,5.0,651426.jpg,0.5,False,Canvot,0.3,False,,a,8,31,1,1319,498,6019,1998,0.1,0.2,Canvot,,73.0,2025-09-01,2006-07-29,False,p651426,180,0,0,0,6,0,0,0,0,0,0,0,8,27.4,5.7,5.0,3.8,10,4,5,15,2,0.05,0.01,0.06,3.33,,,,,,,[],,60,23,142,42,124,40,109,38,0.02,0.0,0.0,0.02,1.66,3.0,390,75,311,110,342,113,302,113,1.0,0.0,7.5,Crystal Palace,CRY
True,True,,,244723,0,0,0,0,-49.1,-163,"[{'offset': 0, 'projected_percent': '-51.1', 'likelihood': -3}, {'offset': 1, 'projected_percent': '-55.6', 'likelihood': -3}, {'offset': 2, 'projected_percent': '-60.1', 'likelihood': -3}]",,False,0,2,0.5,0.5,0,Tyrick,0.5,204,False,,,4.5,244723.jpg,0.5,False,Mitchell,5.2,False,,a,8,31,1,9169,3204,77493,27154,0.1,0.2,Mitchell,,241.0,2019-12-15,1999-09-01,False,p244723,180,0,0,0,6,0,0,0,0,0,0,0,1,11.6,13.8,2.0,2.7,6,5,4,10,2,0.11,0.17,0.28,3.33,,,,,,,[],,145,68,92,27,162,58,143,56,0.06,0.0,0.08,0.14,1.66,3.0,464,117,275,97,337,110,69,28,1.0,0.0,5.0,Crystal Palace,CRY
True,True,,,218364,0,0,0,0,-49.8,-1,"[{'offset': 0, 'projected_percent': '-52.3', 'likelihood': -3}, {'offset': 1, 'projected_percent': '-57.9', 'likelihood': -3}, {'offset': 2, 'projected_percent': '-63.5', 'likelihood': -3}]",,False,0,2,0.0,0.0,0,Borna,0.0,205,False,,,4.5,218364.jpg,0.0,False,Sosa,0.0,False,,a,8,31,0,174,48,515,163,0.0,0.0,Sosa,,97.0,2025-07-11,1998-01-21,False,p218364,0,0,0,0,0,0,0,0,0,0,0,0,0,0.0,0.0,0.0,0.0,0,0,0,0,0,0.00,0.00,0.00,0.00,,,,,,,[],,360,147,364,151,293,126,377,148,0.0,0.0,0.0,0.0,0.0,0.0,444,102,425,158,425,158,536,187,0.0,0.0,0.0,Crystal Palace,CRY
True,True,0.0,0.0,515621,-1,1,-1,1,-15.1,-5,"[{'offset': 0, 'projected_percent': '-17.0', 'likelihood': -1}, {'offset': 1, 'projected_percent': '-21.0', 'likelihood': -2}, {'offset': 2, 'projected_percent': '-25.1', 'likelihood': -2}]",,False,0,2,0.0,0.0,0,Chadi,0.5,206,False,Knee injury - Unknown return date,2026-08-22T18:00:07.352049Z,4.4,515621.jpg,1.0,False,Riad Dnanou,0.0,False,,i,8,31,1,402,82,3606,763,0.1,0.2,Chadi Riad,,145.0,2024-07-02,2003-06-17,False,p515621,72,0,0,0,2,0,0,0,0,0,0,0,7,12.6,1.3,0.0,1.4,6,3,1,7,1,0.00,0.01,0.01,0.98,,,,,,,[],https://www.cpfc.co.uk/news/first-team/press-conference-team-news-crystal-palace-manchester-city-august-2026/,137,64,205,66,264,114,214,83,0.0,0.0,0.01,0.01,1.22,2.5,549,152,267,90,230,77,515,179,1.25,0.0,8.75,Crystal Palace,CRY
True,True,,,242313,0,0,0,0,-92.3,-4,"[{'offset': 0, 'projected_percent': '-95.9', 'likelihood': -4}, {'offset': 1, 'projected_percent': '-104.0', 'likelihood': -5}, {'offset': 2, 'projected_percent': '-112.0', 'likelihood': -5}]",,False,0,2,0.5,0.5,1,Oscar,0.5,207,False,,,4.5,242313.jpg,1.0,False,Mingueza,0.1,False,,a,8,31,1,309,110,1694,414,0.1,0.2,Mingueza,,200.0,2026-07-09,1999-05-13,False,p242313,15,0,0,0,1,0,0,0,0,0,0,0,1,0.0,0.0,0.0,0.0,0,0,1,1,0,0.00,0.00,0.00,0.20,,,,,,,[],,368,152,373,156,304,133,385,153,0.0,0.0,0.0,0.0,1.2,6.0,459,113,274,96,242,88,465,165,0.0,0.0,6.0,Crystal Palace,CRY
True,True,0.0,0.0,232185,0,0,-1,1,-69.9,-433,"[{'offset': 0, 'projected_percent': '-75.5', 'likelihood': -3}, {'offset': 1, 'projected_percent': '-88.0', 'likelihood': -3}, {'offset': 2, 'projected_percent': '-100.4', 'likelihood': -5}]",,False,0,3,0.0,0.0,0,Ismaïla,0.0,208,False,Groin injury - Unknown return date,2026-08-22T18:00:07.363165Z,6.4,232185.jpg,0.0,False,Sarr,1.8,False,,i,8,31,0,2227,125,256843,50265,0.0,0.0,Sarr,Ismaïla Sarr,189.0,2024-08-01,1998-02-25,False,p232185,0,0,0,0,0,0,0,0,0,0,0,0,0,0.0,0.0,0.0,0.0,0,0,0,0,0,0.00,0.00,0.00,0.00,,,,,2.0,,[],https://www.cpfc.co.uk/news/first-team/press-conference-team-news-crystal-palace-manchester-city-august-2026/,609,266,612,268,608,264,612,268,0.0,0.0,0.0,0.0,0.0,0.0,51,35,611,268,611,268,138,41,0.0,0.0,0.0,Crystal Palace,CRY
True,True,100.0,100.0,496221,0,0,0,0,-5.7,-18,"[{'offset': 0, 'projected_percent': '-7.0', 'likelihood': -1}, {'offset': 1, 'projected_percent': '-9.9', 'likelihood': -1}, {'offset': 2, 'projected_percent': '-12.7', 'likelihood': -1}]",,False,0,3,3.0,3.0,2,Adam,3.0,210,False,,2026-07-23T12:01:23.498963Z,5.5,496221.jpg,3.0,False,Wharton,0.9,False,,a,8,31,6,10768,4058,12723,4923,0.5,1.1,Wharton,,241.0,2024-02-01,2004-02-06,False,p496221,180,0,0,0,6,0,0,0,0,0,0,0,41,16.8,30.9,0.0,4.8,4,11,6,21,2,0.00,0.31,0.31,3.33,2.0,,,,,,[],,103,36,25,20,571,242,82,43,0.0,0.0,0.16,0.16,1.66,3.0,185,116,105,48,115,49,207,67,1.0,0.0,10.5,Crystal Palace,CRY
True,True,,,488024,0,0,0,0,-21.8,13,"[{'offset': 0, 'projected_percent': '-17.7', 'likelihood': -1}, {'offset': 1, 'projected_percent': '-8.8', 'likelihood': -1}, {'offset': 2, 'projected_percent': '0.0', 'likelihood': 0}]",,False,0,3,3.0,3.0,5,Yéremy,3.0,211,False,,,5.5,488024.jpg,3.0,False,Pino Santos,0.2,False,,a,8,31,6,2221,1907,3280,822,0.5,1.1,Yeremy,,200.0,2025-08-29,2002-10-20,False,p488024,102,0,1,0,3,0,0,0,0,0,0,0,31,2.0,6.3,6.0,1.4,2,9,4,15,1,0.11,0.09,0.20,2.28,1.0,,1.0,,,,[],,254,116,137,81,120,61,220,98,0.1,0.0,0.08,0.18,2.01,2.65,183,115,104,47,114,48,337,122,0.88,0.0,13.24,Crystal Palace,CRY
True,True,,,108413,0,0,0,0,-37.5,-204,"[{'offset': 0, 'projected_percent': '-38.8', 'likelihood': -2}, {'offset': 1, 'projected_percent': '-41.6', 'likelihood': -3}, {'offset': 2, 'projected_percent': '-44.5', 'likelihood': -3}]",,False,0,3,0.0,0.0,0,Will,0.0,212,False,,,4.5,108413.jpg,0.0,False,Hughes,10.2,False,,a,8,31,0,34032,13850,137994,47814,0.0,0.0,Hughes,,241.0,2021-08-28,1995-04-17,False,p108413,0,0,0,0,0,0,0,0,0,0,0,0,0,0.0,0.0,0.0,0.0,0,0,0,0,0,0.00,0.00,0.00,0.00,4.0,,,,,,[],,344,135,347,145,274,101,361,142,0.0,0.0,0.0,0.0,0.0,0.0,417,245,411,170,411,170,39,15,0.0,0.0,0.0,Crystal Palace,CRY
True,True,,,152551,0,0,0,0,-85.6,-2,"[{'offset': 0, 'projected_percent': '-86.9', 'likelihood': -3}, {'offset': 1, 'projected_percent': '-89.8', 'likelihood': -3}, {'offset': 2, 'projected_percent': '-92.8', 'likelihood': -3}]",,False,0,3,0.0,0.0,0,Jefferson,0.0,213,False,,,5.0,152551.jpg,0.0,False,Lerma Solís,0.1,False,,a,8,31,0,287,83,2104,654,0.0,0.0,Lerma,,48.0,2023-07-01,1994-10-25,False,p152551,0,0,0,0,0,0,0,0,0,0,0,0,0,0.0,0.0,0.0,0.0,0,0,0,0,0,0.00,0.00,0.00,0.00,,,,,,,[],,453,173,461,183,401,142,469,180,0.0,0.0,0.0,0.0,0.0,0.0,242,147,507,206,507,206,426,170,0.0,0.0,0.0,Crystal Palace,CRY
True,True,,,209400,0,0,0,0,-13.0,-10,"[{'offset': 0, 'projected_percent': '-15.3', 'likelihood': -1}, {'offset': 1, 'projected_percent': '-20.5', 'likelihood': -2}, {'offset': 2, 'projected_percent': '-25.6', 'likelihood': -2}]",,False,0,3,2.5,2.5,2,Daichi,2.5,214,False,,,5.0,209400.jpg,2.5,False,Kamada,0.3,False,,a,8,31,5,3594,1650,4672,1578,0.5,1.0,Kamada,,108.0,2024-07-01,1996-08-05,False,p209400,180,0,0,0,6,0,0,0,1,0,0,0,46,20.4,29.3,0.0,5.0,4,10,9,23,2,0.05,0.29,0.34,3.33,3.0,,,,,,[],,81,27,29,22,419,154,75,40,0.02,0.0,0.14,0.16,1.66,3.0,264,163,126,57,135,59,307,106,1.0,0.0,11.5,Crystal Palace,CRY
True,True,,,489706,0,0,0,0,-59.8,0,"[{'offset': 0, 'projected_percent': '-59.8', 'likelihood': -3}, {'offset': 1, 'projected_percent': '-59.8', 'likelihood': -3}, {'offset': 2, 'projected_percent': '-59.8', 'likelihood': -3}]",,False,0,3,0.0,0.0,0,Justin,0.0,215,False,,,5.0,489706.jpg,0.0,False,Devenny,0.0,False,,a,8,31,0,104,35,256,80,0.0,0.0,Devenny,,242.0,2024-03-13,2003-10-11,False,p489706,0,0,0,0,0,0,0,0,0,0,0,0,0,0.0,0.0,0.0,0.0,0,0,0,0,0,0.00,0.00,0.00,0.00,,,2.0,,3.0,,[],,504,202,516,211,473,178,520,209,0.0,0.0,0.0,0.0,0.0,0.0,330,192,545,226,545,226,585,247,0.0,0.0,0.0,Crystal Palace,CRY
True,True,,,606921,0,0,0,0,-69.6,0,"[{'offset': 0, 'projected_percent': '-69.6', 'likelihood': -3}, {'offset': 1, 'projected_percent': '-69.6', 'likelihood': -3}, {'offset': 2, 'projected_percent': '-69.6', 'likelihood': -3}]",,False,0,3,0.0,0.0,0,Romain,0.0,216,False,,,5.0,606921.jpg,0.0,False,Esse,0.0,False,,a,8,31,0,293,82,890,300,0.0,0.0,Esse,,241.0,2025-01-18,2005-05-13,False,p606921,0,0,0,0,0,0,0,0,0,0,0,0,0,0.0,0.0,0.0,0.0,0,0,0,0,0,0.00,0.00,0.00,0.00,,,,,,,[],,531,221,543,229,505,200,547,228,0.0,0.0,0.0,0.0,0.0,0.0,379,227,565,239,565,239,514,214,0.0,0.0,0.0,Crystal Palace,CRY
True,True,,,536694,-1,1,-1,1,0.1,3,"[{'offset': 0, 'projected_percent': '0.2', 'likelihood': 1}, {'offset': 1, 'projected_percent': '0.2', 'likelihood': 1}, {'offset': 2, 'projected_percent': '0.3', 'likelihood': 1}]",,False,0,3,0.0,0.0,0,Matheus,0.0,217,False,,,4.9,536694.jpg,0.0,False,França de Oliveira,0.0,False,,a,8,31,0,697,680,1191,477,0.0,0.0,M.França,Matheus França,30.0,2023-08-05,2004-04-01,False,p536694,0,0,0,0,0,0,0,0,0,0,0,0,0,0.0,0.0,0.0,0.0,0,0,0,0,0,0.00,0.00,0.00,0.00,,,,,,,[],,441,167,447,177,388,136,457,174,0.0,0.0,0.0,0.0,0.0,0.0,403,243,498,201,498,201,535,221,0.0,0.0,0.0,Crystal Palace,CRY
True,True,,,438464,0,0,0,0,-96.7,-3,"[{'offset': 0, 'projected_percent': '-100.4', 'likelihood': -5}, {'offset': 1, 'projected_percent': '-108.6', 'likelihood': -5}, {'offset': 2, 'projected_percent': '-116.8', 'likelihood': -5}]",,False,0,3,0.0,0.0,0,Cheick,0.0,218,False,,,5.0,438464.jpg,0.0,False,Doucouré,0.1,False,,a,8,31,0,384,136,1582,523,0.0,0.0,Doucouré,,132.0,2022-07-11,2000-01-08,False,p438464,0,0,0,0,0,0,0,0,0,0,0,0,0,0.0,0.0,0.0,0.0,0,0,0,0,0,0.00,0.00,0.00,0.00,,,,,,,[],,487,193,497,202,450,168,503,200,0.0,0.0,0.0,0.0,0.0,0.0,302,181,531,220,531,220,478,194,0.0,0.0,0.0,Crystal Palace,CRY
True,True,,,450542,0,0,0,0,-53.1,0,"[{'offset': 0, 'projected_percent': '-53.1', 'likelihood': -3}, {'offset': 1, 'projected_percent': '-53.1', 'likelihood': -3}, {'offset': 2, 'projected_percent': '-53.1', 'likelihood': -3}]",,False,0,3,0.0,0.0,0,Jesurun,0.0,219,False,,,5.0,450542.jpg,0.0,False,Rak-Sakyi,0.0,False,,a,8,31,0,56,17,128,38,0.0,0.0,J.Rak-Sakyi,,81.0,2021-04-09,2002-10-05,False,p450542,0,0,0,0,0,0,0,0,0,0,0,0,0,0.0,0.0,0.0,0.0,0,0,0,0,0,0.00,0.00,0.00,0.00,,,,,,,[],,494,196,504,205,457,171,510,203,0.0,0.0,0.0,0.0,0.0,0.0,309,184,537,222,537,222,605,260,0.0,0.0,0.0,Crystal Palace,CRY
True,False,0.0,0.0,590014,0,0,0,0,0.0,0,"[{'offset': 0, 'projected_percent': '0.0', 'likelihood': 0}, {'offset': 1, 'projected_percent': '0.0', 'likelihood': 0}, {'offset': 2, 'projected_percent': '0.0', 'likelihood': 0}]",,False,0,2,0.0,0.0,0,Rio,0.0,220,False,Has joined Bristol City on loan for the rest of the season,2026-08-12T14:08:46.501813Z,4.5,590014.jpg,0.0,False,Cardines,0.0,False,,u,8,31,0,0,0,87,22,0.0,0.0,Cardines,,217.0,2025-07-24,2006-07-01,False,p590014,0,0,0,0,0,0,0,0,0,0,0,0,0,0.0,0.0,0.0,0.0,0,0,0,0,0,0.00,0.00,0.00,0.00,,,,,,,[],,414,171,420,172,360,155,430,171,0.0,0.0,0.0,0.0,0.0,0.0,525,144,473,177,473,177,620,207,0.0,0.0,0.0,Crystal Palace,CRY
True,True,,,672492,0,0,0,0,-33.4,-1,"[{'offset': 0, 'projected_percent': '-34.3', 'likelihood': -2}, {'offset': 1, 'projected_percent': '-36.4', 'likelihood': -2}, {'offset': 2, 'projected_percent': '-38.4', 'likelihood': -2}]",,False,0,3,0.0,0.0,0,Joél,0.0,221,False,,,4.5,672492.jpg,0.0,False,Drakes-Thomas,0.1,False,,a,8,31,0,682,283,1430,442,0.0,0.0,Drakes-Thomas,,241.0,2025-12-10,2009-06-09,False,p672492,0,0,0,0,0,0,0,0,0,0,0,0,0,0.0,0.0,0.0,0.0,0,0,0,0,0,0.00,0.00,0.00,0.00,,,,,,,[],,431,160,437,170,378,129,447,167,0.0,0.0,0.0,0.0,0.0,0.0,544,274,488,194,488,194,448,179,0.0,0.0,0.0,Crystal Palace,CRY
True,True,,,247412,0,0,0,0,-62.2,9,"[{'offset': 0, 'projected_percent': '-61.0', 'likelihood': -3}, {'offset': 1, 'projected_percent': '-58.5', 'likelihood': -3}, {'offset': 2, 'projected_percent': '-55.9', 'likelihood': -3}]",,False,0,4,1.5,1.5,2,Jørgen,1.5,222,False,,,6.0,247412.jpg,1.5,False,Strand Larsen,0.5,False,,a,8,31,3,4191,2681,10867,3096,0.2,0.5,Strand Larsen,,161.0,2026-02-02,2000-02-06,False,p247412,89,0,0,0,3,0,0,0,0,0,0,0,16,1.0,3.5,17.0,2.2,2,1,1,4,1,0.30,0.01,0.31,2.15,,,,,,,[],,266,23,159,20,61,13,168,17,0.3,0.0,0.01,0.31,2.17,3.03,74,17,199,23,215,27,261,44,1.01,0.0,4.04,Crystal Palace,CRY
True,True,0.0,,231747,0,0,0,0,-85.5,-1100,"[{'offset': 0, 'projected_percent': '-92.2', 'likelihood': -3}, {'offset': 1, 'projected_percent': '-107.0', 'likelihood': -5}, {'offset': 2, 'projected_percent': '-121.7', 'likelihood': -5}]",,False,0,4,0.0,1.0,0,Jean-Philippe,1.0,223,False,Hamstring injury - Expected back 11 Oct,2026-08-28T21:00:08.020382Z,6.5,231747.jpg,2.0,False,Mateta,3.8,False,,i,8,31,2,24826,875,197512,125079,0.2,0.3,Mateta,,73.0,2022-01-31,1997-06-28,False,p231747,62,0,0,0,2,0,0,0,0,0,0,0,-3,1.4,12.3,11.0,2.5,1,2,2,5,1,0.70,0.02,0.72,0.98,,,,,1.0,,[],,260,22,103,11,85,16,153,16,1.02,0.0,0.03,1.05,1.42,2.9,37,11,258,30,184,22,90,14,1.45,0.0,7.26,Crystal Palace,CRY
True,True,,,205533,0,0,0,0,-9.9,21,"[{'offset': 0, 'projected_percent': '-7.2', 'likelihood': -1}, {'offset': 1, 'projected_percent': '-1.4', 'likelihood': -1}, {'offset': 2, 'projected_percent': '0.2', 'likelihood': 1}]",,False,0,4,1.5,1.5,2,Eddie,1.5,224,False,,,5.5,205533.jpg,1.5,False,Nketiah,0.5,False,,a,8,31,3,7061,3798,8682,2902,0.3,0.5,Nketiah,,241.0,2024-08-30,1999-05-30,False,p205533,122,0,0,0,5,0,0,0,0,0,0,0,20,10.4,24.5,23.0,5.8,2,4,3,9,2,0.96,0.58,1.54,2.85,,,,,,,[],,161,12,49,2,42,11,56,10,0.71,0.0,0.43,1.14,2.1,3.69,139,34,189,21,207,25,262,45,1.48,0.0,6.64,Crystal Palace,CRY
True,False,0.0,0.0,660392,0,0,0,0,0.0,0,"[{'offset': 0, 'projected_percent': '0.0', 'likelihood': 0}, {'offset': 1, 'projected_percent': '0.0', 'likelihood': 0}, {'offset': 2, 'projected_percent': '0.0', 'likelihood': 0}]",,False,0,4,0.0,0.0,0,Christantus,0.0,225,False,has returned to Getafe CF,2026-07-23T12:18:56.275922Z,5.0,660392.jpg,0.0,False,Uche,0.0,False,,u,8,31,0,0,0,0,0,0.0,0.0,Uche,,,,,False,p660392,0,0,0,0,0,0,0,0,0,0,0,0,0,0.0,0.0,0.0,0.0,0,0,0,0,0,0.00,0.00,0.00,0.00,,,,,,,[],,535,44,549,52,514,51,551,53,0.0,0.0,0.0,0.0,0.0,0.0,392,61,569,61,569,61,626,73,0.0,0.0,0.0,Crystal Palace,CRY
True,True,,,433154,0,0,0,0,-57.4,-7,"[{'offset': 0, 'projected_percent': '-60.2', 'likelihood': -3}, {'offset': 1, 'projected_percent': '-66.5', 'likelihood': -3}, {'offset': 2, 'projected_percent': '-72.8', 'likelihood': -3}]",,False,0,3,1.5,1.5,1,Dwight,1.5,241,False,,,5.5,433154.jpg,1.5,False,McNeil,0.2,False,,a,8,31,3,644,172,2700,872,0.3,0.5,McNeil,,241.0,2026-08-11,1999-11-22,False,p433154,84,0,0,0,3,0,0,0,0,0,0,0,13,9.6,4.7,2.0,1.6,4,3,0,7,1,0.05,0.02,0.07,1.18,,,,,,,[],,167,64,148,88,178,88,204,92,0.05,0.0,0.02,0.07,1.26,3.21,159,99,192,88,210,99,368,140,1.07,0.0,7.5,Crystal Palace,CRY
True,True,,,169593,0,0,0,0,0.4,-4,"[{'offset': 0, 'projected_percent': '0.4', 'likelihood': 1}, {'offset': 1, 'projected_percent': '0.4', 'likelihood': 1}, {'offset': 2, 'projected_percent': '0.3', 'likelihood': 1}]",,False,0,1,0.0,0.0,0,Remi,0.0,555,False,,,4.0,169593.jpg,0.0,False,Matthews,1.8,False,,a,8,31,0,9376,3431,9409,3174,0.0,0.0,Matthews,,241.0,2021-07-13,1994-02-10,False,p169593,0,0,0,0,0,0,0,0,0,0,0,0,0,0.0,0.0,0.0,0.0,0,0,0,0,0,0.00,0.00,0.00,0.00,,,,,,,[],,294,32,293,12,211,12,311,32,0.0,0.0,0.0,0.0,0.0,0.0,569,60,363,33,363,33,132,20,0.0,0.0,0.0,Crystal Palace,CRY
True,True,,,223723,0,0,0,0,-28.2,-6,"[{'offset': 0, 'projected_percent': '-29.4', 'likelihood': -2}, {'offset': 1, 'projected_percent': '-31.9', 'likelihood': -2}, {'offset': 2, 'projected_percent': '-34.4', 'likelihood': -2}]",,False,0,2,1.0,1.0,1,Takehiro,1.0,577,False,,,4.5,223723.jpg,1.0,False,Tomiyasu,0.3,False,,a,8,31,2,1314,485,3759,1092,0.2,0.4,Tomiyasu,,108.0,2026-08-06,1998-11-05,False,p223723,91,0,0,0,3,0,0,0,0,0,0,0,0,2.4,2.4,0.0,0.5,8,4,1,9,1,0.00,0.01,0.01,2.15,,,,,,,[],,242,95,172,51,297,129,254,94,0.0,0.0,0.01,0.01,2.13,2.97,449,106,214,75,238,84,288,109,0.99,0.0,8.9,Crystal Palace,CRY
True,True,,,570794,0,0,0,0,0.1,7,"[{'offset': 0, 'projected_percent': '0.1', 'likelihood': 1}, {'offset': 1, 'projected_percent': '0.2', 'likelihood': 1}, {'offset': 2, 'projected_percent': '0.3', 'likelihood': 1}]",,False,0,2,1.5,1.5,2,Anan,1.5,588,False,,,5.0,570794.jpg,1.5,False,Khalaili,0.1,False,,a,8,31,3,1358,896,1218,391,0.3,0.6,Khalaili,,105.0,2026-08-15,2004-09-03,False,p570794,109,0,0,0,3,0,0,0,1,0,0,0,21,24.0,26.5,4.0,5.5,9,8,14,23,1,0.02,0.16,0.18,2.28,,,,,,,[],,69,30,39,12,134,44,63,21,0.02,0.0,0.13,0.15,1.88,2.48,373,71,185,65,203,66,409,144,0.83,0.0,18.99,Crystal Palace,CRY
True,True,,,559152,0,0,0,0,0.0,0,"[{'offset': 0, 'projected_percent': '0.0', 'likelihood': 0}, {'offset': 1, 'projected_percent': '0.0', 'likelihood': 0}, {'offset': 2, 'projected_percent': '0.0', 'likelihood': 0}]",2026-09-01T14:01:46.428415Z,False,0,3,0.5,0.5,1,Zavier,0.5,595,False,,,5.0,559152.jpg,1.0,False,Gozo,0.0,False,,a,8,31,1,160,59,251,78,0.1,0.2,Gozo,,229.0,2026-08-18,2007-03-22,False,p559152,22,0,0,0,1,0,0,0,0,0,0,0,3,0.0,0.0,0.0,0.0,0,0,1,1,0,0.00,0.00,0.00,0.20,,,,,,,[],,528,218,540,226,500,196,544,225,0.0,0.0,0.0,0.0,0.82,4.09,372,222,306,141,284,129,577,241,0.0,0.0,4.09,Crystal Palace,CRY
True,True,0.0,0.0,128295,0,0,0,0,-89.4,-10,"[{'offset': 0, 'projected_percent': '-92.5', 'likelihood': -3}, {'offset': 1, 'projected_percent': '-99.3', 'likelihood': -4}, {'offset': 2, 'projected_percent': '-106.1', 'likelihood': -5}]",,False,0,3,0.0,0.0,0,Christian,0.0,21,False,Groin injury - Unknown return date,2026-08-15T20:00:06.779594Z,5.0,128295.jpg,0.0,False,Nørgaard,0.1,False,,i,9,11,0,150,48,3718,852,0.0,0.0,Nørgaard,,58.0,2026-08-05,1994-03-10,False,p128295,0,0,0,0,0,0,0,0,0,0,0,0,0,0.0,0.0,0.0,0.0,0,0,0,0,0,0.00,0.00,0.00,0.00,,,,,,,[],https://www.evertonfc.com/news/2026/august/21/everton-team-news-for-2026-27-premier-league-opener/,450,171,457,181,398,140,466,178,0.0,0.0,0.0,0.0,0.0,0.0,238,145,504,204,504,204,457,183,0.0,0.0,0.0,Everton,EVE
True,True,,,242898,0,0,0,0,-93.9,-22,"[{'offset': 0, 'projected_percent': '-103.7', 'likelihood': -5}, {'offset': 1, 'projected_percent': '-125.2', 'likelihood': -5}, {'offset': 2, 'projected_percent': '-146.8', 'likelihood': -5}]",,False,0,3,1.0,1.0,1,Brennan,1.0,209,False,,,6.0,242898.jpg,1.0,False,Johnson,0.1,False,,a,9,11,2,982,250,3835,1255,0.2,0.3,Johnson,,244.0,2026-08-11,2001-05-23,False,p242898,34,0,0,0,0,0,0,0,0,0,0,0,4,4.0,0.3,0.0,0.4,2,1,1,4,0,0.00,0.00,0.00,1.87,,,,,,,[],,225,98,266,141,598,258,272,127,0.0,0.0,0.0,0.0,4.95,0.0,73,49,257,124,323,158,383,147,0.0,0.0,10.59,Everton,EVE
True,True,,,111234,0,0,0,0,14.3,-75,"[{'offset': 0, 'projected_percent': '13.9', 'likelihood': 1}, {'offset': 1, 'projected_percent': '12.8', 'likelihood': 1}, {'offset': 2, 'projected_percent': '11.8', 'likelihood': 1}]",,False,0,1,5.0,5.0,3,Jordan,5.0,226,False,,,5.5,111234.jpg,5.0,False,Pickford,9.0,False,,a,9,11,10,89178,25639,52157,23967,0.9,1.8,Pickford,,241.0,2017-07-01,1994-03-07,False,p111234,180,0,0,1,1,0,0,0,0,0,8,0,56,31.8,0.0,0.0,3.2,4,23,0,0,2,0.00,0.02,0.02,4.12,,,,,,,[],,49,5,561,67,531,67,127,5,0.0,4.0,0.01,0.01,2.06,0.5,120,2,51,3,60,4,44,6,1.0,0.5,0.0,Everton,EVE
True,True,,,229600,0,0,0,0,-30.1,-2,"[{'offset': 0, 'projected_percent': '-33.7', 'likelihood': -2}, {'offset': 1, 'projected_percent': '-41.6', 'likelihood': -3}, {'offset': 2, 'projected_percent': '-49.6', 'likelihood': -3}]",,False,0,1,0.0,0.0,0,Mark,0.0,227,False,,,5.0,229600.jpg,0.0,False,Travers,0.0,False,,a,9,11,0,394,104,596,193,0.0,0.0,Travers,,104.0,2025-07-15,1999-05-18,False,p229600,0,0,0,0,0,0,0,0,0,0,0,0,0,0.0,0.0,0.0,0.0,0,0,0,0,0,0.00,0.00,0.00,0.00,,,,,,,[],,476,66,485,58,435,58,492,66,0.0,0.0,0.0,0.0,0.0,0.0,284,13,522,66,522,66,519,57,0.0,0.0,0.0,Everton,EVE
True,True,,,138001,0,0,0,0,-17.7,-1,"[{'offset': 0, 'projected_percent': '-19.4', 'likelihood': -1}, {'offset': 1, 'projected_percent': '-23.3', 'likelihood': -2}, {'offset': 2, 'projected_percent': '-27.2', 'likelihood': -2}]",,False,0,1,0.0,0.0,0,Tom,0.0,228,False,,,4.5,138001.jpg,0.0,False,King,0.0,False,,a,9,11,0,342,99,552,173,0.0,0.0,King,,244.0,2025-08-15,1995-03-09,False,p138001,0,0,0,0,0,0,0,0,0,0,0,0,0,0.0,0.0,0.0,0.0,0,0,0,0,0,0.00,0.00,0.00,0.00,,,,,,,[],,350,50,353,32,280,32,367,50,0.0,0.0,0.0,0.0,0.0,0.0,424,31,417,51,417,51,505,55,0.0,0.0,0.0,Everton,EVE
True,True,,,17761,0,0,0,0,28.9,581,"[{'offset': 0, 'projected_percent': '32.5', 'likelihood': 2}, {'offset': 1, 'projected_percent': '40.4', 'likelihood': 3}, {'offset': 2, 'projected_percent': '48.4', 'likelihood': 3}]",,False,1,2,9.0,9.0,12,James,9.0,229,True,,,6.0,17761.jpg,9.0,False,Tarkowski,9.7,False,,a,9,11,18,130468,87732,61329,24263,1.5,3.0,Tarkowski,,241.0,2022-07-01,1992-11-19,False,p17761,180,1,0,1,1,0,0,0,0,0,0,2,52,15.2,0.8,4.0,2.0,17,7,2,19,2,0.15,0.01,0.16,4.12,,,,,,,[],,115,53,232,80,139,46,181,70,0.08,0.0,0.0,0.08,2.06,0.5,58,5,8,2,13,5,41,14,1.0,0.5,9.5,Everton,EVE
True,True,,,480455,0,0,0,0,5.6,-2,"[{'offset': 0, 'projected_percent': '5.6', 'likelihood': 1}, {'offset': 1, 'projected_percent': '5.6', 'likelihood': 1}, {'offset': 2, 'projected_percent': '5.6', 'likelihood': 1}]",,False,0,2,5.0,5.0,4,Jarrad,5.0,230,False,,,5.5,480455.jpg,5.0,False,Branthwaite,1.8,False,,a,9,11,10,26172,7069,15323,6405,0.9,1.8,Branthwaite,,241.0,2020-06-20,2002-06-27,False,p480455,180,0,0,1,1,0,0,0,0,0,0,0,33,18.6,0.8,6.0,2.5,17,5,3,20,2,0.09,0.02,0.11,4.12,,,,,,,[],,92,39,231,79,119,37,152,59,0.04,0.0,0.01,0.05,2.06,0.5,180,24,53,20,63,23,133,54,1.0,0.5,10.0,Everton,EVE
True,True,,,106611,-1,1,-1,1,-4.0,-109,"[{'offset': 0, 'projected_percent': '-7.3', 'likelihood': -1}, {'offset': 1, 'projected_percent': '-14.7', 'likelihood': -1}, {'offset': 2, 'projected_percent': '-22.1', 'likelihood': -2}]",,False,0,2,0.0,0.0,0,Michael,0.0,231,False,,,4.9,106611.jpg,0.0,False,Keane,1.2,False,,a,9,11,0,4025,765,37741,12856,0.0,0.0,Keane,,241.0,2017-07-03,1993-01-11,False,p106611,0,0,0,0,0,0,0,0,0,0,0,0,0,0.0,0.0,0.0,0.0,0,0,0,0,0,0.00,0.00,0.00,0.00,,,,,,,[],,435,177,441,178,382,161,451,177,0.0,0.0,0.0,0.0,0.0,0.0,397,77,492,182,492,182,172,71,0.0,0.0,0.0,Everton,EVE
True,True,,,512462,-1,1,-1,1,-2.6,-23,"[{'offset': 0, 'projected_percent': '-4.8', 'likelihood': -1}, {'offset': 1, 'projected_percent': '-9.6', 'likelihood': -1}, {'offset': 2, 'projected_percent': '-14.4', 'likelihood': -1}]",,False,0,2,0.0,0.0,0,Jake,0.0,232,False,,,4.9,512462.jpg,0.0,False,O'Brien,0.4,False,,a,9,11,0,1768,365,10862,3133,0.0,0.0,O'Brien,,104.0,2024-07-30,2001-05-15,False,p512462,0,0,0,0,0,0,0,0,0,0,0,0,0,0.0,0.0,0.0,0.0,0,0,0,0,0,0.00,0.00,0.00,0.00,,,,,,,[],,439,178,445,179,386,162,455,178,0.0,0.0,0.0,0.0,0.0,0.0,401,78,496,183,496,183,275,104,0.0,0.0,0.0,Everton,EVE
True,True,,,224967,0,0,0,0,7.4,40,"[{'offset': 0, 'projected_percent': '7.7', 'likelihood': 1}, {'offset': 1, 'projected_percent': '8.2', 'likelihood': 1}, {'offset': 2, 'projected_percent': '8.8', 'likelihood': 1}]",,False,0,2,5.0,5.0,4,Vitalii,5.0,233,False,,,4.5,224967.jpg,5.0,False,Mykolenko,1.7,False,,a,9,11,10,37510,15726,16013,6943,1.1,2.2,Mykolenko,,225.0,2022-01-01,1999-05-29,False,p224967,180,0,0,1,1,0,0,0,0,0,0,0,34,12.8,13.8,2.0,2.9,15,11,1,16,2,0.00,0.06,0.06,4.12,,,,,,,[],,136,63,91,26,160,56,135,53,0.0,0.0,0.03,0.03,2.06,0.5,450,107,47,18,56,21,145,58,1.0,0.5,8.0,Everton,EVE
True,True,,,243571,0,0,0,0,-29.0,-2,"[{'offset': 0, 'projected_percent': '-33.0', 'likelihood': -2}, {'offset': 1, 'projected_percent': '-41.6', 'likelihood': -3}, {'offset': 2, 'projected_percent': '-50.3', 'likelihood': -3}]",,False,0,2,0.0,0.0,0,Nathan,0.0,234,False,,,4.5,243571.jpg,0.0,False,Patterson,0.0,False,,a,9,11,0,296,89,537,168,0.0,0.0,Patterson,,243.0,2022-01-04,2001-10-16,False,p243571,0,0,0,0,0,0,0,0,0,0,0,0,0,0.0,0.0,0.0,0.0,0,0,0,0,0,0.00,0.00,0.00,0.00,,,,,,,[],,371,155,376,159,308,136,388,156,0.0,0.0,0.0,0.0,0.0,0.0,463,116,433,163,433,163,529,184,0.0,0.0,0.0,Everton,EVE
True,True,,,499300,0,0,0,0,-17.6,-5,"[{'offset': 0, 'projected_percent': '-19.4', 'likelihood': -1}, {'offset': 1, 'projected_percent': '-23.3', 'likelihood': -2}, {'offset': 2, 'projected_percent': '-27.3', 'likelihood': -2}]",,False,0,2,0.0,0.0,0,Adam,0.0,235,False,,,4.0,499300.jpg,0.0,False,Aznou,0.2,False,,a,9,11,0,1457,448,2430,742,0.0,0.0,Aznou,,145.0,2025-07-29,2006-06-02,False,p499300,0,0,0,0,0,0,0,0,0,0,0,0,0,0.0,0.0,0.0,0.0,0,0,0,0,0,0.00,0.00,0.00,0.00,,,,,,,[],,314,117,314,119,235,87,331,118,0.0,0.0,0.0,0.0,0.0,0.0,599,182,382,131,382,131,355,133,0.0,0.0,0.0,Everton,EVE
True,True,,,215413,0,0,0,0,44.7,-176,"[{'offset': 0, 'projected_percent': '43.6', 'likelihood': 3}, {'offset': 1, 'projected_percent': '41.2', 'likelihood': 3}, {'offset': 2, 'projected_percent': '38.8', 'likelihood': 2}]",,False,0,3,6.5,6.5,2,Kiernan,6.5,236,False,,,6.5,215413.jpg,6.5,False,Dewsbury-Hall,4.6,False,,a,9,11,13,154480,21833,58617,31666,1.0,2.0,Dewsbury-Hall,,241.0,2025-08-06,1998-09-06,False,p215413,180,1,0,1,1,0,0,0,0,0,0,3,64,42.8,28.3,27.0,9.8,1,12,5,18,2,0.18,0.33,0.51,4.08,2.0,,,,,,[],,20,10,32,24,35,19,16,12,0.09,0.0,0.16,0.25,2.04,0.5,35,23,27,16,33,19,78,25,1.0,0.5,9.0,Everton,EVE
True,True,,,440993,0,0,0,0,13.1,-749,"[{'offset': 0, 'projected_percent': '8.4', 'likelihood': 1}, {'offset': 1, 'projected_percent': '-1.2', 'likelihood': -1}, {'offset': 2, 'projected_percent': '-8.2', 'likelihood': -1}]",,False,0,3,6.5,6.5,4,Iliman,6.5,237,False,,,6.0,440993.jpg,6.5,False,Ndiaye,15.2,False,,a,9,11,13,157737,35049,145483,85463,1.1,2.2,Ndiaye,Iliman Ndiaye,189.0,2024-07-03,2000-03-06,False,p440993,180,0,1,1,1,0,0,0,0,0,0,1,52,40.8,39.8,48.0,12.9,5,15,5,25,2,0.26,0.39,0.65,4.12,,,,,1.0,,[],,25,13,15,13,9,6,5,4,0.13,0.0,0.2,0.33,2.06,0.5,77,51,25,14,31,17,28,10,1.0,0.5,12.5,Everton,EVE
True,True,100.0,100.0,232928,0,0,0,0,-13.5,-2,"[{'offset': 0, 'projected_percent': '-14.5', 'likelihood': -1}, {'offset': 1, 'projected_percent': '-16.6', 'likelihood': -1}, {'offset': 2, 'projected_percent': '-18.7', 'likelihood': -1}]",,False,0,3,1.0,1.0,1,James,1.0,239,False,,2026-07-25T14:30:10.455878Z,6.0,232928.jpg,1.0,False,Garner,0.1,False,,a,9,11,2,2398,865,2859,1210,0.2,0.3,Garner,,241.0,2022-09-01,2001-03-13,False,p232928,72,0,0,0,1,0,0,0,1,0,0,0,15,4.8,11.8,2.0,1.9,0,7,4,11,1,0.00,0.03,0.03,0.92,1.0,,1.0,,3.0,,[],,215,91,109,65,184,94,187,84,0.0,0.0,0.04,0.04,1.15,1.25,72,48,256,123,322,157,390,153,1.25,0.0,13.75,Everton,EVE
True,True,100.0,0.0,490094,0,0,0,0,0.0,0,"[{'offset': 0, 'projected_percent': '0.0', 'likelihood': 0}, {'offset': 1, 'projected_percent': '0.0', 'likelihood': 0}, {'offset': 2, 'projected_percent': '0.0', 'likelihood': 0}]",2026-09-06T14:30:08.427579Z,False,0,3,0.5,0.0,1,Tim,0.5,240,False,,2026-08-15T20:00:06.878792Z,5.0,490094.jpg,1.0,False,Iroegbunam,0.0,False,,a,9,11,1,61,40,422,74,0.1,0.2,Iroegbunam,,241.0,2024-06-22,2003-06-30,False,p490094,4,0,0,0,0,0,0,0,0,0,0,0,2,0.0,0.0,0.0,0.0,0,0,0,0,0,0.00,0.00,0.00,0.00,,,,,,,[],,505,203,517,212,474,179,521,210,0.0,0.0,0.0,0.0,0.0,0.0,331,193,298,135,273,121,587,249,0.0,0.0,0.0,Everton,EVE
True,True,,,550615,0,0,0,0,-10.5,-11,"[{'offset': 0, 'projected_percent': '-13.2', 'likelihood': -1}, {'offset': 1, 'projected_percent': '-19.2', 'likelihood': -1}, {'offset': 2, 'projected_percent': '-25.1', 'likelihood': -2}]",,False,0,3,2.5,2.5,2,Tyrique,2.5,242,False,,,5.5,550615.jpg,2.5,False,George,0.3,False,,a,9,11,5,2939,666,4048,1566,0.5,0.9,George,,241.0,2026-07-06,2006-02-04,False,p550615,144,0,0,1,1,0,0,0,0,0,0,0,25,7.0,23.4,25.0,5.5,3,5,1,9,2,0.23,0.09,0.32,2.25,,,,,,,[],,190,75,50,32,37,21,65,34,0.14,0.0,0.06,0.2,1.41,0.62,198,126,137,64,145,66,310,108,1.25,0.62,5.62,Everton,EVE
True,True,,,502697,0,0,0,0,-32.8,-1,"[{'offset': 0, 'projected_percent': '-33.5', 'likelihood': -2}, {'offset': 1, 'projected_percent': '-35.1', 'likelihood': -2}, {'offset': 2, 'projected_percent': '-36.7', 'likelihood': -2}]",,False,0,3,0.5,0.5,0,Carlos,0.5,243,False,,,5.0,502697.jpg,0.5,False,Alcaraz Durán,0.1,False,,a,9,11,1,1067,314,1812,674,0.1,0.2,Alcaraz,,10.0,2025-07-01,2002-11-30,False,p502697,5,0,0,0,0,0,0,0,1,0,0,0,5,5.0,0.3,17.0,2.2,0,2,1,3,0,0.05,0.02,0.07,0.04,,,,,,,[],,213,89,261,137,55,30,165,75,0.9,0.0,0.36,1.26,0.72,0.0,346,202,301,138,341,167,434,174,0.0,0.0,54.0,Everton,EVE
True,True,,,609873,0,0,0,0,7.2,23,"[{'offset': 0, 'projected_percent': '7.3', 'likelihood': 1}, {'offset': 1, 'projected_percent': '7.6', 'likelihood': 1}, {'offset': 2, 'projected_percent': '7.9', 'likelihood': 1}]",,False,0,3,5.0,5.0,2,Harrison,5.0,244,False,,,5.0,609873.jpg,5.0,False,Armstrong,0.3,False,,a,9,11,10,21570,8784,5355,2888,1.0,2.0,Armstrong,,241.0,2024-08-09,2007-01-19,False,p609873,176,0,1,1,1,0,0,0,0,0,0,0,37,28.8,14.7,4.0,4.8,6,14,5,25,2,0.00,0.07,0.07,4.12,,,,,,,[],,55,22,83,53,135,67,81,42,0.0,0.0,0.04,0.04,2.11,0.51,381,229,50,26,59,30,295,100,1.02,0.51,12.78,Everton,EVE
True,True,,,496661,-1,1,-1,1,-1.6,6,"[{'offset': 0, 'projected_percent': '0.0', 'likelihood': 0}, {'offset': 1, 'projected_percent': '0.1', 'likelihood': 1}, {'offset': 2, 'projected_percent': '0.2', 'likelihood': 1}]",,False,0,3,0.0,0.0,0,Tyler,0.0,245,False,,,5.4,496661.jpg,0.0,False,Dibling,0.0,False,,a,9,11,0,291,90,1058,307,0.0,0.0,Dibling,,241.0,2025-08-25,2006-02-17,False,p496661,0,0,0,0,0,0,0,0,0,0,0,0,0,0.0,0.0,0.0,0.0,0,0,0,0,0,0.00,0.00,0.00,0.00,,,,,,,[],,545,228,557,236,525,213,559,234,0.0,0.0,0.0,0.0,0.0,0.0,222,137,577,244,577,244,527,218,0.0,0.0,0.0,Everton,EVE
True,True,,,513466,0,0,0,0,-12.7,0,"[{'offset': 0, 'projected_percent': '-12.7', 'likelihood': -1}, {'offset': 1, 'projected_percent': '-12.7', 'likelihood': -1}, {'offset': 2, 'projected_percent': '-12.7', 'likelihood': -1}]",,False,0,3,2.5,2.5,2,Merlin,2.5,246,False,,,5.0,513466.jpg,2.5,False,Röhl,0.1,False,,a,9,11,5,727,209,998,362,0.5,1.0,Röhl,,80.0,2026-06-15,2002-07-05,False,p513466,175,0,0,1,1,0,0,0,0,0,0,0,25,13.8,13.0,2.0,2.9,4,9,5,18,2,0.00,0.07,0.07,4.12,,,,,,,[],,128,41,100,62,173,85,136,62,0.0,0.0,0.04,0.04,2.12,0.51,350,204,127,58,136,60,479,195,1.03,0.51,9.26,Everton,EVE
True,True,100.0,50.0,244860,0,0,0,0,-13.4,-22,"[{'offset': 0, 'projected_percent': '-19.5', 'likelihood': -1}, {'offset': 1, 'projected_percent': '-32.9', 'likelihood': -2}, {'offset': 2, 'projected_percent': '-46.3', 'likelihood': -3}]",,False,0,3,2.0,1.0,1,Hayden,2.0,247,False,,2026-08-26T22:00:07.797766Z,5.5,244860.jpg,2.0,False,Hackney,0.2,False,,a,9,11,4,1040,196,4792,1590,0.4,0.7,Hackney,,241.0,2026-07-02,2002-06-26,False,p244860,106,0,0,1,0,0,0,0,0,0,0,0,19,8.6,12.2,5.0,2.6,3,5,2,10,1,0.01,0.02,0.03,3.20,3.0,,,,,,[],,174,68,104,63,126,63,149,67,0.01,0.0,0.02,0.03,2.72,0.0,153,94,156,74,171,82,322,113,0.85,0.85,8.49,Everton,EVE
True,True,,,486385,-1,1,-1,1,-3.2,-153,"[{'offset': 0, 'projected_percent': '-5.9', 'likelihood': -1}, {'offset': 1, 'projected_percent': '-12.0', 'likelihood': -1}, {'offset': 2, 'projected_percent': '-18.0', 'likelihood': -1}]",,False,0,4,1.0,1.0,1,Norberto Bercique,1.0,248,False,,,5.4,486385.jpg,1.0,False,Gomes Betuncal,2.1,False,,a,9,11,2,11046,3337,62413,19602,0.2,0.4,Beto,Beto,90.0,2023-08-29,1998-01-31,False,p486385,31,0,0,0,0,0,0,0,0,0,0,0,5,0.0,0.0,2.0,0.2,1,0,0,1,0,0.09,0.00,0.09,1.92,,,,,4.0,,[],,543,47,555,55,175,28,285,30,0.26,0.0,0.0,0.26,5.57,0.0,220,48,242,26,295,31,128,20,0.0,0.0,2.9,Everton,EVE
True,True,,,586309,0,0,0,0,69.1,290,"[{'offset': 0, 'projected_percent': '70.9', 'likelihood': 3}, {'offset': 1, 'projected_percent': '74.9', 'likelihood': 3}, {'offset': 2, 'projected_percent': '78.9', 'likelihood': 3}]",,False,0,4,5.0,5.0,2,Thierno,5.0,249,False,,,5.5,586309.jpg,5.0,False,Barry,3.9,False,,a,9,11,10,209657,59392,50800,28372,0.9,1.8,Barry,,73.0,2025-07-09,2002-10-21,False,p586309,147,1,0,1,1,0,0,0,0,0,0,2,43,38.0,19.0,41.0,9.8,2,3,1,6,2,1.93,0.09,2.02,2.20,,,,,2.0,,[],,31,3,65,5,14,4,15,3,1.18,0.0,0.06,1.24,1.35,0.61,207,42,55,5,65,7,89,13,1.22,0.61,3.67,Everton,EVE
True,True,,,80201,0,0,0,0,1.7,10,"[{'offset': 0, 'projected_percent': '1.8', 'likelihood': 1}, {'offset': 1, 'projected_percent': '1.9', 'likelihood': 1}, {'offset': 2, 'projected_percent': '2.0', 'likelihood': 1}]",,False,0,1,2.5,2.5,3,Bernd,2.5,250,False,,,4.5,80201.jpg,2.5,False,Leno,3.0,False,,a,10,54,5,21641,9467,19008,7479,0.6,1.1,Leno,,80.0,2022-08-02,1992-03-04,False,p80201,180,0,0,0,4,0,0,0,0,0,6,0,22,29.6,0.0,0.0,3.0,3,17,0,0,2,0.00,0.00,0.00,4.26,,,,,,,[],,53,7,343,25,268,25,130,7,0.0,3.0,0.0,0.0,2.13,2.0,409,24,117,9,126,9,109,18,1.0,0.0,0.0,Fulham,FUL
True,True,,,86873,0,0,0,0,-9.7,-10,"[{'offset': 0, 'projected_percent': '-10.2', 'likelihood': -1}, {'offset': 1, 'projected_percent': '-11.4', 'likelihood': -1}, {'offset': 2, 'projected_percent': '-12.6', 'likelihood': -1}]",,False,0,1,0.0,0.0,0,Benjamin,0.0,251,False,,,4.0,86873.jpg,0.0,False,Lecomte,1.2,False,,a,10,54,0,3167,1675,6118,1990,0.0,0.0,Lecomte,,73.0,2025-07-26,1991-04-26,False,p86873,0,0,0,0,0,0,0,0,0,0,0,0,0,0.0,0.0,0.0,0.0,0,0,0,0,0,0.00,0.00,0.00,0.00,,,,,,,[],,287,27,284,7,202,7,303,27,0.0,0.0,0.0,0.0,0.0,0.0,557,55,356,28,356,28,179,26,0.0,0.0,0.0,Fulham,FUL
True,True,,,505079,0,0,0,0,0.2,8,"[{'offset': 0, 'projected_percent': '0.3', 'likelihood': 1}, {'offset': 1, 'projected_percent': '0.4', 'likelihood': 1}, {'offset': 2, 'projected_percent': '0.5', 'likelihood': 1}]",,False,0,1,0.0,0.0,0,Alfie,0.0,252,False,,,4.0,505079.jpg,0.0,False,McNally,0.2,False,,a,10,54,0,1850,1045,982,362,0.0,0.0,McNally,,,,,False,p505079,0,0,0,0,0,0,0,0,0,0,0,0,0,0.0,0.0,0.0,0.0,0,0,0,0,0,0.00,0.00,0.00,0.00,,,,,,,[],,317,41,317,21,238,21,334,41,0.0,0.0,0.0,0.0,0.0,0.0,602,69,385,42,385,42,360,39,0.0,0.0,0.0,Fulham,FUL
True,True,100.0,100.0,174874,0,0,0,0,0.0,0,"[{'offset': 0, 'projected_percent': '0.0', 'likelihood': 0}, {'offset': 1, 'projected_percent': '0.0', 'likelihood': 0}, {'offset': 2, 'projected_percent': '0.0', 'likelihood': 0}]",2026-09-01T21:00:07.729855Z,False,0,2,0.5,0.5,1,Joachim,0.5,253,False,,2026-07-23T12:01:23.516350Z,5.0,174874.jpg,1.0,False,Andersen,0.1,False,,a,10,54,1,4207,1893,1337,707,0.1,0.2,Andersen,,58.0,2024-08-23,1996-05-31,False,p174874,90,0,0,0,1,0,0,0,1,0,0,0,4,0.0,0.0,0.0,0.0,8,2,0,8,1,0.00,0.04,0.04,2.02,,,,,,,[],,459,182,468,183,410,166,475,182,0.0,0.0,0.04,0.04,2.02,1.0,251,39,285,104,257,98,412,146,1.0,0.0,8.0,Fulham,FUL
True,True,,,169528,0,0,0,0,1.4,-3,"[{'offset': 0, 'projected_percent': '1.4', 'likelihood': 1}, {'offset': 1, 'projected_percent': '1.3', 'likelihood': 1}, {'offset': 2, 'projected_percent': '1.3', 'likelihood': 1}]",,False,0,2,1.5,1.5,2,Antonee,1.5,254,False,,,4.5,169528.jpg,1.5,False,Robinson,1.6,False,,a,10,54,3,15364,4183,14812,5383,0.3,0.7,Robinson,Antonee Robinson,229.0,2020-08-20,1997-08-08,False,p169528,171,0,0,0,4,0,0,0,0,0,0,0,14,21.6,25.2,3.0,5.0,4,7,6,10,2,0.13,0.06,0.19,4.23,,,,,2.0,,[],,76,36,46,15,147,48,74,25,0.07,0.0,0.03,0.1,2.23,2.11,430,92,173,61,192,63,149,61,1.05,0.0,5.26,Fulham,FUL
True,True,,,246301,0,0,0,0,0.2,-2,"[{'offset': 0, 'projected_percent': '0.2', 'likelihood': 1}, {'offset': 1, 'projected_percent': '0.2', 'likelihood': 1}, {'offset': 2, 'projected_percent': '0.2', 'likelihood': 1}]",,False,0,2,1.5,1.5,0,Jorge,1.5,255,False,,,4.5,246301.jpg,3.0,False,Cuenca Barreno,0.0,False,,a,10,54,3,1002,221,486,227,0.3,0.7,J.Cuenca,,200.0,2024-08-03,1999-11-17,False,p246301,90,0,0,0,3,0,0,0,0,0,0,0,7,32.8,21.3,0.0,5.4,9,3,1,10,1,0.00,0.03,0.03,2.24,,,,,,,[],,44,16,60,18,310,138,66,22,0.0,0.0,0.03,0.03,2.24,3.0,466,119,174,62,104,39,524,183,1.0,0.0,10.0,Fulham,FUL
True,True,,,167074,0,0,0,0,-42.9,-15,"[{'offset': 0, 'projected_percent': '-46.7', 'likelihood': -3}, {'offset': 1, 'projected_percent': '-55.3', 'likelihood': -3}, {'offset': 2, 'projected_percent': '-63.8', 'likelihood': -3}]",,False,0,2,0.0,0.0,0,Kenny,0.0,256,False,,,4.5,167074.jpg,0.0,False,Tete,0.3,False,,a,10,54,0,505,167,3008,947,0.0,0.0,Tete,,152.0,2020-09-10,1995-10-09,False,p167074,0,0,0,0,0,0,0,0,0,0,0,0,0,0.0,0.0,0.0,0.0,0,0,0,0,0,0.00,0.00,0.00,0.00,,,,,,,[],,352,143,356,147,283,120,369,144,0.0,0.0,0.0,0.0,0.0,0.0,429,91,419,156,419,156,314,116,0.0,0.0,0.0,Fulham,FUL
True,True,,,232892,0,0,0,0,1.0,-1,"[{'offset': 0, 'projected_percent': '1.0', 'likelihood': 1}, {'offset': 1, 'projected_percent': '1.0', 'likelihood': 1}, {'offset': 2, 'projected_percent': '1.0', 'likelihood': 1}]",,False,0,2,1.0,1.0,2,Calvin,1.0,257,False,,,4.5,232892.jpg,1.0,False,Bassey,0.8,False,,a,10,54,2,9148,2285,8586,2544,0.2,0.4,Bassey,,157.0,2023-07-28,1999-12-31,False,p232892,180,0,0,0,4,0,0,0,1,0,0,0,14,13.8,3.8,2.0,2.0,9,10,2,11,2,0.02,0.03,0.05,4.26,,,,,,,[],,127,59,155,46,161,57,176,67,0.01,0.0,0.02,0.03,2.13,2.0,457,112,216,77,241,87,220,81,1.0,0.0,5.5,Fulham,FUL
True,True,,,166477,0,0,0,0,6.1,91,"[{'offset': 0, 'projected_percent': '6.7', 'likelihood': 1}, {'offset': 1, 'projected_percent': '7.9', 'likelihood': 1}, {'offset': 2, 'projected_percent': '9.1', 'likelihood': 1}]",,False,0,2,6.0,6.0,6,Timothy,6.0,258,False,,,4.5,166477.jpg,6.0,False,Castagne,0.6,False,,a,10,54,12,23096,11000,4897,2282,1.3,2.7,Castagne,,21.0,2023-08-29,1995-12-05,False,p166477,157,0,2,1,3,0,0,0,1,0,0,0,39,38.0,27.8,23.0,8.9,6,6,2,8,2,0.09,0.18,0.27,2.50,,,,,,,[],,30,10,35,9,41,9,22,3,0.05,0.0,0.1,0.15,1.43,1.72,428,90,31,10,37,13,236,88,1.15,0.57,4.59,Fulham,FUL
True,True,,,153133,0,0,0,0,-24.9,-42,"[{'offset': 0, 'projected_percent': '-27.9', 'likelihood': -2}, {'offset': 1, 'projected_percent': '-34.3', 'likelihood': -2}, {'offset': 2, 'projected_percent': '-40.8', 'likelihood': -3}]",,False,0,3,2.0,2.0,2,Alex,2.0,261,False,,,5.5,153133.jpg,2.0,False,Iwobi,0.9,False,,a,10,54,4,8276,2181,15092,5696,0.4,0.7,Iwobi,,157.0,2023-09-01,1996-05-03,False,p153133,180,0,0,0,4,0,0,0,0,0,0,0,37,12.4,11.3,0.0,2.4,4,8,2,14,2,0.01,0.44,0.45,4.26,1.0,,1.0,,3.0,,[],,142,48,116,68,533,218,159,72,0.0,0.0,0.22,0.22,2.13,2.0,123,79,153,73,169,81,198,63,1.0,0.0,7.0,Fulham,FUL
True,True,,,209289,0,0,0,0,-63.9,-20,"[{'offset': 0, 'projected_percent': '-67.6', 'likelihood': -3}, {'offset': 1, 'projected_percent': '-75.7', 'likelihood': -3}, {'offset': 2, 'projected_percent': '-83.8', 'likelihood': -3}]",,False,0,3,0.5,0.5,1,Emile,0.5,262,False,,,5.5,209289.jpg,1.0,False,Smith Rowe,0.4,False,,a,10,54,1,1953,539,7019,2271,0.1,0.2,Smith Rowe,,241.0,2024-08-02,2000-07-28,False,p209289,14,0,0,0,0,0,0,0,0,0,0,0,5,0.0,0.0,0.0,0.0,0,1,0,1,0,0.06,0.02,0.08,0.41,,,,,,,[],,558,235,573,243,547,226,572,241,0.39,0.0,0.13,0.52,2.64,0.0,142,88,319,152,303,144,287,94,0.0,0.0,6.43,Fulham,FUL
True,True,,,560552,0,0,0,0,-71.3,-4,"[{'offset': 0, 'projected_percent': '-76.2', 'likelihood': -3}, {'offset': 1, 'projected_percent': '-87.2', 'likelihood': -3}, {'offset': 2, 'projected_percent': '-98.1', 'likelihood': -4}]",,False,0,3,1.0,1.0,1,Kevin,1.0,263,False,,,5.5,560552.jpg,1.0,False,Santos Lopes de Macedo,0.1,False,,a,10,54,2,564,145,1365,503,0.2,0.4,Kevin,Kevin,30.0,2025-09-01,2003-01-04,False,p560552,24,0,0,0,0,0,0,0,0,0,0,0,4,5.2,1.9,0.0,0.7,0,1,2,3,0,0.00,0.05,0.05,0.20,3.0,,,,,,[],,209,86,189,110,577,247,248,111,0.0,0.0,0.19,0.19,0.75,0.0,200,128,251,120,313,150,489,200,0.0,0.0,11.25,Fulham,FUL
True,True,,,477555,0,0,0,0,0.8,2,"[{'offset': 0, 'projected_percent': '0.8', 'likelihood': 1}, {'offset': 1, 'projected_percent': '0.9', 'likelihood': 1}, {'offset': 2, 'projected_percent': '0.9', 'likelihood': 1}]",,False,0,3,2.5,2.5,3,Oscar,2.5,264,False,,,5.5,477555.jpg,2.5,False,Bobb,0.3,False,,a,10,54,5,6050,1530,5043,2046,0.5,0.9,Bobb,,161.0,2026-01-30,2003-07-12,False,p477555,133,0,0,1,3,0,0,0,0,0,0,0,18,9.8,13.8,6.0,3.0,2,4,5,11,2,0.00,0.27,0.27,2.47,2.0,,,,,,[],,165,62,93,59,118,60,132,61,0.0,0.0,0.18,0.18,1.67,2.03,179,112,133,61,141,63,290,96,1.35,0.68,7.44,Fulham,FUL
True,True,,,207189,0,0,0,0,-26.5,-20,"[{'offset': 0, 'projected_percent': '-29.9', 'likelihood': -2}, {'offset': 1, 'projected_percent': '-37.5', 'likelihood': -2}, {'offset': 2, 'projected_percent': '-45.0', 'likelihood': -3}]",,False,0,3,2.0,2.0,2,Sander,2.0,265,False,,,5.0,207189.jpg,2.0,False,Berge,0.4,False,,a,10,54,4,2142,677,5079,1746,0.4,0.8,Berge,,161.0,2024-08-22,1998-02-14,False,p207189,154,0,0,0,4,0,0,0,0,0,0,0,28,13.6,23.1,7.0,4.4,1,4,1,6,2,0.03,0.23,0.26,4.06,,,,,,,[],,129,42,52,34,104,53,91,48,0.02,0.0,0.13,0.15,2.37,2.34,261,161,148,69,159,74,281,90,1.17,0.0,3.51,Fulham,FUL
True,True,0.0,0.0,76357,0,0,0,0,-71.0,0,"[{'offset': 0, 'projected_percent': '-71.0', 'likelihood': -3}, {'offset': 1, 'projected_percent': '-71.0', 'likelihood': -3}, {'offset': 2, 'projected_percent': '-71.0', 'likelihood': -3}]",,False,0,3,0.0,0.0,0,Tom,0.0,266,False,Knee injury - Expected back 10 Oct,2026-08-14T18:00:06.460944Z,5.0,76357.jpg,0.0,False,Cairney,0.0,False,,i,10,54,0,17,5,149,34,0.0,0.0,Cairney,,243.0,2015-07-07,1991-01-20,False,p76357,0,0,0,0,0,0,0,0,0,0,0,0,0,0.0,0.0,0.0,0.0,0,0,0,0,0,0.00,0.00,0.00,0.00,,,,,,,[],https://www.fulhamfc.com/news/2026/august/21/team-news-joachim-andersen-tom-cairney-absent-for-chelsea/,443,169,449,179,390,138,459,176,0.0,0.0,0.0,0.0,0.0,0.0,228,142,500,203,500,203,609,264,0.0,0.0,0.0,Fulham,FUL
True,True,,,577725,0,0,0,0,16.0,11,"[{'offset': 0, 'projected_percent': '16.1', 'likelihood': 1}, {'offset': 1, 'projected_percent': '16.2', 'likelihood': 1}, {'offset': 2, 'projected_percent': '16.4', 'likelihood': 1}]",,False,0,3,4.5,4.5,2,Josh,4.5,268,False,,,5.5,577725.jpg,4.5,False,King,0.6,False,,a,10,54,9,42427,7744,8254,4090,0.8,1.6,King,,241.0,2024-02-02,2007-01-03,False,p577725,180,1,0,0,4,0,0,0,0,0,0,0,42,41.6,15.6,41.0,9.8,3,5,4,12,2,0.64,0.07,0.71,4.26,,,,,,,[],,23,12,77,48,13,8,14,11,0.32,0.0,0.04,0.36,2.13,2.0,205,131,67,33,77,37,233,79,1.0,0.0,6.0,Fulham,FUL
True,True,,,184349,0,0,0,0,-29.8,-8,"[{'offset': 0, 'projected_percent': '-31.0', 'likelihood': -2}, {'offset': 1, 'projected_percent': '-33.9', 'likelihood': -2}, {'offset': 2, 'projected_percent': '-36.7', 'likelihood': -2}]",,False,0,2,1.0,1.0,1,Ryan,1.0,269,False,,,4.5,184349.jpg,1.0,False,Sessegnon,0.4,False,,a,10,54,2,1259,300,4500,1486,0.2,0.4,Sessegnon,,241.0,2024-07-26,2000-05-18,False,p184349,39,0,0,0,1,0,0,0,0,0,0,0,10,6.6,0.5,19.0,2.6,1,2,1,2,0,0.05,0.12,0.17,1.80,,,,,,,[],,194,86,249,90,46,11,147,58,0.12,0.0,0.28,0.4,4.15,2.31,434,94,213,74,235,81,273,102,0.0,0.0,4.62,Fulham,FUL
True,True,,,153366,0,0,0,0,-30.1,-20,"[{'offset': 0, 'projected_percent': '-31.1', 'likelihood': -2}, {'offset': 1, 'projected_percent': '-33.1', 'likelihood': -2}, {'offset': 2, 'projected_percent': '-35.2', 'likelihood': -2}]",,False,0,3,0.0,0.0,0,Harrison,0.0,270,False,,,4.5,153366.jpg,0.0,False,Reed,1.4,False,,a,10,54,0,8634,3052,21244,6741,0.0,0.0,Reed,,241.0,2020-08-30,1995-01-27,False,p153366,0,0,0,0,0,0,0,0,0,0,0,0,0,0.0,0.0,0.0,0.0,0,0,0,0,0,0.00,0.00,0.00,0.00,,,,,,,[],,351,136,355,146,282,102,368,143,0.0,0.0,0.0,0.0,0.0,0.0,426,246,418,171,418,171,165,49,0.0,0.0,0.0,Fulham,FUL
True,True,,,244042,0,0,0,0,-53.7,-16,"[{'offset': 0, 'projected_percent': '-55.6', 'likelihood': -3}, {'offset': 1, 'projected_percent': '-59.9', 'likelihood': -3}, {'offset': 2, 'projected_percent': '-64.3', 'likelihood': -3}]",,False,0,4,0.5,0.5,0,Rodrigo,0.5,271,False,,,5.5,244042.jpg,1.0,False,Muniz Carvalho,0.5,False,,a,10,54,1,4256,1444,10794,3904,0.1,0.2,Muniz,Rodrigo Muniz,30.0,2021-08-20,2001-05-04,False,p244042,8,0,0,0,0,0,0,0,0,0,0,0,6,6.0,11.5,7.0,2.5,1,0,0,1,0,0.02,0.00,0.02,0.03,,,,,,,[],,202,13,112,13,108,22,151,15,0.22,0.0,0.0,0.22,0.34,0.0,152,36,323,36,306,33,255,41,0.0,0.0,11.25,Fulham,FUL
True,True,,,631786,0,0,0,0,-7.7,30,"[{'offset': 0, 'projected_percent': '-7.4', 'likelihood': -1}, {'offset': 1, 'projected_percent': '-6.8', 'likelihood': -1}, {'offset': 2, 'projected_percent': '-6.2', 'likelihood': -1}]",,False,0,4,0.0,0.0,0,Jonah,0.0,272,False,,,4.5,631786.jpg,0.0,False,Kusi-Asare,6.8,False,,a,10,54,0,43655,19967,67858,23581,0.0,0.0,Kusi-Asare,,206.0,2026-06-27,2007-07-04,False,p631786,0,0,0,0,0,0,0,0,0,0,0,0,0,0.0,0.0,0.0,0.0,0,0,0,0,0,0.00,0.00,0.00,0.00,,,,,,,[],,428,35,434,42,375,41,444,44,0.0,0.0,0.0,0.0,0.0,0.0,541,73,485,52,485,52,59,9,0.0,0.0,0.0,Fulham,FUL
True,True,,,551466,0,0,0,0,80.5,72,"[{'offset': 0, 'projected_percent': '81.0', 'likelihood': 3}, {'offset': 1, 'projected_percent': '81.9', 'likelihood': 3}, {'offset': 2, 'projected_percent': '82.9', 'likelihood': 3}]",,False,0,4,4.0,4.0,2,Gonzalo,4.0,569,False,,,6.0,551466.jpg,4.0,False,García,4.4,False,,a,10,54,8,212119,59901,42846,25639,0.7,1.3,Gonzalo,,200.0,2026-08-03,2004-03-24,False,p551466,180,1,0,0,4,0,0,0,0,0,0,0,35,37.2,4.3,40.0,8.2,2,3,1,6,2,1.00,0.02,1.02,4.26,,,,,1.0,,[],,34,4,150,18,16,6,30,6,0.5,0.0,0.01,0.51,2.13,2.0,94,24,82,10,93,15,80,12,1.0,0.0,3.0,Fulham,FUL
True,True,,,571779,0,0,0,0,-34.8,-9,"[{'offset': 0, 'projected_percent': '-37.9', 'likelihood': -2}, {'offset': 1, 'projected_percent': '-44.7', 'likelihood': -3}, {'offset': 2, 'projected_percent': '-51.5', 'likelihood': -3}]",,False,0,3,1.5,1.5,1,César,1.5,570,False,,,5.5,571779.jpg,1.5,False,Palacios,0.2,False,,a,10,54,3,1234,324,2900,1116,0.3,0.5,Palacios,,200.0,2026-08-03,2004-11-11,False,p571779,147,0,0,0,4,0,0,0,1,0,0,0,16,2.8,7.3,8.0,1.8,3,8,2,13,2,0.18,0.01,0.19,3.83,,,,,,,[],,240,109,132,78,98,49,194,86,0.11,0.0,0.01,0.12,2.34,2.45,203,130,195,91,212,101,339,123,1.22,0.0,7.96,Fulham,FUL
True,True,,,463210,0,0,0,0,-27.3,0,"[{'offset': 0, 'projected_percent': '-27.3', 'likelihood': -2}, {'offset': 1, 'projected_percent': '-27.3', 'likelihood': -2}, {'offset': 2, 'projected_percent': '-27.3', 'likelihood': -2}]",,False,0,3,1.0,1.0,1,Shea,1.0,580,False,,,5.0,463210.jpg,1.0,False,Charles,0.1,False,,a,10,54,2,486,127,1212,404,0.2,0.4,Charles,,242.0,2026-08-11,2003-11-05,False,p463210,45,0,0,0,1,0,0,0,0,0,0,0,7,3.4,1.3,0.0,0.5,1,3,1,5,0,0.09,0.03,0.12,1.80,,,,,,,[],,234,104,209,118,462,174,256,116,0.18,0.0,0.06,0.24,3.6,2.0,315,187,233,108,269,119,443,178,0.0,0.0,10.0,Fulham,FUL
True,True,75.0,75.0,547686,0,0,0,0,0.0,0,"[{'offset': 0, 'projected_percent': '0.0', 'likelihood': 0}, {'offset': 1, 'projected_percent': '0.0', 'likelihood': 0}, {'offset': 2, 'projected_percent': '0.0', 'likelihood': 0}]",2026-09-06T21:39:13.973938Z,False,0,2,0.0,0.0,0,Luc,0.0,610,False,Unspecified injury - 75% chance of playing,2026-08-28T11:30:08.336405Z,4.0,547686.jpg,0.0,False,De Fougerolles,0.1,False,,d,10,54,0,4064,1013,1159,685,0.0,0.0,De Fougerolles,,39.0,2023-07-19,2005-10-12,False,p547686,0,0,0,0,0,0,0,0,0,0,0,0,0,0.0,0.0,0.0,0.0,0,0,0,0,0,0.00,0.00,0.00,0.00,,,,,,,[],,322,124,322,126,244,95,339,125,0.0,0.0,0.0,0.0,0.0,0.0,608,190,390,138,390,138,433,153,0.0,0.0,0.0,Fulham,FUL
True,True,,,616069,0,0,0,0,0.0,0,"[{'offset': 0, 'projected_percent': '0.0', 'likelihood': 0}, {'offset': 1, 'projected_percent': '0.0', 'likelihood': 0}, {'offset': 2, 'projected_percent': '0.0', 'likelihood': 0}]",2026-09-12T18:34:14.871572Z,False,0,3,1.0,1.0,0,Macauley,0.0,626,False,,,4.5,616069.jpg,0.0,False,Zepa,0.1,False,,a,10,54,0,2764,2764,445,445,0.0,0.0,Zepa,,,,,False,p616069,0,0,0,0,0,0,0,0,0,0,0,0,0,0.0,0.0,0.0,0.0,0,0,0,0,0,0.00,0.00,0.00,0.00,,,,,,,[],,423,156,429,166,370,125,439,163,0.0,0.0,0.0,0.0,0.0,0.0,536,270,482,191,482,191,488,199,0.0,0.0,0.0,Fulham,FUL
True,True,,,167825,0,0,0,0,-11.7,3,"[{'offset': 0, 'projected_percent': '-11.6', 'likelihood': -1}, {'offset': 1, 'projected_percent': '-11.3', 'likelihood': -1}, {'offset': 2, 'projected_percent': '-11.0', 'likelihood': -1}]",,False,0,1,0.0,0.0,0,Dillon,0.0,273,False,,,4.0,167825.jpg,0.0,False,Phillips,1.5,False,,a,11,88,0,5776,2661,10456,3362,0.0,0.0,Phillips,,241.0,2025-07-01,1995-06-11,False,p167825,0,0,0,0,0,0,0,0,0,0,0,0,0,0.0,0.0,0.0,0.0,0,0,0,0,0,0.00,0.00,0.00,0.00,,,,,,,[],,293,31,291,11,209,11,309,31,0.0,0.0,0.0,0.0,0.0,0.0,567,59,362,32,362,32,155,23,0.0,0.0,0.0,Hull City,HUL
True,True,0.0,0.0,105666,0,0,0,0,-42.5,-17,"[{'offset': 0, 'projected_percent': '-46.9', 'likelihood': -3}, {'offset': 1, 'projected_percent': '-56.5', 'likelihood': -3}, {'offset': 2, 'projected_percent': '-66.2', 'likelihood': -3}]",,False,0,1,0.0,0.0,0,Jack,0.0,274,False,Arm injury - Unknown return date,2026-08-08T19:00:05.601633Z,4.5,105666.jpg,0.0,False,Butland,0.1,False,,i,11,88,0,173,49,2403,665,0.0,0.0,Butland,,241.0,2026-07-02,1993-03-10,False,p105666,0,0,0,0,0,0,0,0,0,0,0,0,0,0.0,0.0,0.0,0.0,0,0,0,0,0,0.00,0.00,0.00,0.00,,,,,,,[],,343,45,346,27,273,27,360,45,0.0,0.0,0.0,0.0,0.0,0.0,415,26,410,46,410,46,435,46,0.0,0.0,0.0,Hull City,HUL
True,False,0.0,0.0,494950,0,0,0,0,0.0,0,"[{'offset': 0, 'projected_percent': '0.0', 'likelihood': 0}, {'offset': 1, 'projected_percent': '0.0', 'likelihood': 0}, {'offset': 2, 'projected_percent': '0.0', 'likelihood': 0}]",,False,0,1,0.0,0.0,0,Harvey,0.0,275,False,Has joined Grimsby Town on loan for the rest of the season,2026-07-29T13:00:27.959925Z,4.0,494950.jpg,0.0,False,Cartwright,0.0,False,,u,11,88,0,0,0,149,38,0.0,0.0,Cartwright,,241.0,2020-07-01,2002-05-09,False,p494950,0,0,0,0,0,0,0,0,0,0,0,0,0,0.0,0.0,0.0,0.0,0,0,0,0,0,0.00,0.00,0.00,0.00,,,,,,,[],,313,40,313,20,234,20,330,40,0.0,0.0,0.0,0.0,0.0,0.0,598,68,381,41,381,41,597,70,0.0,0.0,0.0,Hull City,HUL
True,False,0.0,0.0,444307,0,0,0,0,0.0,-4,"[{'offset': 0, 'projected_percent': '0.0', 'likelihood': 0}, {'offset': 1, 'projected_percent': '0.0', 'likelihood': 0}, {'offset': 2, 'projected_percent': '0.0', 'likelihood': 0}]",,False,0,1,0.0,0.0,0,Thimothée,0.0,276,False,Has joined Colchester United on loan for the rest of the season,2026-08-17T13:50:27.125537Z,4.0,444307.jpg,0.0,False,Lo-Tutala,0.0,False,,u,11,88,0,0,0,507,124,0.0,0.0,Lo-Tutala,,73.0,2023-07-01,2003-02-13,False,p444307,0,0,0,0,0,0,0,0,0,0,0,0,0,0.0,0.0,0.0,0.0,0,0,0,0,0,0.00,0.00,0.00,0.00,,,,,,,[],,306,37,306,17,225,17,323,37,0.0,0.0,0.0,0.0,0.0,0.0,587,65,374,38,374,38,537,60,0.0,0.0,0.0,Hull City,HUL
True,True,,,108416,0,0,0,0,38.0,874,"[{'offset': 0, 'projected_percent': '43.4', 'likelihood': 3}, {'offset': 1, 'projected_percent': '55.4', 'likelihood': 3}, {'offset': 2, 'projected_percent': '67.3', 'likelihood': 3}]",,False,0,2,8.5,8.5,9,John,8.5,277,True,,,4.0,108416.jpg,8.5,False,Egan,3.0,False,,a,11,88,17,137335,94398,20860,9653,2.1,4.2,Egan,,104.0,2025-02-03,1992-10-20,False,p108416,180,0,0,2,0,0,0,0,0,0,0,1,52,43.4,0.1,2.0,4.6,32,4,2,34,2,0.00,0.00,0.00,3.12,,,,,,,[],,19,7,272,100,154,50,86,30,0.0,0.0,0.0,0.0,1.56,0.0,560,155,9,3,15,6,108,44,1.0,1.0,17.0,Hull City,HUL
True,True,0.0,0.0,501902,0,0,0,0,-52.0,-10,"[{'offset': 0, 'projected_percent': '-54.4', 'likelihood': -3}, {'offset': 1, 'projected_percent': '-59.6', 'likelihood': -3}, {'offset': 2, 'projected_percent': '-64.7', 'likelihood': -3}]",,False,0,2,0.0,0.0,0,Charlie,0.0,278,False,Groin injury - Unknown return date,2026-08-02T09:00:11.030017Z,4.0,501902.jpg,0.0,False,Hughes,0.1,False,,i,11,88,0,141,42,3034,714,0.0,0.0,Hughes,,241.0,2024-08-16,2003-10-16,False,p501902,0,0,0,0,0,0,0,0,0,0,0,0,0,0.0,0.0,0.0,0.0,0,0,0,0,0,0.00,0.00,0.00,0.00,,,,,,,[],,316,119,316,121,237,89,333,120,0.0,0.0,0.0,0.0,0.0,0.0,601,184,384,133,384,133,422,149,0.0,0.0,0.0,Hull City,HUL
True,True,100.0,100.0,146426,0,0,0,0,102.6,2174,"[{'offset': 0, 'projected_percent': '116.1', 'likelihood': 5}, {'offset': 1, 'projected_percent': '145.8', 'likelihood': 5}, {'offset': 2, 'projected_percent': '175.5', 'likelihood': 5}]",,False,1,2,10.0,10.0,6,Semi,10.0,279,True,,2026-08-22T17:30:07.668197Z,4.0,146426.jpg,10.0,False,Ajayi,5.0,False,,a,11,88,20,304996,225590,28840,13247,2.5,5.0,Ajayi,,157.0,2025-07-01,1993-11-09,False,p146426,153,1,0,2,0,0,0,0,0,0,0,2,63,44.2,0.2,35.0,7.9,12,8,2,14,2,0.52,0.00,0.52,2.15,,,,,,,[],,14,4,267,97,20,4,32,7,0.31,0.0,0.0,0.31,1.26,0.0,563,157,3,1,6,2,71,29,1.18,1.18,8.24,Hull City,HUL
True,True,75.0,100.0,193278,0,0,0,0,-19.2,-32,"[{'offset': 0, 'projected_percent': '-21.1', 'likelihood': -2}, {'offset': 1, 'projected_percent': '-25.2', 'likelihood': -2}, {'offset': 2, 'projected_percent': '-29.3', 'likelihood': -2}]",,False,0,2,2.2,3.0,0,Lewie,3.0,280,False,Unspecified injury - 75% chance of playing,2026-08-29T16:30:08.151841Z,4.0,193278.jpg,3.0,False,Coyle,0.6,False,,d,11,88,6,3367,744,8231,3150,0.8,1.5,Coyle,,241.0,2020-08-07,1995-10-15,False,p193278,114,0,0,1,0,0,0,0,1,0,0,0,25,5.8,11.3,0.0,1.7,5,4,1,6,2,0.00,0.01,0.01,2.25,,,,,,,[],,203,89,114,33,215,75,196,77,0.0,0.0,0.01,0.01,1.78,0.0,573,164,93,36,103,38,241,91,1.58,0.79,4.74,Hull City,HUL
True,True,100.0,100.0,433590,0,0,0,0,0.0,0,"[{'offset': 0, 'projected_percent': '0.0', 'likelihood': 0}, {'offset': 1, 'projected_percent': '0.0', 'likelihood': 0}, {'offset': 2, 'projected_percent': '0.0', 'likelihood': 0}]",,False,0,2,1.0,1.0,1,Cody,1.0,281,False,,2026-08-08T19:00:05.613036Z,4.0,433590.jpg,1.0,False,Drameh,0.1,False,,a,11,88,2,1480,372,732,319,0.2,0.5,Drameh,,241.0,2024-07-23,2001-12-08,False,p433590,65,0,0,0,0,0,0,0,0,0,0,0,8,2.2,0.0,1.0,0.3,5,4,1,6,0,0.05,0.00,0.05,0.87,,,,,,,[],,245,97,303,113,188,64,273,98,0.07,0.0,0.0,0.07,1.2,0.0,584,172,206,68,225,72,461,164,0.0,0.0,8.31,Hull City,HUL
True,True,,,232351,0,0,0,0,5.3,31,"[{'offset': 0, 'projected_percent': '5.5', 'likelihood': 1}, {'offset': 1, 'projected_percent': '5.9', 'likelihood': 1}, {'offset': 2, 'projected_percent': '6.3', 'likelihood': 1}]",,False,0,2,6.0,6.0,6,Ryan,6.0,282,False,,,4.0,232351.jpg,6.0,False,Giles,1.0,False,,a,11,88,12,19630,6738,6180,1989,1.5,3.0,Giles,,241.0,2024-06-27,2000-01-26,False,p232351,174,0,0,2,0,0,0,0,0,0,0,0,45,13.8,18.8,4.0,3.7,6,5,2,8,2,0.02,0.14,0.16,3.05,1.0,,1.0,,,,[],,125,57,66,20,130,42,110,39,0.01,0.0,0.07,0.08,1.58,0.0,581,171,30,9,36,12,197,77,1.03,1.03,4.14,Hull City,HUL
True,True,0.0,0.0,449428,0,0,0,0,-30.3,0,"[{'offset': 0, 'projected_percent': '-30.3', 'likelihood': -2}, {'offset': 1, 'projected_percent': '-30.3', 'likelihood': -2}, {'offset': 2, 'projected_percent': '-30.3', 'likelihood': -2}]",,False,0,2,0.0,0.0,0,Matty,0.0,283,False,Hip injury - Expected back 5 Sep,2026-08-02T09:00:11.038361Z,4.0,449428.jpg,0.0,False,Jacob,0.0,False,,i,11,88,0,91,34,299,71,0.0,0.0,Jacob,,241.0,2019-07-01,2001-06-03,False,p449428,0,0,0,0,0,0,0,0,0,0,0,0,0,0.0,0.0,0.0,0.0,0,0,0,0,0,0.00,0.00,0.00,0.00,,,,,,,[],,307,113,307,115,226,81,324,114,0.0,0.0,0.0,0.0,0.0,0.0,588,174,375,127,375,127,584,199,0.0,0.0,0.0,Hull City,HUL
True,True,,,661800,0,0,0,0,-11.9,-2,"[{'offset': 0, 'projected_percent': '-13.5', 'likelihood': -1}, {'offset': 1, 'projected_percent': '-16.9', 'likelihood': -1}, {'offset': 2, 'projected_percent': '-20.3', 'likelihood': -2}]",,False,0,2,0.0,0.0,0,Cathal,0.0,284,False,,,4.0,661800.jpg,0.0,False,McCarthy,0.1,False,,a,11,88,0,1074,399,1443,484,0.0,0.0,McCarthy,,,,,False,p661800,0,0,0,0,0,0,0,0,0,0,0,0,0,0.0,0.0,0.0,0.0,0,0,0,0,0,0.00,0.00,0.00,0.00,,,,,,,[],,337,138,338,141,261,111,354,139,0.0,0.0,0.0,0.0,0.0,0.0,626,207,404,151,404,151,445,156,0.0,0.0,0.0,Hull City,HUL
True,True,,,160817,0,0,0,0,-6.3,-2,"[{'offset': 0, 'projected_percent': '-7.1', 'likelihood': -1}, {'offset': 1, 'projected_percent': '-9.0', 'likelihood': -1}, {'offset': 2, 'projected_percent': '-10.8', 'likelihood': -1}]",,False,0,2,0.5,0.5,0,Paddy,0.5,285,False,,,4.0,160817.jpg,1.0,False,McNair,0.1,False,,a,11,88,1,930,284,1257,567,0.1,0.2,McNair,,242.0,2026-01-28,1995-04-27,False,p160817,26,0,0,0,0,0,0,0,0,0,0,0,3,4.2,0.0,0.0,0.4,2,1,0,2,0,0.00,0.00,0.00,0.96,,,,,,,[],,220,91,290,105,208,70,261,96,0.0,0.0,0.0,0.0,3.32,0.0,565,158,262,85,221,68,394,141,0.0,0.0,6.92,Hull City,HUL
True,True,,,540324,0,0,0,0,8.3,51,"[{'offset': 0, 'projected_percent': '8.6', 'likelihood': 1}, {'offset': 1, 'projected_percent': '9.3', 'likelihood': 1}, {'offset': 2, 'projected_percent': '10.0', 'likelihood': 1}]",,False,0,3,4.5,4.5,6,Mohamed,4.5,286,False,,,5.0,540324.jpg,4.5,False,Belloumi,0.7,False,,a,11,88,9,23636,9746,6802,2771,0.9,1.8,Belloumi,,3.0,2024-08-30,2002-06-01,False,p540324,172,0,1,2,0,0,0,0,0,0,0,0,31,10.6,2.2,7.0,2.0,6,8,6,20,2,0.17,0.05,0.22,2.94,3.0,,2.0,,,,[],,159,57,181,106,107,55,179,81,0.09,0.0,0.03,0.12,1.54,0.0,363,215,63,32,74,36,223,75,1.05,1.05,10.47,Hull City,HUL
True,True,,,232905,0,0,0,0,0.3,11,"[{'offset': 0, 'projected_percent': '0.4', 'likelihood': 1}, {'offset': 1, 'projected_percent': '0.5', 'likelihood': 1}, {'offset': 2, 'projected_percent': '0.7', 'likelihood': 1}]",,False,0,3,3.0,3.0,6,Liam,3.0,287,False,,,5.0,232905.jpg,3.0,False,Millar,0.1,False,,a,11,88,6,1983,1678,1398,411,0.6,1.2,Millar,,39.0,2024-08-09,1999-09-27,False,p232905,50,1,0,0,0,0,0,0,1,0,0,0,26,2.0,0.3,2.0,0.4,2,1,1,4,0,0.58,0.00,0.58,0.87,,,,,,,[],,252,114,259,136,169,83,265,121,1.04,0.0,0.0,1.04,1.57,0.0,289,175,98,44,109,46,452,181,0.0,0.0,7.2,Hull City,HUL
True,True,,,171270,0,0,0,0,-22.4,10,"[{'offset': 0, 'projected_percent': '-20.6', 'likelihood': -2}, {'offset': 1, 'projected_percent': '-16.7', 'likelihood': -1}, {'offset': 2, 'projected_percent': '-12.7', 'likelihood': -1}]",,False,0,3,0.0,0.0,0,Kieran,0.0,288,False,,,4.5,171270.jpg,0.0,False,Dowell,0.4,False,,a,11,88,0,3660,1944,6417,2159,0.0,0.0,Dowell,,241.0,2026-01-23,1997-10-10,False,p171270,0,0,0,0,0,0,0,0,0,0,0,0,0,0.0,0.0,0.0,0.0,0,0,0,0,0,0.00,0.00,0.00,0.00,,,,,,,[],,353,137,357,147,284,103,370,144,0.0,0.0,0.0,0.0,0.0,0.0,431,247,420,172,420,172,285,92,0.0,0.0,0.0,Hull City,HUL
True,True,75.0,,101282,0,0,0,0,0.9,-48,"[{'offset': 0, 'projected_percent': '0.6', 'likelihood': 1}, {'offset': 1, 'projected_percent': '-0.2', 'likelihood': -1}, {'offset': 2, 'projected_percent': '-5.8', 'likelihood': -1}]",,False,0,3,0.8,1.0,0,Matt,1.0,289,False,Thigh injury - 75% chance of playing,2026-08-29T15:00:08.569326Z,4.5,101282.jpg,2.0,False,Crooks,0.7,False,,d,11,88,2,12116,1975,11404,5714,0.2,0.4,Crooks,,241.0,2025-01-10,1994-01-20,False,p101282,90,0,0,1,0,0,0,0,1,0,0,0,9,19.0,2.4,0.0,2.1,4,1,4,9,1,0.00,0.00,0.00,1.83,,,,,,,[],https://www.wearehullcity.co.uk/news/2026/august/29/team-news-coventry-city-a/,89,29,171,101,272,100,169,77,0.0,0.0,0.0,0.0,1.83,0.0,414,244,212,98,152,70,232,78,1.0,1.0,9.0,Hull City,HUL
True,True,,,243413,0,0,0,0,44.8,219,"[{'offset': 0, 'projected_percent': '46.2', 'likelihood': 3}, {'offset': 1, 'projected_percent': '49.2', 'likelihood': 3}, {'offset': 2, 'projected_percent': '52.2', 'likelihood': 3}]",,False,0,3,4.0,4.0,2,Regan,4.0,290,False,,,4.5,243413.jpg,4.0,False,Slater,4.3,False,,a,11,88,8,146227,53856,41740,19366,0.9,1.8,Slater,,241.0,2022-01-27,1999-09-11,False,p243413,180,0,1,2,0,0,0,0,1,0,0,0,26,18.4,19.3,0.0,3.8,2,6,5,13,2,0.00,0.45,0.45,3.12,2.0,,,,,,[],,94,33,63,41,306,106,106,55,0.0,0.0,0.22,0.22,1.56,0.0,461,250,74,35,82,38,84,27,1.0,1.0,6.5,Hull City,HUL
True,True,0.0,0.0,465525,0,0,0,0,-8.2,0,"[{'offset': 0, 'projected_percent': '-8.2', 'likelihood': -1}, {'offset': 1, 'projected_percent': '-8.2', 'likelihood': -1}, {'offset': 2, 'projected_percent': '-8.2', 'likelihood': -1}]",,False,0,3,0.0,0.0,0,Eliot,0.0,291,False,Knee injury - Unknown return date,2026-07-23T12:01:23.532635Z,4.5,465525.jpg,0.0,False,Matazo,0.0,False,,i,11,88,0,98,34,142,46,0.0,0.0,Matazo,,21.0,2025-01-23,2002-02-15,False,p465525,0,0,0,0,0,0,0,0,0,0,0,0,0,0.0,0.0,0.0,0.0,0,0,0,0,0,0.00,0.00,0.00,0.00,,,,,,,[],,377,140,382,150,317,108,394,147,0.0,0.0,0.0,0.0,0.0,0.0,477,252,440,175,440,175,603,258,0.0,0.0,0.0,Hull City,HUL
True,True,,,208481,0,0,0,0,-72.8,1,"[{'offset': 0, 'projected_percent': '-70.8', 'likelihood': -3}, {'offset': 1, 'projected_percent': '-66.3', 'likelihood': -3}, {'offset': 2, 'projected_percent': '-61.9', 'likelihood': -3}]",,False,0,3,0.0,0.0,0,Abdülkadir,0.0,292,False,,,5.0,208481.jpg,0.0,False,Ömür,0.0,False,,a,11,88,0,300,91,570,183,0.0,0.0,Ömür,,219.0,2024-02-01,1999-06-25,False,p208481,0,0,0,0,0,0,0,0,0,0,0,0,0,0.0,0.0,0.0,0.0,0,0,0,0,0,0.00,0.00,0.00,0.00,,,,,,,[],,464,181,472,190,417,153,480,188,0.0,0.0,0.0,0.0,0.0,0.0,262,162,513,211,513,211,569,236,0.0,0.0,0.0,Hull City,HUL
True,False,0.0,0.0,490161,0,0,0,0,0.0,0,"[{'offset': 0, 'projected_percent': '0.0', 'likelihood': 0}, {'offset': 1, 'projected_percent': '0.0', 'likelihood': 0}, {'offset': 2, 'projected_percent': '0.0', 'likelihood': 0}]",,False,0,3,0.0,0.0,0,Abu,0.0,293,False,Has joined Portsmouth permanently,2026-08-12T14:08:23.542043Z,5.0,490161.jpg,0.0,False,Kamara,0.0,False,,u,11,88,0,0,0,241,44,0.0,0.0,Kamara,,241.0,2024-08-30,2003-07-21,False,p490161,0,0,0,0,0,0,0,0,0,0,0,0,0,0.0,0.0,0.0,0.0,0,0,0,0,0,0.00,0.00,0.00,0.00,,,,,,,[],,506,204,518,213,475,180,522,211,0.0,0.0,0.0,0.0,0.0,0.0,332,194,546,227,546,227,613,267,0.0,0.0,0.0,Hull City,HUL
True,True,0.0,0.0,553783,0,0,0,0,-34.4,-8,"[{'offset': 0, 'projected_percent': '-36.3', 'likelihood': -2}, {'offset': 1, 'projected_percent': '-40.5', 'likelihood': -3}, {'offset': 2, 'projected_percent': '-44.6', 'likelihood': -3}]",,False,0,3,0.0,0.0,0,Óscar,0.0,294,False,Thigh injury - Unknown return date,2026-08-04T18:30:11.016909Z,4.5,553783.jpg,0.0,False,Zambrano,0.1,False,,i,11,88,0,873,382,3010,861,0.0,0.0,Zambrano,,62.0,2026-07-21,2004-04-20,False,p553783,0,0,0,0,0,0,0,0,0,0,0,0,0,0.0,0.0,0.0,0.0,0,0,0,0,0,0.00,0.00,0.00,0.00,,,,,,,[],,404,148,411,158,349,116,420,155,0.0,0.0,0.0,0.0,0.0,0.0,512,260,464,183,464,183,423,168,0.0,0.0,0.0,Hull City,HUL
True,True,,,169432,0,0,0,0,31.0,-21,"[{'offset': 0, 'projected_percent': '30.9', 'likelihood': 2}, {'offset': 1, 'projected_percent': '30.6', 'likelihood': 2}, {'offset': 2, 'projected_percent': '30.3', 'likelihood': 2}]",,False,0,4,3.0,3.0,1,Oli,3.0,295,False,,,5.5,169432.jpg,3.0,False,McBurnie,2.1,False,,a,11,88,6,97288,14647,32944,17003,0.5,1.1,McBurnie,,243.0,2025-08-06,1996-06-04,False,p169432,180,0,1,2,0,0,0,0,1,0,0,0,28,17.2,21.1,52.0,9.0,3,6,0,9,2,0.16,0.02,0.18,3.12,,,,,1.0,,[],,100,10,61,4,6,2,21,5,0.08,0.0,0.01,0.09,1.56,0.0,125,31,102,12,113,17,127,19,1.0,1.0,4.5,Hull City,HUL
True,True,,,213292,0,0,0,0,0.0,0,"[{'offset': 0, 'projected_percent': '0.0', 'likelihood': 0}, {'offset': 1, 'projected_percent': '0.0', 'likelihood': 0}, {'offset': 2, 'projected_percent': '0.0', 'likelihood': 0}]",,False,0,3,0.0,0.0,0,David,0.0,296,False,,,5.0,213292.jpg,0.0,False,Akintola,0.0,False,,a,11,88,0,1442,528,1501,561,0.0,0.0,Akintola,,157.0,2025-08-15,1996-01-13,False,p213292,0,0,0,0,0,0,0,0,0,0,0,0,0,0.0,0.0,0.0,0.0,0,0,0,0,0,0.00,0.00,0.00,0.00,,,,,,,[],,466,182,474,191,420,155,482,189,0.0,0.0,0.0,0.0,0.0,0.0,267,166,515,212,515,212,506,209,0.0,0.0,0.0,Hull City,HUL
True,True,0.0,0.0,470294,0,0,0,0,-44.4,-3,"[{'offset': 0, 'projected_percent': '-47.9', 'likelihood': -3}, {'offset': 1, 'projected_percent': '-55.6', 'likelihood': -3}, {'offset': 2, 'projected_percent': '-63.4', 'likelihood': -3}]",,False,0,3,0.0,0.0,0,Darko,0.0,297,False,Thigh injury - Unknown return date,2026-08-04T18:30:11.027155Z,4.5,470294.jpg,0.0,False,Gyabi,0.0,False,,i,11,88,0,117,53,725,199,0.0,0.0,Gyabi,,241.0,2025-09-01,2004-02-18,False,p470294,0,0,0,0,0,0,0,0,0,0,0,0,0,0.0,0.0,0.0,0.0,0,0,0,0,0,0.00,0.00,0.00,0.00,,,,,,,[],,378,141,383,151,318,109,395,148,0.0,0.0,0.0,0.0,0.0,0.0,478,253,441,176,441,176,553,230,0.0,0.0,0.0,Hull City,HUL
True,False,0.0,0.0,500957,0,0,0,0,0.0,-21,"[{'offset': 0, 'projected_percent': '0.0', 'likelihood': 0}, {'offset': 1, 'projected_percent': '0.0', 'likelihood': 0}, {'offset': 2, 'projected_percent': '0.0', 'likelihood': 0}]",,False,0,4,0.0,0.0,0,Enis,0.0,298,False,Has joined Konyaspor permanently,2026-08-17T13:50:27.145733Z,4.5,500957.jpg,0.0,False,Destan,0.3,False,,u,11,88,0,0,0,11546,2680,0.0,0.0,Destan,,219.0,2025-08-01,2002-06-15,False,p500957,0,0,0,0,0,0,0,0,0,0,0,0,0,0.0,0.0,0.0,0.0,0,0,0,0,0,0.00,0.00,0.00,0.00,,,,,,,[],,390,26,397,34,335,32,406,35,0.0,0.0,0.0,0.0,0.0,0.0,497,64,450,44,450,44,300,51,0.0,0.0,0.0,Hull City,HUL
True,False,0.0,0.0,534392,0,0,0,0,0.0,-4,"[{'offset': 0, 'projected_percent': '0.0', 'likelihood': 0}, {'offset': 1, 'projected_percent': '0.0', 'likelihood': 0}, {'offset': 2, 'projected_percent': '0.0', 'likelihood': 0}]",,False,0,4,0.0,0.0,0,Mason,0.0,299,False,Has joined Sheffield Wednesday on loan for the rest of the season,2026-08-03T14:05:20.234842Z,4.5,534392.jpg,0.0,False,Burstow,0.0,False,,u,11,88,0,0,0,1607,397,0.0,0.0,Burstow,,241.0,2024-08-16,2003-08-04,False,p534392,0,0,0,0,0,0,0,0,0,0,0,0,0,0.0,0.0,0.0,0.0,0,0,0,0,0,0.00,0.00,0.00,0.00,,,,,,,[],,398,27,405,35,343,33,414,36,0.0,0.0,0.0,0.0,0.0,0.0,505,65,458,45,458,45,497,66,0.0,0.0,0.0,Hull City,HUL
True,True,0.0,0.0,462635,0,0,0,0,-52.5,0,"[{'offset': 0, 'projected_percent': '-52.5', 'likelihood': -3}, {'offset': 1, 'projected_percent': '-52.5', 'likelihood': -3}, {'offset': 2, 'projected_percent': '-52.5', 'likelihood': -3}]",,False,0,3,0.0,0.0,0,Joe,0.0,340,False,Ankle injury - Expected back 5 Sep,2026-08-17T21:30:07.799839Z,5.0,462635.jpg,0.0,False,Gelhardt,0.0,False,,i,11,88,0,64,19,383,95,0.0,0.0,Gelhardt,,241.0,2026-08-15,2002-05-04,False,p462635,0,0,0,0,0,0,0,0,0,0,0,0,0,0.0,0.0,0.0,0.0,0,0,0,0,0,0.00,0.00,0.00,0.00,,,,,,,[],,498,198,508,207,461,173,514,205,0.0,0.0,0.0,0.0,0.0,0.0,314,186,540,223,540,223,588,250,0.0,0.0,0.0,Hull City,HUL
True,True,,,169359,0,0,0,0,-24.5,-43,"[{'offset': 0, 'projected_percent': '-25.8', 'likelihood': -2}, {'offset': 1, 'projected_percent': '-28.6', 'likelihood': -2}, {'offset': 2, 'projected_percent': '-31.4', 'likelihood': -2}]",,False,0,2,0.5,0.5,0,Matt,0.5,556,False,,,4.0,169359.jpg,1.0,False,Targett,2.2,False,,a,11,88,1,8723,3330,24345,8904,0.1,0.2,Targett,,241.0,2026-07-23,1995-09-18,False,p169359,5,0,0,0,0,0,0,0,0,0,0,0,3,0.4,0.0,0.0,0.0,0,1,0,0,0,0.00,0.00,0.00,0.07,,,,,,,[],,271,101,292,106,210,71,310,106,0.0,0.0,0.0,0.0,1.26,0.0,568,160,264,87,223,70,124,50,0.0,0.0,0.0,Hull City,HUL
True,True,100.0,100.0,445028,0,0,0,0,0.0,4,"[{'offset': 0, 'projected_percent': '0.1', 'likelihood': 1}, {'offset': 1, 'projected_percent': '0.1', 'likelihood': 1}, {'offset': 2, 'projected_percent': '0.2', 'likelihood': 1}]",,False,0,3,0.5,0.5,1,Hidemasa,0.5,563,False,,2026-08-15T16:00:07.961518Z,5.0,445028.jpg,1.0,False,Morita,0.0,False,,a,11,88,1,261,143,430,102,0.1,0.2,Morita,,108.0,2026-07-24,1995-05-10,False,p445028,45,0,0,0,0,0,0,0,0,0,0,0,6,0.0,0.0,0.0,0.0,2,1,0,3,1,0.00,0.00,0.00,1.09,,,,,,,[],,491,194,501,203,454,169,507,201,0.0,0.0,0.0,0.0,2.18,0.0,306,182,294,132,267,117,552,229,2.0,0.0,6.0,Hull City,HUL
True,True,,,473284,0,0,0,0,68.6,1059,"[{'offset': 0, 'projected_percent': '75.1', 'likelihood': 3}, {'offset': 1, 'projected_percent': '89.6', 'likelihood': 3}, {'offset': 2, 'projected_percent': '104.1', 'likelihood': 5}]",,False,2,1,10.0,10.0,10,Konstantinos,10.0,572,True,,,4.5,473284.jpg,10.0,False,Tzolakis,5.0,False,,a,11,88,20,228680,126710,24409,11994,2.2,4.4,Tzolakis,,83.0,2026-08-05,2002-11-08,False,p473284,180,0,0,2,0,0,0,0,0,0,8,6,73,34.6,0.0,0.0,3.5,0,33,0,0,2,0.00,0.00,0.00,3.12,,,,,,,[],,38,4,385,42,322,42,116,4,0.0,4.0,0.0,0.0,1.56,0.0,482,41,4,1,7,1,70,9,1.0,1.0,0.0,Hull City,HUL
True,True,,,552946,0,0,0,0,-59.8,-6,"[{'offset': 0, 'projected_percent': '-65.3', 'likelihood': -3}, {'offset': 1, 'projected_percent': '-77.2', 'likelihood': -3}, {'offset': 2, 'projected_percent': '-89.1', 'likelihood': -3}]",,False,0,3,0.0,0.0,0,Jens,0.0,574,False,,,5.0,552946.jpg,0.0,False,Hjertø-Dahl,0.1,False,,a,11,88,0,439,132,1507,538,0.0,0.0,Hjertø-Dahl,,161.0,2026-08-07,2005-10-31,False,p552946,0,0,0,0,0,0,0,0,0,0,0,0,0,0.0,0.0,0.0,0.0,0,0,0,0,0,0.00,0.00,0.00,0.00,,,,,,,[],,526,216,539,225,498,194,542,223,0.0,0.0,0.0,0.0,0.0,0.0,370,220,563,237,563,237,462,186,0.0,0.0,0.0,Hull City,HUL
True,True,,,608227,0,0,0,0,0.3,-7,"[{'offset': 0, 'projected_percent': '0.2', 'likelihood': 1}, {'offset': 1, 'projected_percent': '0.1', 'likelihood': 1}, {'offset': 2, 'projected_percent': '0.0', 'likelihood': 0}]",,False,0,3,1.5,1.5,0,Elliot,1.5,576,False,,,5.0,608227.jpg,1.5,False,Stroud,0.1,False,,a,11,88,3,1755,325,1149,552,0.3,0.6,Stroud,,206.0,2026-08-09,2002-06-22,False,p608227,128,0,0,1,0,0,0,0,1,0,0,0,9,8.4,4.8,0.0,1.3,3,7,3,13,2,0.01,0.04,0.05,2.25,,,,,,,[],,176,69,146,86,506,201,225,100,0.01,0.0,0.03,0.04,1.58,0.0,380,228,186,85,204,96,429,172,1.41,0.7,9.14,Hull City,HUL
True,True,,,597462,0,0,0,0,-5.7,-16,"[{'offset': 0, 'projected_percent': '-7.3', 'likelihood': -1}, {'offset': 1, 'projected_percent': '-10.9', 'likelihood': -1}, {'offset': 2, 'projected_percent': '-14.6', 'likelihood': -1}]",,False,0,2,1.0,1.0,1,Lucas,1.0,585,False,,,4.0,597462.jpg,1.0,False,Herrington,0.6,False,,a,11,88,2,3952,1181,5284,1682,0.2,0.5,Herrington,,13.0,2026-08-12,2007-09-05,False,p597462,57,0,0,0,0,0,0,0,0,0,0,0,7,8.0,0.0,0.0,0.8,5,0,0,5,0,0.00,0.00,0.00,1.16,,,,,,,[],,178,78,332,135,255,105,241,91,0.0,0.0,0.0,0.0,1.83,0.0,619,200,210,72,229,76,234,87,0.0,0.0,7.89,Hull City,HUL
True,True,100.0,100.0,606930,0,0,0,0,43.6,152,"[{'offset': 0, 'projected_percent': '44.5', 'likelihood': 3}, {'offset': 1, 'projected_percent': '46.6', 'likelihood': 3}, {'offset': 2, 'projected_percent': '48.7', 'likelihood': 3}]",,False,1,2,8.0,8.0,1,Nobel,8.0,586,False,,2026-08-22T17:30:08.045208Z,4.0,606930.jpg,8.0,False,Mendy,5.0,False,,a,11,88,16,250442,70862,41982,22522,2.0,4.0,Mendy,,189.0,2026-08-12,2004-09-03,False,p606930,121,1,0,1,0,0,0,0,0,0,0,1,44,51.8,0.6,33.0,8.5,20,4,2,22,2,0.29,0.00,0.29,1.95,,,,,,,[],,4,1,237,84,23,6,27,5,0.22,0.0,0.0,0.22,1.45,0.0,621,202,14,5,20,8,73,30,1.49,0.74,16.36,Hull City,HUL
True,True,,,469266,0,0,0,0,-1.5,0,"[{'offset': 0, 'projected_percent': '-1.5', 'likelihood': -1}, {'offset': 1, 'projected_percent': '-1.5', 'likelihood': -1}, {'offset': 2, 'projected_percent': '-1.5', 'likelihood': -1}]",,False,0,3,0.5,0.5,1,Lucas,0.5,589,False,,,5.0,469266.jpg,1.0,False,Gourna-Douath,0.0,False,,a,11,88,1,225,90,434,121,0.1,0.2,Gourna-Douath,,73.0,2026-08-15,2003-08-05,False,p469266,45,0,0,0,0,0,0,0,0,0,0,0,6,0.0,0.0,0.0,0.0,1,2,3,6,0,0.00,0.01,0.01,0.20,,,,,,,[],,500,200,511,209,466,176,516,207,0.0,0.0,0.02,0.02,0.4,0.0,321,189,297,134,271,120,539,222,0.0,0.0,12.0,Hull City,HUL
True,True,,,490884,0,0,0,0,0.0,0,"[{'offset': 0, 'projected_percent': '0.0', 'likelihood': 0}, {'offset': 1, 'projected_percent': '0.0', 'likelihood': 0}, {'offset': 2, 'projected_percent': '0.0', 'likelihood': 0}]",2026-09-10T13:58:52.488087Z,False,0,3,1.5,1.5,1,Mohamed-Ali,1.0,617,False,,,5.0,490884.jpg,1.0,False,Cho,0.0,False,,a,11,88,1,296,271,69,67,0.2,0.2,Cho,,73.0,2026-08-27,2004-01-19,False,p490884,7,0,0,0,0,0,0,0,0,0,0,0,3,0.0,0.0,0.0,0.0,0,0,0,0,0,0.00,0.00,0.00,0.18,,,,,,,[],,508,206,520,215,477,182,524,213,0.0,0.0,0.0,0.0,2.31,0.0,334,196,236,109,274,122,607,262,0.0,0.0,0.0,Hull City,HUL
True,True,,,219924,0,0,0,0,-10.5,-110,"[{'offset': 0, 'projected_percent': '-11.0', 'likelihood': -1}, {'offset': 1, 'projected_percent': '-11.9', 'likelihood': -1}, {'offset': 2, 'projected_percent': '-12.9', 'likelihood': -1}]",,False,0,2,2.0,2.0,2,Issa,2.0,259,False,,,4.0,219924.jpg,2.0,False,Diop,16.4,False,,a,12,40,4,40326,13813,109123,38199,0.5,1.0,Diop,,145.0,2026-07-22,1997-01-09,False,p219924,180,0,0,0,6,0,0,0,0,0,0,0,14,7.2,0.8,2.0,1.0,16,10,1,17,2,0.00,0.01,0.01,5.43,,,,,,,[],,184,81,226,76,156,52,234,88,0.0,0.0,0.0,0.0,2.72,3.0,578,168,144,52,151,54,22,7,1.0,0.0,8.5,Ipswich Town,IPS
True,True,,,212314,0,0,0,0,-12.2,-5,"[{'offset': 0, 'projected_percent': '-14.6', 'likelihood': -1}, {'offset': 1, 'projected_percent': '-19.7', 'likelihood': -1}, {'offset': 2, 'projected_percent': '-24.9', 'likelihood': -2}]",,False,0,3,3.0,3.0,1,Saša,3.0,267,False,,,5.0,212314.jpg,3.0,False,Lukić,0.1,False,,a,12,40,6,1470,292,1900,555,0.6,1.2,Lukić,,190.0,2026-08-08,1996-08-13,False,p212314,162,0,1,0,5,0,0,0,1,0,0,0,33,23.4,14.8,2.0,4.0,9,4,4,17,2,0.02,0.04,0.06,4.57,4.0,,,,,,[],,71,24,82,52,167,82,102,53,0.01,0.0,0.02,0.03,2.54,2.78,266,165,97,43,108,45,396,156,1.11,0.0,9.44,Ipswich Town,IPS
True,True,,,108813,0,0,0,0,-53.1,-20,"[{'offset': 0, 'projected_percent': '-55.9', 'likelihood': -3}, {'offset': 1, 'projected_percent': '-61.9', 'likelihood': -3}, {'offset': 2, 'projected_percent': '-68.0', 'likelihood': -3}]",,False,0,1,0.0,0.0,0,Christian,0.0,300,False,,,4.5,108813.jpg,0.0,False,Walton,0.5,False,,a,12,40,0,348,139,5958,1386,0.0,0.0,Walton,,241.0,2022-01-19,1995-11-09,False,p108813,0,0,0,0,0,0,0,0,0,0,0,0,0,0.0,0.0,0.0,0.0,0,0,0,0,0,0.00,0.00,0.00,0.00,,,,,,,[],,345,46,348,28,275,28,362,46,0.0,0.0,0.0,0.0,0.0,0.0,418,27,412,47,412,47,264,34,0.0,0.0,0.0,Ipswich Town,IPS
True,True,,,112520,0,0,0,0,-8.1,-25,"[{'offset': 0, 'projected_percent': '-8.4', 'likelihood': -1}, {'offset': 1, 'projected_percent': '-9.2', 'likelihood': -1}, {'offset': 2, 'projected_percent': '-10.0', 'likelihood': -1}]",,False,0,1,0.0,0.0,0,Alex,0.0,301,False,,,4.0,112520.jpg,0.0,False,Palmer,4.4,False,,a,12,40,0,15628,7942,26772,9424,0.0,0.0,Palmer,,241.0,2025-02-03,1996-08-10,False,p112520,0,0,0,0,0,0,0,0,0,0,0,0,0,0.0,0.0,0.0,0.0,0,0,0,0,0,0.00,0.00,0.00,0.00,,,,,,,[],,290,29,287,9,205,9,306,29,0.0,0.0,0.0,0.0,0.0,0.0,561,57,359,30,359,30,82,11,0.0,0.0,0.0,Ipswich Town,IPS
True,True,,,50093,0,0,0,0,0.3,9,"[{'offset': 0, 'projected_percent': '0.4', 'likelihood': 1}, {'offset': 1, 'projected_percent': '0.5', 'likelihood': 1}, {'offset': 2, 'projected_percent': '0.6', 'likelihood': 1}]",,False,0,1,0.0,0.0,0,David,0.0,302,False,,,4.0,50093.jpg,0.0,False,Button,0.5,False,,a,12,40,0,4073,2114,2871,1052,0.0,0.0,Button,,241.0,2025-07-04,1989-02-27,False,p50093,0,0,0,0,0,0,0,0,0,0,0,0,0,0.0,0.0,0.0,0.0,0,0,0,0,0,0.00,0.00,0.00,0.00,,,,,,,[],,283,24,280,4,198,4,299,24,0.0,0.0,0.0,0.0,0.0,0.0,553,52,352,25,352,25,265,35,0.0,0.0,0.0,Ipswich Town,IPS
True,True,,,183015,0,0,0,0,-41.8,-10,"[{'offset': 0, 'projected_percent': '-42.9', 'likelihood': -3}, {'offset': 1, 'projected_percent': '-45.3', 'likelihood': -3}, {'offset': 2, 'projected_percent': '-47.8', 'likelihood': -3}]",,False,0,2,0.0,0.0,0,Cédric,0.0,303,False,,,4.0,183015.jpg,0.0,False,Kipré,0.6,False,,a,12,40,0,511,179,6592,1645,0.0,0.0,Kipré,,54.0,2026-07-01,1996-12-09,False,p183015,0,0,0,0,0,0,0,0,0,0,0,0,0,0.0,0.0,0.0,0.0,0,0,0,0,0,0.00,0.00,0.00,0.00,,,,,,,[],,296,107,295,108,214,74,313,108,0.0,0.0,0.0,0.0,0.0,0.0,572,163,364,121,364,121,244,93,0.0,0.0,0.0,Ipswich Town,IPS
True,True,,,216616,0,0,0,0,-1.9,-24,"[{'offset': 0, 'projected_percent': '-2.3', 'likelihood': -1}, {'offset': 1, 'projected_percent': '-3.3', 'likelihood': -1}, {'offset': 2, 'projected_percent': '-4.3', 'likelihood': -1}]",,False,0,2,2.0,2.0,0,Dara,2.0,304,False,,,4.0,216616.jpg,2.0,False,O'Shea,3.4,False,,a,12,40,4,23935,8296,23806,9822,0.5,1.0,O'Shea,,104.0,2024-08-25,1999-03-04,False,p216616,180,0,0,0,6,0,0,0,0,0,0,0,2,48.0,24.5,2.0,7.5,17,8,2,19,2,0.07,0.17,0.24,5.43,,,,,,,[],,9,2,48,16,155,51,34,9,0.04,0.0,0.08,0.12,2.72,3.0,577,167,143,51,150,53,99,38,1.0,0.0,9.5,Ipswich Town,IPS
True,True,,,455084,0,0,0,0,-7.8,63,"[{'offset': 0, 'projected_percent': '-6.9', 'likelihood': -1}, {'offset': 1, 'projected_percent': '-5.1', 'likelihood': -1}, {'offset': 2, 'projected_percent': '-3.2', 'likelihood': -1}]",,False,0,2,4.0,4.0,6,Leif,4.0,305,False,,,4.0,455084.jpg,4.0,False,Davis,4.9,False,,a,12,40,8,23622,16300,32820,11530,1.0,2.0,Davis,,241.0,2022-07-25,1999-12-31,False,p455084,180,1,0,0,6,0,0,0,0,0,0,0,11,15.2,2.3,0.0,1.8,11,5,0,11,2,0.54,0.13,0.67,5.43,2.0,,2.0,,,,[],,111,50,176,52,228,83,190,75,0.27,0.0,0.06,0.33,2.72,3.0,591,177,72,25,80,27,75,31,1.0,0.0,5.5,Ipswich Town,IPS
True,True,,,449429,0,0,0,0,-16.9,-26,"[{'offset': 0, 'projected_percent': '-18.2', 'likelihood': -1}, {'offset': 1, 'projected_percent': '-20.9', 'likelihood': -2}, {'offset': 2, 'projected_percent': '-23.6', 'likelihood': -2}]",,False,0,2,0.5,0.5,-1,Jacob,0.5,306,False,,,4.0,449429.jpg,0.5,False,Greaves,1.4,False,,a,12,40,1,2506,870,9129,3018,0.1,0.2,Greaves,,241.0,2024-07-12,2000-09-12,False,p449429,180,0,0,0,6,1,0,0,1,0,0,0,-1,16.4,1.3,0.0,1.8,13,5,4,17,2,0.00,0.01,0.01,5.43,,,,,,,[],,105,45,204,65,227,82,189,74,0.0,0.0,0.0,0.0,2.72,3.0,589,175,266,89,336,109,163,65,1.0,0.0,8.5,Ipswich Town,IPS
True,True,,,222018,0,0,0,0,-27.4,0,"[{'offset': 0, 'projected_percent': '-27.4', 'likelihood': -2}, {'offset': 1, 'projected_percent': '-27.4', 'likelihood': -2}, {'offset': 2, 'projected_percent': '-27.4', 'likelihood': -2}]",,False,0,2,0.0,0.0,0,Ben,0.0,307,False,,,4.0,222018.jpg,0.0,False,Johnson,0.1,False,,a,12,40,0,658,231,1431,409,0.0,0.0,Johnson,,241.0,2024-07-01,2000-01-24,False,p222018,0,0,0,0,0,0,0,0,0,0,0,0,0,0.0,0.0,0.0,0.0,0,0,0,0,0,0.00,0.00,0.00,0.00,,,,,,,[],,301,111,300,112,220,79,318,112,0.0,0.0,0.0,0.0,0.0,0.0,580,170,369,125,369,125,413,147,0.0,0.0,0.0,Ipswich Town,IPS
True,True,,,176420,0,0,0,0,-36.8,-13,"[{'offset': 0, 'projected_percent': '-38.2', 'likelihood': -2}, {'offset': 1, 'projected_percent': '-41.2', 'likelihood': -3}, {'offset': 2, 'projected_percent': '-44.3', 'likelihood': -3}]",,False,0,2,0.5,0.5,1,Darnell,0.5,308,False,,,4.0,176420.jpg,1.0,False,Furlong,0.6,False,,a,12,40,1,435,166,5817,1401,0.1,0.2,Furlong,,241.0,2025-08-28,1995-10-31,False,p176420,17,0,0,0,1,0,0,0,0,0,0,0,-1,0.0,0.0,0.0,0.0,2,0,1,3,0,0.00,0.00,0.00,0.86,,,,,,,[],,295,106,294,107,213,73,312,107,0.0,0.0,0.0,0.0,4.55,5.29,571,162,265,88,224,71,247,94,0.0,0.0,15.88,Ipswich Town,IPS
True,True,,,501390,0,0,0,0,-5.4,-2,"[{'offset': 0, 'projected_percent': '-6.3', 'likelihood': -1}, {'offset': 1, 'projected_percent': '-8.3', 'likelihood': -1}, {'offset': 2, 'projected_percent': '-10.4', 'likelihood': -1}]",,False,0,3,3.0,3.0,2,Marcelino,3.0,309,False,,,5.0,501390.jpg,3.0,False,Núñez,0.1,False,,a,12,40,6,1659,462,2031,638,0.6,1.2,Núñez,,44.0,2025-08-29,2000-03-01,False,p501390,140,0,0,0,4,0,0,0,0,0,0,0,32,13.0,7.3,4.0,2.4,8,10,3,21,2,0.03,0.05,0.08,3.48,1.0,,1.0,,,,[],,135,45,131,77,133,66,155,70,0.02,0.0,0.03,0.05,2.24,2.57,344,200,100,45,111,47,384,148,1.29,0.0,13.5,Ipswich Town,IPS
True,True,0.0,0.0,241117,0,0,0,0,-68.0,0,"[{'offset': 0, 'projected_percent': '-68.0', 'likelihood': -3}, {'offset': 1, 'projected_percent': '-68.0', 'likelihood': -3}, {'offset': 2, 'projected_percent': '-68.0', 'likelihood': -3}]",,False,0,3,0.0,0.0,0,Azor,0.0,310,False,Muscular injury - Unknown return date,2026-07-29T18:00:10.305484Z,5.0,241117.jpg,0.0,False,Matusiwa,0.0,False,,i,12,40,0,12,4,139,27,0.0,0.0,Matusiwa,,152.0,2025-07-13,1998-04-28,False,p241117,0,0,0,0,0,0,0,0,0,0,0,0,0,0.0,0.0,0.0,0.0,0,0,0,0,0,0.00,0.00,0.00,0.00,,,,,,,[],https://www.itfc.co.uk/news/2026/may/12/midfield-duo-undergo-surgery/,480,189,489,198,440,163,496,196,0.0,0.0,0.0,0.0,0.0,0.0,291,176,526,218,526,218,615,269,0.0,0.0,0.0,Ipswich Town,IPS
True,False,0.0,0.0,149929,0,0,0,0,0.0,0,"[{'offset': 0, 'projected_percent': '0.0', 'likelihood': 0}, {'offset': 1, 'projected_percent': '0.0', 'likelihood': 0}, {'offset': 2, 'projected_percent': '0.0', 'likelihood': 0}]",,False,0,3,0.0,0.0,0,Wes,0.0,311,False,Has joined Leicester City permanently,2026-08-10T14:02:47.597478Z,5.0,149929.jpg,0.0,False,Burns,0.0,False,,u,12,40,0,0,0,223,32,0.0,0.0,Burns,,244.0,2021-06-09,1994-11-23,False,p149929,0,0,0,0,0,0,0,0,0,0,0,0,0,0.0,0.0,0.0,0.0,0,0,0,0,0,0.00,0.00,0.00,0.00,,,,,,,[],,452,172,460,182,400,141,468,179,0.0,0.0,0.0,0.0,0.0,0.0,241,146,506,205,506,205,611,266,0.0,0.0,0.0,Ipswich Town,IPS
True,True,0.0,0.0,231899,0,0,0,0,-45.6,-4,"[{'offset': 0, 'projected_percent': '-48.1', 'likelihood': -3}, {'offset': 1, 'projected_percent': '-53.6', 'likelihood': -3}, {'offset': 2, 'projected_percent': '-59.2', 'likelihood': -3}]",,False,0,3,0.0,0.0,0,Jack,0.0,312,False,Knee injury - Unknown return date,2026-07-29T18:00:10.319370Z,4.5,231899.jpg,0.0,False,Taylor,0.0,False,,i,12,40,0,188,77,1197,314,0.0,0.0,Taylor,,104.0,2023-06-26,1998-06-23,False,p231899,0,0,0,0,0,0,0,0,0,0,0,0,0,0.0,0.0,0.0,0.0,0,0,0,0,0,0.00,0.00,0.00,0.00,,,,,,,[],https://www.itfc.co.uk/news/2026/may/12/midfield-duo-undergo-surgery/,366,139,370,149,301,105,383,146,0.0,0.0,0.0,0.0,0.0,0.0,455,249,429,174,429,174,517,216,0.0,0.0,0.0,Ipswich Town,IPS
True,True,,,443261,0,0,0,0,0.0,-16,"[{'offset': 0, 'projected_percent': '-3.0', 'likelihood': -1}, {'offset': 1, 'projected_percent': '-11.1', 'likelihood': -1}, {'offset': 2, 'projected_percent': '-19.3', 'likelihood': -1}]",,False,0,3,3.5,3.5,0,Jack,3.5,313,False,,,5.5,443261.jpg,7.0,False,Clarke,0.3,False,,a,12,40,7,3859,657,4365,1922,0.6,1.3,Clarke,Jack Clarke,241.0,2024-08-24,2000-11-23,False,p443261,19,1,0,0,0,0,0,0,0,0,0,1,27,33.6,0.6,18.0,5.2,0,1,1,2,0,0.10,0.00,0.10,0.03,3.0,,3.0,,1.0,,[],,40,18,245,130,51,26,72,39,0.47,0.0,0.0,0.47,0.14,0.0,165,103,90,40,28,15,303,103,0.0,0.0,9.47,Ipswich Town,IPS
True,True,,,229164,0,0,0,0,-86.8,-1,"[{'offset': 0, 'projected_percent': '-92.2', 'likelihood': -3}, {'offset': 1, 'projected_percent': '-103.9', 'likelihood': -5}, {'offset': 2, 'projected_percent': '-115.6', 'likelihood': -5}]",,False,0,3,0.0,0.0,0,Chiedozie,0.0,314,False,,,5.0,229164.jpg,0.0,False,Ogbene,0.0,False,,a,12,40,0,63,26,338,95,0.0,0.0,Ogbene,,104.0,2024-08-28,1997-05-01,False,p229164,0,0,0,0,0,0,0,0,0,0,0,0,0,0.0,0.0,0.0,0.0,0,0,0,0,0,0.00,0.00,0.00,0.00,,,,,,,[],,475,186,484,195,434,160,491,193,0.0,0.0,0.0,0.0,0.0,0.0,283,171,521,215,521,215,578,242,0.0,0.0,0.0,Ipswich Town,IPS
True,True,,,531442,0,0,0,0,-54.1,-5,"[{'offset': 0, 'projected_percent': '-55.6', 'likelihood': -3}, {'offset': 1, 'projected_percent': '-58.9', 'likelihood': -3}, {'offset': 2, 'projected_percent': '-62.3', 'likelihood': -3}]",,False,0,3,3.0,3.0,4,Abdul,3.0,315,False,,,5.5,531442.jpg,3.0,False,Fatawu,0.2,False,,a,12,40,6,1256,686,3805,1037,0.5,1.1,Fatawu,Abdul Fatawu,81.0,2026-07-21,2004-03-08,False,p531442,147,0,1,0,6,0,0,0,1,0,0,0,47,18.6,28.4,8.0,5.5,2,4,5,11,2,0.00,0.63,0.63,5.22,,,,,,,[],,93,32,31,23,97,48,64,33,0.0,0.0,0.39,0.39,3.2,3.67,191,121,107,49,117,51,327,116,1.22,0.0,6.73,Ipswich Town,IPS
True,True,75.0,,543968,0,0,0,0,24.7,-389,"[{'offset': 0, 'projected_percent': '22.3', 'likelihood': 2}, {'offset': 1, 'projected_percent': '17.0', 'likelihood': 1}, {'offset': 2, 'projected_percent': '11.7', 'likelihood': 1}]",,False,0,4,3.8,5.0,1,Emersonn,5.0,316,False,Knee injury - 75% chance of playing,2026-08-31T09:30:08.306145Z,5.5,543968.jpg,5.0,False,Correia da Silva,1.9,False,,d,12,40,10,89496,12689,32449,15639,0.9,1.8,Emersonn,Emersonn,30.0,2026-07-08,2004-07-16,False,p543968,110,1,0,0,2,0,0,0,0,0,0,3,48,45.6,26.3,40.0,11.2,2,1,1,4,2,0.82,0.06,0.88,1.40,,,,,2.0,,[],,13,2,42,1,15,5,10,1,0.67,0.0,0.05,0.72,1.15,1.64,193,41,54,4,64,6,129,21,1.64,0.0,3.27,Ipswich Town,IPS
True,False,0.0,0.0,222625,0,0,0,0,0.0,-24,"[{'offset': 0, 'projected_percent': '0.0', 'likelihood': 0}, {'offset': 1, 'projected_percent': '0.0', 'likelihood': 0}, {'offset': 2, 'projected_percent': '0.0', 'likelihood': 0}]",,False,0,4,0.0,0.0,0,George,0.0,317,False,Has joined Stoke City permanently,2026-08-21T13:06:08.606019Z,5.0,222625.jpg,0.0,False,Hirst,0.1,False,,u,12,40,0,0,0,10451,1756,0.0,0.0,Hirst,,243.0,2023-07-13,1999-02-15,False,p222625,0,0,0,0,0,0,0,0,0,0,0,0,0,0.0,0.0,0.0,0.0,0,0,0,0,0,0.00,0.00,0.00,0.00,,,,,,,[],,473,36,482,44,430,42,489,45,0.0,0.0,0.0,0.0,0.0,0.0,279,51,519,53,519,53,382,55,0.0,0.0,0.0,Ipswich Town,IPS
True,True,0.0,0.0,481624,0,0,0,0,-90.6,-15,"[{'offset': 0, 'projected_percent': '-93.7', 'likelihood': -3}, {'offset': 1, 'projected_percent': '-100.7', 'likelihood': -5}, {'offset': 2, 'projected_percent': '-107.7', 'likelihood': -5}]",,False,0,3,0.0,0.0,0,Jaden,0.0,318,False,Ankle injury - Unknown return date,2026-08-25T11:30:07.532993Z,5.5,481624.jpg,0.0,False,Philogene,0.1,False,,i,12,40,0,112,6,5423,1495,0.0,0.0,Philogene,,241.0,2025-01-15,2002-02-08,False,p481624,0,0,0,0,0,0,0,0,0,0,0,0,0,0.0,0.0,0.0,0.0,0,0,0,0,0,0.00,0.00,0.00,0.00,5.0,,,,3.0,,[],,572,244,585,252,569,241,585,250,0.0,0.0,0.0,0.0,0.0,0.0,181,113,594,257,594,257,407,162,0.0,0.0,0.0,Ipswich Town,IPS
True,False,0.0,0.0,172453,0,0,0,0,0.0,0,"[{'offset': 0, 'projected_percent': '0.0', 'likelihood': 0}, {'offset': 1, 'projected_percent': '0.0', 'likelihood': 0}, {'offset': 2, 'projected_percent': '0.0', 'likelihood': 0}]",,False,0,3,0.0,0.0,0,Sam,0.0,319,False,Has joined Derby County on loan for the rest of the season,2026-08-17T13:51:41.713979Z,5.0,172453.jpg,0.0,False,Szmodics,0.0,False,,u,12,40,0,0,0,504,95,0.0,0.0,Szmodics,,104.0,2024-08-16,1995-09-24,False,p172453,0,0,0,0,0,0,0,0,0,0,0,0,0,0.0,0.0,0.0,0.0,0,0,0,0,0,0.00,0.00,0.00,0.00,,,,,,,[],,458,177,466,187,408,148,474,184,0.0,0.0,0.0,0.0,0.0,0.0,249,153,511,209,511,209,606,261,0.0,0.0,0.0,Ipswich Town,IPS
True,True,,,147675,0,0,0,0,2.1,206,"[{'offset': 0, 'projected_percent': '3.4', 'likelihood': 1}, {'offset': 1, 'projected_percent': '6.2', 'likelihood': 1}, {'offset': 2, 'projected_percent': '9.0', 'likelihood': 1}]",,False,0,4,3.0,3.0,5,Chuba,3.0,320,False,,,5.0,147675.jpg,3.0,False,Akpom,0.6,False,,a,12,40,6,15450,10825,9816,3566,0.6,1.2,Akpom,,241.0,2026-07-01,1995-10-09,False,p147675,69,1,0,0,4,0,0,0,0,0,0,0,33,1.4,0.0,2.0,0.3,0,2,1,3,0,0.97,0.00,0.97,4.04,,,,,,,[],,258,21,459,43,165,26,276,29,1.27,0.0,0.0,1.27,5.27,5.22,240,49,95,11,106,16,235,38,0.0,0.0,3.91,Ipswich Town,IPS
True,True,,,557012,0,0,0,0,12.1,180,"[{'offset': 0, 'projected_percent': '13.2', 'likelihood': 1}, {'offset': 1, 'projected_percent': '15.7', 'likelihood': 1}, {'offset': 2, 'projected_percent': '18.1', 'likelihood': 1}]",,False,0,4,0.5,0.5,0,Sindre,0.5,321,False,,,4.5,557012.jpg,1.0,False,Walle Egeli,2.8,False,,a,12,40,1,81314,40602,39479,16038,0.1,0.2,Walle Egeli,,161.0,2025-08-29,2006-06-21,False,p557012,10,0,0,0,0,0,0,0,0,0,0,0,3,0.0,0.1,0.0,0.0,0,0,0,0,0,0.00,0.00,0.00,0.03,,,,,,,[],,407,29,274,31,352,35,423,38,0.0,0.0,0.0,0.0,0.27,0.0,515,67,279,34,249,29,110,17,0.0,0.0,0.0,Ipswich Town,IPS
True,False,0.0,0.0,462387,0,0,0,0,0.0,-18,"[{'offset': 0, 'projected_percent': '0.0', 'likelihood': 0}, {'offset': 1, 'projected_percent': '0.0', 'likelihood': 0}, {'offset': 2, 'projected_percent': '0.0', 'likelihood': 0}]",,False,0,4,0.0,0.0,0,Ali,0.0,322,False,Has joined Sheffield Wednesday on loan for the rest of the season,2026-08-27T14:54:10.215357Z,5.0,462387.jpg,0.0,False,Al-Hamadi,0.1,False,,u,12,40,0,755,0,4858,1856,0.0,0.0,Al-Hamadi,Ali Al Hamadi,103.0,2024-01-29,2002-03-01,False,p462387,0,0,0,0,0,0,0,0,0,0,0,0,0,0.0,0.0,0.0,0.0,0,0,0,0,0,0.00,0.00,0.00,0.00,,,,,,,[],,497,38,507,46,460,45,513,47,0.0,0.0,0.0,0.0,0.0,0.0,313,54,539,55,539,55,418,60,0.0,0.0,0.0,Ipswich Town,IPS
True,True,,,461587,0,0,0,0,-17.2,9,"[{'offset': 0, 'projected_percent': '-16.8', 'likelihood': -1}, {'offset': 1, 'projected_percent': '-15.8', 'likelihood': -1}, {'offset': 2, 'projected_percent': '-14.9', 'likelihood': -1}]",,False,0,3,1.0,1.0,1,Kasey,1.0,323,False,,,4.5,461587.jpg,1.0,False,McAteer,1.3,False,,a,12,40,2,9444,3829,16947,5382,0.2,0.4,McAteer,,104.0,2025-08-22,2001-11-22,False,p461587,31,0,0,0,0,0,0,0,0,0,0,0,7,1.2,1.3,0.0,0.3,0,3,1,4,0,0.00,0.00,0.00,0.21,,,,,,,[],,261,120,206,116,316,107,274,128,0.0,0.0,0.0,0.0,0.61,0.0,475,251,217,99,243,107,167,50,0.0,0.0,11.61,Ipswich Town,IPS
True,True,,,232457,0,0,0,0,-83.9,-2,"[{'offset': 0, 'projected_percent': '-86.8', 'likelihood': -3}, {'offset': 1, 'projected_percent': '-93.2', 'likelihood': -3}, {'offset': 2, 'projected_percent': '-99.6', 'likelihood': -4}]",,False,0,3,0.0,0.0,0,Anis,0.0,324,False,,,5.0,232457.jpg,0.0,False,Mehmeti,0.0,False,,a,12,40,0,68,21,941,255,0.0,0.0,Mehmeti,,2.0,2026-01-23,2001-01-09,False,p232457,0,0,0,0,0,0,0,0,0,0,0,0,0,0.0,0.0,0.0,0.0,0,0,0,0,0,0.00,0.00,0.00,0.00,,,,,,,[],,478,188,487,197,438,162,494,195,0.0,0.0,0.0,0.0,0.0,0.0,287,173,524,217,524,217,501,206,0.0,0.0,0.0,Ipswich Town,IPS
True,False,0.0,0.0,546600,0,0,0,0,0.0,-7,"[{'offset': 0, 'projected_percent': '0.0', 'likelihood': 0}, {'offset': 1, 'projected_percent': '0.0', 'likelihood': 0}, {'offset': 2, 'projected_percent': '0.0', 'likelihood': 0}]",,False,0,1,0.0,0.0,0,Kayne,0.0,554,False,Has joined Valencia on loan for the rest of the season,2026-08-25T14:04:09.529320Z,4.5,546600.jpg,0.0,False,van Oevelen,0.0,False,,u,12,40,0,54,0,978,341,0.0,0.0,Van Oevelen,,152.0,2026-07-21,2003-08-07,False,p546600,0,0,0,0,0,0,0,0,0,0,0,0,0,0.0,0.0,0.0,0.0,0,0,0,0,0,0.00,0.00,0.00,0.00,,,,,,,[],,399,59,406,47,344,47,415,59,0.0,0.0,0.0,0.0,0.0,0.0,506,46,459,60,459,60,540,62,0.0,0.0,0.0,Ipswich Town,IPS
True,True,,,442967,0,0,0,0,-58.9,-17,"[{'offset': 0, 'projected_percent': '-62.0', 'likelihood': -3}, {'offset': 1, 'projected_percent': '-68.8', 'likelihood': -3}, {'offset': 2, 'projected_percent': '-75.6', 'likelihood': -3}]",,False,0,3,2.0,2.0,2,Daizen,2.0,562,False,,,5.5,442967.jpg,2.0,False,Maeda,0.4,False,,a,12,40,4,1080,340,5785,1743,0.4,0.7,Maeda,,108.0,2026-07-25,1997-10-20,False,p442967,151,0,0,0,5,0,0,0,0,0,0,0,17,12.6,1.4,7.0,2.1,6,3,5,14,2,0.67,0.01,0.68,4.54,,,,,,,[],,139,47,203,115,110,57,173,79,0.4,0.0,0.01,0.41,2.71,2.98,164,102,160,78,175,86,286,93,1.19,0.0,8.34,Ipswich Town,IPS
True,True,,,240514,0,0,0,0,-18.2,-12,"[{'offset': 0, 'projected_percent': '-19.5', 'likelihood': -1}, {'offset': 1, 'projected_percent': '-22.3', 'likelihood': -2}, {'offset': 2, 'projected_percent': '-25.0', 'likelihood': -2}]",,False,0,1,2.0,2.0,2,Kjell,2.0,564,False,,,4.5,240514.jpg,2.0,False,Scherpen,0.6,False,,a,12,40,4,2233,904,5346,1770,0.4,0.9,Scherpen,,152.0,2026-07-28,2000-01-23,False,p240514,180,0,0,0,6,0,0,0,0,0,8,0,21,14.4,0.0,0.0,1.4,5,23,0,0,2,0.00,0.01,0.01,5.43,,,,,,,[],,118,16,372,37,303,37,215,16,0.0,4.0,0.0,0.0,2.72,3.0,458,36,145,11,153,11,238,32,1.0,0.0,0.0,Ipswich Town,IPS
True,True,75.0,75.0,216055,0,0,0,0,-68.3,-12,"[{'offset': 0, 'projected_percent': '-72.1', 'likelihood': -3}, {'offset': 1, 'projected_percent': '-80.5', 'likelihood': -3}, {'offset': 2, 'projected_percent': '-88.8', 'likelihood': -3}]",,False,0,3,0.0,0.0,0,Florentino Ibrain,0.0,571,False,Calf injury - 75% chance of playing,2026-08-25T11:30:07.678802Z,5.0,216055.jpg,0.0,False,Morris Luís,0.1,False,,d,12,40,0,272,58,3014,807,0.0,0.0,Florentino,Florentino,173.0,2026-08-04,1999-08-19,False,p216055,0,0,0,0,0,0,0,0,0,0,0,0,0,0.0,0.0,0.0,0.0,0,0,0,0,0,0.00,0.00,0.00,0.00,,,,,,,[],,468,183,477,192,424,156,484,190,0.0,0.0,0.0,0.0,0.0,0.0,272,167,516,213,516,213,406,161,0.0,0.0,0.0,Ipswich Town,IPS
True,True,100.0,100.0,474120,0,0,0,0,0.0,0,"[{'offset': 0, 'projected_percent': '0.0', 'likelihood': 0}, {'offset': 1, 'projected_percent': '0.0', 'likelihood': 0}, {'offset': 2, 'projected_percent': '0.0', 'likelihood': 0}]",2026-08-31T13:58:54.247304Z,False,0,3,5.0,5.0,5,Julio,5.0,591,False,,2026-08-22T18:00:07.551930Z,5.5,474120.jpg,5.0,False,Enciso,0.6,False,,a,12,40,10,26483,8814,7213,2759,0.9,1.8,Enciso,,168.0,2026-08-17,2004-01-23,False,p474120,160,0,2,0,6,0,0,0,0,0,0,0,49,21.6,14.0,18.0,5.4,2,12,2,16,2,0.63,0.62,1.25,5.40,,,,,,,[],,77,25,88,56,52,27,68,36,0.35,0.0,0.35,0.7,3.04,3.38,177,110,52,27,62,31,251,85,1.12,0.0,9.0,Ipswich Town,IPS
True,True,,,572584,0,0,0,0,0.0,0,"[{'offset': 0, 'projected_percent': '0.0', 'likelihood': 0}, {'offset': 1, 'projected_percent': '0.0', 'likelihood': 0}, {'offset': 2, 'projected_percent': '0.0', 'likelihood': 0}]",2026-08-31T13:59:29.234241Z,False,0,2,1.0,1.0,1,Abdoul,1.0,592,False,,,4.0,572584.jpg,1.0,False,Ouattara,1.0,False,,a,12,40,2,4146,1377,8063,2197,0.2,0.5,Ouattara,,54.0,2026-08-17,2005-10-22,False,p572584,27,0,0,0,1,0,0,0,0,0,0,0,3,5.2,10.0,0.0,1.5,2,1,0,2,0,0.00,0.00,0.00,0.89,,,,,,,[],,208,90,123,37,249,100,207,80,0.0,0.0,0.0,0.0,2.97,3.33,613,195,209,71,228,75,190,75,0.0,0.0,6.67,Ipswich Town,IPS
True,True,,,524180,0,0,0,0,0.0,0,"[{'offset': 0, 'projected_percent': '0.0', 'likelihood': 0}, {'offset': 1, 'projected_percent': '0.0', 'likelihood': 0}, {'offset': 2, 'projected_percent': '0.0', 'likelihood': 0}]",2026-09-04T19:31:08.856600Z,False,0,3,0.0,0.0,0,Cameron,0.0,602,False,,,4.5,524180.jpg,0.0,False,Humphreys,0.0,False,,a,12,40,0,2139,864,664,331,0.0,0.0,Humphreys,,241.0,2021-08-09,2003-10-30,False,p524180,0,0,0,0,0,0,0,0,0,0,0,0,0,0.0,0.0,0.0,0.0,0,0,0,0,0,0.00,0.00,0.00,0.00,,,,,,,[],,397,147,404,157,342,115,413,154,0.0,0.0,0.0,0.0,0.0,0.0,504,259,457,182,457,182,507,210,0.0,0.0,0.0,Ipswich Town,IPS
True,True,,,218543,0,0,0,0,0.0,0,"[{'offset': 0, 'projected_percent': '0.0', 'likelihood': 0}, {'offset': 1, 'projected_percent': '0.0', 'likelihood': 0}, {'offset': 2, 'projected_percent': '0.0', 'likelihood': 0}]",2026-09-10T13:59:58.521186Z,False,0,3,1.5,1.5,1,Exequiel,1.0,619,False,,,5.0,218543.jpg,1.0,False,Palacios,0.0,False,,a,12,40,1,775,686,131,126,0.2,0.2,Palacios,,10.0,2026-08-27,1998-10-05,False,p218543,28,0,0,0,2,0,0,0,0,0,0,0,11,0.0,0.0,0.0,0.0,2,3,1,6,0,0.00,0.01,0.01,1.92,,,,,,,[],,469,184,478,193,425,157,485,191,0.0,0.0,0.03,0.03,6.17,6.43,273,168,229,105,263,114,596,254,0.0,0.0,19.29,Ipswich Town,IPS
True,True,,,153682,0,0,0,0,-79.2,-528,"[{'offset': 0, 'projected_percent': '-86.0', 'likelihood': -3}, {'offset': 1, 'projected_percent': '-101.0', 'likelihood': -5}, {'offset': 2, 'projected_percent': '-115.9', 'likelihood': -5}]",,False,0,3,2.0,2.0,1,Harry,2.0,260,False,,,6.5,153682.jpg,2.0,False,Wilson,5.0,False,,a,13,2,4,17639,2710,110118,52350,0.3,0.6,Wilson,,244.0,2026-07-08,1997-03-22,False,p153682,110,0,0,1,0,0,0,0,0,0,0,0,15,6.2,15.3,4.0,2.6,2,3,3,8,1,0.01,0.06,0.07,1.66,2.0,,,,,,[],,199,80,79,50,143,72,150,68,0.01,0.0,0.05,0.06,1.36,0.0,34,22,166,80,183,91,72,23,0.82,0.82,6.55,Leeds,LEE
True,True,,,201595,0,0,0,0,-56.9,-16,"[{'offset': 0, 'projected_percent': '-58.9', 'likelihood': -3}, {'offset': 1, 'projected_percent': '-63.2', 'likelihood': -3}, {'offset': 2, 'projected_percent': '-67.5', 'likelihood': -3}]",,False,0,1,0.0,0.0,0,Lucas Estella,0.0,326,False,,,4.5,201595.jpg,0.0,False,Perri,0.5,False,,a,13,2,0,465,137,7098,1739,0.0,0.0,Perri,Lucas Perri,30.0,2025-07-26,1997-12-10,False,p201595,0,0,0,0,0,0,0,0,0,0,0,0,0,0.0,0.0,0.0,0.0,0,0,0,0,0,0.00,0.00,0.00,0.00,,,,,,,[],,357,52,361,34,290,34,374,52,0.0,0.0,0.0,0.0,0.0,0.0,439,33,422,53,422,53,256,33,0.0,0.0,0.0,Leeds,LEE
True,True,,,434752,0,0,0,0,16.4,-24,"[{'offset': 0, 'projected_percent': '16.3', 'likelihood': 1}, {'offset': 1, 'projected_percent': '15.9', 'likelihood': 1}, {'offset': 2, 'projected_percent': '15.6', 'likelihood': 1}]",,False,0,2,5.5,5.5,1,Jaka,5.5,327,False,,,5.0,434752.jpg,5.5,False,Bijol,1.0,False,,a,13,2,11,52887,7668,14268,6084,1.1,2.2,Bijol,,195.0,2025-06-23,1999-02-05,False,p434752,135,0,0,1,1,0,0,0,0,0,0,2,28,23.6,0.4,15.0,3.9,16,7,1,17,2,0.11,0.00,0.11,1.21,,,,,,,[],,70,31,254,92,68,18,104,35,0.07,0.0,0.0,0.07,0.81,0.67,300,52,41,16,52,20,191,76,1.33,0.67,11.33,Leeds,LEE
True,True,50.0,,214225,0,0,0,0,-7.2,-374,"[{'offset': 0, 'projected_percent': '-11.1', 'likelihood': -1}, {'offset': 1, 'projected_percent': '-19.8', 'likelihood': -1}, {'offset': 2, 'projected_percent': '-28.4', 'likelihood': -2}]",,False,0,2,1.8,3.5,1,Joe,3.5,329,False,Hamstring injury - 50% chance of playing,2026-08-30T16:00:08.564382Z,4.5,214225.jpg,3.5,False,Rodon,3.3,False,,d,13,2,7,26185,4585,35791,23217,0.8,1.6,Rodon,,244.0,2024-07-02,1997-10-22,False,p214225,123,0,0,1,0,0,0,0,0,0,0,0,25,14.4,14.4,5.0,3.4,10,2,1,11,2,0.03,0.06,0.09,1.01,,,,,,,[],,117,54,86,25,122,38,118,43,0.02,0.0,0.04,0.06,0.74,0.0,442,100,85,32,96,34,101,39,1.46,0.73,8.05,Leeds,LEE
True,True,,,226182,0,0,0,0,1.5,4,"[{'offset': 0, 'projected_percent': '1.5', 'likelihood': 1}, {'offset': 1, 'projected_percent': '1.6', 'likelihood': 1}, {'offset': 2, 'projected_percent': '1.6', 'likelihood': 1}]",,False,0,2,4.0,4.0,2,Jayden,4.0,330,False,,,4.5,226182.jpg,4.0,False,Bogle,0.5,False,,a,13,2,8,7676,1751,4724,1600,0.9,1.8,Bogle,,241.0,2024-07-20,2000-07-27,False,p226182,157,0,0,1,1,0,0,0,0,0,0,0,33,7.0,1.1,0.0,0.8,7,8,3,10,2,0.00,0.01,0.01,1.40,,,,,,,[],,189,84,219,73,298,130,243,93,0.0,0.0,0.01,0.01,0.8,0.57,451,108,73,26,81,28,253,96,1.15,0.57,5.73,Leeds,LEE
True,True,100.0,75.0,243526,0,0,0,0,-0.1,0,"[{'offset': 0, 'projected_percent': '-0.1', 'likelihood': -1}, {'offset': 1, 'projected_percent': '-0.1', 'likelihood': -1}, {'offset': 2, 'projected_percent': '-0.1', 'likelihood': -1}]",2026-09-05T13:30:07.418977Z,False,0,2,0.0,0.0,0,Gabriel,0.0,331,False,,2026-08-08T20:00:07.546568Z,4.5,243526.jpg,0.0,False,Gudmundsson,0.0,False,,a,13,2,0,215,149,1142,150,0.0,0.0,Gudmundsson,,206.0,2025-07-08,1999-04-29,False,p243526,0,0,0,0,0,0,0,0,0,0,0,0,0,0.0,0.0,0.0,0.0,0,0,0,0,0,0.00,0.00,0.00,0.00,,,,,,,[],,370,154,375,158,307,135,387,155,0.0,0.0,0.0,0.0,0.0,0.0,462,115,432,162,432,162,504,176,0.0,0.0,0.0,Leeds,LEE
True,True,,,220627,0,0,0,0,14.7,37,"[{'offset': 0, 'projected_percent': '15.0', 'likelihood': 1}, {'offset': 1, 'projected_percent': '15.5', 'likelihood': 1}, {'offset': 2, 'projected_percent': '16.0', 'likelihood': 1}]",,False,0,2,6.0,6.0,2,James,6.0,332,False,,,4.5,220627.jpg,6.0,False,Justin,1.4,False,,a,13,2,12,57661,14127,16152,6761,1.3,2.7,Justin,,241.0,2025-08-25,1998-02-23,False,p220627,180,0,0,1,1,0,0,0,0,0,0,2,40,24.6,2.3,2.0,2.9,12,7,8,20,2,0.03,0.02,0.05,2.33,,,,,,,[],,66,28,177,53,159,55,134,52,0.02,0.0,0.01,0.03,1.16,0.5,446,104,32,11,38,14,166,67,1.0,0.5,10.0,Leeds,LEE
True,False,0.0,0.0,437738,0,0,0,0,0.0,0,"[{'offset': 0, 'projected_percent': '0.0', 'likelihood': 0}, {'offset': 1, 'projected_percent': '0.0', 'likelihood': 0}, {'offset': 2, 'projected_percent': '0.0', 'likelihood': 0}]",,False,0,2,0.0,0.0,0,Sebastiaan,0.0,333,False,Has joined Hamburg SV on loan for the rest of the season,2026-08-19T13:56:14.645970Z,4.5,437738.jpg,0.0,False,Bornauw,0.0,False,,u,13,2,0,0,0,194,24,0.0,0.0,Bornauw,,21.0,2025-07-01,1999-03-22,False,p437738,0,0,0,0,0,0,0,0,0,0,0,0,0,0.0,0.0,0.0,0.0,0,0,0,0,0,0.00,0.00,0.00,0.00,,,,,,,[],,375,158,379,161,313,140,392,159,0.0,0.0,0.0,0.0,0.0,0.0,470,122,437,166,437,166,612,204,0.0,0.0,0.0,Leeds,LEE
True,True,,,522047,0,0,0,0,5.1,78,"[{'offset': 0, 'projected_percent': '5.5', 'likelihood': 1}, {'offset': 1, 'projected_percent': '6.6', 'likelihood': 1}, {'offset': 2, 'projected_percent': '7.7', 'likelihood': 1}]",,False,0,2,5.0,5.0,4,Tarik,5.0,334,False,,,5.0,522047.jpg,5.0,False,Muharemović,3.3,False,,a,13,2,10,33180,11641,23220,11378,1.0,2.0,Muharemović,,27.0,2026-07-17,2003-02-28,False,p522047,180,0,0,1,1,0,0,0,0,0,0,0,42,15.6,0.6,17.0,3.3,24,4,2,26,2,0.09,0.01,0.10,2.33,,,,,,,[],,108,48,241,87,56,15,123,46,0.04,0.0,0.0,0.04,1.16,0.5,356,69,49,19,58,22,102,40,1.0,0.5,13.0,Leeds,LEE
True,True,,,466525,0,0,0,0,30.7,-37,"[{'offset': 0, 'projected_percent': '30.5', 'likelihood': 2}, {'offset': 1, 'projected_percent': '30.0', 'likelihood': 2}, {'offset': 2, 'projected_percent': '29.5', 'likelihood': 2}]",,False,1,3,8.5,8.5,4,Anton,8.5,335,False,,,6.0,466525.jpg,8.5,False,Stach,2.8,False,,a,13,2,17,100963,19619,29794,16115,1.4,2.8,Stach,,80.0,2025-07-22,1998-11-15,False,p466525,180,1,0,1,1,0,0,0,0,0,0,3,50,47.8,2.3,16.0,6.6,16,9,7,32,2,0.17,0.06,0.23,2.33,1.0,,1.0,,,,[],,10,7,179,105,66,36,47,29,0.08,0.0,0.03,0.11,1.16,0.5,85,55,11,5,17,8,111,32,1.0,0.5,16.0,Leeds,LEE
True,True,,,435997,-1,1,-1,1,-12.6,-22,"[{'offset': 0, 'projected_percent': '-14.8', 'likelihood': -1}, {'offset': 1, 'projected_percent': '-19.8', 'likelihood': -1}, {'offset': 2, 'projected_percent': '-24.7', 'likelihood': -2}]",,False,0,3,1.5,1.5,2,Noah,1.5,336,False,,,5.9,435997.jpg,1.5,False,Okafor,0.4,False,,a,13,2,3,2120,765,13063,3895,0.3,0.5,Okafor,,207.0,2025-08-21,2000-05-24,False,p435997,92,0,0,0,1,0,0,0,0,0,0,0,21,10.0,14.0,4.0,2.8,2,2,3,7,1,0.08,0.17,0.25,0.87,,,,,,,[],,164,61,89,57,138,69,141,63,0.08,0.0,0.17,0.25,0.85,0.98,102,63,196,92,213,102,282,91,0.98,0.0,6.85,Leeds,LEE
True,True,,,427637,0,0,0,0,-50.9,-43,"[{'offset': 0, 'projected_percent': '-54.4', 'likelihood': -3}, {'offset': 1, 'projected_percent': '-62.0', 'likelihood': -3}, {'offset': 2, 'projected_percent': '-69.7', 'likelihood': -3}]",,False,0,3,2.0,2.0,1,Brenden,2.0,337,False,,,5.5,427637.jpg,2.0,False,Aaronson,0.8,False,,a,13,2,4,3429,836,13765,5332,0.4,0.7,Aaronson,,229.0,2022-07-01,2000-10-22,False,p427637,126,0,0,1,1,0,0,0,0,0,0,0,22,8.0,1.1,7.0,1.6,1,7,2,10,2,0.01,0.02,0.03,1.13,,,3.0,,,,[],,179,70,221,123,109,56,203,91,0.01,0.0,0.01,0.02,0.81,0.71,155,96,157,75,172,83,214,69,1.43,0.71,7.14,Leeds,LEE
True,True,,,199598,0,0,0,0,-25.9,-41,"[{'offset': 0, 'projected_percent': '-27.9', 'likelihood': -2}, {'offset': 1, 'projected_percent': '-32.4', 'likelihood': -2}, {'offset': 2, 'projected_percent': '-36.9', 'likelihood': -2}]",,False,0,3,3.5,3.5,2,Ethan,3.5,338,False,,,5.5,199598.jpg,3.5,False,Ampadu,1.3,False,,a,13,2,7,5919,1328,15587,6146,0.6,1.3,Ampadu,,244.0,2023-07-19,2000-09-14,False,p199598,180,0,0,1,1,0,0,0,0,0,0,0,30,18.6,23.3,0.0,4.2,11,8,4,23,2,0.01,0.13,0.14,2.33,,,,,,,[],,91,31,51,33,541,222,97,50,0.0,0.0,0.06,0.06,1.16,0.5,134,83,89,39,100,42,169,51,1.0,0.5,11.5,Leeds,LEE
True,True,,,180135,0,0,0,0,-60.7,-16,"[{'offset': 0, 'projected_percent': '-69.3', 'likelihood': -3}, {'offset': 1, 'projected_percent': '-88.1', 'likelihood': -3}, {'offset': 2, 'projected_percent': '-106.9', 'likelihood': -5}]",,False,0,3,0.5,0.5,0,Sean,0.5,339,False,,,5.0,180135.jpg,1.0,False,Longstaff,0.1,False,,a,13,2,1,823,248,2549,918,0.1,0.2,Longstaff,,241.0,2025-07-18,1997-10-30,False,p180135,8,0,0,0,0,0,0,0,0,0,0,0,3,0.0,0.2,0.0,0.0,0,0,0,0,0,0.00,0.00,0.00,0.07,3.0,,2.0,,,,[],,460,178,268,142,411,149,476,185,0.0,0.0,0.0,0.0,0.79,0.0,252,154,286,127,258,111,398,157,0.0,0.0,0.0,Leeds,LEE
True,True,100.0,75.0,492859,0,0,0,0,0.0,0,"[{'offset': 0, 'projected_percent': '0.0', 'likelihood': 0}, {'offset': 1, 'projected_percent': '0.0', 'likelihood': 0}, {'offset': 2, 'projected_percent': '0.0', 'likelihood': 0}]",2026-09-05T13:30:07.441139Z,False,0,3,0.0,0.0,0,Wilfried,0.0,341,False,,2026-08-17T20:30:08.092366Z,5.0,492859.jpg,0.0,False,Gnonto,0.0,False,,a,13,2,0,111,93,813,117,0.0,0.0,Gnonto,,106.0,2022-09-01,2003-11-05,False,p492859,0,0,0,0,0,0,0,0,0,0,0,0,0,0.0,0.0,0.0,0.0,0,0,0,0,0,0.00,0.00,0.00,0.00,,,,,,,[],,511,207,523,216,480,183,527,214,0.0,0.0,0.0,0.0,0.0,0.0,337,197,550,229,550,229,572,239,0.0,0.0,0.0,Leeds,LEE
True,False,0.0,0.0,221399,0,0,0,0,0.0,0,"[{'offset': 0, 'projected_percent': '0.0', 'likelihood': 0}, {'offset': 1, 'projected_percent': '0.0', 'likelihood': 0}, {'offset': 2, 'projected_percent': '0.0', 'likelihood': 0}]",,False,0,3,0.0,0.0,0,Jack,0.0,342,False,Has joined New England Revolution permanently,2026-07-28T12:59:09.492431Z,5.0,221399.jpg,0.0,False,Harrison,0.0,False,,u,13,2,0,0,0,45,9,0.0,0.0,Harrison,,241.0,2021-07-02,1996-11-20,False,p221399,0,0,0,0,0,0,0,0,0,0,0,0,0,0.0,0.0,0.0,0.0,0,0,0,0,0,0.00,0.00,0.00,0.00,,,,,,,[],,470,185,479,194,427,158,486,192,0.0,0.0,0.0,0.0,0.0,0.0,276,169,517,214,517,214,624,275,0.0,0.0,0.0,Leeds,LEE
True,True,,,200617,0,0,0,0,-30.5,-1,"[{'offset': 0, 'projected_percent': '-30.8', 'likelihood': -2}, {'offset': 1, 'projected_percent': '-31.6', 'likelihood': -2}, {'offset': 2, 'projected_percent': '-32.4', 'likelihood': -2}]",,False,0,3,0.5,0.5,1,Daniel,0.5,343,False,,,5.0,200617.jpg,1.0,False,James,0.1,False,,a,13,2,1,1540,677,2507,771,0.1,0.2,James,,244.0,2021-08-31,1997-11-10,False,p200617,22,0,0,0,0,0,0,0,0,0,0,0,2,0.0,0.0,0.0,0.0,0,2,0,2,0,0.24,0.01,0.25,0.93,,,,,,,[],,462,180,470,189,413,151,478,187,0.98,0.0,0.04,1.02,3.8,0.0,255,157,287,128,259,112,400,158,0.0,0.0,8.18,Leeds,LEE
True,True,25.0,0.0,486520,0,0,0,0,0.0,0,"[{'offset': 0, 'projected_percent': '0.0', 'likelihood': 0}, {'offset': 1, 'projected_percent': '0.0', 'likelihood': 0}, {'offset': 2, 'projected_percent': '0.0', 'likelihood': 0}]",2026-09-06T23:30:08.268488Z,False,0,3,0.0,0.0,0,Ilia,0.0,344,False,Knee injury - 25% chance of playing,2026-08-14T23:00:06.272027Z,5.0,486520.jpg,0.0,False,Gruev,0.0,False,,d,13,2,0,15,6,162,33,0.0,0.0,Gruev,,34.0,2023-08-31,2000-05-06,False,p486520,0,0,0,0,0,0,0,0,0,0,0,0,0,0.0,0.0,0.0,0.0,0,0,0,0,0,0.00,0.00,0.00,0.00,,,,,,,[],,502,201,514,210,470,177,518,208,0.0,0.0,0.0,0.0,0.0,0.0,327,191,543,225,543,225,610,265,0.0,0.0,0.0,Leeds,LEE
True,True,,,248056,0,0,0,0,-99.5,-24,"[{'offset': 0, 'projected_percent': '-107.0', 'likelihood': -5}, {'offset': 1, 'projected_percent': '-123.7', 'likelihood': -5}, {'offset': 2, 'projected_percent': '-140.3', 'likelihood': -5}]",,False,0,3,0.5,0.5,1,Tanaka,0.5,345,False,,,5.0,248056.jpg,1.0,False,Ao,0.2,False,,a,13,2,1,1386,487,5789,1556,0.1,0.2,Tanaka,,108.0,2024-08-30,1998-09-10,False,p248056,45,0,0,0,0,0,0,0,0,0,0,0,6,0.0,0.0,0.0,0.0,5,3,3,11,0,0.00,0.01,0.01,1.13,4.0,,,,,,[],,483,191,492,200,443,165,499,198,0.0,0.0,0.02,0.02,2.26,0.0,294,178,292,130,265,115,334,119,0.0,0.0,22.0,Leeds,LEE
True,True,,,177815,0,0,0,0,-19.4,342,"[{'offset': 0, 'projected_percent': '-18.6', 'likelihood': -1}, {'offset': 1, 'projected_percent': '-16.8', 'likelihood': -1}, {'offset': 2, 'projected_percent': '-15.0', 'likelihood': -1}]",,False,0,4,4.5,4.5,8,Dominic,4.5,346,False,,,6.0,177815.jpg,4.5,False,Calvert-Lewin,27.3,False,,a,13,2,9,144520,60206,306944,118008,0.8,1.5,Calvert-Lewin,,241.0,2025-08-15,1997-03-16,False,p177815,180,1,0,1,1,0,0,0,1,0,0,2,29,0.0,0.8,11.0,0.7,3,3,0,6,2,1.05,0.02,1.07,2.33,,,,,1.0,,[],,598,62,233,27,84,15,250,25,0.52,0.0,0.01,0.53,1.16,0.5,64,15,69,8,78,10,9,3,1.0,0.5,3.0,Leeds,LEE
True,True,,,174594,0,0,0,0,-84.6,-8,"[{'offset': 0, 'projected_percent': '-85.6', 'likelihood': -3}, {'offset': 1, 'projected_percent': '-87.9', 'likelihood': -3}, {'offset': 2, 'projected_percent': '-90.1', 'likelihood': -3}]",,False,0,4,2.0,2.0,4,Lukas,2.0,347,False,,,5.5,174594.jpg,4.0,False,Nmecha,0.5,False,,a,13,2,4,3514,1597,12663,3119,0.4,0.7,Nmecha,,80.0,2025-07-01,1998-12-14,False,p174594,21,0,1,0,0,0,0,0,0,0,0,0,18,0.0,0.0,0.0,0.0,0,1,0,1,0,0.10,0.00,0.10,0.93,,,,,2.0,,[],,551,50,565,58,536,56,565,58,0.43,0.0,0.0,0.43,3.99,0.0,128,33,155,16,90,12,260,43,0.0,0.0,4.29,Leeds,LEE
True,False,0.0,0.0,235826,0,0,0,0,0.0,-16,"[{'offset': 0, 'projected_percent': '0.0', 'likelihood': 0}, {'offset': 1, 'projected_percent': '0.0', 'likelihood': 0}, {'offset': 2, 'projected_percent': '0.0', 'likelihood': 0}]",,False,0,4,0.0,0.0,0,Joël,0.0,348,False,Has joined West Ham United on loan for the rest of the season,2026-08-19T13:56:14.666726Z,5.0,235826.jpg,0.0,False,Piroe,0.1,False,,u,13,2,0,0,0,6685,1334,0.0,0.0,Piroe,,203.0,2023-08-24,1999-08-02,False,p235826,0,0,0,0,0,0,0,0,0,0,0,0,0,0.0,0.0,0.0,0.0,0,0,0,0,0,0.00,0.00,0.00,0.00,,,,,3.0,,[],,479,37,488,45,439,44,495,46,0.0,0.0,0.0,0.0,0.0,0.0,290,53,525,54,525,54,414,59,0.0,0.0,0.0,Leeds,LEE
True,True,0.0,0.0,565297,0,0,0,0,-26.4,-1,"[{'offset': 0, 'projected_percent': '-26.9', 'likelihood': -2}, {'offset': 1, 'projected_percent': '-28.0', 'likelihood': -2}, {'offset': 2, 'projected_percent': '-29.1', 'likelihood': -2}]",,False,0,4,0.0,0.0,0,Mateo,0.0,349,False,Knee injury - Unknown return date,2026-07-29T18:00:10.338170Z,4.5,565297.jpg,0.0,False,Joseph Fernández-Regatillo,0.1,False,,i,13,2,0,639,314,1492,441,0.0,0.0,Mateo Joseph,,200.0,2022-11-04,2003-10-19,False,p565297,0,0,0,0,0,0,0,0,0,0,0,0,0,0.0,0.0,0.0,0.0,0,0,0,0,0,0.00,0.00,0.00,0.00,,,,,,,[],,408,30,414,37,353,36,424,39,0.0,0.0,0.0,0.0,0.0,0.0,516,68,467,47,467,47,482,64,0.0,0.0,0.0,Leeds,LEE
True,True,,,432720,0,0,0,0,21.9,82,"[{'offset': 0, 'projected_percent': '22.4', 'likelihood': 2}, {'offset': 1, 'projected_percent': '23.5', 'likelihood': 2}, {'offset': 2, 'projected_percent': '24.6', 'likelihood': 2}]",,False,0,1,6.0,6.0,3,James,6.0,385,False,,,5.0,432720.jpg,6.0,False,Trafford,4.9,False,,a,13,2,12,93126,29332,29163,14059,1.2,2.4,Trafford,,241.0,2026-08-06,2002-10-10,False,p432720,180,0,0,1,1,0,0,0,0,0,7,2,48,19.4,0.0,0.0,1.9,0,20,0,0,2,0.00,0.00,0.00,2.33,,,,,,,[],,87,13,494,59,447,59,185,13,0.0,3.5,0.0,0.0,1.16,0.5,298,14,34,2,40,2,74,10,1.0,0.5,0.0,Leeds,LEE
True,True,,,173774,0,0,0,0,0.0,0,"[{'offset': 0, 'projected_percent': '0.0', 'likelihood': 0}, {'offset': 1, 'projected_percent': '0.0', 'likelihood': 0}, {'offset': 2, 'projected_percent': '0.0', 'likelihood': 0}]",2026-09-02T14:01:33.181261Z,False,0,2,0.5,0.5,1,Nico,0.5,598,False,,,4.5,173774.jpg,1.0,False,Elvedi,0.0,False,,a,13,2,1,533,179,422,143,0.1,0.2,Elvedi,,207.0,2026-08-19,1996-09-30,False,p173774,56,0,0,0,1,0,0,0,0,0,0,0,9,0.0,0.0,0.0,0.0,5,4,1,6,0,0.00,0.00,0.00,1.32,,,,,,,[],,354,144,358,148,285,121,371,145,0.0,0.0,0.0,0.0,2.12,1.61,432,93,270,92,234,80,543,188,0.0,0.0,9.64,Leeds,LEE
True,True,,,643970,0,0,0,0,0.0,0,"[{'offset': 0, 'projected_percent': '0.0', 'likelihood': 0}, {'offset': 1, 'projected_percent': '0.0', 'likelihood': 0}, {'offset': 2, 'projected_percent': '0.0', 'likelihood': 0}]",2026-09-04T19:31:28.542354Z,False,0,2,0.0,0.0,0,Jayden,0.0,603,False,,,4.0,643970.jpg,0.0,False,Lienou,0.1,False,,a,13,2,0,2329,841,727,408,0.0,0.0,Lienou,,244.0,2026-05-10,2008-04-08,False,p643970,0,0,0,0,0,0,0,0,0,0,0,0,0,0.0,0.0,0.0,0.0,0,0,0,0,0,0.00,0.00,0.00,0.00,,,,,,,[],,335,136,336,139,259,109,352,137,0.0,0.0,0.0,0.0,0.0,0.0,624,205,402,149,402,149,444,155,0.0,0.0,0.0,Leeds,LEE
True,True,,,592740,0,0,0,0,0.0,0,"[{'offset': 0, 'projected_percent': '0.0', 'likelihood': 0}, {'offset': 1, 'projected_percent': '0.0', 'likelihood': 0}, {'offset': 2, 'projected_percent': '0.0', 'likelihood': 0}]",2026-09-04T19:31:41.718342Z,False,0,3,0.0,0.0,0,Alfie,0.0,604,False,,,4.5,592740.jpg,0.0,False,Cresswell,0.1,False,,a,13,2,0,5226,2197,1433,723,0.0,0.0,Cresswell,,241.0,2026-05-16,2007-07-15,False,p592740,0,0,0,0,0,0,0,0,0,0,0,0,0,0.0,0.0,0.0,0.0,0,0,0,0,0,0.00,0.00,0.00,0.00,,,,,,,[],,416,153,422,163,362,121,432,160,0.0,0.0,0.0,0.0,0.0,0.0,527,266,475,188,475,188,428,171,0.0,0.0,0.0,Leeds,LEE
True,True,,,97846,0,0,0,0,0.0,0,"[{'offset': 0, 'projected_percent': '0.0', 'likelihood': 0}, {'offset': 1, 'projected_percent': '0.0', 'likelihood': 0}, {'offset': 2, 'projected_percent': '0.0', 'likelihood': 0}]",2026-09-12T18:33:52.851482Z,False,0,1,1.0,1.0,0,Alex,0.0,625,False,,,4.0,97846.jpg,0.0,False,Cairns,0.0,False,,a,13,2,0,1835,1835,113,113,0.0,0.0,Cairns,,,,,False,p97846,0,0,0,0,0,0,0,0,0,0,0,0,0,0.0,0.0,0.0,0.0,0,0,0,0,0,0.00,0.00,0.00,0.00,,,,,,,[],,288,28,285,8,203,8,304,28,0.0,0.0,0.0,0.0,0.0,0.0,558,56,357,29,357,29,496,54,0.0,0.0,0.0,Leeds,LEE
True,True,,,116535,0,0,0,0,-3.2,-44,"[{'offset': 0, 'projected_percent': '-4.0', 'likelihood': -1}, {'offset': 1, 'projected_percent': '-5.6', 'likelihood': -1}, {'offset': 2, 'projected_percent': '-7.3', 'likelihood': -1}]",,False,0,1,1.0,1.0,0,Alisson,1.0,350,False,,,5.5,116535.jpg,1.0,False,Becker,3.8,False,,a,14,14,2,38259,12952,41166,19943,0.2,0.4,A.Becker,Alisson Becker,30.0,2018-07-19,1992-10-02,False,p116535,180,0,0,0,4,0,0,0,1,0,4,0,2,17.8,0.0,0.0,1.8,4,10,0,0,2,0.00,0.00,0.00,3.88,,,,,,,[],,98,14,562,68,532,68,193,14,0.0,2.0,0.0,0.0,1.94,2.0,121,3,245,20,300,21,92,14,1.0,0.0,0.0,Liverpool,LIV
True,True,,,449027,0,0,0,0,-78.5,-12,"[{'offset': 0, 'projected_percent': '-83.8', 'likelihood': -3}, {'offset': 1, 'projected_percent': '-95.5', 'likelihood': -4}, {'offset': 2, 'projected_percent': '-107.1', 'likelihood': -5}]",,False,0,1,0.0,0.0,0,Giorgi,0.0,351,False,,,5.0,449027.jpg,0.0,False,Mamardashvili,0.1,False,,a,14,14,0,991,333,3270,1232,0.0,0.0,Mamardashvili,,79.0,2024-08-27,2000-09-29,False,p449027,0,0,0,0,0,0,0,0,0,0,0,0,0,0.0,0.0,0.0,0.0,0,0,0,0,0,0.00,0.00,0.00,0.00,,,,,,,[],,492,69,502,62,455,62,508,69,0.0,0.0,0.0,0.0,0.0,0.0,307,17,535,69,535,69,379,42,0.0,0.0,0.0,Liverpool,LIV
True,True,,,155503,0,0,0,0,-3.6,16,"[{'offset': 0, 'projected_percent': '-2.6', 'likelihood': -1}, {'offset': 1, 'projected_percent': '-0.7', 'likelihood': -1}, {'offset': 2, 'projected_percent': '0.1', 'likelihood': 1}]",,False,0,1,0.0,0.0,0,Freddie,0.0,352,False,,,4.0,155503.jpg,0.0,False,Woodman,1.1,False,,a,14,14,0,6728,3465,8257,2734,0.0,0.0,Woodman,,241.0,2025-07-01,1997-03-04,False,p155503,0,0,0,0,0,0,0,0,0,0,0,0,0,0.0,0.0,0.0,0.0,0,0,0,0,0,0.00,0.00,0.00,0.00,,,,,,,[],,292,30,289,10,207,10,308,30,0.0,0.0,0.0,0.0,0.0,0.0,564,58,361,31,361,31,184,28,0.0,0.0,0.0,Liverpool,LIV
True,False,0.0,0.0,586268,0,0,0,0,0.0,0,"[{'offset': 0, 'projected_percent': '0.0', 'likelihood': 0}, {'offset': 1, 'projected_percent': '0.0', 'likelihood': 0}, {'offset': 2, 'projected_percent': '0.0', 'likelihood': 0}]",,False,0,1,0.0,0.0,0,Armin,0.0,353,False,Has joined TSV Hartberg on loan for the rest of the season,2026-08-18T14:11:18.638344Z,4.0,586268.jpg,0.0,False,Pecsi,0.0,False,,u,14,14,0,0,0,563,115,0.0,0.0,Pecsi,,,,,False,p586268,0,0,0,0,0,0,0,0,0,0,0,0,0,0.0,0.0,0.0,0.0,0,0,0,0,0,0.00,0.00,0.00,0.00,,,,,,,[],,331,42,331,22,254,22,348,42,0.0,0.0,0.0,0.0,0.0,0.0,618,70,398,43,398,43,549,64,0.0,0.0,0.0,Liverpool,LIV
True,True,0.0,0.0,432987,0,0,0,0,-0.6,0,"[{'offset': 0, 'projected_percent': '-0.6', 'likelihood': -1}, {'offset': 1, 'projected_percent': '-0.6', 'likelihood': -1}, {'offset': 2, 'projected_percent': '-0.6', 'likelihood': -1}]",,False,0,1,0.0,0.0,0,Vitezslav,0.0,354,False,Knee injury - Unknown return date,2026-07-29T18:00:10.351066Z,4.0,432987.jpg,0.0,False,Jaros,0.0,False,,i,14,14,0,282,119,260,81,0.0,0.0,Jaros,,57.0,2019-07-10,2001-07-23,False,p432987,0,0,0,0,0,0,0,0,0,0,0,0,0,0.0,0.0,0.0,0.0,0,0,0,0,0,0.00,0.00,0.00,0.00,,,,,,,[],https://www.liverpoolfc.com/news/ajax-issue-vitezslav-jaros-injury-update,303,35,302,15,222,15,320,35,0.0,0.0,0.0,0.0,0.0,0.0,583,63,371,36,371,36,574,68,0.0,0.0,0.0,Liverpool,LIV
True,True,,,464353,0,0,0,0,0.1,1,"[{'offset': 0, 'projected_percent': '0.1', 'likelihood': 1}, {'offset': 1, 'projected_percent': '0.1', 'likelihood': 1}, {'offset': 2, 'projected_percent': '0.1', 'likelihood': 1}]",,False,0,1,0.0,0.0,0,Harvey,0.0,355,False,,,4.0,464353.jpg,0.0,False,Davies,0.1,False,,a,14,14,0,1122,478,1055,342,0.0,0.0,Davies,,241.0,2021-03-09,2003-09-03,False,p464353,0,0,0,0,0,0,0,0,0,0,0,0,0,0.0,0.0,0.0,0.0,0,0,0,0,0,0.00,0.00,0.00,0.00,,,,,,,[],,308,38,308,18,229,18,325,38,0.0,0.0,0.0,0.0,0.0,0.0,593,66,376,39,376,39,381,43,0.0,0.0,0.0,Liverpool,LIV
True,True,,,97032,0,0,0,0,-14.3,-703,"[{'offset': 0, 'projected_percent': '-16.8', 'likelihood': -1}, {'offset': 1, 'projected_percent': '-22.1', 'likelihood': -2}, {'offset': 2, 'projected_percent': '-27.4', 'likelihood': -2}]",,False,0,2,1.5,1.5,1,Virgil,1.5,356,False,,,6.5,97032.jpg,1.5,False,van Dijk,18.8,False,,a,14,14,3,96983,22369,177240,98120,0.2,0.5,Virgil,,152.0,2018-01-01,1991-07-08,False,p97032,180,0,0,0,4,0,0,0,1,0,0,0,13,25.6,1.6,24.0,5.1,16,11,2,18,2,0.25,0.04,0.29,3.88,,,,,,,[],,63,25,196,61,40,8,73,24,0.12,0.0,0.02,0.14,1.94,2.0,32,2,203,67,219,67,18,5,1.0,0.0,9.0,Liverpool,LIV
True,True,,,216094,0,0,0,0,-32.5,-120,"[{'offset': 0, 'projected_percent': '-34.9', 'likelihood': -2}, {'offset': 1, 'projected_percent': '-40.1', 'likelihood': -3}, {'offset': 2, 'projected_percent': '-45.4', 'likelihood': -3}]",,False,0,2,0.5,0.5,1,Jeremie,0.5,357,False,,,5.5,216094.jpg,0.5,False,Frimpong,3.3,False,,a,14,14,1,33145,8625,60258,26689,0.1,0.2,Frimpong,,152.0,2025-06-01,2000-12-10,False,p216094,160,0,0,0,4,0,0,0,1,0,0,0,12,13.6,37.8,10.0,6.1,5,6,3,8,2,0.01,0.11,0.12,3.81,,,,,,,[],,131,60,19,4,87,29,53,14,0.01,0.0,0.06,0.07,2.14,2.25,145,17,320,112,343,114,104,42,1.12,0.0,4.5,Liverpool,LIV
True,True,,,544877,0,0,0,0,-50.1,-160,"[{'offset': 0, 'projected_percent': '-53.3', 'likelihood': -3}, {'offset': 1, 'projected_percent': '-60.2', 'likelihood': -3}, {'offset': 2, 'projected_percent': '-67.2', 'likelihood': -3}]",,False,0,2,0.5,0.5,1,Milos,0.5,358,False,,,5.5,544877.jpg,0.5,False,Kerkez,3.3,False,,a,14,14,1,20068,4423,58747,24360,0.1,0.2,Kerkez,,98.0,2025-06-26,2003-11-07,False,p544877,160,0,0,0,4,0,0,0,1,0,0,0,12,18.0,13.8,12.0,4.4,11,7,4,15,2,0.02,0.03,0.05,3.81,,,,,,,[],,96,41,94,28,79,23,93,32,0.01,0.0,0.02,0.03,2.14,2.25,194,27,329,116,346,117,103,41,1.12,0.0,8.44,Liverpool,LIV
True,True,0.0,0.0,171287,0,0,0,0,-54.9,-2,"[{'offset': 0, 'projected_percent': '-58.1', 'likelihood': -3}, {'offset': 1, 'projected_percent': '-65.1', 'likelihood': -3}, {'offset': 2, 'projected_percent': '-72.1', 'likelihood': -3}]",,False,0,2,0.0,0.0,0,Joe,0.0,359,False,Muscular injury - Unknown return date,2026-07-26T08:30:10.078473Z,5.0,171287.jpg,0.0,False,Gomez,0.0,False,,i,14,14,0,113,34,560,151,0.0,0.0,Gomez,,241.0,2015-06-20,1997-05-23,False,p171287,0,0,0,0,0,0,0,0,0,0,0,0,0,0.0,0.0,0.0,0.0,0,0,0,0,0,0.00,0.00,0.00,0.00,,,,,,,[],https://www.liverpoolfc.com/news/andoni-iraola-pre-season-win-over-sunderland-it-will-give-us-good-starting-point,457,181,465,182,407,165,473,181,0.0,0.0,0.0,0.0,0.0,0.0,248,38,510,185,510,185,573,197,0.0,0.0,0.0,Liverpool,LIV
True,True,0.0,0.0,492777,0,0,0,0,-31.1,0,"[{'offset': 0, 'projected_percent': '-31.1', 'likelihood': -2}, {'offset': 1, 'projected_percent': '-31.1', 'likelihood': -2}, {'offset': 2, 'projected_percent': '-31.1', 'likelihood': -2}]",,False,0,2,0.0,0.0,0,Conor,0.0,360,False,Knee injury - Unknown return date,2026-07-23T12:01:23.565711Z,5.0,492777.jpg,0.0,False,Bradley,0.0,False,,i,14,14,0,124,45,296,77,0.0,0.0,Bradley,,242.0,2023-09-25,2003-07-09,False,p492777,0,0,0,0,0,0,0,0,0,0,0,0,0,0.0,0.0,0.0,0.0,0,0,0,0,0,0.00,0.00,0.00,0.00,,,,,,,[],,510,196,522,196,479,187,526,196,0.0,0.0,0.0,0.0,0.0,0.0,336,66,549,196,549,196,591,200,0.0,0.0,0.0,Liverpool,LIV
True,True,,,519440,0,0,0,0,-15.2,-2,"[{'offset': 0, 'projected_percent': '-16.4', 'likelihood': -1}, {'offset': 1, 'projected_percent': '-19.1', 'likelihood': -1}, {'offset': 2, 'projected_percent': '-21.8', 'likelihood': -2}]",,False,0,2,0.0,0.0,0,Wellity,0.0,361,False,,,4.0,519440.jpg,0.0,False,Lucky,0.1,False,,a,14,14,0,1066,458,1670,533,0.0,0.0,Lucky,,,,,False,p519440,0,0,0,0,0,0,0,0,0,0,0,0,0,0.0,0.0,0.0,0.0,0,0,0,0,0,0.00,0.00,0.00,0.00,,,,,,,[],,318,120,318,122,239,90,335,121,0.0,0.0,0.0,0.0,0.0,0.0,603,185,386,134,386,134,397,142,0.0,0.0,0.0,Liverpool,LIV
True,True,100.0,100.0,606702,0,0,0,0,6.7,63,"[{'offset': 0, 'projected_percent': '7.1', 'likelihood': 1}, {'offset': 1, 'projected_percent': '8.0', 'likelihood': 1}, {'offset': 2, 'projected_percent': '8.9', 'likelihood': 1}]",,False,0,2,2.0,2.0,3,Jeremy,2.0,362,False,,2026-07-23T12:01:23.581126Z,5.0,606702.jpg,2.0,False,Jacquet,2.5,False,,a,14,14,4,42278,19566,30753,12597,0.4,0.8,Jacquet,,73.0,2026-07-01,2005-07-13,False,p606702,145,0,0,0,4,0,0,0,0,0,0,0,22,12.4,11.9,0.0,2.4,10,7,4,14,2,0.00,0.07,0.07,3.27,,,,,,,[],,140,65,107,32,504,190,156,60,0.0,0.0,0.04,0.04,2.03,2.48,378,72,151,54,167,56,115,46,1.24,0.0,8.69,Liverpool,LIV
True,True,0.0,0.0,647681,0,0,0,0,-17.1,0,"[{'offset': 0, 'projected_percent': '-17.1', 'likelihood': -1}, {'offset': 1, 'projected_percent': '-17.1', 'likelihood': -1}, {'offset': 2, 'projected_percent': '-17.1', 'likelihood': -1}]",,False,0,2,0.0,0.0,0,Giovanni,0.0,363,False,Knee injury - Unknown return date,2026-07-23T12:01:23.596909Z,4.0,647681.jpg,0.0,False,Leoni,0.0,False,,i,14,14,0,322,140,762,243,0.0,0.0,Leoni,,106.0,2025-08-15,2006-12-21,False,p647681,0,0,0,0,0,0,0,0,0,0,0,0,0,0.0,0.0,0.0,0.0,0,0,0,0,0,0.00,0.00,0.00,0.00,,,,,,,[],https://www.liverpoolfc.com/news/liverpools-injury-list-suspensions-and-availability?utm_source=premier-league-web&utm_medium=referral&utm_campaign=pl-referral-always-on&utm_term=injuries&utm_content=club-injury-article,336,137,337,140,260,110,353,138,0.0,0.0,0.0,0.0,0.0,0.0,625,206,403,150,403,150,510,177,0.0,0.0,0.0,Liverpool,LIV
True,True,,,214285,0,0,0,0,-52.9,-2,"[{'offset': 0, 'projected_percent': '-54.6', 'likelihood': -3}, {'offset': 1, 'projected_percent': '-58.4', 'likelihood': -3}, {'offset': 2, 'projected_percent': '-62.2', 'likelihood': -3}]",,False,0,2,0.5,0.5,1,Kostas,0.5,364,False,,,5.0,214285.jpg,1.0,False,Tsimikas,0.1,False,,a,14,14,1,500,161,1364,382,0.1,0.2,Tsimikas,,83.0,2020-08-10,1996-05-12,False,p214285,19,0,0,0,0,0,0,0,0,0,0,0,4,0.0,0.0,0.0,0.0,0,0,0,0,0,0.04,0.01,0.05,0.07,,,,,,,[],,467,185,475,185,421,169,483,185,0.19,0.0,0.05,0.24,0.33,0.0,268,42,289,106,262,100,458,163,0.0,0.0,0.0,Liverpool,LIV
True,False,0.0,0.0,489580,0,0,0,0,0.0,-31,"[{'offset': 0, 'projected_percent': '0.0', 'likelihood': 0}, {'offset': 1, 'projected_percent': '0.0', 'likelihood': 0}, {'offset': 2, 'projected_percent': '0.0', 'likelihood': 0}]",,False,0,2,0.0,0.0,0,Calvin,0.0,365,False,Has joined St Mirren on loan for the rest of the season,2026-08-26T14:05:26.748768Z,4.0,489580.jpg,0.0,False,Ramsay,0.2,False,,u,14,14,0,638,0,6394,2642,0.0,0.0,Ramsay,,243.0,2022-06-19,2003-07-31,False,p489580,0,0,0,0,0,0,0,0,0,0,0,0,0,0.0,0.0,0.0,0.0,0,0,0,0,0,0.00,0.00,0.00,0.00,,,,,,,[],,312,116,312,118,233,86,329,117,0.0,0.0,0.0,0.0,0.0,0.0,597,181,380,130,380,130,370,138,0.0,0.0,0.0,Liverpool,LIV
True,True,,,494595,0,0,0,0,-63.4,-367,"[{'offset': 0, 'projected_percent': '-65.6', 'likelihood': -3}, {'offset': 1, 'projected_percent': '-70.5', 'likelihood': -3}, {'offset': 2, 'projected_percent': '-75.4', 'likelihood': -3}]",,False,0,3,3.0,3.0,4,Florian,3.0,366,False,,,7.5,494595.jpg,3.0,False,Wirtz,10.6,False,,a,14,14,6,41137,16214,193106,69844,0.4,0.8,Wirtz,,80.0,2025-06-20,2003-05-03,False,p494595,152,0,1,0,4,0,0,0,1,0,0,0,39,9.8,17.9,29.0,5.7,0,11,4,15,2,0.49,0.24,0.73,2.81,3.0,,2.0,,4.0,,[],,166,63,68,42,31,17,59,32,0.29,0.0,0.14,0.43,1.66,2.37,18,11,116,55,125,57,36,13,1.18,0.0,8.88,Liverpool,LIV
True,True,,,243298,0,0,0,0,87.5,-98,"[{'offset': 0, 'projected_percent': '86.9', 'likelihood': 3}, {'offset': 1, 'projected_percent': '85.5', 'likelihood': 3}, {'offset': 2, 'projected_percent': '84.2', 'likelihood': 3}]",,False,1,3,8.5,8.5,5,Cody,8.5,367,False,,,7.0,243298.jpg,8.5,False,Gakpo,7.2,False,,a,14,14,17,267927,62223,68791,41040,1.2,2.4,Gakpo,,152.0,2023-01-01,1999-05-07,False,p243298,160,1,1,0,4,0,0,0,0,0,0,3,54,44.0,34.0,37.0,11.5,5,7,3,15,2,0.30,0.80,1.10,3.81,2.0,,,,3.0,,[],,16,9,22,17,18,9,9,8,0.17,0.0,0.45,0.62,2.14,2.25,25,16,13,7,19,10,56,20,1.12,0.0,8.44,Liverpool,LIV
True,True,,,424876,0,0,0,0,57.4,-527,"[{'offset': 0, 'projected_percent': '54.2', 'likelihood': 3}, {'offset': 1, 'projected_percent': '47.0', 'likelihood': 3}, {'offset': 2, 'projected_percent': '39.8', 'likelihood': 2}]",,False,0,3,6.0,6.0,4,Dominik,6.0,368,False,,,7.0,424876.jpg,6.0,False,Szoboszlai,42.3,False,,a,14,14,12,316148,71145,199437,132032,0.9,1.7,Szoboszlai,,98.0,2023-07-02,2000-10-25,False,p424876,180,1,0,0,4,0,0,0,0,0,0,1,53,50.4,47.1,21.0,11.9,5,11,4,20,2,1.01,0.44,1.45,3.88,1.0,,1.0,,1.0,,[],,7,5,8,7,45,24,7,6,0.5,0.0,0.22,0.72,1.94,2.0,26,17,38,20,48,25,4,2,1.0,0.0,10.0,Liverpool,LIV
True,True,,,611922,0,0,0,0,-102.1,-112,"[{'offset': 0, 'projected_percent': '-109.6', 'likelihood': -5}, {'offset': 1, 'projected_percent': '-126.3', 'likelihood': -5}, {'offset': 2, 'projected_percent': '-142.9', 'likelihood': -5}]",,False,0,3,1.5,1.5,1,Rio,1.5,369,False,,,6.0,611922.jpg,1.5,False,Ngumoha,1.0,False,,a,14,14,3,6910,1363,27943,13066,0.2,0.5,Ngumoha,,241.0,2024-12-17,2008-08-29,False,p611922,81,0,0,0,2,0,0,0,0,0,0,0,14,2.4,6.0,5.0,1.3,0,2,1,3,1,0.04,0.05,0.09,0.58,,,,,,,[],,244,110,139,83,128,64,226,101,0.04,0.0,0.06,0.1,0.64,2.22,96,60,202,95,218,105,196,62,1.11,0.0,3.33,Liverpool,LIV
True,True,0.0,0.0,223541,-1,1,-1,1,-2.7,-18,"[{'offset': 0, 'projected_percent': '-5.5', 'likelihood': -1}, {'offset': 1, 'projected_percent': '-11.6', 'likelihood': -1}, {'offset': 2, 'projected_percent': '-17.7', 'likelihood': -1}]",,False,0,3,0.0,0.0,0,Federico,0.0,370,False,Back injury - Unknown return date,2026-08-27T13:30:07.598926Z,5.4,223541.jpg,0.0,False,Chiesa,0.1,False,,i,14,14,0,607,22,5853,2303,0.0,0.0,Chiesa,,106.0,2024-08-29,1997-10-25,False,p223541,0,0,0,0,0,0,0,0,0,0,0,0,0,0.0,0.0,0.0,0.0,0,0,0,0,0,0.00,0.00,0.00,0.00,,,,,,,[],https://www.liverpoolfc.com/news/federico-chiesa-injury-update-0,539,225,552,234,519,210,555,232,0.0,0.0,0.0,0.0,0.0,0.0,213,133,572,242,572,242,439,176,0.0,0.0,0.0,Liverpool,LIV
True,True,,,441266,0,0,0,0,-29.5,-140,"[{'offset': 0, 'projected_percent': '-34.4', 'likelihood': -2}, {'offset': 1, 'projected_percent': '-45.3', 'likelihood': -3}, {'offset': 2, 'projected_percent': '-56.2', 'likelihood': -3}]",,False,0,3,3.0,3.0,1,Ryan,3.0,371,False,,,6.0,441266.jpg,3.0,False,Gravenberch,1.8,False,,a,14,14,6,18670,3665,32877,17694,0.5,1.0,Gravenberch,,152.0,2023-09-01,2002-05-16,False,p441266,96,0,1,0,2,0,0,0,0,0,0,0,33,24.4,16.0,4.0,4.4,2,8,2,12,1,0.06,0.06,0.12,1.17,,,,,,,[],,68,23,75,46,141,71,94,49,0.06,0.0,0.06,0.12,1.1,1.88,79,52,113,53,123,55,134,39,0.94,0.0,11.25,Liverpool,LIV
True,True,,,243016,0,0,0,0,-60.1,-54,"[{'offset': 0, 'projected_percent': '-62.4', 'likelihood': -3}, {'offset': 1, 'projected_percent': '-67.4', 'likelihood': -3}, {'offset': 2, 'projected_percent': '-72.5', 'likelihood': -3}]",,False,0,3,1.5,1.5,2,Alexis,1.5,372,False,,,5.5,243016.jpg,1.5,False,Mac Allister,1.5,False,,a,14,14,3,10479,3912,31817,10309,0.3,0.5,Mac Allister,,10.0,2023-06-14,1998-12-24,False,p243016,103,0,0,0,2,0,0,0,0,0,0,0,19,5.8,1.4,0.0,0.7,2,6,5,13,1,0.00,0.40,0.40,3.30,,,,,5.0,,[],,204,82,202,114,553,231,246,109,0.0,0.0,0.35,0.35,2.88,1.75,151,93,191,87,209,98,152,45,0.87,0.0,11.36,Liverpool,LIV
True,False,0.0,75.0,206915,0,0,0,0,0.0,-4,"[{'offset': 0, 'projected_percent': '0.0', 'likelihood': 0}, {'offset': 1, 'projected_percent': '0.0', 'likelihood': 0}, {'offset': 2, 'projected_percent': '0.0', 'likelihood': 0}]",,False,0,3,0.0,0.0,0,Curtis,0.0,373,False,Has joined Internazionale permanently,2026-08-16T18:30:07.426408Z,5.5,206915.jpg,0.0,False,Jones,0.0,False,,u,14,14,0,34,1,1578,450,0.0,0.0,C.Jones,,241.0,2018-04-06,2001-01-30,False,p206915,0,0,0,0,0,0,0,0,0,0,0,0,0,0.0,0.0,0.0,0.0,0,0,0,0,0,0.00,0.00,0.00,0.00,,,,,,,[],,557,234,572,242,546,225,571,240,0.0,0.0,0.0,0.0,0.0,0.0,140,86,587,250,587,250,528,219,0.0,0.0,0.0,Liverpool,LIV
True,True,100.0,100.0,158983,0,0,0,0,-53.8,-8,"[{'offset': 0, 'projected_percent': '-61.2', 'likelihood': -3}, {'offset': 1, 'projected_percent': '-77.5', 'likelihood': -3}, {'offset': 2, 'projected_percent': '-93.8', 'likelihood': -3}]",,False,0,3,0.0,0.0,0,Endo,0.0,374,False,,2026-07-23T12:01:23.612529Z,5.0,158983.jpg,0.0,False,Wataru,0.1,False,,a,14,14,0,767,282,1568,583,0.0,0.0,Endo,,108.0,2023-08-18,1993-02-09,False,p158983,0,0,0,0,0,0,0,0,0,0,0,0,0,0.0,0.0,0.0,0.0,0,0,0,0,0,0.00,0.00,0.00,0.00,,,,,,,[],,456,176,464,186,405,146,472,183,0.0,0.0,0.0,0.0,0.0,0.0,246,151,509,208,509,208,471,191,0.0,0.0,0.0,Liverpool,LIV
True,True,,,591386,0,0,0,0,-83.0,3,"[{'offset': 0, 'projected_percent': '-78.7', 'likelihood': -3}, {'offset': 1, 'projected_percent': '-69.2', 'likelihood': -3}, {'offset': 2, 'projected_percent': '-59.7', 'likelihood': -3}]",,False,0,3,0.5,0.5,1,Trey,0.5,375,False,,,5.0,591386.jpg,1.0,False,Nyoni,0.0,False,,a,14,14,1,308,169,962,289,0.1,0.2,Nyoni,,241.0,2023-11-11,2007-06-30,False,p591386,13,0,0,0,0,0,0,0,0,0,0,0,3,0.0,0.0,0.0,0.0,1,2,2,5,0,0.00,0.00,0.00,0.07,,,,,,,[],,530,220,542,228,503,199,546,227,0.0,0.0,0.0,0.0,0.48,0.0,377,226,308,143,286,131,516,215,0.0,0.0,34.62,Liverpool,LIV
True,True,0.0,0.0,535928,0,0,0,0,-34.4,0,"[{'offset': 0, 'projected_percent': '-34.4', 'likelihood': -2}, {'offset': 1, 'projected_percent': '-34.4', 'likelihood': -2}, {'offset': 2, 'projected_percent': '-34.4', 'likelihood': -2}]",,False,0,3,0.0,0.0,0,Stefan,0.0,376,False,Hamstring injury - Unknown return date,2026-07-23T12:01:23.628373Z,5.0,535928.jpg,0.0,False,Bajčetić Maquieira,0.0,False,,i,14,14,0,11,3,44,15,0.0,0.0,Bajcetic,,200.0,2022-07-11,2004-10-22,False,p535928,0,0,0,0,0,0,0,0,0,0,0,0,0,0.0,0.0,0.0,0.0,0,0,0,0,0,0.00,0.00,0.00,0.00,,,,,,,[],https://www.liverpoolfc.com/news/liverpools-injury-list-suspensions-and-availability?utm_source=premier-league-web&utm_medium=referral&utm_campaign=pl-referral-always-on&utm_term=injuries&utm_content=club-injury-article,519,211,532,220,490,188,535,218,0.0,0.0,0.0,0.0,0.0,0.0,360,212,557,232,557,232,622,273,0.0,0.0,0.0,Liverpool,LIV
True,True,,,551499,0,0,0,0,10.1,182,"[{'offset': 0, 'projected_percent': '11.3', 'likelihood': 1}, {'offset': 1, 'projected_percent': '13.7', 'likelihood': 1}, {'offset': 2, 'projected_percent': '16.2', 'likelihood': 1}]",,False,0,3,5.0,5.0,6,Victor,5.0,377,False,,,6.5,551499.jpg,5.0,False,Munoz,0.9,False,,a,14,14,10,35077,28591,11764,5851,0.8,1.5,Munoz,,200.0,2026-06-18,2003-07-13,False,p551499,117,1,1,0,2,0,0,0,1,0,0,0,39,4.0,8.9,14.0,2.7,4,1,2,7,1,0.42,0.23,0.65,3.37,,,,,,,[],,226,99,127,74,74,41,146,65,0.32,0.0,0.18,0.5,2.59,1.54,48,32,56,28,66,32,199,64,0.77,0.0,5.38,Liverpool,LIV
True,True,,,491501,0,0,0,0,-43.1,-11,"[{'offset': 0, 'projected_percent': '-45.8', 'likelihood': -3}, {'offset': 1, 'projected_percent': '-51.8', 'likelihood': -3}, {'offset': 2, 'projected_percent': '-57.8', 'likelihood': -3}]",,False,0,3,0.0,0.0,0,James,0.0,378,False,,,4.5,491501.jpg,0.0,False,McConnell,0.2,False,,a,14,14,0,1384,501,4142,1242,0.0,0.0,McConnell,,241.0,2023-07-18,2004-09-13,False,p491501,0,0,0,0,0,0,0,0,0,0,0,0,0,0.0,0.0,0.0,0.0,0,0,0,0,0,0.00,0.00,0.00,0.00,,,,,,,[],,384,143,391,153,329,111,400,150,0.0,0.0,0.0,0.0,0.0,0.0,491,255,444,178,444,178,315,110,0.0,0.0,0.0,Liverpool,LIV
True,True,,,219168,0,0,0,0,-10.3,7,"[{'offset': 0, 'projected_percent': '-10.3', 'likelihood': -1}, {'offset': 1, 'projected_percent': '-10.2', 'likelihood': -1}, {'offset': 2, 'projected_percent': '-10.2', 'likelihood': -1}]",,False,0,4,5.0,5.0,8,Alexander,5.0,379,False,,,9.0,219168.jpg,5.0,False,Isak,16.2,False,,a,14,14,10,117195,44159,173613,72480,0.6,1.1,Isak,,206.0,2025-09-01,1999-09-21,False,p219168,180,1,0,0,4,0,0,0,0,0,0,2,36,11.4,14.6,66.0,9.2,1,0,1,2,2,2.08,0.01,2.09,3.88,,,,,2.0,,[],,153,11,85,7,1,1,19,4,1.04,0.0,0.0,1.04,1.94,2.0,5,2,58,6,69,8,24,4,1.0,0.0,1.0,Liverpool,LIV
True,True,0.0,0.0,510663,0,0,0,0,-64.8,-20,"[{'offset': 0, 'projected_percent': '-68.3', 'likelihood': -3}, {'offset': 1, 'projected_percent': '-75.9', 'likelihood': -3}, {'offset': 2, 'projected_percent': '-83.5', 'likelihood': -3}]",,False,0,4,0.0,0.0,0,Hugo,0.0,380,False,Achilles injury - Unknown return date,2026-07-23T12:01:23.643771Z,7.5,510663.jpg,0.0,False,Ekitiké,0.1,False,,i,14,14,0,983,274,5426,1619,0.0,0.0,Ekitiké,,73.0,2025-07-23,2002-06-20,False,p510663,0,0,0,0,0,0,0,0,0,0,0,0,0,0.0,0.0,0.0,0.0,0,0,0,0,0,0.00,0.00,0.00,0.00,,,,,,,[],https://www.liverpoolfc.com/news/lfc-fitness-update-bajcetic-bradley-ekitike-endo-and-leoni?utm_source=premier-league-web&utm_medium=referral&utm_campaign=pl-referral-always-on&utm_content=injuries-flag&utm_term=injury-news,624,72,625,72,625,72,625,72,0.0,0.0,0.0,0.0,0.0,0.0,19,7,622,72,622,72,391,56,0.0,0.0,0.0,Liverpool,LIV
True,True,,,514514,0,0,0,0,-22.5,0,"[{'offset': 0, 'projected_percent': '-22.5', 'likelihood': -2}, {'offset': 1, 'projected_percent': '-22.5', 'likelihood': -2}, {'offset': 2, 'projected_percent': '-22.5', 'likelihood': -2}]",,False,0,3,0.5,0.5,0,Lewis,0.5,381,False,,,5.0,514514.jpg,1.0,False,Koumas,0.0,False,,a,14,14,1,227,71,360,150,0.1,0.2,Koumas,,244.0,2026-08-22,2005-09-19,False,p514514,12,0,0,0,0,0,0,0,0,0,0,0,4,1.2,0.5,7.0,0.9,0,1,0,1,0,0.03,0.00,0.03,0.48,,,,,,,[],,262,121,250,133,106,54,236,107,0.22,0.0,0.0,0.22,3.6,0.0,353,207,302,139,279,126,551,228,0.0,0.0,7.5,Liverpool,LIV
True,True,0.0,0.0,500058,0,0,0,0,-11.9,-2,"[{'offset': 0, 'projected_percent': '-13.2', 'likelihood': -1}, {'offset': 1, 'projected_percent': '-16.1', 'likelihood': -1}, {'offset': 2, 'projected_percent': '-19.0', 'likelihood': -1}]",,False,0,4,0.0,0.0,0,Jayden,0.0,382,False,Unspecified injury - Unknown return date,2026-07-23T12:01:23.659279Z,4.5,500058.jpg,0.0,False,Danns,0.0,False,,i,14,14,0,586,277,832,270,0.0,0.0,Danns,,,,,False,p500058,0,0,0,0,0,0,0,0,0,0,0,0,0,0.0,0.0,0.0,0.0,0,0,0,0,0,0.00,0.00,0.00,0.00,,,,,,,[],https://www.liverpoolfc.com/news/andoni-iraola-interview-pre-season-implementing-his-style-and-fitness-update,388,25,395,33,333,31,404,34,0.0,0.0,0.0,0.0,0.0,0.0,495,63,448,43,448,43,522,67,0.0,0.0,0.0,Liverpool,LIV
True,True,,,444884,0,0,0,0,-89.1,-4,"[{'offset': 0, 'projected_percent': '-92.7', 'likelihood': -3}, {'offset': 1, 'projected_percent': '-100.8', 'likelihood': -5}, {'offset': 2, 'projected_percent': '-108.8', 'likelihood': -5}]",,False,0,3,0.0,0.0,0,Harvey,0.0,383,False,,,5.5,444884.jpg,0.0,False,Elliott,0.1,False,,a,14,14,0,651,271,1931,715,0.0,0.0,Elliott,,241.0,2019-07-28,2003-04-04,False,p444884,0,0,0,0,0,0,0,0,0,0,0,0,0,0.0,0.0,0.0,0.0,0,0,0,0,0,0.00,0.00,0.00,0.00,,,,,,,[],,566,240,579,248,559,235,579,246,0.0,0.0,0.0,0.0,0.0,0.0,166,104,591,254,591,254,463,187,0.0,0.0,0.0,Liverpool,LIV
True,True,,,445087,0,0,0,0,-72.9,-331,"[{'offset': 0, 'projected_percent': '-81.7', 'likelihood': -3}, {'offset': 1, 'projected_percent': '-100.9', 'likelihood': -5}, {'offset': 2, 'projected_percent': '-120.1', 'likelihood': -5}]",,False,0,2,0.5,0.5,0,Ronald,0.5,579,False,,,5.5,445087.jpg,0.5,False,Araujo,2.4,False,,a,14,14,1,29317,5410,68232,34458,0.1,0.2,Araujo,,230.0,2026-08-10,1999-03-07,False,p445087,33,0,0,0,0,0,0,0,1,0,0,0,2,13.2,1.2,0.0,1.4,4,3,1,5,0,0.00,0.04,0.04,0.61,,,,,,,[],,134,62,215,71,560,198,219,84,0.0,0.0,0.11,0.11,1.66,0.0,167,22,325,115,345,116,118,47,0.0,0.0,13.64,Liverpool,LIV
True,True,100.0,100.0,114283,0,0,0,0,-65.2,-19,"[{'offset': 0, 'projected_percent': '-71.1', 'likelihood': -3}, {'offset': 1, 'projected_percent': '-83.9', 'likelihood': -3}, {'offset': 2, 'projected_percent': '-96.8', 'likelihood': -4}]",,False,0,3,0.5,0.5,0,Jack,0.5,238,False,,2026-07-29T10:00:10.492904Z,6.5,114283.jpg,1.0,False,Grealish,0.2,False,,a,15,43,1,1736,534,4459,2056,0.1,0.2,Grealish,,241.0,2021-08-05,1995-09-10,False,p114283,8,0,0,0,0,0,0,0,0,0,0,0,2,1.0,0.6,0.0,0.2,0,0,1,1,0,0.00,0.00,0.00,0.00,,,,,,,[],,267,124,248,132,612,268,287,136,0.0,0.0,0.0,0.0,0.0,0.0,33,21,346,167,331,163,335,120,0.0,0.0,11.25,Man City,MCI
True,True,,,204936,0,0,0,0,-18.8,-140,"[{'offset': 0, 'projected_percent': '-20.0', 'likelihood': -2}, {'offset': 1, 'projected_percent': '-22.4', 'likelihood': -2}, {'offset': 2, 'projected_percent': '-24.9', 'likelihood': -2}]",,False,0,1,1.5,1.5,0,Gianluigi,1.5,384,False,,,5.5,204936.jpg,1.5,False,Donnarumma,8.1,False,,a,15,43,3,52966,18958,93331,48379,0.3,0.5,Donnarumma,,106.0,2025-09-01,1999-02-25,False,p204936,180,0,0,0,2,1,0,0,0,0,4,0,17,26.8,0.0,0.0,2.7,1,12,0,0,2,0.00,0.00,0.00,1.31,,,,,,,[],,61,10,571,69,545,69,145,10,0.0,2.0,0.0,0.0,0.66,1.0,138,4,188,17,206,19,51,7,1.0,0.0,0.0,Man City,MCI
True,True,,,122074,0,0,0,0,-28.4,-1,"[{'offset': 0, 'projected_percent': '-29.6', 'likelihood': -2}, {'offset': 1, 'projected_percent': '-32.1', 'likelihood': -2}, {'offset': 2, 'projected_percent': '-34.6', 'likelihood': -2}]",,False,0,1,0.0,0.0,0,Marcus,0.0,386,False,,,4.5,122074.jpg,0.0,False,Bettinelli,0.0,False,,a,15,43,0,188,53,378,142,0.0,0.0,Bettinelli,,241.0,2025-06-10,1992-05-24,False,p122074,0,0,0,0,0,0,0,0,0,0,0,0,0,0.0,0.0,0.0,0.0,0,0,0,0,0,0.00,0.00,0.00,0.00,,,,,,,[],,349,49,352,31,279,31,366,49,0.0,0.0,0.0,0.0,0.0,0.0,422,30,416,50,416,50,538,61,0.0,0.0,0.0,Man City,MCI
True,True,,,472769,0,0,0,0,-21.0,-480,"[{'offset': 0, 'projected_percent': '-22.6', 'likelihood': -2}, {'offset': 1, 'projected_percent': '-26.0', 'likelihood': -2}, {'offset': 2, 'projected_percent': '-29.4', 'likelihood': -2}]",,False,0,2,2.0,2.0,2,Nico,2.0,387,False,,,6.5,472769.jpg,2.0,False,O'Reilly,19.9,False,,a,15,43,4,97125,28341,212462,105132,0.3,0.6,O'Reilly,,241.0,2022-12-16,2005-03-21,False,p472769,150,0,0,0,2,0,0,0,0,0,0,0,16,8.8,30.4,11.0,5.0,1,7,2,3,2,0.09,0.43,0.52,1.21,,,,,,,[],,173,75,27,6,86,28,79,27,0.05,0.0,0.26,0.31,0.73,1.2,43,4,167,57,185,59,15,3,1.2,0.0,1.8,Man City,MCI
True,True,,,209036,0,0,0,0,54.2,-30,"[{'offset': 0, 'projected_percent': '54.1', 'likelihood': 3}, {'offset': 1, 'projected_percent': '53.7', 'likelihood': 3}, {'offset': 2, 'projected_percent': '53.3', 'likelihood': 3}]",,False,0,2,6.0,6.0,2,Marc,6.0,388,False,,,6.0,209036.jpg,6.0,False,Guéhi,19.4,False,,a,15,43,12,234259,51514,105949,64191,1.0,2.0,Guéhi,,241.0,2026-01-19,2000-07-13,False,p209036,180,1,0,0,2,0,0,0,0,0,0,2,43,43.6,17.5,28.0,8.9,6,8,3,9,2,0.89,0.36,1.25,1.31,,,,,,,[],,18,6,69,22,32,7,23,4,0.44,0.0,0.18,0.62,0.66,1.0,69,6,36,13,45,17,16,4,1.0,0.0,4.5,Man City,MCI
True,True,75.0,75.0,465351,0,0,0,0,-54.2,-176,"[{'offset': 0, 'projected_percent': '-59.2', 'likelihood': -3}, {'offset': 1, 'projected_percent': '-70.1', 'likelihood': -3}, {'offset': 2, 'projected_percent': '-81.0', 'likelihood': -3}]",,False,0,2,0.4,0.4,0,Matheus,0.5,389,False,Unspecified injury - 75% chance of playing,2026-08-27T11:30:08.171622Z,6.0,465351.jpg,1.0,False,Nunes,1.2,False,,d,15,43,1,3104,73,34463,16970,0.1,0.2,Matheus N.,Matheus Nunes,173.0,2023-09-01,1998-08-27,False,p465351,33,0,0,0,0,0,0,0,0,0,0,0,4,3.8,1.5,4.0,0.9,1,2,0,1,0,0.00,0.04,0.04,0.10,,,,,4.0,,[],https://www.mancity.com/news/mens/enzo-maresca-crystal-palace-press-conference-injury-news-63923408,229,94,199,63,142,47,238,89,0.0,0.0,0.11,0.11,0.27,0.0,84,10,339,117,324,108,171,70,0.0,0.0,2.73,Man City,MCI
True,True,,,171314,0,0,0,0,-5.2,5,"[{'offset': 0, 'projected_percent': '-5.0', 'likelihood': -1}, {'offset': 1, 'projected_percent': '-4.7', 'likelihood': -1}, {'offset': 2, 'projected_percent': '-4.3', 'likelihood': -1}]",,False,0,2,2.0,2.0,2,Rúben,2.0,390,False,,,5.5,171314.jpg,2.0,False,dos Santos Gato Alves Dias,1.8,False,,a,15,43,4,15936,6078,21091,8534,0.4,0.7,Rúben,Rúben Dias,173.0,2020-09-29,1997-05-14,False,p171314,180,0,0,0,2,0,0,0,0,0,0,0,30,24.4,17.9,2.0,4.4,11,14,1,12,2,0.09,0.71,0.80,1.31,,,,,,,[],,67,29,67,21,177,62,92,31,0.04,0.0,0.36,0.4,0.66,1.0,126,13,154,55,170,57,139,55,1.0,0.0,6.0,Man City,MCI
True,True,,,477424,1,-1,1,-1,9.5,1073,"[{'offset': 0, 'projected_percent': '11.9', 'likelihood': 1}, {'offset': 1, 'projected_percent': '17.3', 'likelihood': 1}, {'offset': 2, 'projected_percent': '22.7', 'likelihood': 2}]",,False,0,2,7.0,7.0,5,Joško,7.0,391,False,,,5.6,477424.jpg,7.0,False,Gvardiol,16.3,False,,a,15,43,14,447453,219035,64064,28707,1.3,2.5,Gvardiol,,97.0,2023-08-05,2002-01-23,False,p477424,164,1,1,0,2,0,0,0,0,0,0,1,46,47.6,13.3,17.0,7.8,6,5,3,9,2,0.19,0.09,0.28,1.31,,,,,,,[],,11,3,97,29,59,17,33,8,0.1,0.0,0.05,0.15,0.72,1.1,114,12,23,8,29,11,23,8,1.1,0.0,4.94,Man City,MCI
True,True,,,448514,-1,1,-1,1,-34.4,-76,"[{'offset': 0, 'projected_percent': '-38.6', 'likelihood': -2}, {'offset': 1, 'projected_percent': '-47.9', 'likelihood': -3}, {'offset': 2, 'projected_percent': '-57.2', 'likelihood': -3}]",,False,0,2,0.0,0.0,0,Rayan,0.0,392,False,,,5.4,448514.jpg,0.0,False,Aït-Nouri,0.7,False,,a,15,43,0,3483,867,27814,11035,0.0,0.0,Aït-Nouri,,3.0,2025-06-09,2001-06-06,False,p448514,0,0,0,0,0,0,0,0,0,0,0,0,0,0.0,0.0,0.0,0.0,0,0,0,0,0,0.00,0.00,0.00,0.00,,,,,,,[],,541,200,553,200,521,193,556,200,0.0,0.0,0.0,0.0,0.0,0.0,217,33,575,200,575,200,229,85,0.0,0.0,0.0,Man City,MCI
True,True,,,578153,0,0,0,0,-33.3,-46,"[{'offset': 0, 'projected_percent': '-35.1', 'likelihood': -2}, {'offset': 1, 'projected_percent': '-38.9', 'likelihood': -2}, {'offset': 2, 'projected_percent': '-42.8', 'likelihood': -3}]",,False,0,2,2.0,2.0,2,Abdukodir,2.0,393,False,,,5.5,578153.jpg,2.0,False,Khusanov,1.7,False,,a,15,43,4,9426,3340,23211,8674,0.4,0.7,Khusanov,,231.0,2025-01-20,2004-02-29,False,p578153,178,0,0,0,2,0,0,0,0,0,0,0,31,17.0,3.4,0.0,2.0,5,9,6,11,2,0.00,0.04,0.04,1.31,,,,,,,[],,101,43,161,48,580,204,180,69,0.0,0.0,0.02,0.02,0.66,1.01,206,30,161,56,178,58,147,60,1.01,0.0,5.56,Man City,MCI
True,False,0.0,0.0,494307,0,0,0,0,0.0,0,"[{'offset': 0, 'projected_percent': '0.0', 'likelihood': 0}, {'offset': 1, 'projected_percent': '0.0', 'likelihood': 0}, {'offset': 2, 'projected_percent': '0.0', 'likelihood': 0}]",,False,0,2,0.0,0.0,0,Max,0.0,394,False,Has joined Burnley on loan for the rest of the season,2026-08-18T14:11:56.324656Z,5.0,494307.jpg,0.0,False,Alleyne,0.0,False,,u,15,43,0,0,0,416,59,0.0,0.0,Alleyne,,241.0,2022-12-16,2005-07-21,False,p494307,0,0,0,0,0,0,0,0,0,0,0,0,0,0.0,0.0,0.0,0.0,0,0,0,0,0,0.00,0.00,0.00,0.00,,,,,,,[],,512,197,524,197,481,188,528,197,0.0,0.0,0.0,0.0,0.0,0.0,338,67,551,197,551,197,602,203,0.0,0.0,0.0,Man City,MCI
True,True,,,477064,0,0,0,0,-6.5,-2,"[{'offset': 0, 'projected_percent': '-7.1', 'likelihood': -1}, {'offset': 1, 'projected_percent': '-8.5', 'likelihood': -1}, {'offset': 2, 'projected_percent': '-9.8', 'likelihood': -1}]",,False,0,2,0.5,0.5,0,Rico,0.5,395,False,,,4.5,477064.jpg,1.0,False,Lewis,0.2,False,,a,15,43,1,4389,769,4905,2382,0.1,0.2,Lewis,,241.0,2022-07-16,2004-11-21,False,p477064,56,0,0,0,1,0,0,0,0,0,0,0,-1,3.8,3.8,39.0,4.7,2,0,0,2,1,0.17,0.02,0.19,0.55,,,,,,,[],,227,93,156,47,17,3,83,29,0.27,0.0,0.03,0.3,0.88,1.61,483,128,277,99,246,91,318,119,1.61,0.0,3.21,Man City,MCI
True,True,,,616222,0,0,0,0,-34.9,0,"[{'offset': 0, 'projected_percent': '-34.9', 'likelihood': -2}, {'offset': 1, 'projected_percent': '-34.9', 'likelihood': -2}, {'offset': 2, 'projected_percent': '-34.9', 'likelihood': -2}]",,False,0,2,0.5,0.5,1,Vitor,0.5,396,False,,,4.5,616222.jpg,1.0,False,de Oliveira Nunes dos Reis,0.0,False,,a,15,43,1,148,46,346,106,0.1,0.2,Vitor Reis,Vitor Reis,30.0,2025-01-21,2006-01-12,False,p616222,1,0,0,0,0,0,0,0,0,0,0,0,3,0.0,0.0,0.0,0.0,0,0,0,0,0,0.00,0.00,0.00,0.00,,,,,,,[],,424,173,430,174,371,157,440,173,0.0,0.0,0.0,0.0,0.0,0.0,537,147,281,102,252,96,548,190,0.0,0.0,0.0,Man City,MCI
True,True,,,437730,0,0,0,0,-48.2,-947,"[{'offset': 0, 'projected_percent': '-51.0', 'likelihood': -3}, {'offset': 1, 'projected_percent': '-57.1', 'likelihood': -3}, {'offset': 2, 'projected_percent': '-63.2', 'likelihood': -3}]",,False,0,3,3.5,3.5,5,Antoine,3.5,397,False,,,8.5,437730.jpg,3.5,False,Semenyo,22.1,False,,a,15,43,7,70313,21213,334318,161108,0.4,0.8,Semenyo,,81.0,2026-01-09,2000-01-07,False,p437730,180,0,1,0,2,0,0,0,0,0,0,0,49,5.8,8.9,31.0,4.6,0,6,2,8,2,0.12,0.59,0.71,1.31,,,,,2.0,,[],,205,83,128,75,28,14,88,46,0.06,0.0,0.3,0.36,0.66,1.0,6,4,92,41,102,43,12,6,1.0,0.0,4.0,Man City,MCI
True,True,,,209244,0,0,0,0,3.5,468,"[{'offset': 0, 'projected_percent': '6.5', 'likelihood': 1}, {'offset': 1, 'projected_percent': '12.8', 'likelihood': 1}, {'offset': 2, 'projected_percent': '19.2', 'likelihood': 1}]",,False,0,3,5.0,5.0,9,Phil,5.0,398,False,,,7.0,209244.jpg,5.0,False,Foden,4.4,False,,a,15,43,10,73587,53440,66566,20045,0.7,1.4,Foden,,241.0,2016-12-05,2000-05-28,False,p209244,171,0,2,0,2,0,0,0,1,0,0,1,53,10.4,49.6,15.0,7.5,2,7,4,13,2,0.99,0.85,1.84,1.31,3.0,,2.0,,,,[],,163,60,5,4,71,39,37,22,0.52,0.0,0.45,0.97,0.69,1.05,24,15,57,29,67,33,79,26,1.05,0.0,6.84,Man City,MCI
True,True,,,466052,1,-1,1,-1,83.7,5196,"[{'offset': 0, 'projected_percent': '95.6', 'likelihood': 4}, {'offset': 1, 'projected_percent': '121.8', 'likelihood': 5}, {'offset': 2, 'projected_percent': '148.0', 'likelihood': 5}]",,False,1,3,11.0,11.0,14,Rayan,11.0,399,True,,,7.6,466052.jpg,11.0,False,Cherki,19.2,False,,a,15,43,22,908461,705143,59925,18523,1.4,2.9,Cherki,,73.0,2025-06-10,2003-08-17,False,p466052,108,2,2,0,1,0,0,0,1,0,0,4,88,39.2,48.8,4.0,9.2,0,3,0,3,1,0.35,1.05,1.40,0.76,1.0,,1.0,,,,[],,28,15,6,5,146,75,18,14,0.29,0.0,0.88,1.17,0.63,0.83,13,8,2,2,5,4,17,7,0.83,0.0,2.5,Man City,MCI
True,True,0.0,0.0,248875,-1,1,-1,1,-12.5,-148,"[{'offset': 0, 'projected_percent': '-14.4', 'likelihood': -1}, {'offset': 1, 'projected_percent': '-18.4', 'likelihood': -1}, {'offset': 2, 'projected_percent': '-22.5', 'likelihood': -2}]",,False,0,3,0.0,0.0,0,Jérémy,0.0,400,False,Calf injury - Expected back 5 Sep,2026-08-18T17:00:08.385597Z,7.4,248875.jpg,0.0,False,Doku,1.1,False,,i,15,43,0,703,209,85473,15458,0.0,0.0,Doku,,21.0,2023-08-24,2002-05-27,False,p248875,0,0,0,0,0,0,0,0,0,0,0,0,0,0.0,0.0,0.0,0.0,0,0,0,0,0,0.00,0.00,0.00,0.00,,,,,3.0,,[],https://www.mancity.com/news/mens/enzo-maresca-bournemouth-premier-league-team-news-63922897,622,274,623,275,623,275,623,275,0.0,0.0,0.0,0.0,0.0,0.0,21,12,620,274,620,274,185,56,0.0,0.0,0.0,Man City,MCI
True,False,0.0,0.0,220566,0,0,0,0,0.0,-2,"[{'offset': 0, 'projected_percent': '0.0', 'likelihood': 0}, {'offset': 1, 'projected_percent': '0.0', 'likelihood': 0}, {'offset': 2, 'projected_percent': '0.0', 'likelihood': 0}]",,False,0,3,0.0,0.0,0,Rodrigo 'Rodri',0.0,402,False,Has joined Barcelona permanently,2026-07-23T12:01:23.675537Z,6.5,220566.jpg,0.0,False,Hernandez Cascante,0.0,False,,u,15,43,0,0,0,955,159,0.0,0.0,Rodrigo,Rodri,200.0,2019-07-04,1996-06-22,False,p220566,0,0,0,0,0,0,0,0,0,0,0,0,0,0.0,0.0,0.0,0.0,0,0,0,0,0,0.00,0.00,0.00,0.00,,,,,,,[],,612,269,614,270,613,269,614,270,0.0,0.0,0.0,0.0,0.0,0.0,36,24,613,270,613,270,580,244,0.0,0.0,0.0,Man City,MCI
True,False,0.0,0.0,433036,0,0,0,0,0.0,-8,"[{'offset': 0, 'projected_percent': '0.0', 'likelihood': 0}, {'offset': 1, 'projected_percent': '0.0', 'likelihood': 0}, {'offset': 2, 'projected_percent': '0.0', 'likelihood': 0}]",,False,0,3,0.0,0.0,0,Tijjani,0.0,404,False,Has joined Al Qadsiah permanently,2026-08-20T14:02:58.154273Z,6.0,433036.jpg,0.0,False,Reijnders,0.1,False,,u,15,43,0,0,0,6484,860,0.0,0.0,Reijnders,,152.0,2025-06-10,1998-07-29,False,p433036,0,0,0,0,0,0,0,0,0,0,0,0,0,0.0,0.0,0.0,0.0,0,0,0,0,0,0.00,0.00,0.00,0.00,,,,,,,[],,601,263,605,265,599,259,605,265,0.0,0.0,0.0,0.0,0.0,0.0,75,50,607,265,607,265,490,201,0.0,0.0,0.0,Man City,MCI
True,True,,,91651,0,0,0,0,-53.9,-9,"[{'offset': 0, 'projected_percent': '-60.7', 'likelihood': -3}, {'offset': 1, 'projected_percent': '-75.6', 'likelihood': -3}, {'offset': 2, 'projected_percent': '-90.6', 'likelihood': -3}]",,False,0,3,1.0,1.0,1,Mateo,1.0,406,False,,,5.5,91651.jpg,1.0,False,Kovačić,0.1,False,,a,15,43,2,1112,283,2101,812,0.2,0.4,Kovačić,,97.0,2023-06-27,1994-05-06,False,p91651,42,0,0,0,0,0,0,0,0,0,0,0,12,2.2,2.1,0.0,0.4,0,2,0,2,0,0.00,0.02,0.02,0.10,,,,,,,[],,249,113,185,108,530,217,269,125,0.0,0.0,0.04,0.04,0.21,0.0,119,77,244,114,299,141,438,175,0.0,0.0,4.29,Man City,MCI
True,True,,,575204,0,0,0,0,-94.7,0,"[{'offset': 0, 'projected_percent': '-94.7', 'likelihood': -3}, {'offset': 1, 'projected_percent': '-94.7', 'likelihood': -3}, {'offset': 2, 'projected_percent': '-94.7', 'likelihood': -3}]",,False,0,3,0.0,0.0,0,Claudio,0.0,407,False,,,5.0,575204.jpg,0.0,False,Echeverri,0.0,False,,a,15,43,0,146,53,465,168,0.0,0.0,Echeverri,,10.0,2024-01-25,2006-01-02,False,p575204,0,0,0,0,0,0,0,0,0,0,0,0,0,0.0,0.0,0.0,0.0,0,0,0,0,0,0.00,0.00,0.00,0.00,,,,,,,[],,529,219,541,227,501,197,545,226,0.0,0.0,0.0,0.0,0.0,0.0,374,223,564,238,564,238,570,237,0.0,0.0,0.0,Man City,MCI
True,False,0.0,0.0,155405,0,0,0,0,0.0,0,"[{'offset': 0, 'projected_percent': '0.0', 'likelihood': 0}, {'offset': 1, 'projected_percent': '0.0', 'likelihood': 0}, {'offset': 2, 'projected_percent': '0.0', 'likelihood': 0}]",,False,0,3,0.0,0.0,0,Kalvin,0.0,408,False,Has joined Sheffield United on loan for the rest of the season,2026-08-18T14:11:56.348781Z,5.0,155405.jpg,0.0,False,Phillips,0.0,False,,u,15,43,0,0,0,377,72,0.0,0.0,Phillips,,241.0,2022-07-04,1995-12-02,False,p155405,0,0,0,0,0,0,0,0,0,0,0,0,0,0.0,0.0,0.0,0.0,0,0,0,0,0,0.00,0.00,0.00,0.00,,,,,,,[],,454,174,462,184,402,143,470,181,0.0,0.0,0.0,0.0,0.0,0.0,243,148,508,207,508,207,601,257,0.0,0.0,0.0,Man City,MCI
True,True,,,590039,0,0,0,0,-66.0,-10,"[{'offset': 0, 'projected_percent': '-70.0', 'likelihood': -3}, {'offset': 1, 'projected_percent': '-78.8', 'likelihood': -3}, {'offset': 2, 'projected_percent': '-87.6', 'likelihood': -3}]",,False,0,3,0.0,0.0,0,Divine,0.0,409,False,,,4.5,590039.jpg,0.0,False,Mukasa,0.2,False,,a,15,43,0,1259,332,3797,1311,0.0,0.0,Mukasa,,241.0,2025-08-07,2007-08-22,False,p590039,0,0,0,0,0,0,0,0,0,0,0,0,0,0.0,0.0,0.0,0.0,0,0,0,0,0,0.00,0.00,0.00,0.00,,,,,,,[],,415,152,421,162,361,120,431,159,0.0,0.0,0.0,0.0,0.0,0.0,526,265,474,187,474,187,361,135,0.0,0.0,0.0,Man City,MCI
True,True,,,649208,0,0,0,0,-97.2,-2,"[{'offset': 0, 'projected_percent': '-106.5', 'likelihood': -5}, {'offset': 1, 'projected_percent': '-127.0', 'likelihood': -5}, {'offset': 2, 'projected_percent': '-147.5', 'likelihood': -5}]",,False,0,3,0.0,0.0,0,Jeremy,0.0,410,False,,,5.0,649208.jpg,0.0,False,Monga,0.0,False,,a,15,43,0,119,43,424,141,0.0,0.0,Monga,,241.0,2026-07-11,2009-07-10,False,p649208,0,0,0,0,0,0,0,0,0,0,0,0,0,0.0,0.0,0.0,0.0,0,0,0,0,0,0.00,0.00,0.00,0.00,,,,,,,[],,534,222,547,231,512,205,550,229,0.0,0.0,0.0,0.0,0.0,0.0,389,234,568,240,568,240,575,240,0.0,0.0,0.0,Man City,MCI
True,True,,,223094,0,0,0,0,21.7,677,"[{'offset': 0, 'projected_percent': '25.9', 'likelihood': 2}, {'offset': 1, 'projected_percent': '35.1', 'likelihood': 2}, {'offset': 2, 'projected_percent': '44.4', 'likelihood': 3}]",,False,1,4,7.5,7.5,13,Erling,7.5,411,False,,,15.5,223094.jpg,7.5,False,Haaland,69.5,False,,a,15,43,15,212762,143157,116712,12860,0.5,1.0,Haaland,,161.0,2022-07-01,2000-07-21,False,p223094,180,2,0,0,2,0,0,0,0,0,0,3,66,3.8,5.2,50.0,5.9,3,5,0,8,2,1.40,0.02,1.42,1.31,,,,,1.0,,[],,230,16,145,17,7,3,55,9,0.7,0.0,0.01,0.71,0.66,1.0,1,1,21,2,26,2,1,1,1.0,0.0,4.0,Man City,MCI
True,True,100.0,100.0,215379,0,0,-1,1,-33.6,-305,"[{'offset': 0, 'projected_percent': '-37.1', 'likelihood': -2}, {'offset': 1, 'projected_percent': '-44.9', 'likelihood': -3}, {'offset': 2, 'projected_percent': '-52.6', 'likelihood': -3}]",,False,0,3,2.5,2.5,3,Elliot,2.5,481,False,,2026-08-23T17:00:07.952697Z,6.4,215379.jpg,2.5,False,Anderson,5.6,False,,a,15,43,5,19883,9647,201441,48136,0.4,0.8,Anderson,,241.0,2026-07-02,2002-11-06,False,p215379,143,0,0,0,2,0,0,0,1,0,0,0,39,7.2,20.8,0.0,2.8,5,8,7,20,2,0.07,0.47,0.54,1.21,2.0,,,,,,[],,187,74,62,40,607,263,142,64,0.04,0.0,0.3,0.34,0.76,1.26,50,34,141,67,149,69,66,21,1.26,0.0,12.59,Man City,MCI
True,True,,,106921,0,0,0,0,-26.0,0,"[{'offset': 0, 'projected_percent': '-26.0', 'likelihood': -2}, {'offset': 1, 'projected_percent': '-26.0', 'likelihood': -2}, {'offset': 2, 'projected_percent': '-26.0', 'likelihood': -2}]",,False,0,1,0.0,0.0,0,Gerónimo,0.0,587,False,,,5.0,106921.jpg,0.0,False,Rulli,0.0,False,,a,15,43,0,137,43,347,123,0.0,0.0,Rulli,,10.0,2026-08-12,1992-05-20,False,p106921,0,0,0,0,0,0,0,0,0,0,0,0,0,0.0,0.0,0.0,0.0,0,0,0,0,0,0.00,0.00,0.00,0.00,,,,,,,[],,446,64,453,53,394,53,462,64,0.0,0.0,0.0,0.0,0.0,0.0,234,8,502,64,502,64,555,65,0.0,0.0,0.0,Man City,MCI
True,True,,,637238,0,0,0,0,0.0,0,"[{'offset': 0, 'projected_percent': '0.0', 'likelihood': 0}, {'offset': 1, 'projected_percent': '0.0', 'likelihood': 0}, {'offset': 2, 'projected_percent': '0.0', 'likelihood': 0}]",2026-09-09T14:56:53.434190Z,False,0,3,2.0,2.0,1,Ayyoub,1.0,616,False,,,5.5,637238.jpg,1.0,False,Bouaddi,0.1,False,,a,15,43,1,7710,4655,1436,1087,0.2,0.2,Bouaddi,,145.0,2026-08-26,2007-10-02,False,p637238,8,0,0,0,0,0,0,0,0,0,0,0,3,0.0,0.0,0.0,0.0,1,0,0,1,0,0.00,0.12,0.12,0.00,,,,,,,[],,581,251,591,256,582,248,593,256,0.0,0.0,1.35,1.35,0.0,0.0,209,132,252,121,315,152,415,164,0.0,0.0,11.25,Man City,MCI
True,True,,,616288,0,0,0,0,0.0,0,"[{'offset': 0, 'projected_percent': '0.0', 'likelihood': 0}, {'offset': 1, 'projected_percent': '0.0', 'likelihood': 0}, {'offset': 2, 'projected_percent': '0.0', 'likelihood': 0}]",2026-09-10T21:22:22.867343Z,False,0,3,1.0,1.0,1,Ryan,1.0,621,False,,,4.5,616288.jpg,1.0,False,McAidoo,0.0,False,,a,15,43,1,3153,3153,721,721,0.2,0.2,McAidoo,,241.0,2025-09-26,2008-06-24,False,p616288,8,0,0,0,0,0,0,0,0,0,0,0,3,0.0,0.0,0.0,0.0,0,0,0,0,0,0.10,0.00,0.10,0.00,,,,,,,[],,425,157,431,167,372,126,441,164,1.12,0.0,0.0,1.12,0.0,0.0,538,271,223,101,253,108,495,203,0.0,0.0,0.0,Man City,MCI
True,True,,,554054,0,0,0,0,0.0,0,"[{'offset': 0, 'projected_percent': '0.0', 'likelihood': 0}, {'offset': 1, 'projected_percent': '0.0', 'likelihood': 0}, {'offset': 2, 'projected_percent': '0.0', 'likelihood': 0}]",2026-09-10T21:22:36.261131Z,False,0,2,1.0,1.0,1,Kaden,1.0,622,False,,,4.0,554054.jpg,1.0,False,Braithwaite,0.1,False,,a,15,43,1,3236,3236,587,587,0.2,0.2,Braithwaite,,241.0,2024-09-23,2008-02-08,False,p554054,1,0,0,0,0,0,0,0,0,0,0,0,3,0.0,0.0,0.0,0.0,0,1,0,0,0,0.00,0.00,0.00,0.00,,,,,,,[],,325,127,325,129,247,98,342,128,0.0,0.0,0.0,0.0,0.0,0.0,611,193,208,70,227,74,481,170,0.0,0.0,0.0,Man City,MCI
True,True,100.0,100.0,166989,0,0,0,0,-76.0,-161,"[{'offset': 0, 'projected_percent': '-80.7', 'likelihood': -3}, {'offset': 1, 'projected_percent': '-91.0', 'likelihood': -3}, {'offset': 2, 'projected_percent': '-101.3', 'likelihood': -5}]",,False,0,3,3.0,3.0,4,Youri,3.0,43,False,,2026-07-23T12:01:23.321726Z,6.0,166989.jpg,3.0,False,Tielemans,2.2,False,,a,16,1,6,17165,4534,53580,17876,0.5,1.0,Tielemans,,21.0,2026-07-14,1997-05-07,False,p166989,156,0,0,0,4,0,0,0,0,0,0,0,39,5.0,11.3,4.0,2.0,4,12,2,18,2,0.51,0.22,0.73,3.00,,,,,3.0,,[],,214,90,117,69,140,70,182,82,0.29,0.0,0.13,0.42,1.73,2.31,63,43,111,51,120,53,123,38,1.15,0.0,10.38,Man Utd,MUN
True,True,0.0,0.0,535301,0,0,0,0,-38.5,-28,"[{'offset': 0, 'projected_percent': '-42.4', 'likelihood': -3}, {'offset': 1, 'projected_percent': '-51.1', 'likelihood': -3}, {'offset': 2, 'projected_percent': '-59.8', 'likelihood': -3}]",,False,0,3,0.0,0.0,0,Carlos,0.0,131,False,Ankle injury - Expected back 19 Sep,2026-08-06T16:00:10.997714Z,5.0,535301.jpg,0.0,False,Baleba,0.2,False,,i,16,1,0,3158,834,6706,2285,0.0,0.0,Baleba,,38.0,2026-08-25,2004-01-03,False,p535301,0,0,0,0,0,0,0,0,0,0,0,0,0,0.0,0.0,0.0,0.0,0,0,0,0,0,0.00,0.00,0.00,0.00,,,,,,,[],,518,210,531,219,489,187,534,217,0.0,0.0,0.0,0.0,0.0,0.0,359,211,556,231,556,231,366,139,0.0,0.0,0.0,Man Utd,MUN
True,True,,,532605,0,0,0,0,-63.5,-77,"[{'offset': 0, 'projected_percent': '-68.9', 'likelihood': -3}, {'offset': 1, 'projected_percent': '-80.8', 'likelihood': -3}, {'offset': 2, 'projected_percent': '-92.7', 'likelihood': -3}]",,False,0,3,1.5,1.5,1,Andrey,1.5,162,False,,,5.0,532605.jpg,1.5,False,Nascimento dos Santos,0.9,False,,a,16,1,3,10625,3169,24249,9100,0.3,0.6,Andrey Santos,Andrey Santos,30.0,2026-07-13,2004-05-03,False,p532605,76,0,0,0,3,0,0,0,0,0,0,0,19,11.4,4.2,2.0,1.8,3,7,4,14,1,0.00,0.23,0.23,1.94,,,,,,,[],,151,51,151,89,174,86,191,85,0.0,0.0,0.27,0.27,2.3,3.55,358,210,184,84,202,95,201,65,1.18,0.0,16.58,Man Utd,MUN
True,True,100.0,100.0,59735,0,0,0,0,-5.9,-4,"[{'offset': 0, 'projected_percent': '-12.4', 'likelihood': -1}, {'offset': 1, 'projected_percent': '-26.7', 'likelihood': -2}, {'offset': 2, 'projected_percent': '-40.9', 'likelihood': -3}]",,False,0,1,0.0,0.0,0,Karl,0.0,325,False,,2026-07-23T12:01:23.549136Z,4.5,59735.jpg,0.0,False,Darlow,0.0,False,,a,16,1,0,373,131,440,183,0.0,0.0,Darlow,,244.0,2026-06-14,1990-10-08,False,p59735,0,0,0,0,0,0,0,0,0,0,0,0,0,0.0,0.0,0.0,0.0,0,0,0,0,0,0.00,0.00,0.00,0.00,,,,,,,[],,340,43,341,23,266,23,357,43,0.0,0.0,0.0,0.0,0.0,0.0,407,22,407,44,407,44,508,56,0.0,0.0,0.0,Man Utd,MUN
True,True,,,465247,0,0,0,0,-21.2,-454,"[{'offset': 0, 'projected_percent': '-23.2', 'likelihood': -2}, {'offset': 1, 'projected_percent': '-27.5', 'likelihood': -2}, {'offset': 2, 'projected_percent': '-31.9', 'likelihood': -2}]",,False,0,1,1.5,1.5,2,Senne,1.5,412,False,,,5.0,465247.jpg,1.5,False,Lammens,14.8,False,,a,16,1,3,46721,12007,150399,61789,0.3,0.6,Lammens,,21.0,2025-09-01,2002-07-07,False,p465247,180,0,0,0,4,0,0,0,0,0,5,0,18,20.2,0.0,0.0,2.0,3,14,0,0,2,0.00,0.00,0.00,3.07,,,,,,,[],,82,12,509,63,463,63,178,12,0.0,2.5,0.0,0.0,1.54,2.0,316,18,182,16,200,18,29,5,1.0,0.0,0.0,Man Utd,MUN
True,False,0.0,0.0,451302,0,0,0,0,0.0,-1,"[{'offset': 0, 'projected_percent': '0.0', 'likelihood': 0}, {'offset': 1, 'projected_percent': '0.0', 'likelihood': 0}, {'offset': 2, 'projected_percent': '0.0', 'likelihood': 0}]",,False,0,1,0.0,0.0,0,Altay,0.0,413,False,Has joined Celta Vigo on loan for the rest of the season,2026-08-10T14:02:28.608415Z,4.5,451302.jpg,0.0,False,Bayındır,0.0,False,,u,16,1,0,0,0,725,137,0.0,0.0,Bayindir,,219.0,2023-09-01,1998-04-14,False,p451302,0,0,0,0,0,0,0,0,0,0,0,0,0,0.0,0.0,0.0,0.0,0,0,0,0,0,0.00,0.00,0.00,0.00,,,,,,,[],,376,56,380,39,314,39,393,56,0.0,0.0,0.0,0.0,0.0,0.0,472,38,439,57,439,57,568,67,0.0,0.0,0.0,Man Utd,MUN
True,True,0.0,0.0,21205,0,0,0,0,-20.5,-2,"[{'offset': 0, 'projected_percent': '-21.2', 'likelihood': -2}, {'offset': 1, 'projected_percent': '-22.6', 'likelihood': -2}, {'offset': 2, 'projected_percent': '-24.0', 'likelihood': -2}]",,False,0,1,0.0,0.0,0,Tom,0.0,414,False,Hamstring injury - Unknown return date,2026-08-15T16:00:07.854151Z,4.0,21205.jpg,0.0,False,Heaton,0.1,False,,i,16,1,0,354,139,1396,391,0.0,0.0,Heaton,,241.0,2021-07-02,1986-04-15,False,p21205,0,0,0,0,0,0,0,0,0,0,0,0,0,0.0,0.0,0.0,0.0,0,0,0,0,0,0.00,0.00,0.00,0.00,,,,,,,[],,280,21,277,1,195,1,296,21,0.0,0.0,0.0,0.0,0.0,0.0,550,49,349,22,349,22,441,49,0.0,0.0,0.0,Man Utd,MUN
True,True,,,596777,-1,1,-1,1,-29.3,-160,"[{'offset': 0, 'projected_percent': '-35.6', 'likelihood': -2}, {'offset': 1, 'projected_percent': '-49.4', 'likelihood': -3}, {'offset': 2, 'projected_percent': '-63.3', 'likelihood': -3}]",,False,0,3,0.5,0.5,1,Patrick,0.5,415,False,,,5.9,596777.jpg,0.5,False,Dorgu,1.0,False,,a,16,1,1,6380,1572,42091,13430,0.1,0.2,Dorgu,,58.0,2025-02-02,2004-10-26,False,p596777,55,0,0,0,3,0,0,0,1,0,0,0,-7,0.0,1.2,16.0,0.7,2,0,1,3,1,0.65,0.04,0.69,1.92,,,,,,,[],,592,257,217,122,65,35,249,112,1.06,0.0,0.07,1.13,3.14,4.91,110,71,336,160,347,168,194,61,1.64,0.0,4.91,Man Utd,MUN
True,True,0.0,0.0,209365,0,0,0,0,-41.3,0,"[{'offset': 0, 'projected_percent': '-41.3', 'likelihood': -3}, {'offset': 1, 'projected_percent': '-41.3', 'likelihood': -3}, {'offset': 2, 'projected_percent': '-41.3', 'likelihood': -3}]",,False,0,2,0.0,0.0,0,Matthijs,0.0,416,False,Back injury - Unknown return date,2026-07-23T12:01:23.690880Z,5.0,209365.jpg,0.0,False,de Ligt,0.0,False,,i,16,1,0,162,45,705,207,0.0,0.0,De Ligt,,152.0,2024-08-13,1999-08-12,False,p209365,0,0,0,0,0,0,0,0,0,0,0,0,0,0.0,0.0,0.0,0.0,0,0,0,0,0,0.00,0.00,0.00,0.00,,,,,,,[],https://www.manutd.com/en/news/team-news-for-man-utd-hull-opener-aug-2026,465,184,473,184,418,168,481,184,0.0,0.0,0.0,0.0,0.0,0.0,263,41,514,186,514,186,547,189,0.0,0.0,0.0,Man Utd,MUN
True,True,,,216051,0,0,0,0,-61.2,-88,"[{'offset': 0, 'projected_percent': '-63.7', 'likelihood': -3}, {'offset': 1, 'projected_percent': '-69.0', 'likelihood': -3}, {'offset': 2, 'projected_percent': '-74.3', 'likelihood': -3}]",,False,0,2,1.5,1.5,2,Diogo,1.5,417,False,,,5.0,216051.jpg,1.5,False,Dalot Teixeira,2.3,False,,a,16,1,3,11406,3216,45722,12090,0.3,0.6,Dalot,Diogo Dalot,173.0,2018-06-08,1999-03-18,False,p216051,83,0,0,0,1,0,0,0,0,0,0,0,18,7.6,11.3,0.0,1.9,5,2,2,7,1,0.15,0.12,0.27,1.06,,,,,,,[],,181,79,115,34,423,170,183,71,0.16,0.0,0.13,0.29,1.15,1.08,271,44,179,63,197,64,121,49,1.08,0.0,7.59,Man Utd,MUN
True,True,,,95658,0,0,0,0,-25.8,-449,"[{'offset': 0, 'projected_percent': '-27.6', 'likelihood': -2}, {'offset': 1, 'projected_percent': '-31.6', 'likelihood': -2}, {'offset': 2, 'projected_percent': '-35.6', 'likelihood': -2}]",,False,0,2,2.5,2.5,4,Harry,2.5,418,False,,,5.0,95658.jpg,2.5,False,Maguire,16.0,False,,a,16,1,5,70224,17271,189231,82920,0.5,1.0,Maguire,,241.0,2019-08-05,1993-03-05,False,p95658,180,0,1,0,4,0,0,0,0,0,0,0,28,25.4,28.6,19.0,7.3,8,9,1,9,2,0.07,0.41,0.48,3.07,,,,,,,[],,64,26,30,8,47,12,40,10,0.04,0.0,0.2,0.24,1.54,2.0,231,35,124,45,133,48,25,9,1.0,0.0,4.5,Man Utd,MUN
True,True,100.0,100.0,221820,0,0,0,0,-55.6,-32,"[{'offset': 0, 'projected_percent': '-57.3', 'likelihood': -3}, {'offset': 1, 'projected_percent': '-60.8', 'likelihood': -3}, {'offset': 2, 'projected_percent': '-64.4', 'likelihood': -3}]",,False,0,2,0.5,0.5,1,Lisandro,0.5,419,False,,2026-07-24T20:00:10.337107Z,5.0,221820.jpg,1.0,False,Martínez,1.3,False,,a,16,1,1,9701,2926,25561,5986,0.1,0.2,Martinez,Lisandro Martínez,10.0,2022-07-17,1998-01-18,False,p221820,90,0,0,0,2,0,0,0,0,0,0,0,2,0.0,0.0,0.0,0.0,0,6,0,0,1,0.03,0.06,0.09,2.06,,,,,,,[],,472,187,481,187,429,173,488,187,0.03,0.0,0.06,0.09,2.06,2.0,278,47,290,107,264,101,168,68,1.0,0.0,0.0,Man Utd,MUN
True,True,,,550864,0,0,0,0,-101.3,-48,"[{'offset': 0, 'projected_percent': '-106.5', 'likelihood': -5}, {'offset': 1, 'projected_percent': '-117.8', 'likelihood': -5}, {'offset': 2, 'projected_percent': '-129.2', 'likelihood': -5}]",,False,0,2,0.5,0.5,1,Leny,0.5,420,False,,,5.0,550864.jpg,1.0,False,Yoro,0.6,False,,a,16,1,1,2064,528,14887,4143,0.1,0.2,Yoro,,73.0,2024-07-19,2005-11-13,False,p550864,16,0,0,0,1,0,0,0,0,0,0,0,-2,0.0,0.0,0.0,0.0,2,1,0,2,0,0.00,0.01,0.01,1.00,,,,,,,[],,524,198,537,198,496,189,540,198,0.0,0.0,0.06,0.06,5.62,5.62,368,70,305,109,282,105,240,90,0.0,0.0,11.25,Man Utd,MUN
True,True,,,606745,0,0,0,0,-37.8,-36,"[{'offset': 0, 'projected_percent': '-43.7', 'likelihood': -3}, {'offset': 1, 'projected_percent': '-56.8', 'likelihood': -3}, {'offset': 2, 'projected_percent': '-69.8', 'likelihood': -3}]",,False,0,2,0.5,0.5,0,Ayden,0.5,421,False,,,4.5,606745.jpg,1.0,False,Heaven,0.4,False,,a,16,1,1,3753,665,7159,2968,0.1,0.2,Heaven,,241.0,2025-02-01,2006-09-22,False,p606745,90,0,0,0,2,0,0,0,0,0,0,0,5,6.8,2.6,11.0,2.0,1,4,1,2,1,0.12,0.04,0.16,1.01,,,,,,,[],,191,85,168,50,83,27,177,68,0.12,0.0,0.04,0.16,1.01,2.0,532,145,280,101,251,95,276,105,1.0,0.0,2.0,Man Utd,MUN
True,True,,,230001,0,0,0,0,-13.2,-26,"[{'offset': 0, 'projected_percent': '-15.7', 'likelihood': -1}, {'offset': 1, 'projected_percent': '-21.0', 'likelihood': -2}, {'offset': 2, 'projected_percent': '-26.3', 'likelihood': -2}]",,False,0,2,1.0,1.0,1,Noussair,1.0,422,False,,,4.5,230001.jpg,1.0,False,Mazraoui,0.7,False,,a,16,1,2,7273,1419,10403,4311,0.2,0.4,Mazraoui,,145.0,2024-08-13,1997-11-14,False,p230001,96,0,0,0,3,0,0,0,0,0,0,0,7,17.4,29.4,9.0,5.6,4,3,1,5,1,0.22,0.05,0.27,2.01,,,,,,,[],,99,42,28,7,89,30,61,19,0.21,0.0,0.05,0.26,1.88,2.81,452,109,215,76,239,85,228,84,0.94,0.0,4.69,Man Utd,MUN
True,True,,,106760,0,0,0,0,-31.4,-991,"[{'offset': 0, 'projected_percent': '-34.9', 'likelihood': -2}, {'offset': 1, 'projected_percent': '-42.7', 'likelihood': -3}, {'offset': 2, 'projected_percent': '-50.4', 'likelihood': -3}]",,False,0,2,1.5,1.5,2,Luke,1.5,423,False,,,4.5,106760.jpg,1.5,False,Shaw,18.2,False,,a,16,1,3,54357,11430,212980,95891,0.3,0.7,Shaw,,241.0,2014-07-01,1995-07-12,False,p106760,162,0,0,0,3,0,0,0,0,0,0,0,25,25.2,59.2,6.0,9.0,7,5,5,12,2,0.00,0.28,0.28,2.07,3.0,,,,,,[],,65,27,1,1,113,32,20,2,0.0,0.0,0.16,0.16,1.15,1.67,416,85,172,60,191,62,19,6,1.11,0.0,6.67,Man Utd,MUN
True,True,,,577974,0,0,0,0,-26.5,-5,"[{'offset': 0, 'projected_percent': '-28.0', 'likelihood': -2}, {'offset': 1, 'projected_percent': '-31.4', 'likelihood': -2}, {'offset': 2, 'projected_percent': '-34.7', 'likelihood': -2}]",,False,0,2,0.0,0.0,0,Harry,0.0,424,False,,,4.0,577974.jpg,0.0,False,Amass,0.2,False,,a,16,1,0,1377,489,2822,841,0.0,0.0,Amass,,241.0,2024-04-06,2007-03-16,False,p577974,0,0,0,0,0,0,0,0,0,0,0,0,0,0.0,0.0,0.0,0.0,0,0,0,0,0,0.00,0.00,0.00,0.00,,,,,,,[],,329,131,329,133,252,103,346,132,0.0,0.0,0.0,0.0,0.0,0.0,616,198,396,144,396,144,343,128,0.0,0.0,0.0,Man Utd,MUN
True,False,0.0,0.0,547676,0,0,0,0,0.0,0,"[{'offset': 0, 'projected_percent': '0.0', 'likelihood': 0}, {'offset': 1, 'projected_percent': '0.0', 'likelihood': 0}, {'offset': 2, 'projected_percent': '0.0', 'likelihood': 0}]",,False,0,2,0.0,0.0,0,Tyler,0.0,425,False,Has joined Lausanne-Sport permanently,2026-08-18T14:12:31.904433Z,4.0,547676.jpg,0.0,False,Fredricson,0.0,False,,u,16,1,0,0,0,833,153,0.0,0.0,Fredricson,,241.0,2022-09-07,2005-02-23,False,p547676,0,0,0,0,0,0,0,0,0,0,0,0,0,0.0,0.0,0.0,0.0,0,0,0,0,0,0.00,0.00,0.00,0.00,,,,,,,[],,321,123,321,125,243,94,338,124,0.0,0.0,0.0,0.0,0.0,0.0,607,189,389,137,389,137,564,196,0.0,0.0,0.0,Man Utd,MUN
True,True,,,141746,0,0,0,0,-20.1,1212,"[{'offset': 0, 'projected_percent': '-18.5', 'likelihood': -1}, {'offset': 1, 'projected_percent': '-14.8', 'likelihood': -1}, {'offset': 2, 'projected_percent': '-11.2', 'likelihood': -1}]",,False,1,3,12.5,12.5,23,Bruno,12.5,426,True,,,12.0,141746.jpg,12.5,False,Borges Fernandes,47.6,False,,a,16,1,25,182858,134340,390270,161690,1.0,2.1,B.Fernandes,Bruno Fernandes,173.0,2020-01-30,1994-09-08,False,p141746,180,3,1,0,4,0,0,0,0,0,0,3,105,20.2,55.4,17.0,9.3,2,10,2,14,2,2.10,0.74,2.84,3.07,1.0,,1.0,,1.0,,[],,83,28,3,2,63,33,17,13,1.05,0.0,0.37,1.42,1.54,2.0,2,1,1,1,2,2,3,1,1.0,0.0,7.0,Man Utd,MUN
True,True,,,446008,0,0,0,0,-54.3,-1962,"[{'offset': 0, 'projected_percent': '-58.2', 'likelihood': -3}, {'offset': 1, 'projected_percent': '-66.9', 'likelihood': -3}, {'offset': 2, 'projected_percent': '-75.5', 'likelihood': -3}]",,False,0,3,6.5,6.5,11,Bryan,6.5,427,False,,,8.0,446008.jpg,6.5,False,Mbeumo,32.3,False,,a,16,1,13,108348,26123,502773,282585,0.8,1.6,Mbeumo,,38.0,2025-07-21,1999-08-07,False,p446008,180,1,1,0,4,0,0,0,1,0,0,2,49,9.6,28.1,49.0,8.7,0,6,3,9,2,2.26,0.44,2.70,3.07,2.0,,2.0,,2.0,,[],,168,65,34,26,8,5,25,16,1.13,0.0,0.22,1.35,1.54,2.0,9,6,29,18,35,21,7,3,1.0,0.0,4.5,Man Utd,MUN
True,True,,,430871,0,0,0,0,-59.0,-415,"[{'offset': 0, 'projected_percent': '-62.1', 'likelihood': -3}, {'offset': 1, 'projected_percent': '-68.9', 'likelihood': -3}, {'offset': 2, 'projected_percent': '-75.6', 'likelihood': -3}]",,False,0,3,5.5,5.5,9,Matheus,5.5,428,False,,,8.0,430871.jpg,5.5,False,Santos Carneiro da Cunha,8.7,False,,a,16,1,11,35206,8352,150600,57643,0.7,1.4,Cunha,Matheus Cunha,30.0,2025-06-01,1999-05-27,False,p430871,158,0,2,0,3,0,0,0,0,0,0,1,45,5.4,28.2,35.0,6.9,0,5,0,5,2,0.35,0.36,0.71,2.07,,,,,,,[],,207,85,33,25,22,10,46,28,0.2,0.0,0.21,0.41,1.18,1.71,8,5,46,24,55,28,46,18,1.14,0.0,2.85,Man Utd,MUN
True,True,,,176297,0,0,0,0,-39.5,-90,"[{'offset': 0, 'projected_percent': '-43.1', 'likelihood': -3}, {'offset': 1, 'projected_percent': '-51.0', 'likelihood': -3}, {'offset': 2, 'projected_percent': '-59.0', 'likelihood': -3}]",,False,0,3,1.5,1.5,2,Marcus,1.5,429,False,,,7.0,176297.jpg,1.5,False,Rashford,1.6,False,,a,16,1,3,21668,6604,35975,13897,0.2,0.4,Rashford,,241.0,2015-07-01,1997-10-31,False,p176297,124,0,0,0,1,0,0,0,0,0,0,0,26,11.6,48.6,4.0,6.4,0,4,3,7,1,0.26,0.15,0.41,1.15,,,,,,,[],,149,50,7,6,145,74,49,30,0.19,0.0,0.11,0.3,0.83,0.73,23,14,204,96,220,106,150,44,0.73,0.0,5.08,Man Utd,MUN
True,True,75.0,75.0,184341,0,0,0,0,-67.1,-4,"[{'offset': 0, 'projected_percent': '-71.8', 'likelihood': -3}, {'offset': 1, 'projected_percent': '-82.2', 'likelihood': -3}, {'offset': 2, 'projected_percent': '-92.6', 'likelihood': -3}]",,False,0,3,0.0,0.0,0,Mason,0.0,430,False,Foot injury - 75% chance of playing,2026-08-15T16:00:07.879135Z,5.5,184341.jpg,0.0,False,Mount,0.0,False,,d,16,1,0,57,22,909,214,0.0,0.0,Mount,,241.0,2023-07-05,1999-01-10,False,p184341,0,0,0,0,0,0,0,0,0,0,0,0,0,0.0,0.0,0.0,0.0,0,0,0,0,0,0.00,0.00,0.00,0.00,,,3.0,,,,[],https://www.manutd.com/en/news/team-news-for-ipswich-visit-30-august,554,232,568,240,539,220,568,238,0.0,0.0,0.0,0.0,0.0,0.0,131,81,585,248,585,248,544,224,0.0,0.0,0.0,Man Utd,MUN
True,True,0.0,0.0,493250,0,0,-1,1,-60.6,-175,"[{'offset': 0, 'projected_percent': '-66.1', 'likelihood': -3}, {'offset': 1, 'projected_percent': '-78.1', 'likelihood': -3}, {'offset': 2, 'projected_percent': '-90.2', 'likelihood': -3}]",,False,0,3,0.0,0.0,0,Amad,0.0,431,False,Unspecified injury - Unknown return date,2026-08-22T11:00:08.617283Z,5.9,493250.jpg,0.0,False,Diallo,0.7,False,,i,16,1,0,1685,109,77722,18263,0.0,0.0,Amad,,54.0,2021-01-07,2002-07-11,False,p493250,0,0,0,0,0,0,0,0,0,0,0,0,0,0.0,0.0,0.0,0.0,0,0,0,0,0,0.00,0.00,0.00,0.00,4.0,,,,,,[],https://www.manutd.com/en/news/team-news-for-ipswich-visit-30-august,590,255,597,260,590,253,599,260,0.0,0.0,0.0,0.0,0.0,0.0,106,67,602,261,602,261,222,74,0.0,0.0,0.0,Man Utd,MUN
True,True,,,516895,0,0,0,0,-49.0,81,"[{'offset': 0, 'projected_percent': '-43.7', 'likelihood': -3}, {'offset': 1, 'projected_percent': '-32.0', 'likelihood': -2}, {'offset': 2, 'projected_percent': '-20.2', 'likelihood': -2}]",,False,0,3,2.5,2.5,4,Kobbie,2.5,432,False,,,5.5,516895.jpg,2.5,False,Mainoo,1.0,False,,a,16,1,5,8420,4960,18724,5031,0.5,0.9,Mainoo,,241.0,2022-10-15,2005-04-19,False,p516895,102,0,0,0,1,0,0,0,0,0,0,0,32,2.8,2.5,2.0,0.7,2,11,3,16,1,0.21,0.28,0.49,1.13,,,,,,,[],,239,108,170,100,179,89,247,110,0.19,0.0,0.25,0.44,1.0,0.88,190,120,135,62,143,64,192,60,0.88,0.0,14.12,Man Utd,MUN
True,True,0.0,0.0,232112,0,0,0,0,-41.0,0,"[{'offset': 0, 'projected_percent': '-41.0', 'likelihood': -3}, {'offset': 1, 'projected_percent': '-41.0', 'likelihood': -3}, {'offset': 2, 'projected_percent': '-41.0', 'likelihood': -3}]",,False,0,3,0.0,0.0,0,Manuel,0.0,433,False,Knee injury - Unknown return date,2026-07-23T12:01:23.706702Z,5.0,232112.jpg,0.0,False,Ugarte Ribeiro,0.0,False,,i,16,1,0,35,11,117,29,0.0,0.0,Ugarte,,230.0,2024-08-30,2001-04-11,False,p232112,0,0,0,0,0,0,0,0,0,0,0,0,0,0.0,0.0,0.0,0.0,0,0,0,0,0,0.00,0.00,0.00,0.00,,,,,,,[],https://www.manutd.com/en/news/an-official-update-on-manuel-ugarte,477,187,486,196,437,161,493,194,0.0,0.0,0.0,0.0,0.0,0.0,286,172,523,216,523,216,608,263,0.0,0.0,0.0,Man Utd,MUN
True,True,,,547037,0,0,0,0,-63.3,0,"[{'offset': 0, 'projected_percent': '-63.3', 'likelihood': -3}, {'offset': 1, 'projected_percent': '-63.3', 'likelihood': -3}, {'offset': 2, 'projected_percent': '-63.3', 'likelihood': -3}]",,False,0,3,0.0,0.0,0,Jack,0.0,434,False,,,5.0,547037.jpg,0.0,False,Fletcher,0.0,False,,a,16,1,0,71,30,237,68,0.0,0.0,J.Fletcher,Jack Fletcher,241.0,2024-07-12,2007-03-19,False,p547037,0,0,0,0,0,0,0,0,0,0,0,0,0,0.0,0.0,0.0,0.0,0,0,0,0,0,0.00,0.00,0.00,0.00,,,,,,,[],,522,214,535,223,493,191,538,221,0.0,0.0,0.0,0.0,0.0,0.0,365,217,560,235,560,235,586,248,0.0,0.0,0.0,Man Utd,MUN
True,True,,,576628,0,0,0,0,-42.7,-5,"[{'offset': 0, 'projected_percent': '-49.5', 'likelihood': -3}, {'offset': 1, 'projected_percent': '-64.5', 'likelihood': -3}, {'offset': 2, 'projected_percent': '-79.5', 'likelihood': -3}]",,False,0,3,0.5,0.5,0,Shea,0.5,435,False,,,5.0,576628.jpg,1.0,False,Lacey,0.1,False,,a,16,1,1,480,153,997,407,0.1,0.2,Lacey,,241.0,2025-05-26,2007-04-14,False,p576628,10,0,0,0,0,0,0,0,0,0,0,0,3,0.2,0.6,0.0,0.1,0,1,0,1,0,0.00,0.00,0.00,0.00,,,,,,,[],,277,132,242,128,502,198,289,137,0.0,0.0,0.0,0.0,0.0,0.0,375,224,307,142,285,130,492,202,0.0,0.0,9.0,Man Utd,MUN
True,True,,,490881,0,0,0,0,-51.2,-3,"[{'offset': 0, 'projected_percent': '-64.0', 'likelihood': -3}, {'offset': 1, 'projected_percent': '-92.3', 'likelihood': -3}, {'offset': 2, 'projected_percent': '-120.5', 'likelihood': -5}]",,False,0,3,0.0,0.0,0,Toby,0.0,436,False,,,5.0,490881.jpg,0.0,False,Collyer,0.0,False,,a,16,1,0,117,57,318,84,0.0,0.0,Collyer,,241.0,2023-07-01,2004-01-03,False,p490881,0,0,0,0,0,0,0,0,0,0,0,0,0,0.0,0.0,0.0,0.0,0,0,0,0,0,0.00,0.00,0.00,0.00,,,,,,,[],,507,205,519,214,476,181,523,212,0.0,0.0,0.0,0.0,0.0,0.0,333,195,547,228,547,228,565,234,0.0,0.0,0.0,Man Utd,MUN
True,True,,,576620,0,0,0,0,-37.1,2,"[{'offset': 0, 'projected_percent': '-36.3', 'likelihood': -2}, {'offset': 1, 'projected_percent': '-34.5', 'likelihood': -2}, {'offset': 2, 'projected_percent': '-32.6', 'likelihood': -2}]",,False,0,3,0.0,0.0,0,Bendito,0.0,437,False,,,4.5,576620.jpg,0.0,False,Mantato,0.2,False,,a,16,1,0,1598,637,3396,1025,0.0,0.0,Bendito Mantato,,,,,False,p576620,0,0,0,0,0,0,0,0,0,0,0,0,0,0.0,0.0,0.0,0.0,0,0,0,0,0,0.00,0.00,0.00,0.00,,,,,,,[],,413,151,419,161,359,119,429,158,0.0,0.0,0.0,0.0,0.0,0.0,522,263,472,186,472,186,354,132,0.0,0.0,0.0,Man Utd,MUN
True,True,,,519913,0,0,0,0,-43.2,-12,"[{'offset': 0, 'projected_percent': '-45.6', 'likelihood': -3}, {'offset': 1, 'projected_percent': '-50.9', 'likelihood': -3}, {'offset': 2, 'projected_percent': '-56.2', 'likelihood': -3}]",,False,0,3,0.0,0.0,0,Tyler,0.0,438,False,,,4.5,519913.jpg,0.0,False,Fletcher,0.3,False,,a,16,1,0,2084,756,5623,1639,0.0,0.0,Fletcher,Tyler Fletcher,243.0,2025-05-26,2007-03-19,False,p519913,0,0,0,0,0,0,0,0,0,0,0,0,0,0.0,0.0,0.0,0.0,0,0,0,0,0,0.00,0.00,0.00,0.00,,,,,,,[],,396,146,403,156,341,114,412,153,0.0,0.0,0.0,0.0,0.0,0.0,503,258,456,181,456,181,293,98,0.0,0.0,0.0,Man Utd,MUN
True,True,100.0,100.0,485711,0,0,0,0,2.8,-219,"[{'offset': 0, 'projected_percent': '1.4', 'likelihood': 1}, {'offset': 1, 'projected_percent': '-9.2', 'likelihood': -1}, {'offset': 2, 'projected_percent': '-27.0', 'likelihood': -2}]",,False,0,4,1.0,1.0,1,Benjamin,1.0,439,False,,2026-07-23T12:01:23.722029Z,7.0,485711.jpg,1.0,False,Sesko,1.8,False,,a,16,1,2,37640,7086,33601,18475,0.1,0.3,Šeško,,195.0,2025-08-09,2003-05-31,False,p485711,33,0,0,0,1,0,0,0,0,0,0,0,7,0.0,0.5,9.0,0.9,0,3,0,3,0,0.04,0.01,0.05,1.07,,,,,,,[],,620,70,253,28,94,19,239,24,0.11,0.0,0.03,0.14,2.92,2.73,28,10,260,32,334,40,141,23,0.0,0.0,8.18,Man Utd,MUN
True,True,,,458249,-1,1,-1,1,-11.9,-36,"[{'offset': 0, 'projected_percent': '-14.5', 'likelihood': -1}, {'offset': 1, 'projected_percent': '-20.4', 'likelihood': -2}, {'offset': 2, 'projected_percent': '-26.3', 'likelihood': -2}]",,False,0,4,0.0,0.0,0,Joshua,0.0,440,False,,,5.4,458249.jpg,0.0,False,Zirkzee,0.5,False,,a,16,1,0,4155,2110,17939,4808,0.0,0.0,Zirkzee,,152.0,2024-07-17,2001-05-22,False,p458249,0,0,0,0,0,0,0,0,0,0,0,0,0,0.0,0.0,0.0,0.0,0,0,0,0,0,0.00,0.00,0.00,0.00,,,,,,,[],,542,46,554,54,522,53,557,55,0.0,0.0,0.0,0.0,0.0,0.0,218,47,576,63,576,63,259,42,0.0,0.0,0.0,Man Utd,MUN
True,True,,,596047,0,0,0,0,-13.3,9,"[{'offset': 0, 'projected_percent': '-12.8', 'likelihood': -1}, {'offset': 1, 'projected_percent': '-11.7', 'likelihood': -1}, {'offset': 2, 'projected_percent': '-10.6', 'likelihood': -1}]",,False,0,4,0.0,0.0,0,Chido,0.0,441,False,,,4.5,596047.jpg,0.0,False,Obi,1.1,False,,a,16,1,0,12856,6540,16935,5366,0.0,0.0,Obi,,58.0,2025-02-15,2007-11-29,False,p596047,0,0,0,0,0,0,0,0,0,0,0,0,0,0.0,0.0,0.0,0.0,0,0,0,0,0,0.00,0.00,0.00,0.00,,,,,,,[],,418,33,424,40,364,39,434,42,0.0,0.0,0.0,0.0,0.0,0.0,529,71,477,50,477,50,181,28,0.0,0.0,0.0,Man Utd,MUN
True,True,,,465694,0,0,0,0,1.7,29,"[{'offset': 0, 'projected_percent': '1.9', 'likelihood': 1}, {'offset': 1, 'projected_percent': '2.3', 'likelihood': 1}, {'offset': 2, 'projected_percent': '2.7', 'likelihood': 1}]",,False,0,3,1.0,1.0,2,Nico,1.0,405,False,,,5.5,465694.jpg,2.0,False,González Iglesias,0.2,False,,a,17,4,2,6108,3721,2749,1007,0.2,0.4,N.Gonzalez,,200.0,2026-08-26,2002-01-03,False,p465694,70,0,0,1,0,0,0,0,1,0,0,0,9,0.0,0.0,0.0,0.0,2,2,0,4,1,0.00,0.20,0.20,0.74,,,,,,,[],,569,241,582,249,566,238,582,247,0.0,0.0,0.26,0.26,0.95,0.0,174,107,248,117,176,87,341,124,1.29,1.29,5.14,Newcastle,NEW
True,True,,,98747,0,0,0,0,-57.3,-59,"[{'offset': 0, 'projected_percent': '-60.4', 'likelihood': -3}, {'offset': 1, 'projected_percent': '-67.3', 'likelihood': -3}, {'offset': 2, 'projected_percent': '-74.3', 'likelihood': -3}]",,False,0,1,0.0,0.0,0,Nick,0.0,442,False,,,5.0,98747.jpg,0.0,False,Pope,1.2,False,,a,17,4,0,4548,1842,19575,7271,0.0,0.0,Pope,,241.0,2022-06-23,1992-04-19,False,p98747,0,0,0,0,0,0,0,0,0,0,0,0,0,0.0,0.0,0.0,0.0,0,0,0,0,0,0.00,0.00,0.00,0.00,,,,,,,[],,444,62,451,51,392,51,460,62,0.0,0.0,0.0,0.0,0.0,0.0,232,6,501,63,501,63,175,25,0.0,0.0,0.0,Newcastle,NEW
True,True,,,81441,0,0,0,0,-13.3,-2,"[{'offset': 0, 'projected_percent': '-17.5', 'likelihood': -1}, {'offset': 1, 'projected_percent': '-26.7', 'likelihood': -2}, {'offset': 2, 'projected_percent': '-35.9', 'likelihood': -2}]",,False,0,1,0.0,0.0,0,Mark,0.0,443,False,,,4.5,81441.jpg,0.0,False,Gillespie,0.0,False,,a,17,4,0,245,83,372,141,0.0,0.0,Gillespie,,241.0,2020-07-27,1992-03-27,False,p81441,0,0,0,0,0,0,0,0,0,0,0,0,0,0.0,0.0,0.0,0.0,0,0,0,0,0,0.00,0.00,0.00,0.00,,,,,,,[],,341,44,344,26,269,26,358,44,0.0,0.0,0.0,0.0,0.0,0.0,410,25,408,45,408,45,525,58,0.0,0.0,0.0,Newcastle,NEW
True,True,,,554578,0,0,0,0,-56.7,-4,"[{'offset': 0, 'projected_percent': '-66.3', 'likelihood': -3}, {'offset': 1, 'projected_percent': '-87.5', 'likelihood': -3}, {'offset': 2, 'projected_percent': '-108.6', 'likelihood': -5}]",,False,0,1,0.0,0.0,0,Ewen,0.0,444,False,,,4.5,554578.jpg,0.0,False,Jaouen,0.0,False,,a,17,4,0,193,69,548,200,0.0,0.0,Jaouen,,73.0,2026-06-15,2005-12-29,False,p554578,0,0,0,0,0,0,0,0,0,0,0,0,0,0.0,0.0,0.0,0.0,0,0,0,0,0,0.00,0.00,0.00,0.00,,,,,,,[],,405,61,412,49,350,49,421,61,0.0,0.0,0.0,0.0,0.0,0.0,513,48,465,62,465,62,541,63,0.0,0.0,0.0,Newcastle,NEW
True,True,,,465642,0,0,0,0,7.8,59,"[{'offset': 0, 'projected_percent': '8.2', 'likelihood': 1}, {'offset': 1, 'projected_percent': '9.0', 'likelihood': 1}, {'offset': 2, 'projected_percent': '9.8', 'likelihood': 1}]",,False,0,2,4.5,4.5,6,Malick,4.5,445,False,,,5.0,465642.jpg,4.5,False,Thiaw,1.9,False,,a,17,4,9,38346,18548,19900,9002,0.9,1.8,Thiaw,,80.0,2025-08-12,2001-08-08,False,p465642,180,0,0,1,2,0,0,0,0,0,0,0,25,37.8,0.2,0.0,3.8,18,3,0,18,2,0.00,0.02,0.02,4.10,,,,,,,[],,32,11,269,98,464,182,108,37,0.0,0.0,0.01,0.01,2.05,1.0,317,58,62,21,73,25,131,53,1.0,0.5,9.0,Newcastle,NEW
True,True,100.0,100.0,119471,0,0,0,0,-17.3,-11,"[{'offset': 0, 'projected_percent': '-20.1', 'likelihood': -2}, {'offset': 1, 'projected_percent': '-26.3', 'likelihood': -2}, {'offset': 2, 'projected_percent': '-32.4', 'likelihood': -2}]",,False,0,2,0.5,0.5,0,Fabian,0.5,446,False,,2026-08-15T16:30:07.209742Z,5.0,119471.jpg,1.0,False,Schär,0.3,False,,a,17,4,1,2596,701,3843,1958,0.1,0.2,Schär,,207.0,2018-07-26,1991-12-20,False,p119471,1,0,0,0,1,0,0,0,0,0,0,0,-1,0.0,0.0,0.0,0.0,0,0,0,0,0,0.00,0.00,0.00,0.79,,,2.0,,,,[],,449,179,456,180,397,163,465,179,0.0,0.0,0.0,0.0,71.1,90.0,237,36,283,103,255,97,312,115,0.0,0.0,0.0,Newcastle,NEW
True,True,,,220237,0,0,0,0,4.8,48,"[{'offset': 0, 'projected_percent': '5.1', 'likelihood': 1}, {'offset': 1, 'projected_percent': '5.8', 'likelihood': 1}, {'offset': 2, 'projected_percent': '6.4', 'likelihood': 1}]",,False,0,2,4.0,4.0,5,Sven,4.0,447,False,,,5.0,220237.jpg,4.0,False,Botman,0.6,False,,a,17,4,8,14630,5745,5305,2023,0.8,1.6,Botman,,152.0,2022-06-28,2000-01-12,False,p220237,180,0,0,1,2,0,0,0,1,0,0,0,26,32.4,0.3,0.0,3.3,14,6,1,15,2,0.01,0.01,0.02,4.10,,,,,,,[],,46,17,258,94,426,171,121,44,0.0,0.0,0.0,0.0,2.05,1.0,275,45,77,29,85,31,243,92,1.0,0.5,7.5,Newcastle,NEW
True,True,0.0,0.0,78916,-1,1,-1,1,-8.4,-214,"[{'offset': 0, 'projected_percent': '-10.5', 'likelihood': -1}, {'offset': 1, 'projected_percent': '-15.1', 'likelihood': -1}, {'offset': 2, 'projected_percent': '-19.8', 'likelihood': -1}]",,False,0,2,0.0,0.0,0,Dan,0.0,448,False,Ankle injury - Expected back 14 Sep,2026-08-23T18:00:08.367241Z,4.9,78916.jpg,0.0,False,Burn,1.4,False,,i,17,4,0,6563,316,97498,22187,0.0,0.0,Burn,,241.0,2022-01-31,1992-05-09,False,p78916,0,0,0,0,0,0,0,0,0,0,0,0,0,0.0,0.0,0.0,0.0,0,0,0,0,0,0.00,0.00,0.00,0.00,,,,,,,[],https://www.newcastleunited.com/en/news/confimed-line-up-opening-day-debuts-for-hornicek-dedic-and-steur-against-liverpool,434,176,440,177,381,160,450,176,0.0,0.0,0.0,0.0,0.0,0.0,396,76,491,181,491,181,164,66,0.0,0.0,0.0,Newcastle,NEW
True,True,,,487838,0,0,0,0,74.6,1707,"[{'offset': 0, 'projected_percent': '85.2', 'likelihood': 3}, {'offset': 1, 'projected_percent': '108.5', 'likelihood': 5}, {'offset': 2, 'projected_percent': '131.8', 'likelihood': 5}]",,False,1,2,7.0,7.0,11,Lewis,7.0,449,False,,,5.0,487838.jpg,7.0,False,Hall,6.1,False,,a,17,4,14,217638,164937,35292,15856,1.4,2.8,Hall,,241.0,2024-07-01,2004-09-08,False,p487838,180,0,0,1,2,0,0,0,0,0,0,3,60,22.0,15.2,0.0,3.7,17,14,7,24,2,0.03,0.66,0.69,4.10,1.0,,1.0,,,,[],,75,35,80,24,472,185,113,41,0.02,0.0,0.33,0.35,2.05,1.0,329,64,22,7,27,10,64,25,1.0,0.5,12.0,Newcastle,NEW
True,True,0.0,0.0,441191,0,0,0,0,-91.6,-6,"[{'offset': 0, 'projected_percent': '-96.1', 'likelihood': -4}, {'offset': 1, 'projected_percent': '-105.8', 'likelihood': -5}, {'offset': 2, 'projected_percent': '-115.6', 'likelihood': -5}]",,False,0,2,0.0,0.0,0,Tino,0.0,450,False,Calf injury - Unknown return date,2026-07-23T12:01:23.753221Z,5.0,441191.jpg,0.0,False,Livramento,0.0,False,,i,17,4,0,123,32,1615,387,0.0,0.0,Livramento,,241.0,2023-08-08,2002-11-12,False,p441191,0,0,0,0,0,0,0,0,0,0,0,0,0,0.0,0.0,0.0,0.0,0,0,0,0,0,0.00,0.00,0.00,0.00,,,,,,,[],https://www.newcastleunited.com/en/news/matthias-jaissles-team-news-update-livramento-and-joelinton-latest-ahead-of-premier-league-opener,488,190,498,190,451,178,504,190,0.0,0.0,0.0,0.0,0.0,0.0,303,53,532,190,532,190,533,185,0.0,0.0,0.0,Newcastle,NEW
True,False,0.0,0.0,545477,0,0,0,0,0.0,-10,"[{'offset': 0, 'projected_percent': '0.0', 'likelihood': 0}, {'offset': 1, 'projected_percent': '0.0', 'likelihood': 0}, {'offset': 2, 'projected_percent': '0.0', 'likelihood': 0}]",,False,0,2,0.0,0.0,0,Alex,0.0,451,False,Has joined FC Kaiserslautern on loan for the rest of the season,2026-08-12T14:05:29.224600Z,4.0,545477.jpg,0.0,False,Murphy,0.1,False,,u,17,4,0,0,0,4207,931,0.0,0.0,A.Murphy,,104.0,2023-07-19,2004-06-25,False,p545477,0,0,0,0,0,0,0,0,0,0,0,0,0,0.0,0.0,0.0,0.0,0,0,0,0,0,0.00,0.00,0.00,0.00,,,,,,,[],,320,122,320,124,242,93,337,123,0.0,0.0,0.0,0.0,0.0,0.0,606,188,388,136,388,136,440,154,0.0,0.0,0.0,Newcastle,NEW
True,True,,,201666,0,0,0,0,2.5,-3,"[{'offset': 0, 'projected_percent': '2.4', 'likelihood': 1}, {'offset': 1, 'projected_percent': '2.4', 'likelihood': 1}, {'offset': 2, 'projected_percent': '2.4', 'likelihood': 1}]",,False,0,3,2.5,2.5,3,Harvey,2.5,453,False,,,6.0,201666.jpg,2.5,False,Barnes,1.1,False,,a,17,4,5,21025,6030,18085,7755,0.4,0.8,Barnes,,241.0,2023-07-23,1997-12-09,False,p201666,180,0,0,1,2,0,0,0,0,0,0,0,21,5.2,2.4,9.0,1.7,5,4,3,12,2,0.11,0.03,0.14,4.10,5.0,,,,,,[],,210,87,175,103,92,45,202,90,0.06,0.0,0.02,0.08,2.05,1.0,67,46,140,66,148,68,183,55,1.0,0.5,6.0,Newcastle,NEW
True,True,,,449434,1,-1,1,-1,5.6,2196,"[{'offset': 0, 'projected_percent': '10.6', 'likelihood': 1}, {'offset': 1, 'projected_percent': '21.7', 'likelihood': 2}, {'offset': 2, 'projected_percent': '32.7', 'likelihood': 2}]",,False,0,3,8.5,8.5,8,Anthony,8.5,454,True,,,6.1,449434.jpg,8.5,False,Elanga,5.5,False,,a,17,4,17,378464,283023,31432,19559,1.4,2.8,Elanga,,206.0,2025-07-11,2002-04-27,False,p449434,156,2,0,1,1,0,0,0,0,0,0,2,63,37.4,3.5,28.0,6.9,1,2,2,5,2,0.42,0.11,0.53,2.68,4.0,,,,,,[],,33,17,160,93,34,18,45,27,0.24,0.0,0.06,0.3,1.55,0.58,57,40,12,6,18,9,67,22,1.15,0.58,2.88,Newcastle,NEW
True,True,,,232653,0,0,0,0,-63.9,-22,"[{'offset': 0, 'projected_percent': '-68.2', 'likelihood': -3}, {'offset': 1, 'projected_percent': '-77.7', 'likelihood': -3}, {'offset': 2, 'projected_percent': '-87.1', 'likelihood': -3}]",,False,0,3,0.5,0.5,1,Jacob,0.5,456,False,,,5.0,232653.jpg,0.5,False,Ramsey,0.3,False,,a,17,4,1,2138,696,7077,2397,0.1,0.2,J.Ramsey,,241.0,2025-08-17,2001-05-28,False,p232653,42,0,0,0,1,0,0,0,1,0,0,0,4,7.8,1.3,4.0,1.3,3,2,2,7,0,0.06,0.14,0.20,1.88,,,,,,,[],,180,71,208,117,132,65,224,99,0.13,0.0,0.3,0.43,4.03,2.14,288,174,291,129,339,166,292,97,0.0,0.0,15.0,Newcastle,NEW
True,True,,,114243,0,0,0,0,-97.3,-3,"[{'offset': 0, 'projected_percent': '-98.5', 'likelihood': -4}, {'offset': 1, 'projected_percent': '-101.2', 'likelihood': -5}, {'offset': 2, 'projected_percent': '-103.9', 'likelihood': -5}]",,False,0,3,0.5,0.5,1,Jacob,0.5,457,False,,,6.0,114243.jpg,0.5,False,Murphy,0.1,False,,a,17,4,1,1018,301,4060,1378,0.1,0.2,J.Murphy,Jacob Murphy,241.0,2017-07-19,1995-02-24,False,p114243,22,0,0,0,1,0,0,0,1,0,0,0,2,0.0,0.1,2.0,0.1,1,3,1,5,0,0.00,0.20,0.20,1.42,2.0,,,,,,[],,595,260,276,144,183,93,293,139,0.0,0.0,0.82,0.82,5.81,4.09,59,41,338,162,348,169,376,145,0.0,0.0,20.45,Newcastle,NEW
True,True,0.0,0.0,180974,0,0,0,0,-100.2,-1,"[{'offset': 0, 'projected_percent': '-101.3', 'likelihood': -5}, {'offset': 1, 'projected_percent': '-103.7', 'likelihood': -5}, {'offset': 2, 'projected_percent': '-106.1', 'likelihood': -5}]",,False,0,3,0.0,0.0,0,Joelinton Cássio,0.0,458,False,Unspecified injury - Unknown return date,2026-08-16T08:00:08.074045Z,5.5,180974.jpg,0.0,False,Apolinário de Lira,0.0,False,,i,17,4,0,80,32,1350,282,0.0,0.0,Joelinton,Joelinton,30.0,2019-07-24,1996-08-14,False,p180974,0,0,0,0,0,0,0,0,0,0,0,0,0,0.0,0.0,0.0,0.0,0,0,0,0,0,0.00,0.00,0.00,0.00,,,,,,,[],https://www.newcastleunited.com/en/news/matthias-jaissles-team-news-update-livramento-and-joelinton-latest-ahead-of-premier-league-opener,553,231,567,239,538,219,567,237,0.0,0.0,0.0,0.0,0.0,0.0,130,80,584,247,584,247,545,225,0.0,0.0,0.0,Newcastle,NEW
True,True,100.0,100.0,547719,0,0,0,0,0.6,4,"[{'offset': 0, 'projected_percent': '0.6', 'likelihood': 1}, {'offset': 1, 'projected_percent': '0.6', 'likelihood': 1}, {'offset': 2, 'projected_percent': '0.7', 'likelihood': 1}]",,False,0,3,3.0,3.0,3,Lewis,3.0,459,False,,2026-07-23T12:01:23.785456Z,5.5,547719.jpg,3.0,False,Miley,0.1,False,,a,17,4,6,2124,733,1032,498,0.5,1.1,L.Miley,,241.0,2023-02-01,2006-05-01,False,p547719,165,0,0,1,1,0,0,0,1,0,0,0,29,15.6,21.4,3.0,4.0,9,12,1,22,2,0.05,0.05,0.10,3.06,3.0,,,,,,[],,109,37,59,39,152,79,103,54,0.03,0.0,0.03,0.06,1.67,0.55,196,124,108,50,118,52,459,184,1.09,0.55,12.0,Newcastle,NEW
True,True,,,200089,0,0,0,0,5.6,55,"[{'offset': 0, 'projected_percent': '5.9', 'likelihood': 1}, {'offset': 1, 'projected_percent': '6.7', 'likelihood': 1}, {'offset': 2, 'projected_percent': '7.4', 'likelihood': 1}]",,False,0,3,4.5,4.5,3,Joe,4.5,460,False,,,5.0,200089.jpg,4.5,False,Willock,0.3,False,,a,17,4,9,16433,7670,4098,2166,0.9,1.8,Willock,,241.0,2021-08-13,1999-08-20,False,p200089,104,1,0,1,1,0,0,0,0,0,0,0,28,38.4,13.9,9.0,6.1,1,2,2,5,1,0.16,0.19,0.35,2.24,,,,,,,[],,29,16,90,58,90,43,52,31,0.14,0.0,0.16,0.3,1.94,0.87,254,156,60,31,71,35,294,99,0.87,0.87,4.33,Newcastle,NEW
True,True,,,611665,-1,1,-1,1,-18.7,-25,"[{'offset': 0, 'projected_percent': '-23.7', 'likelihood': -2}, {'offset': 1, 'projected_percent': '-34.6', 'likelihood': -2}, {'offset': 2, 'projected_percent': '-45.5', 'likelihood': -3}]",,False,0,3,0.5,0.5,1,Bazoumana,0.5,461,False,,,5.9,611665.jpg,1.0,False,Touré,0.2,False,,a,17,4,1,843,330,7206,2748,0.1,0.2,Touré,,54.0,2026-07-05,2006-03-02,False,p611665,1,0,0,0,0,0,0,0,0,0,0,0,3,0.0,0.0,0.0,0.0,0,0,0,0,0,0.00,0.00,0.00,0.00,,,,,,,[],,593,258,599,262,592,255,601,262,0.0,0.0,0.0,0.0,0.0,0.0,111,72,337,161,320,156,351,130,0.0,0.0,0.0,Newcastle,NEW
True,True,,,636852,0,0,0,0,-40.0,-8,"[{'offset': 0, 'projected_percent': '-45.0', 'likelihood': -3}, {'offset': 1, 'projected_percent': '-55.9', 'likelihood': -3}, {'offset': 2, 'projected_percent': '-66.8', 'likelihood': -3}]",,False,0,3,1.0,1.0,1,Sean,1.0,462,False,,,5.0,636852.jpg,1.0,False,Steur,0.1,False,,a,17,4,2,1012,250,2019,1019,0.2,0.4,Steur,,152.0,2026-07-09,2008-01-11,False,p636852,74,0,0,0,1,0,0,0,0,0,0,0,7,0.4,1.2,0.0,0.2,3,2,0,5,1,0.00,0.00,0.00,1.86,,,,,,,[],,272,128,214,120,511,204,283,134,0.0,0.0,0.0,0.0,2.26,1.22,388,233,241,113,290,135,425,169,1.22,0.0,6.08,Newcastle,NEW
True,True,,,470313,0,0,0,0,-101.5,-58,"[{'offset': 0, 'projected_percent': '-104.1', 'likelihood': -5}, {'offset': 1, 'projected_percent': '-109.8', 'likelihood': -5}, {'offset': 2, 'projected_percent': '-115.5', 'likelihood': -5}]",,False,0,4,2.0,2.0,4,Nick,2.0,463,False,,,6.0,470313.jpg,4.0,False,Woltemade,1.4,False,,a,17,4,4,11117,3924,41779,10995,0.3,0.7,Woltemade,,80.0,2025-08-30,2002-02-14,False,p470313,19,0,1,0,0,0,0,0,0,0,0,0,18,0.0,0.0,0.0,0.0,0,0,0,0,0,0.02,0.01,0.03,0.38,,,,,1.0,,[],,605,65,608,66,602,66,608,66,0.09,0.0,0.05,0.14,1.8,0.0,86,20,164,18,91,13,158,25,0.0,0.0,0.0,Newcastle,NEW
True,True,,,216646,1,-1,1,-1,6.1,2621,"[{'offset': 0, 'projected_percent': '12.1', 'likelihood': 1}, {'offset': 1, 'projected_percent': '25.4', 'likelihood': 2}, {'offset': 2, 'projected_percent': '38.6', 'likelihood': 2}]",,False,0,4,6.0,6.0,8,Yoane,6.0,464,False,,,6.1,216646.jpg,6.0,False,Wissa,7.2,False,,a,17,4,12,478885,319928,47149,23061,1.0,2.0,Wissa,,50.0,2025-09-01,1996-09-03,False,p216646,171,1,1,1,1,0,0,0,1,0,0,2,44,20.0,16.3,28.0,6.4,2,7,5,14,2,1.35,0.02,1.37,2.93,,,,,3.0,,[],,85,7,74,6,33,9,48,8,0.71,0.0,0.01,0.72,1.54,0.53,56,13,37,3,46,3,57,8,1.05,0.53,7.37,Newcastle,NEW
True,True,0.0,0.0,538207,0,0,0,0,-65.8,-136,"[{'offset': 0, 'projected_percent': '-70.2', 'likelihood': -3}, {'offset': 1, 'projected_percent': '-80.0', 'likelihood': -3}, {'offset': 2, 'projected_percent': '-89.8', 'likelihood': -3}]",,False,0,4,0.0,0.0,0,William,2.0,465,False,Foot injury - Unknown return date,2026-08-25T19:00:08.004915Z,6.0,538207.jpg,4.0,False,Osula,0.7,False,,i,17,4,4,20578,234,45046,18539,0.3,0.7,Osula,,58.0,2024-08-08,2003-08-04,False,p538207,55,0,1,0,1,0,0,0,0,0,0,0,18,28.2,13.7,8.0,5.0,2,2,1,5,1,0.06,0.14,0.20,1.48,,,,,2.0,,[],,59,6,95,8,100,20,78,11,0.1,0.0,0.23,0.33,2.42,1.64,93,23,165,19,92,14,226,37,1.64,0.0,8.18,Newcastle,NEW
True,True,,,599303,0,0,0,0,0.6,52,"[{'offset': 0, 'projected_percent': '0.9', 'likelihood': 1}, {'offset': 1, 'projected_percent': '1.6', 'likelihood': 1}, {'offset': 2, 'projected_percent': '2.3', 'likelihood': 1}]",,False,0,4,0.0,0.0,0,Sean,0.0,466,False,,,4.5,599303.jpg,0.0,False,Neave,0.8,False,,a,17,4,0,12439,5961,12159,4034,0.0,0.0,Neave,,241.0,2025-02-07,2007-05-27,False,p599303,0,0,0,0,0,0,0,0,0,0,0,0,0,0.0,0.0,0.0,0.0,0,0,0,0,0,0.00,0.00,0.00,0.00,,,,,,,[],,420,34,426,41,366,40,436,43,0.0,0.0,0.0,0.0,0.0,0.0,531,72,479,51,479,51,215,35,0.0,0.0,0.0,Newcastle,NEW
True,True,,,632794,0,0,0,0,-53.7,-8,"[{'offset': 0, 'projected_percent': '-57.8', 'likelihood': -3}, {'offset': 1, 'projected_percent': '-66.8', 'likelihood': -3}, {'offset': 2, 'projected_percent': '-75.8', 'likelihood': -3}]",,False,0,3,0.5,0.5,0,Aladji,0.5,559,False,,,5.0,632794.jpg,1.0,False,Bamba,0.1,False,,a,17,4,1,1045,355,2713,1046,0.1,0.2,Bamba,,73.0,2026-07-24,2006-07-14,False,p632794,14,0,0,0,1,0,0,0,0,0,0,0,5,4.0,0.0,0.0,0.4,1,0,1,2,0,0.00,0.00,0.00,1.04,,,,,,,[],,223,96,546,230,510,203,266,122,0.0,0.0,0.0,0.0,6.69,6.43,387,232,310,145,289,134,395,155,0.0,0.0,12.86,Newcastle,NEW
True,True,,,470551,0,0,0,0,5.5,122,"[{'offset': 0, 'projected_percent': '6.3', 'likelihood': 1}, {'offset': 1, 'projected_percent': '8.0', 'likelihood': 1}, {'offset': 2, 'projected_percent': '9.6', 'likelihood': 1}]",,False,0,1,4.0,4.0,7,Lukás,4.0,567,False,,,5.0,470551.jpg,4.0,False,Hornícek,0.9,False,,a,17,4,8,24455,18918,8616,4358,0.8,1.6,Horníček,,57.0,2026-08-03,2002-07-13,False,p470551,180,0,0,1,2,0,0,0,1,0,9,0,44,41.2,0.0,0.0,4.1,5,9,0,0,2,0.00,0.00,0.00,4.10,,,,,,,[],,24,2,512,64,467,64,100,2,0.0,4.5,0.0,0.0,2.05,1.0,322,19,79,5,87,6,205,30,1.0,0.5,0.0,Newcastle,NEW
True,True,,,463726,0,0,0,0,0.0,0,"[{'offset': 0, 'projected_percent': '0.0', 'likelihood': 0}, {'offset': 1, 'projected_percent': '0.0', 'likelihood': 0}, {'offset': 2, 'projected_percent': '0.0', 'likelihood': 0}]",2026-09-01T14:00:38.519566Z,False,1,2,6.0,6.0,11,Amar,6.0,593,False,,,4.5,463726.jpg,6.0,False,Dedic,1.2,False,,a,17,4,12,86525,76166,9464,7308,1.3,2.7,Dedić,,27.0,2026-08-18,2002-08-18,False,p463726,180,0,1,1,2,0,0,0,0,0,0,2,36,16.4,1.2,5.0,2.3,12,7,5,17,2,0.03,0.06,0.09,4.10,,,,,,,[],,106,46,212,69,123,39,161,62,0.02,0.0,0.03,0.05,2.05,1.0,476,125,33,12,39,15,178,73,1.0,0.5,8.5,Newcastle,NEW
True,True,,,553746,0,0,0,0,0.0,0,"[{'offset': 0, 'projected_percent': '0.0', 'likelihood': 0}, {'offset': 1, 'projected_percent': '0.0', 'likelihood': 0}, {'offset': 2, 'projected_percent': '0.0', 'likelihood': 0}]",2026-09-05T18:21:27.993732Z,False,0,2,0.0,0.0,0,Leo,0.0,609,False,,,4.0,553746.jpg,0.0,False,Shahar,0.2,False,,a,17,4,0,8136,4143,1704,1059,0.0,0.0,Shahar,,241.0,2024-08-08,2007-03-18,False,p553746,0,0,0,0,0,0,0,0,0,0,0,0,0,0.0,0.0,0.0,0.0,0,0,0,0,0,0.00,0.00,0.00,0.00,,,,,,,[],,324,126,324,128,246,97,341,127,0.0,0.0,0.0,0.0,0.0,0.0,610,192,392,140,392,140,345,129,0.0,0.0,0.0,Newcastle,NEW
True,True,,,463034,0,0,0,0,4.2,110,"[{'offset': 0, 'projected_percent': '4.9', 'likelihood': 1}, {'offset': 1, 'projected_percent': '6.4', 'likelihood': 1}, {'offset': 2, 'projected_percent': '7.9', 'likelihood': 1}]",,False,0,4,0.5,0.5,1,Liam,0.5,167,False,,,5.5,463034.jpg,1.0,False,Delap,0.6,False,,a,18,17,1,20655,12915,11576,4011,0.1,0.2,Delap,,241.0,2026-08-27,2003-02-08,False,p463034,24,0,0,0,1,0,0,0,0,0,0,0,9,0.0,0.0,0.0,0.0,0,0,0,0,0,0.07,0.00,0.07,0.33,,,,,3.0,,[],,567,53,580,59,563,59,580,60,0.26,0.0,0.0,0.26,1.24,3.75,170,38,326,37,308,34,239,39,0.0,0.0,0.0,Nott'm Forest,NFO
True,True,,,85633,0,0,0,0,-27.5,-20,"[{'offset': 0, 'projected_percent': '-28.3', 'likelihood': -2}, {'offset': 1, 'projected_percent': '-30.3', 'likelihood': -2}, {'offset': 2, 'projected_percent': '-32.2', 'likelihood': -2}]",,False,0,1,1.5,1.5,1,Matz,1.5,467,False,,,5.0,85633.jpg,1.5,False,Sels,1.5,False,,a,18,17,3,6256,2906,16955,5209,0.3,0.6,Sels,,21.0,2024-02-01,1992-02-26,False,p85633,180,0,0,0,3,0,0,0,0,0,4,0,17,14.2,0.0,0.0,1.4,3,15,0,0,2,0.00,0.01,0.01,2.22,,,,,,,[],,122,18,450,50,391,50,217,18,0.0,2.0,0.0,0.0,1.11,1.5,229,5,177,14,195,16,157,24,1.0,0.0,0.0,Nott'm Forest,NFO
True,True,,,221389,0,0,0,0,-26.1,1,"[{'offset': 0, 'projected_percent': '-25.4', 'likelihood': -2}, {'offset': 1, 'projected_percent': '-23.9', 'likelihood': -2}, {'offset': 2, 'projected_percent': '-22.4', 'likelihood': -2}]",,False,0,1,0.0,0.0,0,John Victor,0.0,468,False,,,4.5,221389.jpg,0.0,False,Maciel Furtado,0.1,False,,a,18,17,0,267,89,688,222,0.0,0.0,John,John Victor,30.0,2025-08-31,1996-02-13,False,p221389,0,0,0,0,0,0,0,0,0,0,0,0,0,0.0,0.0,0.0,0.0,0,0,0,0,0,0.00,0.00,0.00,0.00,,,,,,,[],,362,53,366,35,295,35,379,53,0.0,0.0,0.0,0.0,0.0,0.0,447,34,426,54,426,54,474,53,0.0,0.0,0.0,Nott'm Forest,NFO
True,True,,,215136,0,0,0,0,-33.5,20,"[{'offset': 0, 'projected_percent': '-33.4', 'likelihood': -2}, {'offset': 1, 'projected_percent': '-33.1', 'likelihood': -2}, {'offset': 2, 'projected_percent': '-32.7', 'likelihood': -2}]",,False,0,2,4.0,4.0,6,Neco,4.0,469,False,,,5.0,215136.jpg,4.0,False,Williams,8.7,False,,a,18,17,8,33125,18975,107951,25817,0.8,1.6,N.Williams,,244.0,2022-07-11,2001-04-13,False,p215136,180,0,1,0,3,0,0,0,0,0,0,0,29,15.2,5.8,6.0,2.7,9,11,9,18,2,0.12,0.17,0.29,2.22,2.0,,2.0,,,,[],,113,52,141,41,115,34,144,57,0.06,0.0,0.08,0.14,1.11,1.5,270,43,76,28,84,30,48,18,1.0,0.0,9.0,Nott'm Forest,NFO
True,True,,,485047,0,0,0,0,-71.9,-2,"[{'offset': 0, 'projected_percent': '-74.1', 'likelihood': -3}, {'offset': 1, 'projected_percent': '-78.9', 'likelihood': -3}, {'offset': 2, 'projected_percent': '-83.6', 'likelihood': -3}]",,False,0,2,0.0,0.0,0,Felipe,0.0,470,False,,,5.0,485047.jpg,0.0,False,Rodrigues da Silva,0.0,False,,a,18,17,0,324,94,993,326,0.0,0.0,Morato,Morato,30.0,2024-08-30,2001-06-30,False,p485047,0,0,0,0,0,0,0,0,0,0,0,0,0,0.0,0.0,0.0,0.0,0,0,0,0,0,0.00,0.00,0.00,0.00,,,,,,,[],,501,194,513,194,469,184,517,194,0.0,0.0,0.0,0.0,0.0,0.0,326,63,542,194,542,194,500,175,0.0,0.0,0.0,Nott'm Forest,NFO
True,True,,,227444,0,0,0,0,-41.2,-28,"[{'offset': 0, 'projected_percent': '-42.3', 'likelihood': -3}, {'offset': 1, 'projected_percent': '-44.6', 'likelihood': -3}, {'offset': 2, 'projected_percent': '-46.9', 'likelihood': -3}]",,False,0,2,2.5,2.5,3,Nikola,2.5,471,False,,,5.5,227444.jpg,2.5,False,Milenković,1.7,False,,a,18,17,5,4665,2074,22298,5257,0.5,0.9,Milenković,,190.0,2024-07-18,1997-10-12,False,p227444,180,0,0,0,3,0,0,0,0,0,0,0,7,7.6,0.6,14.0,2.2,17,9,3,20,2,0.11,0.02,0.13,2.22,,,,,,,[],,182,80,244,88,72,19,166,65,0.06,0.0,0.01,0.07,1.11,1.5,149,19,129,46,138,49,143,57,1.0,0.0,10.0,Nott'm Forest,NFO
True,True,100.0,100.0,575476,0,0,0,0,-12.1,-40,"[{'offset': 0, 'projected_percent': '-13.7', 'likelihood': -1}, {'offset': 1, 'projected_percent': '-17.2', 'likelihood': -1}, {'offset': 2, 'projected_percent': '-20.7', 'likelihood': -2}]",,False,0,2,2.5,2.5,1,Murillo,2.5,472,False,,2026-07-23T12:01:23.801183Z,5.5,575476.jpg,2.5,False,Costa dos Santos,1.6,False,,a,18,17,5,12257,3677,18088,6251,0.5,0.9,Murillo,Murillo,30.0,2023-08-31,2002-07-04,False,p575476,180,0,0,0,3,0,0,0,0,0,0,0,17,32.2,25.9,0.0,5.8,18,6,2,20,2,0.18,0.28,0.46,2.22,,,3.0,,,,[],,47,18,45,14,579,203,57,16,0.09,0.0,0.14,0.23,1.11,1.5,204,29,138,49,146,52,151,62,1.0,0.0,10.0,Nott'm Forest,NFO
True,True,,,159506,0,0,0,0,-11.6,-74,"[{'offset': 0, 'projected_percent': '-13.1', 'likelihood': -1}, {'offset': 1, 'projected_percent': '-16.2', 'likelihood': -1}, {'offset': 2, 'projected_percent': '-19.4', 'likelihood': -1}]",,False,0,2,2.5,2.5,0,Ola,2.5,473,False,,,4.5,159506.jpg,2.5,False,Aina,3.4,False,,a,18,17,5,26323,8553,39016,16179,0.6,1.1,Aina,,157.0,2023-07-22,1996-10-08,False,p159506,158,0,0,1,2,0,0,0,2,0,0,0,26,16.0,35.6,11.0,6.3,5,8,2,7,2,0.04,0.52,0.56,2.09,,,,,,,[],,107,47,20,5,81,25,50,12,0.02,0.0,0.3,0.32,1.19,1.14,427,89,120,42,129,45,98,37,1.14,0.57,3.99,Nott'm Forest,NFO
True,True,,,575458,0,0,0,0,-31.1,-6,"[{'offset': 0, 'projected_percent': '-33.0', 'likelihood': -2}, {'offset': 1, 'projected_percent': '-37.4', 'likelihood': -2}, {'offset': 2, 'projected_percent': '-41.8', 'likelihood': -3}]",,False,0,2,1.0,1.0,1,Jair,1.0,474,False,,,4.5,575458.jpg,1.0,False,Paula da Cunha Filho,0.2,False,,a,18,17,2,613,354,2208,649,0.2,0.4,Jair Cunha,Jair Cunha,30.0,2025-07-11,2005-03-07,False,p575458,180,0,0,0,3,0,0,0,1,0,0,0,11,20.8,1.3,0.0,2.2,13,3,3,16,2,0.00,0.00,0.00,2.22,,,,,,,[],,80,37,207,67,358,154,164,64,0.0,0.0,0.0,0.0,1.11,1.5,521,142,221,81,250,94,333,125,1.0,0.0,8.0,Nott'm Forest,NFO
True,True,0.0,0.0,500151,0,0,0,0,0.0,0,"[{'offset': 0, 'projected_percent': '0.0', 'likelihood': 0}, {'offset': 1, 'projected_percent': '0.0', 'likelihood': 0}, {'offset': 2, 'projected_percent': '0.0', 'likelihood': 0}]",,False,0,2,0.0,0.0,0,Nicolò,0.0,475,False,Knee injury - Unknown return date,2026-07-23T12:01:23.816304Z,4.5,500151.jpg,0.0,False,Savona,0.0,False,,i,18,17,0,125,12,73,25,0.0,0.0,Savona,,106.0,2025-08-30,2003-03-19,False,p500151,0,0,0,0,0,0,0,0,0,0,0,0,0,0.0,0.0,0.0,0.0,0,0,0,0,0,0.00,0.00,0.00,0.00,,,,,,,[],https://www.nottinghamforest.co.uk/news/2026/august/20/early-team-news-for-forest-s-clash-with-leeds/?utm_source=premier-league-web&utm_medium=referral&utm_campaign=pl-referral-always-on&utm_content=home&utm_term=live-bar,389,163,396,164,334,146,405,163,0.0,0.0,0.0,0.0,0.0,0.0,496,133,449,169,449,169,616,205,0.0,0.0,0.0,Nott'm Forest,NFO
True,True,,,204822,0,0,0,0,-30.5,-5,"[{'offset': 0, 'projected_percent': '-31.9', 'likelihood': -2}, {'offset': 1, 'projected_percent': '-35.0', 'likelihood': -2}, {'offset': 2, 'projected_percent': '-38.2', 'likelihood': -2}]",,False,0,2,0.0,0.0,0,Omar,0.0,476,False,,,4.0,204822.jpg,0.0,False,Richards,0.2,False,,a,18,17,0,838,343,2784,776,0.0,0.0,O.Richards,,241.0,2022-07-10,1998-02-15,False,p204822,0,0,0,0,0,0,0,0,0,0,0,0,0,0.0,0.0,0.0,0.0,0,0,0,0,0,0.00,0.00,0.00,0.00,,,,,,,[],,298,109,297,110,217,77,315,110,0.0,0.0,0.0,0.0,0.0,0.0,575,166,366,123,366,123,323,121,0.0,0.0,0.0,Nott'm Forest,NFO
True,True,,,549067,0,0,0,0,-19.4,-1,"[{'offset': 0, 'projected_percent': '-19.7', 'likelihood': -1}, {'offset': 1, 'projected_percent': '-20.4', 'likelihood': -2}, {'offset': 2, 'projected_percent': '-21.1', 'likelihood': -2}]",,False,0,2,0.0,0.0,0,Zach,0.0,477,False,,,4.0,549067.jpg,0.0,False,Abbott,0.2,False,,a,18,17,0,1625,629,3153,930,0.0,0.0,Abbott,,241.0,2022-08-22,2006-05-13,False,p549067,0,0,0,0,0,0,0,0,0,0,0,0,0,0.0,0.0,0.0,0.0,0,0,0,0,0,0.00,0.00,0.00,0.00,,,,,,,[],,323,125,323,127,245,96,340,126,0.0,0.0,0.0,0.0,0.0,0.0,609,191,391,139,391,139,317,118,0.0,0.0,0.0,Nott'm Forest,NFO
True,True,,,470315,0,0,0,0,-34.4,3,"[{'offset': 0, 'projected_percent': '-28.9', 'likelihood': -2}, {'offset': 1, 'projected_percent': '-16.9', 'likelihood': -1}, {'offset': 2, 'projected_percent': '-4.9', 'likelihood': -1}]",,False,0,2,1.0,1.0,1,Luca,1.0,478,False,,,4.5,470315.jpg,1.0,False,Netz,0.0,False,,a,18,17,2,183,71,442,154,0.2,0.4,Netz,,80.0,2026-02-02,2003-05-15,False,p470315,20,0,0,0,1,0,0,0,0,0,0,0,3,0.0,0.9,0.0,0.1,0,1,1,1,0,0.00,0.00,0.00,0.13,,,,,,,[],,379,159,224,75,319,141,288,101,0.0,0.0,0.0,0.0,0.58,4.5,479,126,218,78,244,89,523,182,0.0,0.0,4.5,Nott'm Forest,NFO
True,True,,,538638,0,0,0,0,-26.7,-6,"[{'offset': 0, 'projected_percent': '-28.7', 'likelihood': -2}, {'offset': 1, 'projected_percent': '-33.1', 'likelihood': -2}, {'offset': 2, 'projected_percent': '-37.5', 'likelihood': -2}]",,False,0,2,0.0,0.0,0,Tyler,0.0,479,False,,,4.0,538638.jpg,0.0,False,Bindon,0.2,False,,a,18,17,0,607,242,2014,597,0.0,0.0,Bindon,,154.0,2025-02-03,2005-01-27,False,p538638,0,0,0,0,0,0,0,0,0,0,0,0,0,0.0,0.0,0.0,0.0,0,0,0,0,0,0.00,0.00,0.00,0.00,,,,,,,[],,319,121,319,123,240,91,336,122,0.0,0.0,0.0,0.0,0.0,0.0,604,186,387,135,387,135,358,134,0.0,0.0,0.0,Nott'm Forest,NFO
True,True,100.0,100.0,222531,-1,1,-1,1,11.5,208,"[{'offset': 0, 'projected_percent': '12.8', 'likelihood': 1}, {'offset': 1, 'projected_percent': '15.6', 'likelihood': 1}, {'offset': 2, 'projected_percent': '18.5', 'likelihood': 1}]",,False,1,3,7.5,7.5,13,Morgan,7.5,480,False,,2026-08-24T15:30:08.350159Z,7.9,222531.jpg,7.5,False,Gibbs-White,8.7,False,,a,18,17,15,71900,63120,324898,41805,0.9,1.9,Gibbs-White,,241.0,2022-08-19,2000-01-27,False,p222531,180,1,1,0,3,0,0,0,0,0,0,3,46,0.0,9.3,16.0,2.4,2,4,2,8,2,0.92,0.10,1.02,2.22,,,1.0,,1.0,,[],,626,276,126,73,67,37,160,73,0.46,0.0,0.05,0.51,1.11,1.5,12,7,20,12,25,14,45,17,1.0,0.0,4.0,Nott'm Forest,NFO
True,True,100.0,100.0,209046,-1,1,-1,1,-13.6,-17,"[{'offset': 0, 'projected_percent': '-16.6', 'likelihood': -1}, {'offset': 1, 'projected_percent': '-23.2', 'likelihood': -2}, {'offset': 2, 'projected_percent': '-29.8', 'likelihood': -2}]",,False,0,3,0.5,0.5,1,Callum,0.5,482,False,,2026-07-23T12:01:23.832709Z,5.9,209046.jpg,1.0,False,Hudson-Odoi,0.2,False,,a,18,17,1,1361,635,7242,1758,0.1,0.2,Hudson-Odoi,,241.0,2023-09-01,2000-11-07,False,p209046,1,0,0,0,0,0,0,0,0,0,0,0,2,0.0,0.0,0.0,0.0,0,0,0,0,0,0.00,0.00,0.00,0.00,,,4.0,,,,[],,586,252,594,257,585,249,596,257,0.0,0.0,0.0,0.0,0.0,0.0,100,62,334,158,318,154,331,118,0.0,0.0,0.0,Nott'm Forest,NFO
True,True,,,456512,0,0,0,0,2.6,60,"[{'offset': 0, 'projected_percent': '3.0', 'likelihood': 1}, {'offset': 1, 'projected_percent': '3.8', 'likelihood': 1}, {'offset': 2, 'projected_percent': '4.6', 'likelihood': 1}]",,False,0,3,6.0,6.0,9,Dan,6.0,483,False,,,5.5,456512.jpg,6.0,False,Ndoye,0.6,False,,a,18,17,12,14565,13074,8547,3285,1.1,2.2,Ndoye,,207.0,2025-07-31,2000-10-25,False,p456512,126,1,0,1,1,0,0,0,0,0,0,2,35,1.4,2.5,0.0,0.4,2,9,1,12,2,0.35,0.63,0.98,1.67,,,,,,,[],,259,119,169,99,562,237,270,126,0.25,0.0,0.45,0.7,1.19,0.71,169,106,35,19,42,23,250,84,1.43,0.71,8.57,Nott'm Forest,NFO
True,True,,,503301,0,0,0,0,-102.3,-16,"[{'offset': 0, 'projected_percent': '-109.3', 'likelihood': -5}, {'offset': 1, 'projected_percent': '-124.7', 'likelihood': -5}, {'offset': 2, 'projected_percent': '-140.1', 'likelihood': -5}]",,False,0,3,0.0,0.0,0,Omari,0.0,484,False,,,5.5,503301.jpg,0.0,False,Hutchinson,0.1,False,,a,18,17,0,348,134,3396,1150,0.0,0.0,Hutchinson,,241.0,2025-08-16,2003-10-30,False,p503301,0,0,0,0,0,0,0,0,0,0,0,0,0,0.0,0.0,0.0,0.0,0,0,0,0,0,0.00,0.00,0.00,0.00,,,,,,,[],,573,245,586,253,573,243,586,251,0.0,0.0,0.0,0.0,0.0,0.0,188,118,595,258,595,258,377,146,0.0,0.0,0.0,Nott'm Forest,NFO
True,False,0.0,0.0,476887,0,0,0,0,0.0,-6,"[{'offset': 0, 'projected_percent': '0.0', 'likelihood': 0}, {'offset': 1, 'projected_percent': '0.0', 'likelihood': 0}, {'offset': 2, 'projected_percent': '0.0', 'likelihood': 0}]",,False,0,3,0.0,0.0,0,Dilane,0.0,485,False,Has joined Lille on loan for the rest of the season,2026-08-27T14:53:03.381941Z,5.5,476887.jpg,0.0,False,Bakwa,0.0,False,,u,18,17,0,107,0,665,260,0.0,0.0,Bakwa,,73.0,2025-09-01,2002-08-26,False,p476887,0,0,0,0,0,0,0,0,0,0,0,0,0,0.0,0.0,0.0,0.0,0,0,0,0,0,0.00,0.00,0.00,0.00,,,,,,,[],,571,243,584,251,568,240,584,249,0.0,0.0,0.0,0.0,0.0,0.0,178,111,593,256,593,256,592,252,0.0,0.0,0.0,Nott'm Forest,NFO
True,True,,,432714,0,0,0,0,0.6,7,"[{'offset': 0, 'projected_percent': '0.6', 'likelihood': 1}, {'offset': 1, 'projected_percent': '0.7', 'likelihood': 1}, {'offset': 2, 'projected_percent': '0.8', 'likelihood': 1}]",,False,0,3,2.5,2.5,2,James,2.5,486,False,,,5.5,432714.jpg,2.5,False,McAtee,0.1,False,,a,18,17,5,2102,1428,940,465,0.5,0.9,McAtee,,241.0,2025-08-16,2002-10-18,False,p432714,163,0,0,1,2,0,0,0,0,0,0,0,34,11.6,42.5,0.0,5.4,4,10,2,16,2,0.00,0.32,0.32,2.09,1.0,,,,,,[],,146,49,12,10,554,232,67,35,0.0,0.0,0.18,0.18,1.15,1.1,157,98,130,60,139,62,468,189,1.1,0.55,8.83,Nott'm Forest,NFO
True,True,,,250199,0,0,0,0,-64.1,-3,"[{'offset': 0, 'projected_percent': '-66.3', 'likelihood': -3}, {'offset': 1, 'projected_percent': '-71.0', 'likelihood': -3}, {'offset': 2, 'projected_percent': '-75.8', 'likelihood': -3}]",,False,0,3,0.5,0.5,1,Nicolás,0.5,487,False,,,5.0,250199.jpg,1.0,False,Domínguez,0.1,False,,a,18,17,1,360,146,1451,389,0.1,0.2,Dominguez,,10.0,2023-09-01,1998-06-28,False,p250199,1,0,0,0,0,0,0,0,0,0,0,0,3,0.0,0.0,0.0,0.0,0,0,0,0,0,0.00,0.00,0.00,0.00,,,,,,,[],,484,192,493,201,444,166,500,199,0.0,0.0,0.0,0.0,0.0,0.0,295,179,293,131,266,116,460,185,0.0,0.0,0.0,Nott'm Forest,NFO
True,True,0.0,0.0,210462,0,0,0,0,-64.5,-118,"[{'offset': 0, 'projected_percent': '-68.1', 'likelihood': -3}, {'offset': 1, 'projected_percent': '-76.1', 'likelihood': -3}, {'offset': 2, 'projected_percent': '-84.1', 'likelihood': -3}]",,False,0,3,0.0,0.0,0,Ibrahim,1.0,488,False,Calf injury - Unknown return date,2026-08-28T09:30:07.471668Z,5.0,210462.jpg,2.0,False,Sangaré,0.8,False,,i,18,17,2,2953,103,29432,11455,0.2,0.4,I.Sangaré,,54.0,2023-09-01,1997-12-02,False,p210462,90,0,0,0,1,0,0,0,0,0,0,0,10,17.8,13.0,3.0,3.4,3,3,0,6,1,0.03,0.01,0.04,0.47,,,,,,,[],https://www.nottinghamforest.co.uk/news/2026/august/28/glasner-provides-injury-update-ahead-of-liverpool-clash/,97,34,99,61,149,76,119,59,0.03,0.0,0.01,0.04,0.47,1.0,265,164,227,104,160,75,221,73,1.0,0.0,6.0,Nott'm Forest,NFO
True,True,100.0,100.0,204968,0,0,0,0,-0.1,0,"[{'offset': 0, 'projected_percent': '-0.1', 'likelihood': -1}, {'offset': 1, 'projected_percent': '-0.1', 'likelihood': -1}, {'offset': 2, 'projected_percent': '-0.1', 'likelihood': -1}]",2026-09-05T09:30:07.492167Z,False,0,3,0.0,0.0,0,Ryan,0.0,489,False,,2026-08-17T20:30:08.195072Z,4.5,204968.jpg,0.0,False,Yates,1.5,False,,a,18,17,0,9460,7717,44313,7230,0.0,0.0,Yates,,241.0,2018-08-01,1997-11-21,False,p204968,0,0,0,0,0,0,0,0,0,0,0,0,0,0.0,0.0,0.0,0.0,0,0,0,0,0,0.00,0.00,0.00,0.00,,,,,,,[],,358,138,362,148,291,104,375,145,0.0,0.0,0.0,0.0,0.0,0.0,441,248,423,173,423,173,156,47,0.0,0.0,0.0,Nott'm Forest,NFO
True,True,,,60689,-1,1,-1,1,-16.4,-146,"[{'offset': 0, 'projected_percent': '-20.3', 'likelihood': -2}, {'offset': 1, 'projected_percent': '-29.0', 'likelihood': -2}, {'offset': 2, 'projected_percent': '-37.7', 'likelihood': -2}]",,False,0,4,0.5,0.5,0,Chris,0.5,490,False,,,5.9,60689.jpg,1.0,False,Wood,1.4,False,,a,18,17,1,7244,2675,46634,17283,0.1,0.2,Wood,,154.0,2023-07-01,1991-12-07,False,p60689,28,0,0,0,1,0,0,0,0,0,0,0,3,0.0,2.4,3.0,0.4,0,1,0,1,0,0.12,0.01,0.13,0.22,,,,,2.0,,[],,585,59,174,21,153,25,271,28,0.39,0.0,0.03,0.42,0.71,3.21,98,27,332,39,316,36,162,26,0.0,0.0,3.21,Nott'm Forest,NFO
True,True,,,482973,0,0,0,0,-93.4,-176,"[{'offset': 0, 'projected_percent': '-96.8', 'likelihood': -4}, {'offset': 1, 'projected_percent': '-104.2', 'likelihood': -5}, {'offset': 2, 'projected_percent': '-111.6', 'likelihood': -5}]",,False,0,4,1.5,1.5,1,Igor Jesus,1.5,491,False,,,6.0,482973.jpg,1.5,False,Maciel da Cruz,3.4,False,,a,18,17,3,17343,7106,88438,29888,0.2,0.5,Igor Jesus,Igor Jesus,30.0,2025-07-05,2001-02-25,False,p482973,180,0,0,0,3,0,0,0,1,0,0,0,12,5.2,6.8,31.0,4.3,5,2,1,8,2,0.96,0.06,1.02,2.22,,,,,4.0,,[],,211,14,133,16,26,8,96,13,0.48,0.0,0.03,0.51,1.11,1.5,87,21,201,24,217,28,96,15,1.0,0.0,4.0,Nott'm Forest,NFO
True,True,,,465680,0,0,0,0,-73.3,2,"[{'offset': 0, 'projected_percent': '-71.2', 'likelihood': -3}, {'offset': 1, 'projected_percent': '-66.4', 'likelihood': -3}, {'offset': 2, 'projected_percent': '-61.6', 'likelihood': -3}]",,False,0,4,0.5,0.5,0,Arnaud,0.5,493,False,,,5.5,465680.jpg,1.0,False,Kalimuendo,0.0,False,,a,18,17,1,494,155,1231,474,0.1,0.2,Kalimuendo,,73.0,2025-08-18,2002-01-20,False,p465680,1,0,0,0,0,0,0,0,0,0,0,0,3,0.0,0.0,0.0,0.0,0,0,0,0,0,0.00,0.00,0.00,0.00,,,,,,,[],,568,54,581,60,565,60,581,61,0.0,0.0,0.0,0.0,0.0,0.0,173,40,327,38,309,35,493,65,0.0,0.0,0.0,Nott'm Forest,NFO
True,True,,,204561,0,0,0,0,-38.0,0,"[{'offset': 0, 'projected_percent': '-38.0', 'likelihood': -2}, {'offset': 1, 'projected_percent': '-38.0', 'likelihood': -2}, {'offset': 2, 'projected_percent': '-38.0', 'likelihood': -2}]",,False,0,3,2.5,2.5,4,Xaver,2.5,558,False,,,5.0,204561.jpg,2.5,False,Schlager,0.1,False,,a,18,17,5,626,468,1539,395,0.5,1.0,Schlager,Xaver Schlager,14.0,2026-07-23,1997-09-28,False,p204561,106,0,0,0,3,0,0,0,0,0,0,0,18,0.6,1.0,2.0,0.4,3,8,5,16,1,0.05,0.00,0.05,1.88,3.0,,,,,,[],,270,127,222,124,166,81,264,120,0.04,0.0,0.0,0.04,1.6,2.55,259,159,125,56,134,58,421,167,0.85,0.0,13.58,Nott'm Forest,NFO
True,True,,,568420,0,0,0,0,-65.7,-51,"[{'offset': 0, 'projected_percent': '-70.6', 'likelihood': -3}, {'offset': 1, 'projected_percent': '-81.3', 'likelihood': -3}, {'offset': 2, 'projected_percent': '-92.0', 'likelihood': -3}]",,False,0,2,0.0,0.0,0,Ousmane,0.0,581,False,,,5.5,568420.jpg,0.0,False,Diomande,0.7,False,,a,18,17,0,4845,1361,18344,6243,0.0,0.0,Diomande,,54.0,2026-08-11,2003-12-04,False,p568420,0,0,0,0,0,0,0,0,0,0,0,0,0,0.0,0.0,0.0,0.0,0,0,0,0,0,0.00,0.00,0.00,0.00,,,,,,,[],,578,205,589,205,578,202,590,205,0.0,0.0,0.0,0.0,0.0,0.0,201,28,597,203,597,203,230,86,0.0,0.0,0.0,Nott'm Forest,NFO
True,True,,,428971,0,0,0,0,0.0,0,"[{'offset': 0, 'projected_percent': '0.0', 'likelihood': 0}, {'offset': 1, 'projected_percent': '0.0', 'likelihood': 0}, {'offset': 2, 'projected_percent': '0.0', 'likelihood': 0}]",,False,0,1,0.0,0.0,0,Steven,0.0,590,False,,,4.5,428971.jpg,0.0,False,Benda,0.1,False,,a,18,17,0,978,353,862,318,0.0,0.0,Benda,,80.0,2026-08-15,1998-10-01,False,p428971,0,0,0,0,0,0,0,0,0,0,0,0,0,0.0,0.0,0.0,0.0,0,0,0,0,0,0.00,0.00,0.00,0.00,,,,,,,[],,373,55,377,38,311,38,390,55,0.0,0.0,0.0,0.0,0.0,0.0,467,37,435,56,435,56,467,52,0.0,0.0,0.0,Nott'm Forest,NFO
True,True,,,469142,0,0,0,0,-60.8,-713,"[{'offset': 0, 'projected_percent': '-66.1', 'likelihood': -3}, {'offset': 1, 'projected_percent': '-77.7', 'likelihood': -3}, {'offset': 2, 'projected_percent': '-89.4', 'likelihood': -3}]",,False,0,2,1.0,1.0,1,Jan Paul,1.0,112,False,,,5.0,469142.jpg,1.0,False,van Hecke,8.7,False,,a,19,6,2,44019,7415,174415,75647,0.2,0.4,Van Hecke,,152.0,2026-06-18,2000-06-08,False,p469142,180,0,0,0,5,0,0,0,0,0,0,0,12,28.2,2.8,2.0,3.3,13,7,4,17,2,0.11,0.06,0.17,4.59,,,,,,,[],,58,22,166,49,170,60,122,45,0.06,0.0,0.03,0.09,2.3,2.5,319,60,234,82,270,102,49,19,1.0,0.0,8.5,Spurs,TOT
True,True,,,438234,0,0,0,0,22.5,190,"[{'offset': 0, 'projected_percent': '23.7', 'likelihood': 2}, {'offset': 1, 'projected_percent': '26.3', 'likelihood': 2}, {'offset': 2, 'projected_percent': '28.9', 'likelihood': 2}]",,False,0,4,1.0,1.0,2,Omar,1.0,401,False,,,7.0,438234.jpg,2.0,False,Marmoush,1.7,False,,a,19,6,2,81939,42131,33092,13731,0.1,0.3,Marmoush,Omar Marmoush,63.0,2026-08-27,1999-02-07,False,p438234,90,0,0,0,2,0,0,0,0,0,0,0,14,0.0,0.0,0.0,0.0,0,3,1,4,1,0.17,0.07,0.24,0.72,,,,,2.0,,[],,619,69,621,70,621,70,621,70,0.17,0.0,0.07,0.24,0.72,2.0,27,9,259,31,188,23,142,24,1.0,0.0,4.0,Spurs,TOT
True,True,75.0,,510281,0,0,0,0,20.8,-120,"[{'offset': 0, 'projected_percent': '20.0', 'likelihood': 2}, {'offset': 1, 'projected_percent': '18.4', 'likelihood': 1}, {'offset': 2, 'projected_percent': '16.8', 'likelihood': 1}]",,False,0,3,0.0,0.0,0,Sávio,0.0,403,False,Muscular injury - 75% chance of playing,2026-08-29T16:30:08.380416Z,6.5,510281.jpg,0.0,False,Moreira de Oliveira,0.9,False,,d,19,6,0,65983,10236,20898,14034,0.0,0.0,Sávio,Sávio,30.0,2026-08-25,2004-04-10,False,p510281,0,0,0,0,0,0,0,0,0,0,0,0,0,0.0,0.0,0.0,0.0,0,0,0,0,0,0.00,0.00,0.00,0.00,,,,,,,[],,616,272,618,273,617,272,618,273,0.0,0.0,0.0,0.0,0.0,0.0,45,30,616,272,616,272,208,68,0.0,0.0,0.0,Spurs,TOT
True,True,,,432422,0,0,0,0,-97.2,-371,"[{'offset': 0, 'projected_percent': '-104.3', 'likelihood': -5}, {'offset': 1, 'projected_percent': '-120.1', 'likelihood': -5}, {'offset': 2, 'projected_percent': '-135.8', 'likelihood': -5}]",,False,0,3,2.0,2.0,2,Sandro,2.0,455,False,,,5.5,432422.jpg,2.0,False,Tonali,3.4,False,,a,19,6,4,17633,3514,88442,36226,0.4,0.7,Tonali,,106.0,2026-07-06,2000-05-08,False,p432422,164,0,0,0,5,0,0,0,0,0,0,0,30,6.2,6.4,8.0,2.1,1,6,1,8,2,0.09,0.08,0.17,4.59,,,5.0,,,,[],,198,79,135,79,96,47,172,78,0.05,0.0,0.04,0.09,2.52,2.74,156,97,158,76,173,84,100,31,1.1,0.0,4.39,Spurs,TOT
True,False,0.0,0.0,184254,0,0,0,0,0.0,-27,"[{'offset': 0, 'projected_percent': '0.0', 'likelihood': 0}, {'offset': 1, 'projected_percent': '0.0', 'likelihood': 0}, {'offset': 2, 'projected_percent': '0.0', 'likelihood': 0}]",,False,0,1,0.0,0.0,0,Guglielmo,0.0,494,False,Has joined Juventus on loan for the rest of the season,2026-08-19T13:55:33.193962Z,4.5,184254.jpg,0.0,False,Vicario,0.2,False,,u,19,6,0,0,0,14287,2850,0.0,0.0,Vicario,,106.0,2023-07-01,1996-10-07,False,p184254,0,0,0,0,0,0,0,0,0,0,0,0,0,0.0,0.0,0.0,0.0,0,0,0,0,0,0.00,0.00,0.00,0.00,,,,,,,[],,355,51,359,33,286,33,372,51,0.0,0.0,0.0,0.0,0.0,0.0,433,32,421,52,421,52,329,37,0.0,0.0,0.0,Spurs,TOT
True,True,,,214572,0,0,0,0,0.3,17,"[{'offset': 0, 'projected_percent': '0.4', 'likelihood': 1}, {'offset': 1, 'projected_percent': '0.6', 'likelihood': 1}, {'offset': 2, 'projected_percent': '0.8', 'likelihood': 1}]",,False,0,1,0.0,0.0,0,Brandon,0.0,495,False,,,4.0,214572.jpg,0.0,False,Austin,0.9,False,,a,19,6,0,6099,2887,5541,1839,0.0,0.0,Austin,,241.0,2017-07-22,1999-01-08,False,p214572,0,0,0,0,0,0,0,0,0,0,0,0,0,0.0,0.0,0.0,0.0,0,0,0,0,0,0.00,0.00,0.00,0.00,,,,,,,[],,299,33,298,13,218,13,316,33,0.0,0.0,0.0,0.0,0.0,0.0,576,61,367,34,367,34,203,29,0.0,0.0,0.0,Spurs,TOT
True,True,,,485055,0,0,0,0,-16.3,-518,"[{'offset': 0, 'projected_percent': '-17.9', 'likelihood': -1}, {'offset': 1, 'projected_percent': '-21.3', 'likelihood': -2}, {'offset': 2, 'projected_percent': '-24.8', 'likelihood': -2}]",,False,0,1,1.5,1.5,1,Antonín,1.5,496,False,,,4.5,485055.jpg,1.5,False,Kinský,21.4,False,,a,19,6,3,56647,16022,173470,91319,0.3,0.7,Kinsky,,57.0,2025-01-05,2003-03-13,False,p485055,180,0,0,0,5,0,0,0,0,0,5,0,19,43.6,0.0,0.0,4.4,4,18,0,0,2,0.00,0.00,0.00,4.59,,,,,,,[],,17,1,386,43,323,43,90,1,0.0,2.5,0.0,0.0,2.3,2.5,484,42,176,13,194,15,14,3,1.0,0.0,0.0,Spurs,TOT
True,True,,,67089,0,0,0,0,-7.4,-31,"[{'offset': 0, 'projected_percent': '-7.5', 'likelihood': -1}, {'offset': 1, 'projected_percent': '-7.7', 'likelihood': -1}, {'offset': 2, 'projected_percent': '-8.0', 'likelihood': -1}]",,False,0,1,0.0,0.0,0,Martin,0.0,497,False,,,4.0,67089.jpg,0.0,False,Dubravka,18.2,False,,a,19,6,0,70242,35156,102827,39010,0.0,0.0,Dubravka,,194.0,2026-07-01,1989-01-15,False,p67089,0,0,0,0,0,0,0,0,0,0,0,0,0,0.0,0.0,0.0,0.0,0,0,0,0,0,0.00,0.00,0.00,0.00,,,,,,,[],,284,25,281,5,199,5,300,25,0.0,0.0,0.0,0.0,0.0,0.0,554,53,353,26,353,26,20,4,0.0,0.0,0.0,Spurs,TOT
True,True,,,221466,0,0,0,0,-76.7,-644,"[{'offset': 0, 'projected_percent': '-82.9', 'likelihood': -3}, {'offset': 1, 'projected_percent': '-96.5', 'likelihood': -4}, {'offset': 2, 'projected_percent': '-110.1', 'likelihood': -5}]",,False,0,2,1.5,1.5,0,Marcos,1.5,498,False,,,6.0,221466.jpg,3.0,False,Senesi Barón,6.7,False,,a,19,6,3,18535,2593,134652,70417,0.2,0.5,Senesi,,10.0,2026-07-01,1997-05-10,False,p221466,90,0,0,0,3,0,0,0,0,0,0,0,10,36.6,2.2,0.0,3.9,11,2,5,16,1,0.00,0.02,0.02,3.87,,,,,,,[],,37,12,183,55,597,205,105,36,0.0,0.0,0.02,0.02,3.87,3.0,70,7,198,66,121,42,61,24,1.0,0.0,16.0,Spurs,TOT
True,True,100.0,100.0,441164,0,0,0,0,-0.4,0,"[{'offset': 0, 'projected_percent': '-0.4', 'likelihood': -1}, {'offset': 1, 'projected_percent': '-0.4', 'likelihood': -1}, {'offset': 2, 'projected_percent': '-0.4', 'likelihood': -1}]",2026-08-31T17:30:09.162542Z,False,0,2,0.5,0.5,1,Pedro,0.5,499,False,,2026-08-21T15:22:48.149081Z,5.5,441164.jpg,1.0,False,Porro Sauceda,12.9,False,,a,19,6,1,42007,21433,389730,72212,0.1,0.2,Pedro Porro,,200.0,2023-07-01,1999-09-13,False,p441164,90,0,0,0,2,0,0,0,0,0,0,0,1,0.0,0.0,0.0,0.0,3,2,1,4,1,0.33,0.10,0.43,0.72,3.0,,1.0,,,,[],,565,204,578,204,558,197,578,204,0.33,0.0,0.1,0.43,0.72,2.0,163,21,324,114,307,107,31,10,1.0,0.0,4.0,Spurs,TOT
True,False,0.0,0.0,221632,0,0,0,0,0.0,-16,"[{'offset': 0, 'projected_percent': '0.0', 'likelihood': 0}, {'offset': 1, 'projected_percent': '0.0', 'likelihood': 0}, {'offset': 2, 'projected_percent': '0.0', 'likelihood': 0}]",,False,0,2,0.0,0.0,0,Cristian,0.0,500,False,Has joined Atletico Madrid permanently,2026-08-17T13:49:05.465401Z,5.0,221632.jpg,0.0,False,Romero,0.1,False,,u,19,6,0,0,0,12768,1989,0.0,0.0,Romero,,10.0,2022-08-30,1998-04-27,False,p221632,0,0,0,0,0,0,0,0,0,0,0,0,0,0.0,0.0,0.0,0.0,0,0,0,0,0,0.00,0.00,0.00,0.00,,,,,,,[],,471,186,480,186,428,172,487,186,0.0,0.0,0.0,0.0,0.0,0.0,277,46,518,187,518,187,393,140,0.0,0.0,0.0,Spurs,TOT
True,True,,,135720,0,0,0,0,-64.5,-12,"[{'offset': 0, 'projected_percent': '-69.0', 'likelihood': -3}, {'offset': 1, 'projected_percent': '-78.8', 'likelihood': -3}, {'offset': 2, 'projected_percent': '-88.7', 'likelihood': -3}]",,False,0,2,0.0,0.0,0,Kevin,0.0,501,False,,,5.0,135720.jpg,0.0,False,Danso,0.2,False,,a,19,6,0,1288,268,3698,1266,0.0,0.0,Danso,,14.0,2025-07-01,1998-09-19,False,p135720,0,0,0,0,0,0,0,0,0,0,0,0,0,0.0,0.0,0.0,0.0,0,0,0,0,0,0.00,0.00,0.00,0.00,,,,,,,[],,451,180,458,181,399,164,467,180,0.0,0.0,0.0,0.0,0.0,0.0,239,37,505,184,505,184,364,135,0.0,0.0,0.0,Spurs,TOT
True,True,,,122798,0,0,0,0,-10.8,-132,"[{'offset': 0, 'projected_percent': '-13.1', 'likelihood': -1}, {'offset': 1, 'projected_percent': '-18.3', 'likelihood': -1}, {'offset': 2, 'projected_percent': '-23.4', 'likelihood': -2}]",,False,0,2,2.5,2.5,2,Andrew,2.5,502,False,,,4.5,122798.jpg,2.5,False,Robertson,3.6,False,,a,19,6,5,27993,5822,43465,20167,0.6,1.1,Robertson,,243.0,2026-07-01,1994-03-11,False,p122798,157,0,0,0,4,0,0,0,0,0,0,0,20,31.8,19.2,2.0,5.3,11,4,3,14,2,0.06,0.08,0.14,4.35,1.0,,,,,,[],,48,19,64,19,158,54,69,23,0.03,0.0,0.05,0.08,2.49,2.29,423,87,119,41,128,44,94,36,1.15,0.0,8.03,Spurs,TOT
True,True,100.0,100.0,491279,0,0,0,0,0.0,0,"[{'offset': 0, 'projected_percent': '0.0', 'likelihood': 0}, {'offset': 1, 'projected_percent': '0.0', 'likelihood': 0}, {'offset': 2, 'projected_percent': '0.0', 'likelihood': 0}]",2026-08-31T18:30:08.314043Z,False,0,2,0.0,0.0,0,Micky,0.0,503,False,,2026-08-21T15:00:07.610517Z,5.0,491279.jpg,0.0,False,van de Ven,4.1,False,,a,19,6,0,15554,7180,152147,27444,0.0,0.0,Van de Ven,,152.0,2023-08-08,2001-04-19,False,p491279,90,0,0,0,2,0,0,0,1,0,0,0,5,0.0,0.0,0.0,0.0,7,4,1,8,1,0.00,0.02,0.02,0.72,,,,,,,[],,509,195,521,195,478,186,525,195,0.0,0.0,0.02,0.02,0.72,2.0,335,65,548,195,548,195,85,34,1.0,0.0,8.0,Spurs,TOT
True,False,0.0,0.0,232859,0,0,0,0,0.0,-82,"[{'offset': 0, 'projected_percent': '0.0', 'likelihood': 0}, {'offset': 1, 'projected_percent': '0.0', 'likelihood': 0}, {'offset': 2, 'projected_percent': '0.0', 'likelihood': 0}]",,False,0,2,0.0,0.0,0,Djed,0.0,505,False,Has joined Internazionale permanently,2026-08-18T14:13:08.454214Z,4.5,232859.jpg,0.0,False,Spence,0.4,False,,u,19,6,0,0,0,53327,7545,0.0,0.0,Spence,,241.0,2022-07-19,2000-08-09,False,p232859,0,0,0,0,0,0,0,0,0,0,0,0,0,0.0,0.0,0.0,0.0,0,0,0,0,0,0.00,0.00,0.00,0.00,,,,,,,[],,367,151,371,155,302,132,384,152,0.0,0.0,0.0,0.0,0.0,0.0,456,111,430,160,430,160,274,103,0.0,0.0,0.0,Spurs,TOT
True,True,,,487053,0,0,0,0,-47.8,-31,"[{'offset': 0, 'projected_percent': '-52.2', 'likelihood': -3}, {'offset': 1, 'projected_percent': '-61.8', 'likelihood': -3}, {'offset': 2, 'projected_percent': '-71.5', 'likelihood': -3}]",,False,0,2,1.0,1.0,1,Destiny,1.0,506,False,,,4.5,487053.jpg,1.0,False,Udogie,0.5,False,,a,19,6,2,2167,482,7157,2465,0.2,0.4,Udogie,,106.0,2022-08-16,2002-11-28,False,p487053,26,0,0,0,1,0,0,0,0,0,0,0,5,0.0,0.7,0.0,0.0,0,3,1,1,0,0.00,0.21,0.21,0.68,,,,,,,[],,381,161,235,82,324,143,397,161,0.0,0.0,0.73,0.73,2.35,3.46,485,129,220,80,247,92,266,98,0.0,0.0,3.46,Spurs,TOT
True,False,0.0,0.0,548308,0,0,0,0,0.0,-2,"[{'offset': 0, 'projected_percent': '0.0', 'likelihood': 0}, {'offset': 1, 'projected_percent': '0.0', 'likelihood': 0}, {'offset': 2, 'projected_percent': '0.0', 'likelihood': 0}]",,False,0,2,0.0,0.0,0,Ashley,0.0,507,False,Has joined Middlesbrough permanently,2026-08-18T14:13:08.474144Z,4.5,548308.jpg,0.0,False,Phillips,0.0,False,,u,19,6,0,0,0,812,154,0.0,0.0,Phillips,,241.0,2023-08-05,2005-06-26,False,p548308,0,0,0,0,0,0,0,0,0,0,0,0,0,0.0,0.0,0.0,0.0,0,0,0,0,0,0.00,0.00,0.00,0.00,,,,,,,[],,400,167,407,168,345,150,416,167,0.0,0.0,0.0,0.0,0.0,0.0,507,137,460,173,460,173,562,194,0.0,0.0,0.0,Spurs,TOT
True,True,,,115556,0,0,0,0,-33.9,-34,"[{'offset': 0, 'projected_percent': '-36.1', 'likelihood': -2}, {'offset': 1, 'projected_percent': '-40.9', 'likelihood': -3}, {'offset': 2, 'projected_percent': '-45.8', 'likelihood': -3}]",,False,0,2,0.0,0.0,0,Ben,0.0,508,False,,,4.0,115556.jpg,0.0,False,Davies,1.0,False,,a,19,6,0,4208,1331,13272,4289,0.0,0.0,Davies,,244.0,2014-07-23,1993-04-24,False,p115556,0,0,0,0,0,0,0,0,0,0,0,0,0,0.0,0.0,0.0,0.0,0,0,0,0,0,0.00,0.00,0.00,0.00,,,,,,,[],,291,105,288,104,206,69,307,105,0.0,0.0,0.0,0.0,0.0,0.0,562,156,360,120,360,120,189,74,0.0,0.0,0.0,Spurs,TOT
True,True,,,640419,0,0,0,0,-15.5,3,"[{'offset': 0, 'projected_percent': '-11.9', 'likelihood': -1}, {'offset': 1, 'projected_percent': '-4.0', 'likelihood': -1}, {'offset': 2, 'projected_percent': '0.0', 'likelihood': 0}]",,False,0,2,0.0,0.0,0,Jun'ai,0.0,509,False,,,4.0,640419.jpg,0.0,False,Byfield,0.1,False,,a,19,6,0,494,175,785,227,0.0,0.0,Byfield,,,,,False,p640419,0,0,0,0,0,0,0,0,0,0,0,0,0,0.0,0.0,0.0,0.0,0,0,0,0,0,0.00,0.00,0.00,0.00,,,,,,,[],,334,135,335,138,258,108,351,136,0.0,0.0,0.0,0.0,0.0,0.0,623,204,401,148,401,148,483,171,0.0,0.0,0.0,Spurs,TOT
True,True,,,499716,0,0,0,0,-21.9,-5,"[{'offset': 0, 'projected_percent': '-26.0', 'likelihood': -2}, {'offset': 1, 'projected_percent': '-34.9', 'likelihood': -2}, {'offset': 2, 'projected_percent': '-43.8', 'likelihood': -3}]",,False,0,2,0.0,0.0,0,James,0.0,510,False,,,4.0,499716.jpg,0.0,False,Rowswell,0.1,False,,a,19,6,0,544,209,1057,362,0.0,0.0,Rowswell,,,,,False,p499716,0,0,0,0,0,0,0,0,0,0,0,0,0,0.0,0.0,0.0,0.0,0,0,0,0,0,0.00,0.00,0.00,0.00,,,,,,,[],,315,118,315,120,236,88,332,119,0.0,0.0,0.0,0.0,0.0,0.0,600,183,383,132,383,132,451,159,0.0,0.0,0.0,Spurs,TOT
True,True,,,616221,0,0,0,0,-23.9,-1,"[{'offset': 0, 'projected_percent': '-24.1', 'likelihood': -2}, {'offset': 1, 'projected_percent': '-24.4', 'likelihood': -2}, {'offset': 2, 'projected_percent': '-24.7', 'likelihood': -2}]",,False,0,2,0.0,0.0,0,João Victor,0.0,511,False,,,4.0,616221.jpg,0.0,False,de Souza Menezes,0.3,False,,a,19,6,0,2033,840,3939,1245,0.0,0.0,Souza,Souza,30.0,2026-01-22,2006-06-16,False,p616221,0,0,0,0,0,0,0,0,0,0,0,0,0,0.0,0.0,0.0,0.0,0,0,0,0,0,0.00,0.00,0.00,0.00,,,,,,,[],,333,134,334,137,257,107,350,135,0.0,0.0,0.0,0.0,0.0,0.0,622,203,400,147,400,147,298,111,0.0,0.0,0.0,Spurs,TOT
True,True,100.0,75.0,460842,0,0,0,0,0.2,13,"[{'offset': 0, 'projected_percent': '0.2', 'likelihood': 1}, {'offset': 1, 'projected_percent': '0.4', 'likelihood': 1}, {'offset': 2, 'projected_percent': '0.6', 'likelihood': 1}]",,False,0,3,0.5,0.4,1,Mohammed,0.5,512,False,,2026-07-23T12:01:23.848657Z,6.5,460842.jpg,1.0,False,Kudus,0.1,False,,a,19,6,1,1479,1210,3144,738,0.1,0.2,Kudus,,81.0,2025-07-10,2000-08-02,False,p460842,22,0,0,0,1,0,0,0,0,0,0,0,4,0.0,0.0,0.0,0.0,0,2,0,2,0,0.04,0.01,0.05,0.24,,,3.0,,3.0,,[],,615,271,617,272,616,271,617,272,0.16,0.0,0.04,0.2,0.98,4.09,42,28,347,168,332,164,442,177,0.0,0.0,8.18,Spurs,TOT
True,True,0.0,0.0,493362,0,0,0,0,-61.7,-5,"[{'offset': 0, 'projected_percent': '-70.7', 'likelihood': -3}, {'offset': 1, 'projected_percent': '-90.4', 'likelihood': -3}, {'offset': 2, 'projected_percent': '-110.2', 'likelihood': -5}]",,False,0,3,0.0,0.0,0,Xavi,0.0,513,False,Knee injury - Unknown return date,2026-07-23T12:01:23.864304Z,6.0,493362.jpg,0.0,False,Simons,0.0,False,,i,19,6,0,113,36,536,180,0.0,0.0,Xavi,,152.0,2025-08-29,2003-04-21,False,p493362,0,0,0,0,0,0,0,0,0,0,0,0,0,0.0,0.0,0.0,0.0,0,0,0,0,0,0.00,0.00,0.00,0.00,,,2.0,,4.0,,[],,606,265,609,267,603,261,609,267,0.0,0.0,0.0,0.0,0.0,0.0,88,56,610,267,610,267,581,245,0.0,0.0,0.0,Spurs,TOT
True,True,,,511499,-1,1,-1,1,-5.9,-62,"[{'offset': 0, 'projected_percent': '-11.6', 'likelihood': -1}, {'offset': 1, 'projected_percent': '-24.0', 'likelihood': -2}, {'offset': 2, 'projected_percent': '-36.5', 'likelihood': -2}]",,False,0,3,2.0,2.0,2,Mathys,2.0,514,False,,,5.9,511499.jpg,2.0,False,Tel,0.4,False,,a,19,6,4,4796,622,17706,7245,0.3,0.7,Tel,,73.0,2025-07-01,2005-04-27,False,p511499,157,0,0,0,4,0,0,0,0,0,0,0,27,10.4,26.0,9.0,4.5,1,9,1,11,2,0.20,0.09,0.29,4.35,,,4.0,,,,[],,162,59,44,30,91,44,89,47,0.11,0.0,0.05,0.16,2.49,2.29,107,68,162,79,180,89,270,89,1.15,0.0,6.31,Spurs,TOT
True,True,75.0,75.0,172780,-1,1,-1,1,-30.9,-176,"[{'offset': 0, 'projected_percent': '-35.5', 'likelihood': -2}, {'offset': 1, 'projected_percent': '-45.5', 'likelihood': -3}, {'offset': 2, 'projected_percent': '-55.5', 'likelihood': -3}]",,False,0,3,0.4,0.4,0,James,0.5,515,False,Shoulder injury - 75% chance of playing,2026-08-25T14:30:07.623508Z,6.4,172780.jpg,1.0,False,Maddison,0.8,False,,d,19,6,1,2783,97,53754,16768,0.1,0.2,Maddison,,241.0,2023-06-28,1996-11-23,False,p172780,22,0,0,0,0,0,0,0,0,0,0,0,6,4.4,8.3,8.0,2.1,1,1,0,2,0,0.00,0.01,0.01,0.85,,,,,,,[],https://www.tottenhamhotspur.com/news/1086784/team-news-porro-van-de-ven-available-maddison-a-doubt-for-charlton-clash?utm_source=chatgpt.com,219,94,129,76,101,51,174,80,0.0,0.0,0.04,0.04,3.48,0.0,49,33,342,163,327,159,216,70,0.0,0.0,8.18,Spurs,TOT
True,True,,,202993,0,0,0,0,-48.5,-6,"[{'offset': 0, 'projected_percent': '-50.6', 'likelihood': -3}, {'offset': 1, 'projected_percent': '-55.4', 'likelihood': -3}, {'offset': 2, 'projected_percent': '-60.1', 'likelihood': -3}]",,False,0,3,1.5,1.5,2,Rodrigo,1.5,516,False,,,5.5,202993.jpg,1.5,False,Bentancur,0.2,False,,a,19,6,3,931,329,2903,872,0.3,0.5,Bentancur,,230.0,2022-01-31,1997-06-25,False,p202993,135,0,0,0,3,0,0,0,0,0,0,0,25,2.0,14.7,0.0,1.7,3,8,5,16,1,0.00,0.03,0.03,2.90,,,,,,,[],,253,115,84,54,544,224,199,88,0.0,0.0,0.02,0.02,1.93,2.0,137,85,187,86,205,97,352,131,0.67,0.0,10.67,Spurs,TOT
True,True,0.0,0.0,550839,0,0,0,0,-14.7,0,"[{'offset': 0, 'projected_percent': '-14.7', 'likelihood': -1}, {'offset': 1, 'projected_percent': '-14.7', 'likelihood': -1}, {'offset': 2, 'projected_percent': '-14.7', 'likelihood': -1}]",,False,0,3,0.0,0.0,0,Wilson,0.0,517,False,Knee injury - Unknown return date,2026-07-23T12:01:23.879434Z,5.5,550839.jpg,0.0,False,Odobert,0.0,False,,i,19,6,0,27,11,34,15,0.0,0.0,Odobert,,73.0,2024-08-16,2004-11-28,False,p550839,0,0,0,0,0,0,0,0,0,0,0,0,0,0.0,0.0,0.0,0.0,0,0,0,0,0,0.00,0.00,0.00,0.00,,,,,,,[],https://www.tottenhamhotspur.com/news/1008505/odobert-suffers-acl-injury,577,249,588,255,576,246,589,254,0.0,0.0,0.0,0.0,0.0,0.0,199,127,596,259,596,259,623,274,0.0,0.0,0.0,Spurs,TOT
True,True,100.0,0.0,482442,0,0,-1,1,-0.0,0,"[{'offset': 0, 'projected_percent': '-0.0', 'likelihood': 0}, {'offset': 1, 'projected_percent': '-0.0', 'likelihood': 0}, {'offset': 2, 'projected_percent': '-0.0', 'likelihood': 0}]",2026-09-05T18:30:08.546151Z,False,0,3,0.0,0.0,0,Pape Matar,0.0,518,False,,2026-08-21T14:30:08.419690Z,4.9,482442.jpg,0.0,False,Sarr,0.2,False,,a,19,6,0,2894,2781,12020,1556,0.0,0.0,P.M.Sarr,Pape Matar Sarr,189.0,2021-08-27,2002-09-14,False,p482442,0,0,0,0,0,0,0,0,0,0,0,0,0,0.0,0.0,0.0,0.0,0,0,0,0,0,0.00,0.00,0.00,0.00,,,,,,,[],,437,164,443,174,384,133,453,171,0.0,0.0,0.0,0.0,0.0,0.0,399,240,494,198,494,198,357,134,0.0,0.0,0.0,Spurs,TOT
True,True,,,232787,-1,1,-1,1,-2.9,-6,"[{'offset': 0, 'projected_percent': '-3.8', 'likelihood': -1}, {'offset': 1, 'projected_percent': '-5.7', 'likelihood': -1}, {'offset': 2, 'projected_percent': '-7.7', 'likelihood': -1}]",,False,0,3,0.0,0.0,0,Conor,0.0,519,False,,,5.4,232787.jpg,0.0,False,Gallagher,0.3,False,,a,19,6,0,1579,371,7109,2462,0.0,0.0,Gallagher,,241.0,2026-01-14,2000-02-06,False,p232787,45,0,0,0,2,0,0,0,1,0,0,0,1,0.0,5.5,1.0,0.5,0,2,1,3,1,0.02,0.06,0.08,1.70,,,,,,,[],,540,226,143,85,190,96,258,117,0.04,0.0,0.12,0.16,3.4,4.0,214,134,573,243,573,243,311,109,2.0,0.0,6.0,Spurs,TOT
True,True,,,570526,0,0,0,0,-64.2,-12,"[{'offset': 0, 'projected_percent': '-68.1', 'likelihood': -3}, {'offset': 1, 'projected_percent': '-76.8', 'likelihood': -3}, {'offset': 2, 'projected_percent': '-85.4', 'likelihood': -3}]",,False,0,3,0.5,0.5,0,Lucas,0.5,520,False,,,5.5,570526.jpg,1.0,False,Bergvall,0.2,False,,a,19,6,1,843,208,3478,1279,0.1,0.2,Bergvall,,206.0,2024-07-01,2006-02-02,False,p570526,45,0,0,0,2,0,0,0,0,0,0,0,2,0.0,2.0,2.0,0.0,0,7,1,8,1,0.00,0.01,0.01,1.70,,,,,,,[],,579,250,187,109,181,91,591,255,0.0,0.0,0.02,0.02,3.4,4.0,202,129,331,156,314,151,344,126,2.0,0.0,16.0,Spurs,TOT
True,True,0.0,0.0,445044,0,0,0,0,-41.6,0,"[{'offset': 0, 'projected_percent': '-41.6', 'likelihood': -3}, {'offset': 1, 'projected_percent': '-41.6', 'likelihood': -3}, {'offset': 2, 'projected_percent': '-41.6', 'likelihood': -3}]",,False,0,3,0.0,0.0,0,Dejan,0.0,521,False,Knee injury - Unknown return date,2026-07-23T12:01:23.895175Z,6.5,445044.jpg,0.0,False,Kulusevski,0.0,False,,i,19,6,0,104,29,307,66,0.0,0.0,Kulusevski,,206.0,2023-07-01,2000-04-25,False,p445044,0,0,0,0,0,0,0,0,0,0,0,0,0,0.0,0.0,0.0,0.0,0,0,0,0,0,0.00,0.00,0.00,0.00,,,,,,,[],,613,270,615,271,614,270,615,271,0.0,0.0,0.0,0.0,0.0,0.0,40,27,614,271,614,271,594,253,0.0,0.0,0.0,Spurs,TOT
True,True,,,547701,0,0,0,0,-22.4,0,"[{'offset': 0, 'projected_percent': '-22.4', 'likelihood': -2}, {'offset': 1, 'projected_percent': '-22.4', 'likelihood': -2}, {'offset': 2, 'projected_percent': '-22.4', 'likelihood': -2}]",,False,0,3,2.0,2.0,2,Archie,2.0,522,False,,,5.0,547701.jpg,2.0,False,Gray,0.2,False,,a,19,6,4,2671,960,4071,1527,0.4,0.8,Gray,,241.0,2024-07-02,2006-03-12,False,p547701,152,0,0,0,4,0,0,0,0,0,0,0,24,6.2,3.3,0.0,1.0,5,5,1,11,2,0.00,0.01,0.01,3.91,,,,,,,[],,197,78,163,95,494,192,235,106,0.0,0.0,0.01,0.01,2.32,2.37,366,218,150,71,166,79,325,115,1.18,0.0,6.51,Spurs,TOT
True,True,,,499721,0,0,0,0,-21.4,-16,"[{'offset': 0, 'projected_percent': '-27.0', 'likelihood': -2}, {'offset': 1, 'projected_percent': '-39.3', 'likelihood': -2}, {'offset': 2, 'projected_percent': '-51.6', 'likelihood': -3}]",,False,0,3,1.5,1.5,1,Mikey,1.5,523,False,,,5.0,499721.jpg,1.5,False,Moore,0.2,False,,a,19,6,3,2960,541,4191,1665,0.3,0.6,Moore,,241.0,2024-05-01,2007-08-11,False,p499721,89,0,0,0,4,0,0,0,0,0,0,0,11,14.2,5.9,55.0,7.5,0,2,1,3,1,0.40,0.02,0.42,3.26,,,,,,,[],,123,40,140,84,4,3,35,20,0.4,0.0,0.02,0.42,3.3,4.04,343,199,183,83,201,94,356,133,1.01,0.0,3.03,Spurs,TOT
True,True,,,499726,0,0,0,0,-52.4,-18,"[{'offset': 0, 'projected_percent': '-53.9', 'likelihood': -3}, {'offset': 1, 'projected_percent': '-57.2', 'likelihood': -3}, {'offset': 2, 'projected_percent': '-60.5', 'likelihood': -3}]",,False,0,3,0.0,0.0,0,Callum,0.0,524,False,,,4.5,499726.jpg,0.0,False,Olusesi,0.8,False,,a,19,6,0,2639,625,13123,3811,0.0,0.0,Olusesi,,,,,False,p499726,0,0,0,0,0,0,0,0,0,0,0,0,0,0.0,0.0,0.0,0.0,0,0,0,0,0,0.00,0.00,0.00,0.00,,,,,,,[],,387,145,394,155,332,113,403,152,0.0,0.0,0.0,0.0,0.0,0.0,494,257,447,180,447,180,219,72,0.0,0.0,0.0,Spurs,TOT
True,True,,,551226,-1,1,-1,1,-4.3,-165,"[{'offset': 0, 'projected_percent': '-8.6', 'likelihood': -1}, {'offset': 1, 'projected_percent': '-18.1', 'likelihood': -1}, {'offset': 2, 'projected_percent': '-27.6', 'likelihood': -2}]",,False,0,3,1.5,1.5,2,Mateus,1.5,525,False,,,5.9,551226.jpg,1.5,False,Fernandes,1.4,False,,a,19,6,3,6108,1579,48814,17485,0.3,0.5,Fernandes,Mateus Fernandes,173.0,2026-07-02,2004-07-10,False,p551226,135,0,0,0,3,0,0,0,0,0,0,0,34,7.2,27.2,2.0,3.6,0,6,4,10,1,0.01,0.23,0.24,2.90,2.0,,,,,,[],,186,73,37,27,182,92,114,57,0.01,0.0,0.15,0.16,1.93,2.0,108,69,197,93,214,103,159,48,0.67,0.0,6.67,Spurs,TOT
True,True,,,154566,0,0,0,0,-96.0,-116,"[{'offset': 0, 'projected_percent': '-102.2', 'likelihood': -5}, {'offset': 1, 'projected_percent': '-115.9', 'likelihood': -5}, {'offset': 2, 'projected_percent': '-129.5', 'likelihood': -5}]",,False,0,4,1.0,1.0,1,Dominic,1.0,526,False,,,6.0,154566.jpg,1.0,False,Solanke-Mitchell,1.2,False,,a,19,6,2,10744,2532,34615,13797,0.2,0.3,Solanke,,241.0,2024-08-10,1997-09-14,False,p154566,37,0,0,0,0,0,0,0,0,0,0,0,9,0.0,0.0,5.0,0.5,0,0,0,0,0,0.27,0.00,0.27,0.85,,,,,1.0,,[],,597,61,603,64,127,24,260,27,0.66,0.0,0.0,0.66,2.07,0.0,62,14,254,29,321,37,176,27,0.0,0.0,0.0,Spurs,TOT
True,True,,,212319,-1,1,-1,1,-6.2,-341,"[{'offset': 0, 'projected_percent': '-11.8', 'likelihood': -1}, {'offset': 1, 'projected_percent': '-23.9', 'likelihood': -2}, {'offset': 2, 'projected_percent': '-36.1', 'likelihood': -2}]",,False,0,4,1.0,1.0,0,Richarlison,1.0,527,False,,,5.9,212319.jpg,2.0,False,de Andrade,2.3,False,,a,19,6,2,17734,3011,90291,43820,0.2,0.3,Richarlison,Richarlison,30.0,2022-07-01,1997-05-10,False,p212319,67,0,0,0,3,0,0,0,0,0,0,0,6,0.0,2.2,0.0,0.2,1,0,0,1,1,0.00,0.00,0.00,3.02,,,,,5.0,,[],,587,60,182,22,586,64,286,31,0.0,0.0,0.0,0.0,4.06,4.03,101,28,253,28,179,20,122,18,1.34,0.0,1.34,Spurs,TOT
True,True,,,490145,0,0,0,0,1.2,74,"[{'offset': 0, 'projected_percent': '1.7', 'likelihood': 1}, {'offset': 1, 'projected_percent': '2.7', 'likelihood': 1}, {'offset': 2, 'projected_percent': '3.7', 'likelihood': 1}]",,False,0,4,0.0,0.0,0,Dane,0.0,528,False,,,4.5,490145.jpg,0.0,False,Scarlett,1.8,False,,a,19,6,0,26935,13751,26043,8863,0.0,0.0,Scarlett,,241.0,2020-08-21,2004-03-24,False,p490145,0,0,0,0,0,0,0,0,0,0,0,0,0,0.0,0.0,0.0,0.0,0,0,0,0,0,0.00,0.00,0.00,0.00,,,,,,,[],,382,24,389,32,327,30,398,33,0.0,0.0,0.0,0.0,0.0,0.0,489,62,442,42,442,42,135,22,0.0,0.0,0.0,Spurs,TOT
True,True,,,611917,0,0,0,0,0.0,0,"[{'offset': 0, 'projected_percent': '0.0', 'likelihood': 0}, {'offset': 1, 'projected_percent': '0.0', 'likelihood': 0}, {'offset': 2, 'projected_percent': '0.0', 'likelihood': 0}]",2026-09-04T19:30:49.058576Z,False,0,3,0.0,0.0,0,Luca,0.0,601,False,,,4.5,611917.jpg,0.0,False,Williams-Barnett,0.1,False,,a,19,6,0,4482,1846,1364,780,0.0,0.0,Williams-Barnett,,241.0,2025-07-25,2008-10-01,False,p611917,0,0,0,0,0,0,0,0,0,0,0,0,0,0.0,0.0,0.0,0.0,0,0,0,0,0,0.00,0.00,0.00,0.00,,,,,,,[],,421,155,427,165,368,124,437,162,0.0,0.0,0.0,0.0,0.0,0.0,534,269,480,190,480,190,416,165,0.0,0.0,0.0,Spurs,TOT
True,True,,,498016,0,0,0,0,-31.8,-38,"[{'offset': 0, 'projected_percent': '-32.5', 'likelihood': -2}, {'offset': 1, 'projected_percent': '-33.9', 'likelihood': -2}, {'offset': 2, 'projected_percent': '-35.4', 'likelihood': -2}]",,False,0,1,3.5,3.5,6,Robin,3.5,529,False,,,5.0,498016.jpg,3.5,False,Roefs,3.7,False,,a,20,56,7,7524,2758,46914,16580,0.7,1.4,Roefs,,152.0,2025-08-01,2003-01-17,False,p498016,180,0,0,1,2,0,0,0,0,0,1,0,29,15.2,0.0,0.0,1.5,3,15,0,0,2,0.00,0.00,0.00,2.75,,,,,,,[],,114,15,525,65,482,65,209,15,0.0,0.5,0.0,0.0,1.38,1.0,340,20,88,6,99,7,93,15,1.0,0.5,0.0,Sunderland,SUN
True,False,0.0,0.0,232571,0,0,0,0,0.0,-8,"[{'offset': 0, 'projected_percent': '0.0', 'likelihood': 0}, {'offset': 1, 'projected_percent': '0.0', 'likelihood': 0}, {'offset': 2, 'projected_percent': '0.0', 'likelihood': 0}]",,False,0,1,0.0,0.0,0,Anthony,0.0,530,False,Has joined Wrexham permanently,2026-08-12T14:08:03.064533Z,4.0,232571.jpg,0.0,False,Patterson,0.2,False,,u,20,56,0,0,0,3054,747,0.0,0.0,Patterson,,241.0,2018-10-09,2000-05-10,False,p232571,0,0,0,0,0,0,0,0,0,0,0,0,0,0.0,0.0,0.0,0.0,0,0,0,0,0,0.00,0.00,0.00,0.00,,,,,,,[],,302,34,301,14,221,14,319,34,0.0,0.0,0.0,0.0,0.0,0.0,582,62,370,35,370,35,372,40,0.0,0.0,0.0,Sunderland,SUN
True,True,,,515046,0,0,0,0,-39.4,-1,"[{'offset': 0, 'projected_percent': '-40.3', 'likelihood': -3}, {'offset': 1, 'projected_percent': '-42.2', 'likelihood': -3}, {'offset': 2, 'projected_percent': '-44.0', 'likelihood': -3}]",,False,0,1,0.0,0.0,0,Melker,0.0,531,False,,,4.5,515046.jpg,0.0,False,Ellborg,0.1,False,,a,20,56,0,321,112,1174,320,0.0,0.0,Ellborg,,206.0,2026-02-01,2003-05-22,False,p515046,0,0,0,0,0,0,0,0,0,0,0,0,0,0.0,0.0,0.0,0.0,0,0,0,0,0,0.00,0.00,0.00,0.00,,,,,,,[],,394,58,401,46,339,46,410,58,0.0,0.0,0.0,0.0,0.0,0.0,501,45,454,59,454,59,437,48,0.0,0.0,0.0,Sunderland,SUN
True,True,,,223827,0,0,0,0,-46.9,-119,"[{'offset': 0, 'projected_percent': '-48.6', 'likelihood': -3}, {'offset': 1, 'projected_percent': '-52.2', 'likelihood': -3}, {'offset': 2, 'projected_percent': '-55.9', 'likelihood': -3}]",,False,0,2,4.0,4.0,8,Daniel,4.0,532,False,,,5.0,223827.jpg,4.0,False,Ballard,4.6,False,,a,20,56,8,17394,4596,78418,28714,0.8,1.6,Ballard,,242.0,2022-07-01,1999-09-22,False,p223827,180,0,0,1,2,0,0,0,1,0,0,0,31,18.2,1.2,0.0,1.9,16,1,3,19,2,0.03,0.01,0.04,2.75,,,,,,,[],,95,40,213,70,432,175,184,72,0.02,0.0,0.0,0.02,1.38,1.0,281,49,78,30,86,32,76,32,1.0,0.5,9.5,Sunderland,SUN
True,True,100.0,100.0,200834,0,0,0,0,-61.2,74,"[{'offset': 0, 'projected_percent': '-59.3', 'likelihood': -3}, {'offset': 1, 'projected_percent': '-54.9', 'likelihood': -3}, {'offset': 2, 'projected_percent': '-50.6', 'likelihood': -3}]",,False,0,2,4.5,4.5,9,Nordi,4.5,533,False,,2026-08-09T08:30:05.954750Z,5.5,200834.jpg,9.0,False,Mukiele,2.4,False,,a,20,56,9,13320,7732,47205,8618,0.8,1.6,Mukiele,,73.0,2025-08-17,1997-11-01,False,p200834,90,0,0,1,0,0,0,0,0,0,0,1,28,0.0,0.0,0.0,0.0,17,4,2,19,1,0.00,0.01,0.01,0.95,,,,,,,[],,556,203,570,203,543,196,570,203,0.0,0.0,0.01,0.01,0.95,0.0,136,16,64,22,10,3,119,48,1.0,1.0,19.0,Sunderland,SUN
True,True,,,487676,0,0,0,0,-20.2,-106,"[{'offset': 0, 'projected_percent': '-21.4', 'likelihood': -2}, {'offset': 1, 'projected_percent': '-23.9', 'likelihood': -2}, {'offset': 2, 'projected_percent': '-26.4', 'likelihood': -2}]",,False,0,2,4.0,4.0,6,Trai,4.0,534,False,,,4.5,487676.jpg,4.0,False,Hume,6.0,False,,a,20,56,8,19435,5816,63227,25856,0.9,1.8,Hume,,242.0,2022-01-04,2002-03-18,False,p487676,169,0,0,1,1,0,0,0,0,0,0,0,38,9.4,39.4,13.0,6.2,3,10,7,10,2,0.04,0.28,0.32,2.64,3.0,,,,,,[],,169,73,17,3,75,20,51,13,0.02,0.0,0.15,0.17,1.41,0.53,486,130,75,27,83,29,65,26,1.07,0.53,5.33,Sunderland,SUN
True,True,100.0,100.0,201895,0,0,0,0,-48.6,-30,"[{'offset': 0, 'projected_percent': '-53.3', 'likelihood': -3}, {'offset': 1, 'projected_percent': '-63.9', 'likelihood': -3}, {'offset': 2, 'projected_percent': '-74.4', 'likelihood': -3}]",,False,0,2,0.5,0.5,0,Omar,0.5,535,False,,2026-08-09T08:30:05.962393Z,5.0,201895.jpg,1.0,False,Alderete,0.4,False,,a,20,56,1,3273,676,8551,3287,0.1,0.2,Alderete,,168.0,2025-08-12,1996-12-26,False,p201895,23,0,0,0,1,0,0,0,0,0,0,0,2,0.0,0.6,0.0,0.0,0,2,0,0,0,0.00,0.01,0.01,0.10,,,,,,,[],,463,183,240,86,416,167,479,183,0.0,0.0,0.04,0.04,0.39,3.91,258,40,288,105,261,99,272,101,0.0,0.0,0.0,Sunderland,SUN
True,True,,,434399,0,0,0,0,-27.9,2,"[{'offset': 0, 'projected_percent': '-27.7', 'likelihood': -2}, {'offset': 1, 'projected_percent': '-27.1', 'likelihood': -2}, {'offset': 2, 'projected_percent': '-26.6', 'likelihood': -2}]",,False,0,2,3.5,3.5,6,Reinildo,3.5,536,False,,,4.5,434399.jpg,3.5,False,Mandava,0.4,False,,a,20,56,7,1578,603,4914,1336,0.8,1.6,Reinildo,Reinildo Mandava,146.0,2025-07-08,1994-01-21,False,p434399,180,0,0,1,2,0,0,0,0,0,0,0,35,23.0,27.5,4.0,5.5,11,8,4,15,2,0.00,0.30,0.30,2.75,,,,,,,[],,74,34,36,10,131,43,62,20,0.0,0.0,0.15,0.15,1.38,1.0,468,120,86,33,97,35,268,99,1.0,0.5,7.5,Sunderland,SUN
True,False,0.0,,519634,0,0,0,0,0.0,-5,"[{'offset': 0, 'projected_percent': '0.0', 'likelihood': 0}, {'offset': 1, 'projected_percent': '0.0', 'likelihood': 0}, {'offset': 2, 'projected_percent': '0.0', 'likelihood': 0}]",,False,0,2,0.0,0.0,0,Jenson,0.0,537,False,Has joined Swansea City on loan for the rest of the season,2026-08-29T00:34:52.425076Z,4.5,519634.jpg,0.0,False,Seelt,0.0,False,,u,20,56,0,61,3,286,159,0.0,0.0,Seelt,,152.0,2023-07-01,2003-05-23,False,p519634,0,0,0,0,0,0,0,0,0,0,0,0,0,0.0,0.0,0.0,0.0,0,0,0,0,0,0.00,0.00,0.00,0.00,,,,,,,[],,395,166,402,167,340,149,411,166,0.0,0.0,0.0,0.0,0.0,0.0,502,136,455,172,455,172,595,202,0.0,0.0,0.0,Sunderland,SUN
True,False,0.0,0.0,477547,0,0,0,0,0.0,-5,"[{'offset': 0, 'projected_percent': '0.0', 'likelihood': 0}, {'offset': 1, 'projected_percent': '0.0', 'likelihood': 0}, {'offset': 2, 'projected_percent': '0.0', 'likelihood': 0}]",,False,0,2,0.0,0.0,0,Leo Fuhr,0.0,538,False,Has joined KV Mechelen on loan for the rest of the season,2026-08-12T14:08:03.081789Z,4.0,477547.jpg,0.0,False,Hjelde,0.0,False,,u,20,56,0,0,0,1314,324,0.0,0.0,Hjelde,,161.0,2024-01-30,2003-08-26,False,p477547,0,0,0,0,0,0,0,0,0,0,0,0,0,0.0,0.0,0.0,0.0,0,0,0,0,0,0.00,0.00,0.00,0.00,,,,,,,[],,310,115,310,117,231,85,327,116,0.0,0.0,0.0,0.0,0.0,0.0,595,180,378,129,378,129,494,174,0.0,0.0,0.0,Sunderland,SUN
True,True,,,167512,0,0,0,0,-20.3,-82,"[{'offset': 0, 'projected_percent': '-22.0', 'likelihood': -2}, {'offset': 1, 'projected_percent': '-25.6', 'likelihood': -2}, {'offset': 2, 'projected_percent': '-29.2', 'likelihood': -2}]",,False,0,2,0.5,0.5,0,Luke,0.5,539,False,,,4.0,167512.jpg,1.0,False,O'Nien,3.3,False,,a,20,56,1,6370,1768,28261,10722,0.1,0.2,O'Nien,,241.0,2018-07-30,1994-11-21,False,p167512,66,0,0,0,1,0,0,0,1,0,0,0,1,11.4,1.4,4.0,1.7,4,4,1,5,1,0.01,0.01,0.02,1.69,,,,,,,[],,150,71,200,64,129,41,195,76,0.01,0.0,0.01,0.02,2.3,1.36,566,159,263,86,222,69,106,43,1.36,0.0,6.82,Sunderland,SUN
True,False,0.0,0.0,105717,0,0,0,0,0.0,-18,"[{'offset': 0, 'projected_percent': '0.0', 'likelihood': 0}, {'offset': 1, 'projected_percent': '0.0', 'likelihood': 0}, {'offset': 2, 'projected_percent': '0.0', 'likelihood': 0}]",,False,0,2,0.0,0.0,0,Arthur,0.0,540,False,Has joined Konyaspor permanently,2026-08-12T14:08:03.097784Z,4.0,105717.jpg,0.0,False,Masuaku,0.2,False,,u,20,56,0,0,0,6370,1502,0.0,0.0,Masuaku,,50.0,2025-08-10,1993-11-07,False,p105717,0,0,0,0,0,0,0,0,0,0,0,0,0,0.0,0.0,0.0,0.0,0,0,0,0,0,0.00,0.00,0.00,0.00,,,,,,,[],,289,104,286,103,204,68,305,104,0.0,0.0,0.0,0.0,0.0,0.0,559,154,358,119,358,119,348,131,0.0,0.0,0.0,Sunderland,SUN
True,True,100.0,100.0,93605,0,0,0,0,-4.1,-3,"[{'offset': 0, 'projected_percent': '-4.7', 'likelihood': -1}, {'offset': 1, 'projected_percent': '-6.0', 'likelihood': -1}, {'offset': 2, 'projected_percent': '-7.3', 'likelihood': -1}]",,False,0,2,3.5,3.5,6,Thomas,3.5,541,False,,2026-08-16T08:30:07.830062Z,4.5,93605.jpg,3.5,False,Meunier,0.3,False,,a,20,56,7,1988,978,2435,717,0.8,1.6,Meunier,,21.0,2026-07-15,1991-09-12,False,p93605,180,0,0,1,2,0,0,0,0,0,0,0,32,13.8,5.3,11.0,3.0,10,8,2,12,2,0.10,0.13,0.23,2.75,,,,,,,[],,126,58,144,43,80,24,131,50,0.05,0.0,0.06,0.11,1.38,1.0,412,83,84,31,95,33,297,110,1.0,0.5,6.0,Sunderland,SUN
True,True,,,484420,-1,1,-1,1,-5.2,-884,"[{'offset': 0, 'projected_percent': '-9.7', 'likelihood': -1}, {'offset': 1, 'projected_percent': '-19.5', 'likelihood': -1}, {'offset': 2, 'projected_percent': '-29.3', 'likelihood': -2}]",,False,0,3,2.5,2.5,3,Enzo,2.5,542,False,,,5.9,484420.jpg,2.5,False,Le Fée,7.5,False,,a,20,56,5,13742,2356,206949,91839,0.4,0.8,E.Le Fée,,73.0,2025-07-01,2000-02-03,False,p484420,168,0,0,1,1,0,0,0,0,0,0,0,26,4.6,9.9,0.0,1.5,1,5,2,8,2,0.37,0.20,0.57,2.55,1.0,,2.0,,2.0,,[],,218,93,124,72,588,251,211,94,0.2,0.0,0.11,0.31,1.37,0.54,104,65,139,65,147,67,52,19,1.07,0.54,4.29,Sunderland,SUN
True,True,75.0,,547027,0,0,0,0,-53.7,-7,"[{'offset': 0, 'projected_percent': '-57.5', 'likelihood': -3}, {'offset': 1, 'projected_percent': '-65.8', 'likelihood': -3}, {'offset': 2, 'projected_percent': '-74.1', 'likelihood': -3}]",,False,0,3,1.9,2.5,4,Habib,2.5,543,False,Unspecified injury - 75% chance of playing,2026-08-30T16:30:08.428960Z,5.5,547027.jpg,2.5,False,Diarra,0.1,False,,d,20,56,5,433,98,1775,598,0.5,0.9,Diarra,,189.0,2025-07-01,2004-01-03,False,p547027,28,0,1,0,1,0,0,0,0,0,0,0,18,0.4,0.6,2.0,0.3,0,0,0,0,0,0.03,0.16,0.19,0.12,,,,,1.0,,[],,275,130,247,131,180,90,279,132,0.1,0.0,0.51,0.61,0.39,3.21,195,123,136,63,144,65,473,192,0.0,0.0,0.0,Sunderland,SUN
True,True,,,84450,0,0,0,0,12.1,5,"[{'offset': 0, 'projected_percent': '12.1', 'likelihood': 1}, {'offset': 1, 'projected_percent': '12.2', 'likelihood': 1}, {'offset': 2, 'projected_percent': '12.3', 'likelihood': 1}]",,False,0,3,7.5,7.5,6,Granit,7.5,544,False,,,5.5,84450.jpg,7.5,False,Xhaka,4.6,False,,a,20,56,15,55843,13062,33652,15437,1.4,2.7,Xhaka,,207.0,2025-07-30,1992-09-27,False,p84450,180,0,1,1,2,0,0,0,0,0,0,5,60,18.8,31.4,0.0,5.0,3,14,3,20,2,0.00,0.45,0.45,2.75,2.0,,1.0,,,,[],,90,30,24,19,529,216,76,41,0.0,0.0,0.22,0.22,1.38,1.0,118,76,19,11,24,13,77,24,1.0,0.5,10.0,Sunderland,SUN
True,True,,,577669,0,0,0,0,-38.7,-8,"[{'offset': 0, 'projected_percent': '-40.3', 'likelihood': -3}, {'offset': 1, 'projected_percent': '-43.9', 'likelihood': -3}, {'offset': 2, 'projected_percent': '-47.4', 'likelihood': -3}]",,False,0,3,2.5,2.5,3,Noah,2.5,545,False,,,5.0,577669.jpg,2.5,False,Sadiki,0.3,False,,a,20,56,5,1824,659,5119,1622,0.5,1.0,Sadiki,,50.0,2025-07-04,2004-12-17,False,p577669,180,0,0,1,2,0,0,0,0,0,0,0,39,14.6,32.1,25.0,7.2,6,4,3,13,2,0.08,0.05,0.13,2.75,,,,,,,[],,116,38,23,18,36,20,42,24,0.04,0.0,0.02,0.06,1.38,1.0,376,225,128,59,137,61,296,101,1.0,0.5,6.5,Sunderland,SUN
True,True,0.0,0.0,535818,-1,1,-1,1,-11.2,-9,"[{'offset': 0, 'projected_percent': '-13.5', 'likelihood': -1}, {'offset': 1, 'projected_percent': '-18.5', 'likelihood': -1}, {'offset': 2, 'projected_percent': '-23.5', 'likelihood': -2}]",,False,0,3,0.0,0.0,0,Simon,0.0,546,False,Ankle injury - Unknown return date,2026-08-20T14:00:08.416985Z,4.9,535818.jpg,0.0,False,Adingra,0.1,False,,i,20,56,0,157,104,4362,803,0.0,0.0,Adingra,,54.0,2025-07-10,2002-01-01,False,p535818,0,0,0,0,0,0,0,0,0,0,0,0,0,0.0,0.0,0.0,0.0,0,0,0,0,0,0.00,0.00,0.00,0.00,,,,,,,[],https://www.safc.com/news/2026/august/20/le-bris-provides-latest-team-news-ahead-of-ipswich/,440,166,446,176,387,135,456,173,0.0,0.0,0.0,0.0,0.0,0.0,402,242,497,200,497,200,486,198,0.0,0.0,0.0,Sunderland,SUN
True,True,,,461199,0,0,0,0,-72.2,0,"[{'offset': 0, 'projected_percent': '-72.2', 'likelihood': -3}, {'offset': 1, 'projected_percent': '-72.2', 'likelihood': -3}, {'offset': 2, 'projected_percent': '-72.2', 'likelihood': -3}]",,False,0,3,0.5,0.5,1,Romaine,0.5,547,False,,,5.0,461199.jpg,1.0,False,Mundle,0.0,False,,a,20,56,1,65,25,198,48,0.1,0.2,Mundle,,241.0,2024-02-01,2003-04-24,False,p461199,1,0,0,0,0,0,0,0,0,0,0,0,2,0.0,0.0,0.0,0.0,1,0,0,1,0,0.17,0.00,0.17,0.09,,,,,,,[],,496,197,506,206,459,172,512,204,15.3,0.0,0.0,15.3,8.1,0.0,312,185,296,133,268,118,598,255,0.0,0.0,90.0,Sunderland,SUN
True,True,,,554197,0,0,0,0,-53.5,-3,"[{'offset': 0, 'projected_percent': '-56.3', 'likelihood': -3}, {'offset': 1, 'projected_percent': '-62.3', 'likelihood': -3}, {'offset': 2, 'projected_percent': '-68.3', 'likelihood': -3}]",,False,0,3,1.0,1.0,1,Chris,1.0,548,False,,,5.0,554197.jpg,1.0,False,Rigg,0.1,False,,a,20,56,2,150,51,926,306,0.2,0.4,Rigg,,241.0,2022-12-31,2007-06-18,False,p554197,17,0,0,0,1,0,0,0,0,0,0,0,6,0.0,0.3,0.0,0.0,0,1,0,1,0,0.00,0.00,0.00,0.44,,,,,,,[],,527,217,262,138,499,195,543,224,0.0,0.0,0.0,0.0,2.33,5.29,371,221,239,111,283,128,475,193,0.0,0.0,5.29,Sunderland,SUN
True,True,,,549912,0,0,0,0,-92.2,-14,"[{'offset': 0, 'projected_percent': '-96.9', 'likelihood': -4}, {'offset': 1, 'projected_percent': '-107.2', 'likelihood': -5}, {'offset': 2, 'projected_percent': '-117.5', 'likelihood': -5}]",,False,0,3,0.5,0.5,0,Chemsdine,0.5,549,False,,,5.5,549912.jpg,1.0,False,Talbi,0.2,False,,a,20,56,1,374,90,4235,1391,0.1,0.2,Talbi,,145.0,2025-07-09,2005-05-09,False,p549912,31,0,0,0,1,0,0,0,0,0,0,0,1,0.0,0.9,0.0,0.0,0,2,0,2,0,0.00,0.00,0.00,0.14,,,,,,,[],,576,248,225,125,575,245,588,253,0.0,0.0,0.0,0.0,0.41,2.9,197,125,330,155,312,149,342,125,0.0,0.0,5.81,Sunderland,SUN
True,True,,,699989,0,0,0,0,-49.7,0,"[{'offset': 0, 'projected_percent': '-49.7', 'likelihood': -3}, {'offset': 1, 'projected_percent': '-49.7', 'likelihood': -3}, {'offset': 2, 'projected_percent': '-49.7', 'likelihood': -3}]",,False,0,3,0.0,0.0,0,Djiamgone Jocelin Ta,0.0,550,False,,,5.0,699989.jpg,0.0,False,Bi,0.0,False,,a,20,56,0,79,28,139,38,0.0,0.0,Jocelin.T,,54.0,2026-01-16,2005-02-09,False,p699989,0,0,0,0,0,0,0,0,0,0,0,0,0,0.0,0.0,0.0,0.0,0,0,0,0,0,0.00,0.00,0.00,0.00,,,,,,,[],,537,224,550,233,516,208,553,231,0.0,0.0,0.0,0.0,0.0,0.0,394,237,570,241,570,241,604,259,0.0,0.0,0.0,Sunderland,SUN
True,True,,,536661,0,0,0,0,2.2,10,"[{'offset': 0, 'projected_percent': '2.3', 'likelihood': 1}, {'offset': 1, 'projected_percent': '2.4', 'likelihood': 1}, {'offset': 2, 'projected_percent': '2.5', 'likelihood': 1}]",,False,0,3,4.0,4.0,3,Nilson,4.0,551,False,,,5.0,536661.jpg,4.0,False,Angulo,0.1,False,,a,20,56,8,7066,1723,2382,1003,0.8,1.6,Angulo,,62.0,2026-02-02,2003-06-19,False,p536661,122,1,0,1,1,0,0,0,1,0,0,0,36,32.8,3.3,16.0,5.2,1,9,2,12,2,0.15,0.05,0.20,2.24,,,3.0,,,,[],,45,20,162,94,64,34,71,38,0.11,0.0,0.04,0.15,1.65,0.74,361,213,81,37,89,40,386,150,1.48,0.74,8.85,Sunderland,SUN
True,True,,,441264,0,0,0,0,-68.7,-1065,"[{'offset': 0, 'projected_percent': '-74.7', 'likelihood': -3}, {'offset': 1, 'projected_percent': '-88.1', 'likelihood': -3}, {'offset': 2, 'projected_percent': '-101.4', 'likelihood': -5}]",,False,0,4,2.0,2.0,2,Brian,2.0,552,False,,,6.0,441264.jpg,2.0,False,Brobbey,11.4,False,,a,20,56,4,48680,10411,241240,121613,0.3,0.7,Brobbey,,152.0,2025-09-01,2002-02-01,False,p441264,129,0,0,1,1,0,0,0,0,0,0,0,6,0.0,1.5,9.0,1.1,1,3,0,4,2,0.33,0.00,0.33,2.27,,,,,,,[],,602,64,198,23,93,18,233,22,0.23,0.0,0.0,0.23,1.58,0.7,78,18,163,17,182,21,35,6,1.4,0.7,2.79,Sunderland,SUN
True,True,,,437505,0,0,0,0,-38.5,96,"[{'offset': 0, 'projected_percent': '-31.6', 'likelihood': -2}, {'offset': 1, 'projected_percent': '-16.4', 'likelihood': -1}, {'offset': 2, 'projected_percent': '-1.3', 'likelihood': -1}]",,False,0,4,4.5,4.5,8,Wilson,4.5,553,False,,,5.5,437505.jpg,4.5,False,Isidor,0.9,False,,a,20,56,9,9974,7504,17502,4581,0.8,1.6,Isidor,,92.0,2025-02-01,2000-08-27,False,p437505,49,1,0,0,1,0,0,0,0,0,0,3,32,0.0,0.2,0.0,0.0,0,0,0,0,0,1.39,0.00,1.39,0.47,,,,,,,[],,563,52,271,30,555,58,576,59,2.55,0.0,0.0,2.55,0.86,1.84,160,37,66,7,76,9,204,32,0.0,0.0,0.0,Sunderland,SUN
True,True,100.0,0.0,638411,0,0,0,0,0.0,0,"[{'offset': 0, 'projected_percent': '0.0', 'likelihood': 0}, {'offset': 1, 'projected_percent': '0.0', 'likelihood': 0}, {'offset': 2, 'projected_percent': '0.0', 'likelihood': 0}]",2026-09-07T23:30:08.541669Z,False,0,2,1.7,0.0,0,Dayann,0.0,612,False,,2026-08-28T13:00:08.950445Z,4.5,638411.jpg,0.0,False,Méthalie,0.0,False,,a,20,56,0,141,46,54,27,0.0,0.0,Methalie,,73.0,2026-08-21,2006-02-15,False,p638411,0,0,0,0,0,0,0,0,0,0,0,0,0,0.0,0.0,0.0,0.0,0,0,0,0,0,0.00,0.00,0.00,0.00,,,,,,,[],,429,175,435,176,376,159,445,175,0.0,0.0,0.0,0.0,0.0,0.0,542,149,486,180,486,180,619,206,0.0,0.0,0.0,Sunderland,SUN
True,True,,,696104,0,0,0,0,0.0,0,"[{'offset': 0, 'projected_percent': '0.0', 'likelihood': 0}, {'offset': 1, 'projected_percent': '0.0', 'likelihood': 0}, {'offset': 2, 'projected_percent': '0.0', 'likelihood': 0}]",2026-09-08T14:02:40.674207Z,False,0,3,1.0,1.0,0,Jules,0.0,613,False,,,4.5,696104.jpg,0.0,False,Ahoka,0.2,False,,a,20,56,0,8363,5888,1891,1493,0.0,0.0,Ahoka,,50.0,2026-08-24,2006-05-08,False,p696104,0,0,0,0,0,0,0,0,0,0,0,0,0,0.0,0.0,0.0,0.0,0,0,0,0,0,0.00,0.00,0.00,0.00,,,,,,,[],,433,162,439,172,380,131,449,169,0.0,0.0,0.0,0.0,0.0,0.0,546,276,490,196,490,196,371,141,0.0,0.0,0.0,Sunderland,SUN
