can_transact,can_select,chance_of_playing_next_round,chance_of_playing_this_round,code,cost_change_event,cost_change_event_fall,cost_change_start,cost_change_start_fall,price_change_percent,price_change_hourly_rate,price_change_projections,price_change_locked_until,price_change_calibrating,dreamteam_count,element_type,ep_next,ep_this,event_points,first_name,form,id,in_dreamteam,news,news_added,now_cost,photo,points_per_game,removed,second_name,selected_by_percent,special,squad_number,status,team,team_code,total_points,transfers_in,transfers_in_event,transfers_out,transfers_out_event,value_form,value_season,web_name,known_name,region,team_join_date,birth_date,has_temporary_code,opta_code,minutes,goals_scored,assists,clean_sheets,goals_conceded,own_goals,penalties_saved,penalties_missed,yellow_cards,red_cards,saves,bonus,bps,influence,creativity,threat,ict_index,clearances_blocks_interceptions,recoveries,tackles,defensive_contribution,starts,expected_goals,expected_assists,expected_goal_involvements,expected_goals_conceded,corners_and_indirect_freekicks_order,corners_and_indirect_freekicks_text,direct_freekicks_order,direct_freekicks_text,penalties_order,penalties_text,scout_risks,scout_news_link,influence_rank,influence_rank_type,creativity_rank,creativity_rank_type,threat_rank,threat_rank_type,ict_index_rank,ict_index_rank_type,expected_goals_per_90,saves_per_90,expected_assists_per_90,expected_goal_involvements_per_90,expected_goals_conceded_per_90,goals_conceded_per_90,now_cost_rank,now_cost_rank_type,form_rank,form_rank_type,points_per_game_rank,points_per_game_rank_type,selected_rank,selected_rank_type,starts_per_90,clean_sheets_per_90,defensive_contribution_per_90,team_name,team_short_name
True,True,,,154561,1,-1,1,-1,0.6,80,"[{'offset': 0, 'projected_percent': '0.8', 'likelihood': 1}, {'offset': 1, 'projected_percent': '1.2', 'likelihood': 1}, {'offset': 2, 'projected_percent': '1.6', 'likelihood': 1}]",,False,1,1,6.0,6.0,1,David,6.0,1,False,,,6.1,154561.jpg,6.0,False,Raya Martín,42.2,False,,a,1,3,30,940035,99636,623447,31043,1.0,4.9,Raya,,200.0,2024-07-04,1995-09-15,False,p154561,450,0,0,3,4,0,1,0,0,0,9,3,104,104.6,0.2,0.0,10.6,6,58,1,0,5,0.00,0.01,0.01,4.03,,,,,,,[],,70,13,389,5,657,73,202,13,0.0,1.8,0.0,0.0,0.81,0.8,60,1,22,2,32,2,4,1,1.0,0.6,0.0,Arsenal,ARS
True,True,,,109745,0,0,-1,1,-42.8,0,"[{'offset': 0, 'projected_percent': '-42.8', 'likelihood': -3}, {'offset': 1, 'projected_percent': '-42.8', 'likelihood': -3}, {'offset': 2, 'projected_percent': '-42.8', 'likelihood': -3}]",,False,0,1,0.0,0.0,0,Kepa,0.0,2,False,,,4.9,109745.jpg,0.0,False,Arrizabalaga Revuelta,0.1,False,,a,1,3,0,1450,73,4181,168,0.0,0.0,Arrizabalaga,,200.0,2025-07-01,1994-10-03,False,p109745,0,0,0,0,0,0,0,0,0,0,0,0,0,0.0,0.0,0.0,0.0,0,0,0,0,0,0.00,0.00,0.00,0.00,,,,,,,[],,558,68,555,56,518,54,563,68,0.0,0.0,0.0,0.0,0.0,0.0,342,16,562,68,570,68,462,53,0.0,0.0,0.0,Arsenal,ARS
True,True,,,437495,0,0,-1,1,-30.8,-1,"[{'offset': 0, 'projected_percent': '-33.9', 'likelihood': -2}, {'offset': 1, 'projected_percent': '-39.9', 'likelihood': -2}, {'offset': 2, 'projected_percent': '-46.0', 'likelihood': -3}]",,False,0,1,0.0,0.0,0,Illan,0.0,3,False,,,4.9,437495.jpg,0.0,False,Meslier,0.0,False,,a,1,3,0,503,36,1539,79,0.0,0.0,Meslier,,73.0,2026-07-09,2000-03-02,False,p437495,0,0,0,0,0,0,0,0,0,0,0,0,0,0.0,0.0,0.0,0.0,0,0,0,0,0,0.00,0.00,0.00,0.00,,,,,,,[],,568,69,566,58,531,56,574,69,0.0,0.0,0.0,0.0,0.0,0.0,368,18,571,69,579,69,548,63,0.0,0.0,0.0,Arsenal,ARS
True,True,,,226597,0,0,0,0,-81.6,-55,"[{'offset': 0, 'projected_percent': '-81.8', 'likelihood': -3}, {'offset': 1, 'projected_percent': '-82.1', 'likelihood': -3}, {'offset': 2, 'projected_percent': '-82.5', 'likelihood': -3}]",,False,0,2,5.0,5.0,1,Gabriel,5.0,4,False,,,8.0,226597.jpg,5.0,False,dos Santos Magalhães,22.8,False,,a,1,3,25,226458,16215,892603,49712,0.6,3.1,Gabriel,Gabriel Magalhães,30.0,2020-09-01,1997-12-19,False,p226597,450,0,0,3,4,0,0,0,2,0,0,2,90,94.8,22.0,84.0,20.0,35,17,6,41,5,0.51,0.20,0.71,4.03,,,,,,,[],,86,38,216,72,44,3,89,28,0.1,0.0,0.04,0.14,0.81,0.8,8,1,45,19,60,25,14,4,1.0,0.6,8.2,Arsenal,ARS
True,True,100.0,100.0,445122,0,0,0,0,9.3,27,"[{'offset': 0, 'projected_percent': '9.5', 'likelihood': 1}, {'offset': 1, 'projected_percent': '9.8', 'likelihood': 1}, {'offset': 2, 'projected_percent': '10.2', 'likelihood': 1}]",,False,0,2,0.2,0.2,0,Jurriën,0.2,5,False,,2026-07-23T12:01:23.272929Z,6.5,445122.jpg,0.5,False,Timber,0.4,False,,a,1,3,1,30135,8479,13371,2618,0.0,0.2,J.Timber,Jurriën Timber,152.0,2023-07-14,2001-06-17,False,p445122,104,0,0,0,3,0,0,0,0,0,0,0,-3,10.2,4.2,0.0,1.5,2,7,3,5,1,0.00,0.03,0.03,2.18,,,,,,,[],,323,122,314,111,663,217,364,127,0.0,0.0,0.03,0.03,1.89,2.6,39,3,403,139,418,145,275,100,0.87,0.0,4.33,Arsenal,ARS
True,True,0.0,0.0,462424,0,0,-1,1,-21.9,-4,"[{'offset': 0, 'projected_percent': '-22.4', 'likelihood': -2}, {'offset': 1, 'projected_percent': '-23.4', 'likelihood': -2}, {'offset': 2, 'projected_percent': '-24.5', 'likelihood': -2}]",,False,0,2,0.0,0.0,0,William,0.0,6,False,Back injury - Unknown return date,2026-07-23T12:01:23.289376Z,5.9,462424.jpg,0.0,False,Saliba,0.2,False,,i,1,3,0,3343,261,18321,768,0.0,0.0,Saliba,,73.0,2019-07-25,2001-03-24,False,p462424,0,0,0,0,0,0,0,0,0,0,0,0,0,0.0,0.0,0.0,0.0,0,0,0,0,0,0.00,0.00,0.00,0.00,,,,,,,[],https://www.arsenal.com/news/arteta-issues-update-on-bruno-timber-and-saliba-aKfIr6V2lm7B?utm_source=premier-league-web&utm_medium=referral&utm_campaign=pl-referral-always-on&utm_content=home&utm_term=live-bar,654,217,658,217,652,216,658,217,0.0,0.0,0.0,0.0,0.0,0.0,88,8,656,216,657,216,329,122,0.0,0.0,0.0,Arsenal,ARS
True,True,,,499169,-1,1,-1,1,-11.1,-8,"[{'offset': 0, 'projected_percent': '-11.7', 'likelihood': -1}, {'offset': 1, 'projected_percent': '-12.9', 'likelihood': -1}, {'offset': 2, 'projected_percent': '-14.1', 'likelihood': -1}]",,False,0,3,1.5,1.5,0,Myles,1.5,7,False,,,5.4,499169.jpg,2.2,False,Lewis-Skelly,0.6,False,,a,1,3,9,29291,614,48724,3920,0.3,1.7,Lewis-Skelly,,241.0,2022-12-04,2006-09-26,False,p499169,271,0,0,2,1,0,0,0,0,0,0,0,37,21.6,40.2,16.0,7.0,5,8,1,14,4,0.16,0.23,0.39,1.02,,,,,,,[],,279,119,157,100,213,116,252,112,0.05,0.0,0.08,0.13,0.34,0.33,203,127,239,109,218,96,241,77,1.33,0.66,4.65,Arsenal,ARS
True,True,,,466075,0,0,3,-3,86.5,16,"[{'offset': 0, 'projected_percent': '86.6', 'likelihood': 3}, {'offset': 1, 'projected_percent': '86.8', 'likelihood': 3}, {'offset': 2, 'projected_percent': '87.0', 'likelihood': 3}]",,False,1,2,5.0,5.0,1,Riccardo,5.0,8,False,,,5.8,466075.jpg,5.8,False,Calafiori,50.6,False,,a,1,3,29,1633707,53699,384222,45715,0.9,5.0,Calafiori,,106.0,2024-07-29,2002-05-19,False,p466075,416,0,2,3,4,0,0,0,0,0,0,2,76,71.6,52.7,66.0,19.1,12,13,6,18,5,0.67,0.62,1.29,3.76,,,,,,,[],,129,57,110,29,67,8,97,30,0.14,0.0,0.13,0.27,0.81,0.87,106,11,43,17,35,14,3,1,1.08,0.65,3.89,Arsenal,ARS
True,True,,,448104,-1,1,-3,3,-2.6,-12,"[{'offset': 0, 'projected_percent': '-3.2', 'likelihood': -1}, {'offset': 1, 'projected_percent': '-4.3', 'likelihood': -1}, {'offset': 2, 'projected_percent': '-5.4', 'likelihood': -1}]",,False,0,2,0.2,0.2,0,Piero,0.2,9,False,,,5.2,448104.jpg,1.0,False,Hincapié,0.9,False,,a,1,3,2,15785,966,116125,4414,0.0,0.4,Hincapie,,62.0,2026-07-01,2002-01-09,False,p448104,32,0,0,0,0,0,0,0,0,0,0,0,6,6.4,1.0,2.0,1.0,2,0,1,3,0,0.00,0.00,0.00,0.28,,,,,,,[],,353,131,356,130,329,124,376,133,0.0,0.0,0.0,0.0,0.79,0.0,238,35,390,138,361,136,194,72,0.0,0.0,8.44,Arsenal,ARS
True,True,75.0,100.0,198869,0,0,0,0,-35.0,-242,"[{'offset': 0, 'projected_percent': '-36.8', 'likelihood': -2}, {'offset': 1, 'projected_percent': '-40.5', 'likelihood': -3}, {'offset': 2, 'projected_percent': '-44.2', 'likelihood': -3}]",,False,0,2,1.9,2.5,0,Benjamin,2.5,10,False,Groin injury - 75% chance of playing,2026-09-20T19:30:08.247780Z,5.5,198869.jpg,5.2,False,White,5.1,False,,d,1,3,21,455839,3081,548773,49992,0.5,3.8,White,,241.0,2021-07-30,1997-10-08,False,p198869,315,0,1,2,1,0,0,0,0,0,0,3,78,69.6,53.0,29.0,15.2,12,9,6,18,4,0.18,0.29,0.47,1.15,,,,,,,[],,135,61,106,27,156,46,140,48,0.05,0.0,0.08,0.13,0.33,0.29,132,15,155,61,53,22,74,29,1.14,0.57,5.14,Arsenal,ARS
True,True,100.0,100.0,500040,0,0,-2,2,-19.0,-13,"[{'offset': 0, 'projected_percent': '-19.6', 'likelihood': -1}, {'offset': 1, 'projected_percent': '-20.7', 'likelihood': -2}, {'offset': 2, 'projected_percent': '-21.8', 'likelihood': -2}]",,False,0,2,1.5,1.5,0,Cristhian,1.5,11,False,,2026-09-04T14:00:08.080310Z,5.3,500040.jpg,6.0,False,Mosquera,1.7,False,,a,1,3,12,30971,806,465627,6898,0.3,2.3,Mosquera,,200.0,2025-07-24,2004-06-27,False,p500040,168,0,0,2,0,0,0,0,0,0,0,0,52,24.6,2.0,0.0,2.7,10,3,0,10,2,0.00,0.01,0.01,0.53,,,,,,,[],,270,110,334,120,612,212,332,119,0.0,0.0,0.01,0.01,0.28,0.0,231,33,238,85,28,12,141,56,1.07,1.07,5.36,Arsenal,ARS
True,True,,,223340,0,0,0,0,80.4,71,"[{'offset': 0, 'projected_percent': '80.9', 'likelihood': 3}, {'offset': 1, 'projected_percent': '81.9', 'likelihood': 3}, {'offset': 2, 'projected_percent': '82.9', 'likelihood': 3}]",,False,0,3,5.8,5.8,2,Bukayo,5.8,12,False,,,9.5,223340.jpg,6.4,False,Saka,13.5,False,,a,1,3,32,750960,71338,383330,33479,0.6,3.4,Saka,,241.0,2018-11-28,2001-09-05,False,p223340,416,3,0,3,4,0,0,0,0,0,0,4,137,155.6,125.6,240.0,52.1,8,17,6,31,5,3.22,0.98,4.20,3.58,2.0,,2.0,,1.0,,[],,13,8,26,24,2,1,2,2,0.7,0.0,0.21,0.91,0.77,0.87,4,3,30,14,19,8,30,11,1.08,0.65,6.71,Arsenal,ARS
True,True,75.0,,204480,0,0,-1,1,-22.8,-523,"[{'offset': 0, 'projected_percent': '-24.5', 'likelihood': -2}, {'offset': 1, 'projected_percent': '-27.9', 'likelihood': -2}, {'offset': 2, 'projected_percent': '-31.3', 'likelihood': -2}]",,False,0,3,3.2,4.2,1,Declan,4.2,13,False,Unspecified injury - 75% chance of playing,2026-09-21T13:00:08.896379Z,7.4,204480.jpg,4.0,False,Rice,12.0,False,,d,1,3,20,118703,6857,690845,48171,0.6,2.7,Rice,,241.0,2023-07-15,1999-01-14,False,p204480,411,0,2,3,4,0,0,0,1,0,0,0,91,120.2,108.4,5.0,23.4,18,17,7,42,5,0.12,0.69,0.81,3.50,1.0,,1.0,,,,[],,43,16,37,32,298,155,61,40,0.03,0.0,0.15,0.18,0.77,0.88,18,11,67,26,100,40,35,14,1.09,0.66,9.2,Arsenal,ARS
True,True,,,232413,0,0,-2,2,-95.7,-11,"[{'offset': 0, 'projected_percent': '-96.6', 'likelihood': -4}, {'offset': 1, 'projected_percent': '-98.1', 'likelihood': -4}, {'offset': 2, 'projected_percent': '-99.7', 'likelihood': -4}]",,False,0,3,0.8,0.8,1,Eberechi,0.8,14,False,,,6.3,232413.jpg,1.0,False,Eze,1.0,False,,a,1,3,4,22351,1432,137797,4953,0.1,0.6,Eze,,241.0,2025-08-23,1998-06-29,False,p232413,85,0,0,0,0,0,0,0,0,0,0,0,18,3.0,5.9,9.0,1.6,0,5,0,5,0,0.04,0.09,0.13,1.33,,,3.0,,,,[],,381,177,296,149,265,137,359,172,0.04,0.0,0.1,0.14,1.41,0.0,47,32,297,136,397,191,175,56,0.0,0.0,5.29,Arsenal,ARS
True,True,,,184029,0,0,3,-3,-2.5,28,"[{'offset': 0, 'projected_percent': '-2.3', 'likelihood': -1}, {'offset': 1, 'projected_percent': '-1.9', 'likelihood': -1}, {'offset': 2, 'projected_percent': '-1.5', 'likelihood': -1}]",,False,1,3,4.5,4.5,2,Martin,4.5,15,False,,,6.8,184029.jpg,5.8,False,Ødegaard,19.8,False,,a,1,3,29,1609953,54233,526646,67197,0.7,4.3,Ødegaard,,161.0,2021-08-20,1998-12-17,False,p184029,377,2,0,3,4,0,0,0,0,0,0,6,137,121.8,166.9,73.0,36.2,5,12,6,23,5,1.08,1.32,2.40,3.23,,,4.0,,3.0,,[],,40,14,10,9,57,35,17,13,0.26,0.0,0.32,0.58,0.77,0.95,31,20,59,22,36,17,18,8,1.19,0.72,5.49,Arsenal,ARS
True,True,,,248857,0,0,-3,3,-20.3,-5,"[{'offset': 0, 'projected_percent': '-22.0', 'likelihood': -2}, {'offset': 1, 'projected_percent': '-25.3', 'likelihood': -2}, {'offset': 2, 'projected_percent': '-28.6', 'likelihood': -2}]",,False,0,3,0.2,0.2,0,Noni,0.2,16,False,,,6.2,248857.jpg,1.0,False,Madueke,0.2,False,,a,1,3,2,5800,520,25593,1173,0.0,0.3,Madueke,,241.0,2025-07-18,2002-03-10,False,p248857,23,0,0,0,0,0,0,0,0,0,0,0,11,11.6,43.9,0.0,5.6,0,2,1,3,0,0.00,0.05,0.05,0.15,5.0,,,,,,[],,315,141,143,91,659,294,279,125,0.0,0.0,0.2,0.2,0.59,0.0,57,40,402,194,395,189,327,117,0.0,0.0,11.74,Arsenal,ARS
True,True,,,195384,0,0,-2,2,-88.2,-11,"[{'offset': 0, 'projected_percent': '-90.3', 'likelihood': -3}, {'offset': 1, 'projected_percent': '-94.6', 'likelihood': -3}, {'offset': 2, 'projected_percent': '-98.9', 'likelihood': -4}]",,False,0,3,0.8,0.8,1,Mikel,0.8,17,False,,,5.8,195384.jpg,0.8,False,Merino Zazón,0.4,False,,a,1,3,4,9195,458,47462,2172,0.1,0.7,Merino,,200.0,2024-08-27,1996-06-22,False,p195384,81,0,0,0,0,0,0,0,1,0,0,0,19,10.0,4.2,16.0,3.0,1,9,0,10,0,0.14,0.15,0.29,0.96,,,,,,,[],,325,147,313,160,214,117,322,149,0.16,0.0,0.17,0.33,1.07,0.0,99,63,293,135,410,195,273,91,0.0,0.0,11.11,Arsenal,ARS
True,False,0.0,0.0,444145,0,0,-2,2,0.0,-2,"[{'offset': 0, 'projected_percent': '0.0', 'likelihood': 0}, {'offset': 1, 'projected_percent': '0.0', 'likelihood': 0}, {'offset': 2, 'projected_percent': '0.0', 'likelihood': 0}]",,False,0,3,0.0,0.0,0,Gabriel,0.0,18,False,Has joined Al Hilal permanently,2026-09-04T12:34:46.738449Z,6.3,444145.jpg,0.0,False,Martinelli Silva,0.1,False,,u,1,3,0,2483,0,21684,383,0.0,0.0,Martinelli,Gabriel Martinelli,30.0,2019-07-15,2001-06-18,False,p444145,0,0,0,0,0,0,0,0,0,0,0,0,0,0.0,0.0,0.0,0.0,0,0,0,0,0,0.00,0.00,0.00,0.00,,,,,,,[],,661,295,662,295,660,295,662,295,0.0,0.0,0.0,0.0,0.0,0.0,49,34,661,295,661,295,464,181,0.0,0.0,0.0,Arsenal,ARS
True,True,,,481655,0,0,-2,2,-37.2,-7,"[{'offset': 0, 'projected_percent': '-38.1', 'likelihood': -2}, {'offset': 1, 'projected_percent': '-39.8', 'likelihood': -2}, {'offset': 2, 'projected_percent': '-41.6', 'likelihood': -3}]",,False,0,3,1.0,1.0,1,Martín,1.0,19,False,,,5.3,481655.jpg,1.0,False,Zubimendi Ibáñez,0.6,False,,a,1,3,5,8356,341,65698,2755,0.2,0.9,Zubimendi,,200.0,2025-07-06,1999-02-02,False,p481655,89,0,0,0,0,0,0,0,0,0,0,0,16,13.4,5.0,29.0,4.8,5,3,4,12,0,0.21,0.04,0.25,1.38,,,,,,,[],,303,131,303,154,155,82,295,133,0.21,0.0,0.04,0.25,1.4,0.0,228,143,270,123,365,165,237,74,0.0,0.0,12.13,Arsenal,ARS
True,True,,,616077,0,0,-2,2,-22.9,2,"[{'offset': 0, 'projected_percent': '-20.4', 'likelihood': -2}, {'offset': 1, 'projected_percent': '-15.5', 'likelihood': -1}, {'offset': 2, 'projected_percent': '-10.5', 'likelihood': -1}]",,False,0,3,0.2,0.2,1,Max,0.2,20,False,,,5.3,616077.jpg,1.0,False,Dowman,0.1,False,,a,1,3,1,2910,322,7131,412,0.0,0.2,Dowman,,241.0,2025-07-22,2009-12-31,False,p616077,9,0,0,0,0,0,0,0,0,0,0,0,4,2.0,14.8,0.0,1.7,0,0,0,0,0,0.00,0.08,0.08,0.31,,,,,,,[],,386,179,240,129,614,265,356,170,0.0,0.0,0.8,0.8,3.1,0.0,236,149,393,187,371,171,470,182,0.0,0.0,0.0,Arsenal,ARS
True,False,0.0,0.0,499175,0,0,-1,1,0.0,0,"[{'offset': 0, 'projected_percent': '0.0', 'likelihood': 0}, {'offset': 1, 'projected_percent': '0.0', 'likelihood': 0}, {'offset': 2, 'projected_percent': '0.0', 'likelihood': 0}]",,False,0,3,0.0,0.0,0,Ethan,0.0,22,False,Has joined Borussia Dortmund on loan for the rest of the season,2026-09-02T16:01:07.058827Z,5.4,499175.jpg,0.0,False,Nwaneri,0.0,False,,u,1,3,0,233,0,1236,36,0.0,0.0,Nwaneri,,241.0,2022-09-17,2007-03-21,False,p499175,0,0,0,0,0,0,0,0,0,0,0,0,0,0.0,0.0,0.0,0.0,0,0,0,0,0,0.00,0.00,0.00,0.00,,,,,,,[],,633,276,636,278,623,271,638,277,0.0,0.0,0.0,0.0,0.0,0.0,204,128,635,278,638,278,629,268,0.0,0.0,0.0,Arsenal,ARS
True,False,0.0,0.0,438098,0,0,0,0,0.0,0,"[{'offset': 0, 'projected_percent': '0.0', 'likelihood': 0}, {'offset': 1, 'projected_percent': '0.0', 'likelihood': 0}, {'offset': 2, 'projected_percent': '0.0', 'likelihood': 0}]",,False,0,3,0.0,0.0,0,Fábio,0.0,23,False,Has joined Hamburger SV permanently,2026-09-02T16:00:28.446370Z,5.5,438098.jpg,0.0,False,Ferreira Vieira,0.0,False,,u,1,3,0,255,0,906,27,0.0,0.0,Fábio Vieira,Fábio Vieira,173.0,2022-06-21,2000-05-30,False,p438098,0,0,0,0,0,0,0,0,0,0,0,0,0,0.0,0.0,0.0,0.0,0,0,0,0,0,0.00,0.00,0.00,0.00,,,,,,,[],,642,281,648,283,635,276,647,282,0.0,0.0,0.0,0.0,0.0,0.0,144,87,644,283,647,283,632,271,0.0,0.0,0.0,Arsenal,ARS
True,False,0.0,0.0,200641,0,0,0,0,0.0,0,"[{'offset': 0, 'projected_percent': '0.0', 'likelihood': 0}, {'offset': 1, 'projected_percent': '0.0', 'likelihood': 0}, {'offset': 2, 'projected_percent': '0.0', 'likelihood': 0}]",,False,0,3,0.0,0.0,0,Reiss,0.0,24,False,has departed the club as a free agent.,2026-08-29T00:33:08.556767Z,5.5,200641.jpg,0.0,False,Nelson,0.0,False,,u,1,3,0,68,0,666,12,0.0,0.0,Nelson,,241.0,2017-07-12,1999-12-10,False,p200641,0,0,0,0,0,0,0,0,0,0,0,0,0,0.0,0.0,0.0,0.0,0,0,0,0,0,0.00,0.00,0.00,0.00,,,,,,,[],,639,278,644,280,631,273,644,279,0.0,0.0,0.0,0.0,0.0,0.0,133,80,641,280,644,280,639,276,0.0,0.0,0.0,Arsenal,ARS
True,True,,,224117,-1,1,-4,4,-5.3,-43,"[{'offset': 0, 'projected_percent': '-5.8', 'likelihood': -1}, {'offset': 1, 'projected_percent': '-7.0', 'likelihood': -1}, {'offset': 2, 'projected_percent': '-8.1', 'likelihood': -1}]",,False,0,4,0.5,0.5,1,Viktor,0.5,25,False,,,7.1,224117.jpg,1.0,False,Gyökeres,3.1,False,,a,1,3,2,32194,3971,606421,12097,0.1,0.3,Gyökeres,,206.0,2025-07-26,1998-06-04,False,p224117,29,0,0,0,0,0,0,0,0,0,0,0,7,0.0,14.7,0.0,1.4,0,1,0,1,0,0.00,0.23,0.23,0.65,,,,,2.0,,[],,664,77,242,28,664,77,367,41,0.0,0.0,0.71,0.71,2.02,0.0,24,8,347,42,399,47,102,16,0.0,0.0,3.1,Arsenal,ARS
True,True,,,219847,0,0,1,-1,13.0,15,"[{'offset': 0, 'projected_percent': '13.1', 'likelihood': 1}, {'offset': 1, 'projected_percent': '13.3', 'likelihood': 1}, {'offset': 2, 'projected_percent': '13.5', 'likelihood': 1}]",,False,0,4,3.2,3.2,2,Kai,3.2,26,False,,,7.6,219847.jpg,3.8,False,Havertz,8.5,False,,a,1,3,19,645741,42508,394761,34289,0.4,2.5,Havertz,,80.0,2023-06-28,1999-06-11,False,p219847,437,2,0,3,4,0,0,0,1,0,0,2,82,89.4,71.3,165.0,32.6,6,7,0,13,5,1.67,0.37,2.04,3.91,,,,,,,[],,99,8,71,4,6,4,23,5,0.34,0.0,0.08,0.42,0.81,0.82,17,6,109,11,108,11,46,7,1.03,0.62,2.68,Arsenal,ARS
True,False,0.0,0.0,205651,0,0,-1,1,0.0,-5,"[{'offset': 0, 'projected_percent': '0.0', 'likelihood': 0}, {'offset': 1, 'projected_percent': '0.0', 'likelihood': 0}, {'offset': 2, 'projected_percent': '0.0', 'likelihood': 0}]",,False,0,4,0.0,0.0,0,Gabriel,0.0,27,False,Has joined FC Barcelona permanently,2026-09-02T16:00:28.475184Z,5.9,205651.jpg,0.0,False,Fernando de Jesus,0.1,False,,u,1,3,0,4164,0,28947,672,0.0,0.0,G.Jesus,Gabriel Jesus,30.0,2022-07-04,1997-04-03,False,p205651,0,0,0,0,0,0,0,0,0,0,0,0,0,0.0,0.0,0.0,0.0,0,0,0,0,0,0.00,0.00,0.00,0.00,,,,,,,[],,651,73,656,77,649,74,656,77,0.0,0.0,0.0,0.0,0.0,0.0,82,21,653,75,655,77,370,56,0.0,0.0,0.0,Arsenal,ARS
True,True,,,199798,1,-1,1,-1,0.5,24,"[{'offset': 0, 'projected_percent': '0.5', 'likelihood': 1}, {'offset': 1, 'projected_percent': '0.6', 'likelihood': 1}, {'offset': 2, 'projected_percent': '0.8', 'likelihood': 1}]",,False,0,2,3.0,3.0,1,Ezri,3.0,31,False,,,4.6,199798.jpg,3.0,False,Konsa Ngoyo,19.4,False,,a,1,3,12,1441468,68161,623202,32094,0.7,2.6,Konsa,,241.0,2026-08-21,1997-10-23,False,p199798,281,0,0,1,4,0,0,0,0,0,0,0,36,45.0,14.0,14.0,7.3,18,9,5,23,3,0.23,0.02,0.25,3.50,,,,,,,[],,204,80,250,90,225,73,244,93,0.07,0.0,0.01,0.08,1.12,1.28,423,80,112,46,138,59,19,5,0.96,0.32,7.37,Arsenal,ARS
True,True,100.0,100.0,208706,0,0,-3,3,0.3,-14,"[{'offset': 0, 'projected_percent': '0.2', 'likelihood': 1}, {'offset': 1, 'projected_percent': '0.0', 'likelihood': 0}, {'offset': 2, 'projected_percent': '-0.9', 'likelihood': -1}]",,False,0,3,2.2,2.2,1,Bruno,2.2,452,False,,2026-09-04T14:00:08.328779Z,6.7,208706.jpg,3.0,False,Guimarães Rodriguez Moura,1.8,False,,a,1,3,9,28563,3617,242571,5498,0.3,1.3,Bruno G.,Bruno Guimarães,30.0,2026-08-08,1997-11-16,False,p208706,123,1,0,0,3,0,0,0,0,0,0,1,45,41.0,6.5,19.0,6.6,3,8,1,12,1,0.09,0.16,0.25,2.18,4.0,,,,4.0,,[],,213,91,290,145,200,111,261,116,0.07,0.0,0.12,0.19,1.6,2.2,32,21,181,82,158,67,136,42,0.73,0.0,8.78,Arsenal,ARS
True,True,,,439509,-1,1,-2,2,-8.4,-190,"[{'offset': 0, 'projected_percent': '-9.0', 'likelihood': -1}, {'offset': 1, 'projected_percent': '-10.3', 'likelihood': -1}, {'offset': 2, 'projected_percent': '-11.6', 'likelihood': -1}]",,False,0,3,2.5,2.5,2,Christos,2.5,557,False,,,6.3,439509.jpg,3.2,False,Tzolis,12.4,False,,a,1,3,16,458889,8522,1579728,116520,0.4,2.5,Tzolis,,83.0,2026-07-23,2002-01-30,False,p439509,362,0,2,2,4,0,0,0,2,0,0,1,81,56.4,115.1,46.0,21.8,7,12,4,23,5,0.19,0.55,0.74,2.73,3.0,,,,,,[],,171,67,33,28,105,59,76,45,0.05,0.0,0.14,0.19,0.68,0.99,48,33,160,68,132,52,33,13,1.24,0.5,5.72,Arsenal,ARS
True,True,0.0,0.0,72147,0,0,0,0,-30.6,-5,"[{'offset': 0, 'projected_percent': '-31.7', 'likelihood': -2}, {'offset': 1, 'projected_percent': '-33.8', 'likelihood': -2}, {'offset': 2, 'projected_percent': '-35.9', 'likelihood': -2}]",,False,0,1,0.0,0.0,0,Marco,0.2,29,False,Back injury - Expected back 10 Oct,2026-09-17T07:30:09.058151Z,4.5,72147.jpg,1.0,False,Bizot,0.1,False,,i,2,7,1,4636,42,7132,756,0.0,0.2,M.Bizot,,152.0,2025-07-15,1991-03-10,False,p72147,90,0,0,0,4,0,0,0,0,0,3,0,1,28.2,0.0,0.0,2.8,2,6,0,0,1,0.00,0.00,0.00,3.77,,,,,,,[],https://www.avfc.co.uk/news/2026/september/18/prematch-team-news-for-spurs-showdown/,259,22,472,36,422,31,326,22,0.0,3.0,0.0,0.0,3.77,4.0,430,24,373,24,317,24,395,45,1.0,0.0,0.0,Aston Villa,AVL
True,False,0.0,0.0,101188,0,0,0,0,0.0,0,"[{'offset': 0, 'projected_percent': '0.0', 'likelihood': 0}, {'offset': 1, 'projected_percent': '0.0', 'likelihood': 0}, {'offset': 2, 'projected_percent': '0.0', 'likelihood': 0}]",,False,0,2,0.0,0.0,0,Lucas,0.0,30,False,Has joined Paris Saint-Germain permanently,2026-08-10T14:03:30.089007Z,4.5,101188.jpg,0.0,False,Digne,0.0,False,,u,2,7,0,0,0,8567,156,0.0,0.0,Digne,,73.0,2022-01-13,1993-07-20,False,p101188,0,0,0,0,0,0,0,0,0,0,0,0,0,0.0,0.0,0.0,0.0,0,0,0,0,0,0.00,0.00,0.00,0.00,,,,,,,[],,481,186,475,185,425,174,486,186,0.0,0.0,0.0,0.0,0.0,0.0,435,87,485,184,495,186,498,176,0.0,0.0,0.0,Aston Villa,AVL
True,True,100.0,100.0,199796,0,0,-1,1,-17.9,-61,"[{'offset': 0, 'projected_percent': '-18.8', 'likelihood': -1}, {'offset': 1, 'projected_percent': '-20.6', 'likelihood': -2}, {'offset': 2, 'projected_percent': '-22.4', 'likelihood': -2}]",,False,0,2,1.2,1.2,-1,Matty,1.2,32,False,,2026-09-09T14:30:08.192142Z,4.4,199796.jpg,1.5,False,Cash,4.9,False,,a,2,7,6,94618,1967,413394,19405,0.3,1.4,Cash,,172.0,2020-09-03,1997-08-07,False,p199796,296,0,0,1,7,0,0,0,2,0,0,0,16,36.4,22.3,13.0,7.2,11,2,6,17,3,0.15,0.04,0.19,5.95,1.0,,,,,,[],,232,93,212,70,230,76,246,94,0.05,0.0,0.01,0.06,1.81,2.13,558,141,251,90,270,96,75,30,0.91,0.3,5.17,Aston Villa,AVL
True,True,,,149484,0,0,0,0,0.6,-3,"[{'offset': 0, 'projected_percent': '0.6', 'likelihood': 1}, {'offset': 1, 'projected_percent': '0.5', 'likelihood': 1}, {'offset': 2, 'projected_percent': '0.5', 'likelihood': 1}]",,False,0,2,2.0,2.0,3,Tyrone,2.0,33,False,,,4.5,149484.jpg,2.5,False,Mings,0.4,False,,a,2,7,10,15912,1192,16999,975,0.4,2.2,Mings,,241.0,2019-07-08,1993-03-13,False,p149484,261,0,0,1,4,0,0,0,1,0,0,0,43,59.8,5.6,17.0,8.2,20,7,4,24,2,0.20,0.02,0.22,4.43,,,,,,,[],,166,71,297,107,207,63,232,85,0.07,0.0,0.01,0.08,1.53,1.38,440,88,187,71,188,74,271,99,0.69,0.34,8.28,Aston Villa,AVL
True,True,0.0,0.0,244954,0,0,0,0,-88.5,-8,"[{'offset': 0, 'projected_percent': '-89.2', 'likelihood': -3}, {'offset': 1, 'projected_percent': '-90.6', 'likelihood': -3}, {'offset': 2, 'projected_percent': '-92.0', 'likelihood': -3}]",,False,0,2,0.0,0.0,0,Pau,0.6,34,False,Hamstring injury - Expected back 10 Oct,2026-09-12T18:00:08.712707Z,4.5,244954.jpg,1.0,False,Torres,0.3,False,,i,2,7,3,11216,23,26769,2411,0.1,0.7,Pau,,200.0,2023-07-12,1997-01-16,False,p244954,187,0,0,0,5,0,0,0,0,0,0,0,-4,11.2,1.9,2.0,1.5,8,9,1,9,3,0.00,0.01,0.01,4.79,,,,,,,[],https://www.avfc.co.uk/news/2026/september/18/prematch-team-news-for-spurs-showdown/,318,121,335,121,320,120,360,125,0.0,0.0,0.0,0.0,2.31,2.41,469,109,302,108,318,121,291,106,1.44,0.0,4.33,Aston Villa,AVL
True,True,,,515597,-1,1,-1,1,-0.5,0,"[{'offset': 0, 'projected_percent': '-0.5', 'likelihood': -1}, {'offset': 1, 'projected_percent': '-0.5', 'likelihood': -1}, {'offset': 2, 'projected_percent': '-0.5', 'likelihood': -1}]",,False,0,3,0.2,0.2,0,Lamare,0.2,35,False,,,4.9,515597.jpg,1.0,False,Bogarde,0.1,False,,a,2,7,1,2875,134,4660,332,0.0,0.2,Bogarde,,152.0,2021-01-07,2004-01-05,False,p515597,16,0,0,0,0,0,0,0,0,0,0,0,3,2.2,0.5,0.0,0.3,1,0,0,1,0,0.00,0.00,0.00,0.22,,,,,,,[],,385,178,372,185,540,221,394,183,0.0,0.0,0.0,0.0,1.24,0.0,389,232,381,178,340,148,477,187,0.0,0.0,5.62,Aston Villa,AVL
True,True,0.0,0.0,441302,0,0,0,0,-101.2,-21,"[{'offset': 0, 'projected_percent': '-102.3', 'likelihood': -5}, {'offset': 1, 'projected_percent': '-104.4', 'likelihood': -5}, {'offset': 2, 'projected_percent': '-106.4', 'likelihood': -5}]",,False,0,2,0.0,0.0,0,Ian,1.8,36,False,Ankle injury - Unknown return date,2026-09-12T18:00:08.729468Z,4.5,441302.jpg,2.2,False,Maatsen,0.5,False,,i,2,7,9,31881,39,60541,4803,0.4,2.0,Maatsen,,152.0,2024-06-28,2002-03-10,False,p441302,335,0,0,1,7,0,0,0,1,0,0,1,22,34.8,24.5,43.0,10.2,17,10,7,24,4,0.28,0.45,0.73,6.54,,,,,,,[],https://www.avfc.co.uk/news/2026/september/18/prematch-team-news-for-spurs-showdown/,237,96,200,65,110,25,207,74,0.08,0.0,0.12,0.2,1.76,1.88,475,114,201,73,207,83,248,93,1.07,0.27,6.45,Aston Villa,AVL
True,True,,,184667,0,0,0,0,0.9,-2,"[{'offset': 0, 'projected_percent': '0.9', 'likelihood': 1}, {'offset': 1, 'projected_percent': '0.9', 'likelihood': 1}, {'offset': 2, 'projected_percent': '0.8', 'likelihood': 1}]",,False,0,2,1.6,1.6,1,Victor,1.6,37,False,,,4.5,184667.jpg,1.6,False,Lindelöf,0.3,False,,a,2,7,8,14302,702,13920,897,0.4,1.8,Lindelöf,,206.0,2025-09-01,1994-07-17,False,p184667,450,0,0,1,9,1,0,0,0,0,0,0,28,74.4,37.3,37.0,14.9,21,7,1,22,5,0.44,0.17,0.61,9.22,,,,,,,[],,123,56,163,44,132,37,142,49,0.09,0.0,0.03,0.12,1.84,1.8,448,94,219,77,263,93,285,104,1.0,0.2,4.4,Aston Villa,AVL
True,True,,,606798,0,0,0,0,-30.0,-5,"[{'offset': 0, 'projected_percent': '-30.3', 'likelihood': -2}, {'offset': 1, 'projected_percent': '-30.8', 'likelihood': -2}, {'offset': 2, 'projected_percent': '-31.3', 'likelihood': -2}]",,False,0,2,0.0,0.0,0,Andrés,0.0,38,False,,,4.0,606798.jpg,0.0,False,García,1.5,False,,a,2,7,0,44757,1311,66397,4497,0.0,0.0,A.García,,,,,False,p606798,0,0,0,0,0,0,0,0,0,0,0,0,0,0.0,0.0,0.0,0.0,0,0,0,0,0,0.00,0.00,0.00,0.00,,,,,,,[],,459,175,450,174,395,160,464,175,0.0,0.0,0.0,0.0,0.0,0.0,655,205,461,171,473,175,148,60,0.0,0.0,0.0,Aston Villa,AVL
True,False,0.0,0.0,578545,0,0,0,0,0.0,0,"[{'offset': 0, 'projected_percent': '0.0', 'likelihood': 0}, {'offset': 1, 'projected_percent': '0.0', 'likelihood': 0}, {'offset': 2, 'projected_percent': '0.0', 'likelihood': 0}]",,False,0,2,0.0,0.0,0,Kosta,0.0,39,False,Has joined Rangers on loan for the rest of the season,2026-08-19T13:56:46.385411Z,4.0,578545.jpg,0.0,False,Nedeljkovic,0.1,False,,u,2,7,0,0,0,15076,391,0.0,0.0,Nedeljkovic,,190.0,2024-01-22,2005-12-16,False,p578545,0,0,0,0,0,0,0,0,0,0,0,0,0,0.0,0.0,0.0,0.0,0,0,0,0,0,0.00,0.00,0.00,0.00,,,,,,,[],,457,174,448,173,393,159,462,174,0.0,0.0,0.0,0.0,0.0,0.0,652,203,459,170,471,174,378,145,0.0,0.0,0.0,Aston Villa,AVL
True,True,,,195546,0,0,-1,1,-45.9,32,"[{'offset': 0, 'projected_percent': '-43.5', 'likelihood': -3}, {'offset': 1, 'projected_percent': '-38.8', 'likelihood': -2}, {'offset': 2, 'projected_percent': '-34.0', 'likelihood': -2}]",,False,1,3,4.2,4.2,12,Emiliano,4.2,41,False,,,5.9,195546.jpg,4.2,False,Buendía Stati,1.0,False,,a,2,7,21,56717,8733,93971,2826,0.7,3.6,Buendía,,10.0,2021-06-10,1996-12-25,False,p195546,401,1,0,1,8,0,0,0,0,0,0,3,73,66.0,80.5,59.0,19.6,5,20,9,34,5,0.92,0.24,1.16,7.86,3.0,,1.0,,1.0,,[],,143,48,63,52,74,45,91,48,0.21,0.0,0.05,0.26,1.76,1.8,81,54,66,25,84,36,185,58,1.12,0.22,7.63,Aston Villa,AVL
True,False,0.0,0.0,215711,0,0,-1,1,0.0,0,"[{'offset': 0, 'projected_percent': '0.0', 'likelihood': 0}, {'offset': 1, 'projected_percent': '0.0', 'likelihood': 0}, {'offset': 2, 'projected_percent': '0.0', 'likelihood': 0}]",,False,0,3,0.0,0.0,0,Leon,0.0,44,False,Has joined Olympiakos permanently,2026-09-04T12:35:14.472260Z,5.4,215711.jpg,0.0,False,Bailey,0.1,False,,u,2,7,0,2096,0,13085,354,0.0,0.0,Bailey,,107.0,2021-08-04,1997-08-09,False,p215711,0,0,0,0,0,0,0,0,0,0,0,0,0,0.0,0.0,0.0,0.0,0,0,0,0,0,0.00,0.00,0.00,0.00,,,,,,,[],,630,274,633,276,620,269,635,275,0.0,0.0,0.0,0.0,0.0,0.0,181,115,632,276,636,276,492,193,0.0,0.0,0.0,Aston Villa,AVL
True,True,,,122806,0,0,-1,1,-18.9,7,"[{'offset': 0, 'projected_percent': '-18.7', 'likelihood': -1}, {'offset': 1, 'projected_percent': '-18.2', 'likelihood': -1}, {'offset': 2, 'projected_percent': '-17.8', 'likelihood': -1}]",,False,0,3,3.4,3.4,6,John,3.4,45,False,,,5.4,122806.jpg,3.4,False,McGinn,2.2,False,,a,2,7,17,68712,4881,153120,6158,0.6,3.1,McGinn,,243.0,2018-08-08,1994-10-18,False,p122806,434,0,2,2,7,0,0,0,2,0,0,1,65,52.4,84.9,15.0,14.8,8,17,5,30,5,0.77,0.24,1.01,8.29,2.0,,,,,,[],,184,74,56,46,221,119,146,74,0.16,0.0,0.05,0.21,1.72,1.45,169,107,96,40,121,48,122,37,1.04,0.41,6.22,Aston Villa,AVL
True,True,,,88894,0,0,0,0,0.6,-5,"[{'offset': 0, 'projected_percent': '0.6', 'likelihood': 1}, {'offset': 1, 'projected_percent': '0.5', 'likelihood': 1}, {'offset': 2, 'projected_percent': '0.4', 'likelihood': 1}]",,False,0,3,2.0,2.0,1,Ross,2.0,46,False,,,5.0,88894.jpg,2.0,False,Barkley,0.3,False,,a,2,7,10,15958,401,15809,1332,0.4,2.0,Barkley,,241.0,2024-07-01,1993-12-05,False,p88894,308,0,0,1,8,0,0,0,0,0,0,0,66,42.4,82.3,31.0,15.6,5,16,7,28,4,0.38,0.14,0.52,7.36,4.0,,,,,,[],,211,89,58,47,150,78,128,68,0.11,0.0,0.04,0.15,2.15,2.34,241,151,191,87,232,102,308,107,1.17,0.29,8.18,Aston Villa,AVL
True,True,100.0,100.0,226944,0,0,0,0,-74.6,0,"[{'offset': 0, 'projected_percent': '-74.6', 'likelihood': -3}, {'offset': 1, 'projected_percent': '-74.6', 'likelihood': -3}, {'offset': 2, 'projected_percent': '-74.6', 'likelihood': -3}]",,False,0,3,3.0,3.0,6,Boubacar,3.0,47,False,,2026-07-23T12:01:23.337269Z,5.0,226944.jpg,3.0,False,Kamara,0.3,False,,a,2,7,15,14133,924,21094,1146,0.6,3.0,Kamara,,73.0,2022-06-11,1999-11-23,False,p226944,443,0,1,2,7,0,0,0,0,0,0,0,85,68.0,68.8,6.0,14.3,11,16,9,36,5,0.12,0.16,0.28,8.44,,,,,,,[],,138,46,78,58,289,149,156,81,0.02,0.0,0.03,0.05,1.71,1.42,269,166,117,46,141,56,289,98,1.02,0.41,7.31,Aston Villa,AVL
True,True,0.0,0.0,449871,0,0,-1,1,-8.8,-1,"[{'offset': 0, 'projected_percent': '-10.8', 'likelihood': -1}, {'offset': 1, 'projected_percent': '-14.9', 'likelihood': -1}, {'offset': 2, 'projected_percent': '-18.9', 'likelihood': -1}]",,False,0,3,0.0,0.0,0,Amadou,0.0,48,False,Knee injury - Unknown return date,2026-07-23T12:01:23.352497Z,4.9,449871.jpg,0.0,False,Onana,0.0,False,,i,2,7,0,497,26,1640,70,0.0,0.0,Onana,,21.0,2024-07-22,2001-08-16,False,p449871,0,0,0,0,0,0,0,0,0,0,0,0,0,0.0,0.0,0.0,0.0,0,0,0,0,0,0.00,0.00,0.00,0.00,,,,,,,[],https://www.avfc.co.uk/news/2026/september/18/prematch-team-news-for-spurs-showdown/,571,236,569,242,534,217,577,238,0.0,0.0,0.0,0.0,0.0,0.0,372,222,574,239,582,243,589,244,0.0,0.0,0.0,Aston Villa,AVL
True,False,0.0,0.0,469247,0,0,0,0,0.0,0,"[{'offset': 0, 'projected_percent': '0.0', 'likelihood': 0}, {'offset': 1, 'projected_percent': '0.0', 'likelihood': 0}, {'offset': 2, 'projected_percent': '0.0', 'likelihood': 0}]",,False,0,3,0.0,0.0,0,Samuel,0.0,49,False,Has joined Bolton Wanderers on loan for the rest of the season,2026-08-17T13:52:28.532616Z,5.0,469247.jpg,0.0,False,Iling-Junior,0.0,False,,u,2,7,0,0,0,232,7,0.0,0.0,Iling Jr,,241.0,2024-07-01,2003-10-04,False,p469247,0,0,0,0,0,0,0,0,0,0,0,0,0,0.0,0.0,0.0,0.0,0,0,0,0,0,0.00,0.00,0.00,0.00,,,,,,,[],,597,254,602,259,578,244,603,256,0.0,0.0,0.0,0.0,0.0,0.0,288,174,600,257,606,259,660,293,0.0,0.0,0.0,Aston Villa,AVL
True,True,,,645618,0,0,0,0,-67.9,-6,"[{'offset': 0, 'projected_percent': '-68.6', 'likelihood': -3}, {'offset': 1, 'projected_percent': '-70.0', 'likelihood': -3}, {'offset': 2, 'projected_percent': '-71.4', 'likelihood': -3}]",,False,0,3,0.0,0.0,0,Bradley,0.0,50,False,,,4.5,645618.jpg,0.0,False,Burrowes,0.6,False,,a,2,7,0,21277,452,34267,2543,0.0,0.0,Burrowes,,241.0,2025-01-09,2008-03-04,False,p645618,0,0,0,0,0,0,0,0,0,0,0,0,0,0.0,0.0,0.0,0.0,0,0,0,0,0,0.00,0.00,0.00,0.00,,,,,,,[],,542,218,538,224,499,197,547,219,0.0,0.0,0.0,0.0,0.0,0.0,540,283,546,222,555,226,240,76,0.0,0.0,0.0,Aston Villa,AVL
True,True,,,577285,0,0,0,0,13.2,-8,"[{'offset': 0, 'projected_percent': '13.1', 'likelihood': 1}, {'offset': 1, 'projected_percent': '13.0', 'likelihood': 1}, {'offset': 2, 'projected_percent': '12.9', 'likelihood': 1}]",,False,0,3,1.8,1.8,1,George,1.8,51,False,,,4.5,577285.jpg,1.8,False,Hemmings,1.2,False,,a,2,7,9,115050,2367,67463,7530,0.4,2.0,George Hemmings,,241.0,2025-08-05,2007-03-04,False,p577285,297,0,0,1,7,0,0,0,0,0,0,0,34,25.2,42.1,25.0,9.1,3,10,6,19,4,0.07,0.16,0.23,6.26,,,,,,,[],,265,111,148,94,166,89,222,102,0.02,0.0,0.05,0.07,1.9,2.12,516,270,203,93,251,109,164,50,1.21,0.3,5.76,Aston Villa,AVL
True,True,75.0,,653481,0,0,0,0,0.1,-2,"[{'offset': 0, 'projected_percent': '0.1', 'likelihood': 1}, {'offset': 1, 'projected_percent': '0.0', 'likelihood': 0}, {'offset': 2, 'projected_percent': '-0.5', 'likelihood': -1}]",,False,0,3,1.2,1.6,0,Alysson Edward Franco,1.6,52,False,Unspecified injury - 75% chance of playing,2026-09-19T11:30:09.355376Z,5.0,653481.jpg,2.0,False,da Rocha dos Santos,0.0,False,,d,2,7,8,3344,58,3463,600,0.3,1.6,Alysson,Alysson,30.0,2026-01-01,2006-05-05,False,p653481,87,1,0,0,2,0,0,0,1,0,0,0,34,39.8,4.9,25.0,7.0,2,4,2,8,0,0.06,0.00,0.06,2.40,,,,,,,[],,218,94,305,156,168,91,249,111,0.06,0.0,0.0,0.06,2.48,2.07,335,202,224,102,234,103,497,195,0.0,0.0,8.28,Aston Villa,AVL
True,True,100.0,100.0,614071,0,0,-1,1,6.1,42,"[{'offset': 0, 'projected_percent': '6.4', 'likelihood': 1}, {'offset': 1, 'projected_percent': '7.0', 'likelihood': 1}, {'offset': 2, 'projected_percent': '7.6', 'likelihood': 1}]",,False,1,3,2.8,2.8,13,Johan,2.8,53,False,,2026-08-15T15:30:06.388335Z,5.9,614071.jpg,7.0,False,Manzambi,0.3,False,,a,2,7,14,25426,22440,18440,1821,0.5,2.4,Manzambi,,207.0,2026-07-17,2005-10-14,False,p614071,98,1,1,1,1,0,0,0,0,0,0,2,48,65.8,29.8,60.0,15.6,2,5,2,9,1,0.44,0.24,0.68,1.54,,,,,,,[],,145,50,186,107,72,44,130,70,0.4,0.0,0.22,0.62,1.41,0.92,94,60,136,60,12,4,280,94,0.92,0.92,8.27,Aston Villa,AVL
True,True,100.0,100.0,448089,0,0,0,0,0.0,0,"[{'offset': 0, 'projected_percent': '0.0', 'likelihood': 0}, {'offset': 1, 'projected_percent': '0.0', 'likelihood': 0}, {'offset': 2, 'projected_percent': '0.0', 'likelihood': 0}]",,False,0,3,0.4,0.4,4,Joao,0.4,54,False,,2026-09-16T19:30:08.742410Z,5.5,448089.jpg,1.0,False,Gomes,0.0,False,,a,2,7,2,1148,309,4033,124,0.1,0.4,Gomes,João Gomes,30.0,2026-07-20,2001-02-12,False,p448089,129,0,0,0,6,0,0,0,0,1,0,0,11,23.6,24.8,0.0,4.8,6,5,9,20,2,0.00,0.03,0.03,4.14,,,,,,,[],,273,115,199,113,636,277,296,134,0.0,0.0,0.02,0.02,2.89,4.19,145,88,357,169,385,181,506,200,1.4,0.0,13.95,Aston Villa,AVL
True,False,0.0,0.0,178301,0,0,-2,2,0.0,-55,"[{'offset': 0, 'projected_percent': '0.0', 'likelihood': 0}, {'offset': 1, 'projected_percent': '0.0', 'likelihood': 0}, {'offset': 2, 'projected_percent': '0.0', 'likelihood': 0}]",,False,0,4,0.0,0.0,0,Ollie,0.0,55,False,Has joined Al Hilal permanently,2026-09-01T13:15:16.698799Z,7.8,178301.jpg,0.0,False,Watkins,2.5,False,,u,2,7,0,14882,0,755926,8545,0.0,0.0,Watkins,,241.0,2020-09-09,1995-12-30,False,p178301,0,0,0,0,0,0,0,0,0,0,0,0,0,0.0,0.0,0.0,0.0,0,0,0,0,0,0.00,0.00,0.00,0.00,,,,,,,[],,667,79,667,79,667,79,667,79,0.0,0.0,0.0,0.0,0.0,0.0,12,3,666,79,666,79,114,19,0.0,0.0,0.0,Aston Villa,AVL
True,True,100.0,100.0,173879,0,0,0,0,3.2,-1,"[{'offset': 0, 'projected_percent': '3.2', 'likelihood': 1}, {'offset': 1, 'projected_percent': '3.2', 'likelihood': 1}, {'offset': 2, 'projected_percent': '3.2', 'likelihood': 1}]",,False,0,4,0.8,0.8,1,Tammy,0.8,56,False,,2026-08-15T16:00:07.558543Z,5.5,173879.jpg,1.0,False,Abraham,0.2,False,,a,2,7,4,15204,1156,12407,1231,0.1,0.7,Abraham,,241.0,2026-01-27,1997-10-02,False,p173879,71,0,0,0,3,0,0,0,0,0,0,0,13,3.2,6.2,2.0,1.1,0,1,1,2,0,0.00,0.00,0.00,2.69,,,,,,,[],,377,39,294,38,333,43,375,42,0.0,0.0,0.0,0.0,3.41,3.8,130,35,290,30,384,44,342,54,0.0,0.0,2.54,Aston Villa,AVL
True,True,,,493105,0,0,-2,2,-52.6,-8,"[{'offset': 0, 'projected_percent': '-54.5', 'likelihood': -3}, {'offset': 1, 'projected_percent': '-58.3', 'likelihood': -3}, {'offset': 2, 'projected_percent': '-62.1', 'likelihood': -3}]",,False,0,3,0.6,0.6,0,Alejandro,0.6,160,False,,,5.8,493105.jpg,1.0,False,Garnacho Ferreyra,0.3,False,,a,2,7,3,7310,362,40535,2082,0.1,0.5,Garnacho,,10.0,2026-07-23,2004-07-01,False,p493105,31,0,0,0,0,0,0,0,0,0,0,0,9,1.2,3.6,0.0,0.5,0,2,0,2,0,0.00,0.00,0.00,0.49,,,,,,,"[{'property': 'loan_ineligible', 'notes': 'This player will not be available to face their parent club in Gameweek 27 as part of their loan conditions.', 'gameweek': 27, 'url': None}, {'property': 'loan_ineligible', 'notes': 'This player will not be available to face their parent club in Gameweek 16 as part of their loan conditions.', 'gameweek': 16, 'url': None}]",,396,185,320,162,646,286,388,182,0.0,0.0,0.0,0.0,1.42,0.0,108,69,316,146,391,186,284,96,0.0,0.0,5.81,Aston Villa,AVL
True,True,,,517052,0,0,0,0,44.3,79,"[{'offset': 0, 'projected_percent': '44.9', 'likelihood': 3}, {'offset': 1, 'projected_percent': '46.0', 'likelihood': 3}, {'offset': 2, 'projected_percent': '47.0', 'likelihood': 3}]",,False,0,4,2.0,2.0,6,Nicolas,2.0,166,False,,,6.5,517052.jpg,2.5,False,Jackson,1.4,False,,a,2,7,10,170780,25518,82291,5351,0.3,1.5,N.Jackson,,189.0,2026-08-28,2001-06-20,False,p517052,286,1,0,1,2,0,0,0,2,0,0,1,52,42.8,36.8,76.0,15.4,1,8,0,9,4,0.68,0.60,1.28,2.75,,,,,2.0,,[],,210,17,165,18,53,17,136,18,0.21,0.0,0.19,0.4,0.87,0.63,42,11,200,19,191,19,155,23,1.26,0.31,2.83,Aston Villa,AVL
True,True,0.0,0.0,690838,0,0,-1,1,-20.3,-4,"[{'offset': 0, 'projected_percent': '-20.8', 'likelihood': -2}, {'offset': 1, 'projected_percent': '-21.7', 'likelihood': -2}, {'offset': 2, 'projected_percent': '-22.6', 'likelihood': -2}]",,False,0,4,0.0,0.0,0,Brian,0.0,582,False,Unspecified injury - Unknown return date,2026-08-15T16:00:07.974271Z,5.4,690838.jpg,0.0,False,Madjo,0.2,False,,i,2,7,0,2813,128,30174,1403,0.0,0.0,Madjo,,241.0,2026-01-12,2009-01-12,False,p690838,0,0,0,0,0,0,0,0,0,0,0,0,0,0.0,0.0,0.0,0.0,0,0,0,0,0,0.00,0.00,0.00,0.00,,,,,,,[],https://www.avfc.co.uk/news/2026/september/18/prematch-team-news-for-spurs-showdown/,636,71,639,75,626,72,641,75,0.0,0.0,0.0,0.0,0.0,0.0,215,48,638,73,641,75,330,52,0.0,0.0,0.0,Aston Villa,AVL
True,True,,,487992,0,0,0,0,-72.6,4,"[{'offset': 0, 'projected_percent': '-69.3', 'likelihood': -3}, {'offset': 1, 'projected_percent': '-62.7', 'likelihood': -3}, {'offset': 2, 'projected_percent': '-56.2', 'likelihood': -3}]",,False,0,2,1.0,1.0,3,Matteo,1.0,596,False,,,4.5,487992.jpg,1.7,False,Ruggeri,0.1,False,,a,2,7,5,3028,385,5503,239,0.2,1.1,Ruggeri,,106.0,2026-08-19,2002-07-11,False,p487992,113,0,0,0,2,0,0,0,0,0,0,0,17,26.0,14.1,1.0,4.1,14,11,2,16,1,0.03,0.02,0.05,2.05,,,,,,,[],,262,107,249,89,336,126,303,113,0.02,0.0,0.02,0.04,1.63,1.59,486,119,260,95,260,92,432,158,0.8,0.0,12.74,Aston Villa,AVL
True,True,,,433969,0,0,0,0,27.1,18,"[{'offset': 0, 'projected_percent': '27.2', 'likelihood': 2}, {'offset': 1, 'projected_percent': '27.5', 'likelihood': 2}, {'offset': 2, 'projected_percent': '27.7', 'likelihood': 2}]",,False,1,1,3.2,3.2,2,Zion,3.2,597,False,,,5.0,433969.jpg,4.0,False,Suzuki,1.9,False,,a,2,7,16,147849,10285,60441,4582,0.6,3.2,Suzuki,,108.0,2026-08-19,2002-08-21,False,p433969,360,0,0,1,5,0,0,0,0,0,15,3,80,115.6,0.0,0.0,11.6,8,43,0,0,4,0.00,0.01,0.01,5.45,,,,,,,[],,50,9,599,68,574,67,188,10,0.0,3.75,0.0,0.0,1.36,1.25,278,12,103,12,91,9,129,19,1.0,0.25,0.0,Aston Villa,AVL
True,True,,,569577,0,0,0,0,0.2,0,"[{'offset': 0, 'projected_percent': '0.2', 'likelihood': 1}, {'offset': 1, 'projected_percent': '0.2', 'likelihood': 1}, {'offset': 2, 'projected_percent': '0.2', 'likelihood': 1}]",,False,0,2,0.0,0.0,0,Triston,0.0,606,False,,,4.0,569577.jpg,0.0,False,Rowe,0.2,False,,a,2,7,0,12920,224,5921,666,0.0,0.0,Rowe,,241.0,2026-07-01,2006-10-02,False,p569577,0,0,0,0,0,0,0,0,0,0,0,0,0,0.0,0.0,0.0,0.0,0,0,0,0,0,0.00,0.00,0.00,0.00,,,,,,,[],,452,169,443,168,388,154,457,169,0.0,0.0,0.0,0.0,0.0,0.0,646,197,454,165,466,169,361,137,0.0,0.0,0.0,Aston Villa,AVL
True,False,0.0,0.0,571380,0,0,0,0,0.0,-2,"[{'offset': 0, 'projected_percent': '0.0', 'likelihood': 0}, {'offset': 1, 'projected_percent': '0.0', 'likelihood': 0}, {'offset': 2, 'projected_percent': '0.0', 'likelihood': 0}]",,False,0,3,0.0,0.0,0,Luka,0.0,607,False,Has joined Oxford United on loan until January,2026-09-04T12:35:39.820426Z,4.5,571380.jpg,0.0,False,Lynch,0.1,False,,u,2,7,0,7103,0,7961,517,0.0,0.0,Lynch,,241.0,2026-07-01,2007-01-11,False,p571380,0,0,0,0,0,0,0,0,0,0,0,0,0,0.0,0.0,0.0,0.0,0,0,0,0,0,0.00,0.00,0.00,0.00,,,,,,,[],,523,207,519,213,477,185,528,208,0.0,0.0,0.0,0.0,0.0,0.0,511,268,527,211,536,215,472,183,0.0,0.0,0.0,Aston Villa,AVL
True,True,,,214590,0,0,0,0,1.9,-3,"[{'offset': 0, 'projected_percent': '1.9', 'likelihood': 1}, {'offset': 1, 'projected_percent': '1.8', 'likelihood': 1}, {'offset': 2, 'projected_percent': '1.8', 'likelihood': 1}]",,False,0,2,1.5,1.5,1,Aaron,1.5,611,False,,,4.5,214590.jpg,1.5,False,Wan-Bissaka,0.2,False,,a,2,7,6,17899,1046,7385,1052,0.3,1.3,Wan-Bissaka,,50.0,2026-08-21,1997-11-26,False,p214590,152,0,0,0,2,0,0,0,0,0,0,0,24,42.8,16.4,0.0,5.9,12,1,9,21,2,0.00,0.07,0.07,3.27,,,,,,,[],,209,85,232,80,434,175,273,103,0.0,0.0,0.04,0.04,1.94,1.18,453,97,231,83,271,97,319,119,1.18,0.0,12.43,Aston Villa,AVL
True,True,0.0,0.0,119090,0,0,-1,1,-32.2,0,"[{'offset': 0, 'projected_percent': '-32.2', 'likelihood': -2}, {'offset': 1, 'projected_percent': '-32.2', 'likelihood': -2}, {'offset': 2, 'projected_percent': '-32.2', 'likelihood': -2}]",,False,0,3,0.0,0.0,0,Leon,0.0,618,False,Knee injury - Expected back 10 Oct,2026-09-09T09:30:08.229436Z,5.9,119090.jpg,0.0,False,Goretzka,0.0,False,,i,2,7,0,4619,10,4641,327,0.0,0.0,Goretzka,,80.0,2026-08-27,1995-02-06,False,p119090,0,0,0,0,0,0,0,0,0,0,0,0,0,0.0,0.0,0.0,0.0,0,0,0,0,0,0.00,0.00,0.00,0.00,,,,,,,[],https://www.avfc.co.uk/news/2026/september/18/prematch-team-news-for-spurs-showdown/,650,289,655,290,648,288,655,290,0.0,0.0,0.0,0.0,0.0,0.0,80,53,652,290,654,290,555,228,0.0,0.0,0.0,Aston Villa,AVL
True,True,,,245719,0,0,0,0,0.0,0,"[{'offset': 0, 'projected_percent': '0.0', 'likelihood': 0}, {'offset': 1, 'projected_percent': '0.0', 'likelihood': 0}, {'offset': 2, 'projected_percent': '0.0', 'likelihood': 0}]",,False,0,2,0.0,0.0,0,Taylor,0.0,630,False,,,4.5,245719.jpg,0.0,False,Harwood-Bellis,0.0,False,,a,2,7,0,2098,121,930,124,0.0,0.0,Harwood-Bellis,,241.0,2026-09-01,2002-01-30,False,p245719,0,0,0,0,0,0,0,0,0,0,0,0,0,0.0,0.0,0.0,0.0,0,0,0,0,0,0.00,0.00,0.00,0.00,,,,,,,[],,496,192,492,191,443,181,501,192,0.0,0.0,0.0,0.0,0.0,0.0,470,110,500,190,510,192,582,198,0.0,0.0,0.0,Aston Villa,AVL
True,True,,,638987,0,0,0,0,0.3,5,"[{'offset': 0, 'projected_percent': '0.3', 'likelihood': 1}, {'offset': 1, 'projected_percent': '0.4', 'likelihood': 1}, {'offset': 2, 'projected_percent': '0.5', 'likelihood': 1}]",,False,0,3,0.7,0.7,1,Ibrahim,0.7,631,False,,,6.0,638987.jpg,1.0,False,Mbaye,0.1,False,,a,2,7,2,10165,657,4579,898,0.1,0.3,Mbaye,,189.0,2026-09-01,2008-01-24,False,p638987,33,0,0,0,3,0,0,0,0,0,0,0,8,9.0,15.2,19.0,4.3,0,1,1,2,0,0.02,0.13,0.15,1.64,,,,,,,[],,332,152,238,128,197,108,301,136,0.05,0.0,0.35,0.4,4.47,8.18,77,51,300,138,393,187,463,180,0.0,0.0,5.45,Aston Villa,AVL
True,True,,,481283,0,0,0,0,0.0,0,"[{'offset': 0, 'projected_percent': '0.0', 'likelihood': 0}, {'offset': 1, 'projected_percent': '0.0', 'likelihood': 0}, {'offset': 2, 'projected_percent': '0.0', 'likelihood': 0}]",2026-10-02T19:12:30.130761Z,False,0,1,1.0,1.0,0,James,0.0,667,False,,,4.0,481283.jpg,0.0,False,Wright,0.1,False,,a,2,7,0,4622,4622,369,369,0.0,0.0,Wright,,241.0,2023-03-31,2004-12-02,False,p481283,0,0,0,0,0,0,0,0,0,0,0,0,0,0.0,0.0,0.0,0.0,0,0,0,0,0,0.00,0.00,0.00,0.00,,,,,,,[],,438,45,429,26,373,21,443,45,0.0,0.0,0.0,0.0,0.0,0.0,628,69,440,45,452,45,460,51,0.0,0.0,0.0,Aston Villa,AVL
True,True,,,457569,0,0,0,0,0.5,-14,"[{'offset': 0, 'projected_percent': '0.4', 'likelihood': 1}, {'offset': 1, 'projected_percent': '0.3', 'likelihood': 1}, {'offset': 2, 'projected_percent': '0.1', 'likelihood': 1}]",,False,0,1,1.8,1.8,2,Đorđe,1.8,57,False,,,4.5,457569.jpg,1.8,False,Petrović,3.0,False,,a,3,91,9,110165,4182,120391,7720,0.4,2.0,Petrović,,190.0,2025-07-16,1999-10-08,False,p457569,450,0,0,0,8,0,0,0,0,0,11,0,45,92.2,0.0,0.0,9.2,6,43,0,0,5,0.00,0.00,0.00,6.95,,,,,,,[],,92,17,496,50,450,45,219,18,0.0,2.2,0.0,0.0,1.39,1.6,479,38,202,18,250,22,104,17,1.0,0.0,0.0,Bournemouth,BOU
True,True,,,40383,0,0,0,0,4.4,-5,"[{'offset': 0, 'projected_percent': '4.3', 'likelihood': 1}, {'offset': 1, 'projected_percent': '4.3', 'likelihood': 1}, {'offset': 2, 'projected_percent': '4.2', 'likelihood': 1}]",,False,0,1,0.0,0.0,0,Fraser,0.0,58,False,,,4.0,40383.jpg,0.0,False,Forster,3.5,False,,a,3,91,0,115294,6100,76773,4952,0.0,0.0,Forster,,241.0,2026-01-02,1988-03-17,False,p40383,0,0,0,0,0,0,0,0,0,0,0,0,0,0.0,0.0,0.0,0.0,0,0,0,0,0,0.00,0.00,0.00,0.00,,,,,,,[],,411,26,399,7,343,2,415,26,0.0,0.0,0.0,0.0,0.0,0.0,588,50,411,26,425,26,95,15,0.0,0.0,0.0,Bournemouth,BOU
True,False,0.0,0.0,444172,0,0,0,0,0.0,0,"[{'offset': 0, 'projected_percent': '0.0', 'likelihood': 0}, {'offset': 1, 'projected_percent': '0.0', 'likelihood': 0}, {'offset': 2, 'projected_percent': '0.0', 'likelihood': 0}]",,False,0,1,0.0,0.0,0,Will,0.0,59,False,Has joined MK Dons permanently,2026-08-27T14:53:48.692835Z,4.0,444172.jpg,0.0,False,Dennis,0.1,False,,u,3,91,0,1133,0,7371,403,0.0,0.0,Dennis,,241.0,2019-08-01,2000-07-10,False,p444172,0,0,0,0,0,0,0,0,0,0,0,0,0,0.0,0.0,0.0,0.0,0,0,0,0,0,0.00,0.00,0.00,0.00,,,,,,,[],,433,42,424,23,368,18,438,42,0.0,0.0,0.0,0.0,0.0,0.0,619,66,435,42,447,42,388,43,0.0,0.0,0.0,Bournemouth,BOU
True,True,,,463981,0,0,0,0,-32.7,1,"[{'offset': 0, 'projected_percent': '-32.6', 'likelihood': -2}, {'offset': 1, 'projected_percent': '-32.4', 'likelihood': -2}, {'offset': 2, 'projected_percent': '-32.1', 'likelihood': -2}]",,False,0,2,2.4,2.4,4,James,2.4,60,False,,,5.5,463981.jpg,2.4,False,Hill,0.8,False,,a,3,91,12,29935,2194,42757,2163,0.4,2.2,Hill,,241.0,2022-01-05,2002-01-10,False,p463981,450,0,0,0,8,0,0,0,1,0,0,0,43,119.6,69.3,6.0,19.5,41,11,9,50,5,0.00,0.79,0.79,6.95,,,,,,,[],,44,19,75,14,291,104,92,29,0.0,0.0,0.16,0.16,1.39,1.6,147,16,165,63,196,78,206,79,1.0,0.0,10.0,Bournemouth,BOU
True,True,,,494521,-1,1,-1,1,-0.2,-14,"[{'offset': 0, 'projected_percent': '-0.4', 'likelihood': -1}, {'offset': 1, 'projected_percent': '-0.8', 'likelihood': -1}, {'offset': 2, 'projected_percent': '-1.2', 'likelihood': -1}]",,False,0,2,2.0,2.0,2,Adrien,2.0,61,False,,,5.4,494521.jpg,2.0,False,Truffert,3.0,False,,a,3,91,10,55182,3313,157266,8983,0.4,1.9,Truffert,,73.0,2025-06-16,2001-11-20,False,p494521,450,0,0,0,8,0,0,0,1,0,0,2,53,104.6,70.5,39.0,21.5,28,24,17,45,5,0.11,0.29,0.40,6.95,,,,,,,[],,69,31,73,13,127,35,78,19,0.02,0.0,0.06,0.08,1.39,1.6,201,26,193,72,236,90,103,38,1.0,0.0,9.0,Bournemouth,BOU
True,True,,,242882,-1,1,-1,1,-2.9,0,"[{'offset': 0, 'projected_percent': '-2.9', 'likelihood': -1}, {'offset': 1, 'projected_percent': '-2.9', 'likelihood': -1}, {'offset': 2, 'projected_percent': '-2.9', 'likelihood': -1}]",,False,0,2,0.0,0.0,0,Bafodé,0.0,62,False,,,4.9,242882.jpg,0.0,False,Diakité,0.2,False,,a,3,91,0,7037,379,11783,718,0.0,0.0,Diakité,,73.0,2025-08-13,2001-01-06,False,p242882,0,0,0,0,0,0,0,0,0,0,0,0,0,0.0,0.0,0.0,0.0,0,0,0,0,0,0.00,0.00,0.00,0.00,,,,,,,[],,567,206,564,205,529,202,572,206,0.0,0.0,0.0,0.0,0.0,0.0,364,64,570,204,578,205,364,139,0.0,0.0,0.0,Bournemouth,BOU
True,True,0.0,0.0,620487,0,0,-1,1,-3.7,0,"[{'offset': 0, 'projected_percent': '-3.7', 'likelihood': -1}, {'offset': 1, 'projected_percent': '-3.7', 'likelihood': -1}, {'offset': 2, 'projected_percent': '-3.7', 'likelihood': -1}]",,False,0,2,0.0,0.0,0,Veljko,0.0,63,False,Thigh injury - Unknown return date,2026-08-06T10:00:10.456051Z,4.9,620487.jpg,0.0,False,Milosavljevic,0.0,False,,i,3,91,0,321,15,825,28,0.0,0.0,Milosavljević,,190.0,2025-09-01,2007-06-28,False,p620487,0,0,0,0,0,0,0,0,0,0,0,0,0,0.0,0.0,0.0,0.0,0,0,0,0,0,0.00,0.00,0.00,0.00,,,,,,,[],https://www.afcb.co.uk/news/2026/september/10/injury-news--updates-on-/,582,208,581,207,551,204,588,208,0.0,0.0,0.0,0.0,0.0,0.0,402,72,585,206,591,207,619,209,0.0,0.0,0.0,Bournemouth,BOU
True,True,,,54469,0,0,0,0,0.3,3,"[{'offset': 0, 'projected_percent': '0.3', 'likelihood': 1}, {'offset': 1, 'projected_percent': '0.4', 'likelihood': 1}, {'offset': 2, 'projected_percent': '0.4', 'likelihood': 1}]",,False,0,2,0.8,0.8,2,Adam,0.8,64,False,,,4.5,54469.jpg,0.8,False,Smith,0.1,False,,a,3,91,4,7082,284,7164,336,0.2,0.9,Smith,,241.0,2014-01-28,1991-04-29,False,p54469,434,0,0,0,8,0,0,0,3,0,0,0,14,43.6,44.4,4.0,9.1,16,15,5,21,5,0.01,0.09,0.10,6.70,,,,,,,[],,205,81,140,38,304,109,221,80,0.0,0.0,0.02,0.02,1.39,1.66,428,84,279,102,403,139,386,146,1.04,0.0,4.35,Bournemouth,BOU
True,True,0.0,0.0,436893,0,0,-1,1,-10.5,0,"[{'offset': 0, 'projected_percent': '-10.5', 'likelihood': -1}, {'offset': 1, 'projected_percent': '-10.5', 'likelihood': -1}, {'offset': 2, 'projected_percent': '-10.5', 'likelihood': -1}]",,False,0,2,0.0,0.0,0,Julián,0.0,65,False,Thigh injury - Unknown return date,2026-08-09T08:00:05.645826Z,4.4,436893.jpg,0.0,False,Araujo Zúñiga,0.0,False,,i,3,91,0,407,23,1275,36,0.0,0.0,J.Araujo,,139.0,2024-08-13,2001-08-13,False,p436893,0,0,0,0,0,0,0,0,0,0,0,0,0,0.0,0.0,0.0,0.0,0,0,0,0,0,0.00,0.00,0.00,0.00,,,,,,,[],https://www.afcb.co.uk/news/2026/september/10/injury-news--updates-on-/,470,183,462,182,412,171,475,183,0.0,0.0,0.0,0.0,0.0,0.0,565,147,473,180,484,183,603,204,0.0,0.0,0.0,Bournemouth,BOU
True,True,100.0,100.0,575901,0,0,0,0,1.3,0,"[{'offset': 0, 'projected_percent': '1.3', 'likelihood': 1}, {'offset': 1, 'projected_percent': '1.3', 'likelihood': 1}, {'offset': 2, 'projected_percent': '1.3', 'likelihood': 1}]",,False,0,2,0.0,0.0,0,Julio,0.0,66,False,,2026-08-15T16:30:07.021055Z,4.0,575901.jpg,0.0,False,Soler Barreto,0.3,False,,a,3,91,0,13655,564,10714,829,0.0,0.0,Soler,,10.0,2025-01-07,2005-02-16,False,p575901,0,0,0,0,0,0,0,0,0,0,0,0,0,0.0,0.0,0.0,0.0,0,0,0,0,0,0.00,0.00,0.00,0.00,,,,,,,[],,453,170,444,169,389,155,458,170,0.0,0.0,0.0,0.0,0.0,0.0,648,199,455,166,467,170,306,113,0.0,0.0,0.0,Bournemouth,BOU
True,True,,,499604,-1,1,-2,2,-7.5,-22,"[{'offset': 0, 'projected_percent': '-8.1', 'likelihood': -1}, {'offset': 1, 'projected_percent': '-9.3', 'likelihood': -1}, {'offset': 2, 'projected_percent': '-10.5', 'likelihood': -1}]",,False,0,3,2.0,2.0,2,Rayan Vitor,2.0,67,False,,,6.3,499604.jpg,2.0,False,Simplício Rocha,1.6,False,,a,3,91,10,51483,2813,166967,7471,0.3,1.6,Rayan,Rayan,30.0,2026-01-27,2006-08-03,False,p499604,434,0,0,0,7,0,0,0,0,0,0,0,45,30.4,50.4,99.0,18.0,6,4,5,15,5,0.87,0.43,1.30,6.35,,,,,,,[],,254,104,118,79,38,21,108,58,0.18,0.0,0.09,0.27,1.32,1.45,51,35,199,92,243,107,146,45,1.04,0.0,3.11,Bournemouth,BOU
True,True,,,201658,0,0,1,-1,27.7,26,"[{'offset': 0, 'projected_percent': '27.9', 'likelihood': 2}, {'offset': 1, 'projected_percent': '28.2', 'likelihood': 2}, {'offset': 2, 'projected_percent': '28.6', 'likelihood': 2}]",,False,1,3,6.2,6.2,2,Marcus,6.2,68,False,,,6.1,201658.jpg,6.2,False,Tavernier,6.7,False,,a,3,91,31,671825,60632,205623,30899,1.0,5.1,Tavernier,,241.0,2022-08-01,1999-03-22,False,p201658,424,3,0,0,8,0,0,0,2,0,0,8,153,161.8,146.1,147.0,45.5,5,26,11,42,5,1.70,0.92,2.62,6.54,1.0,,1.0,,3.0,,[],,8,5,18,17,11,6,6,5,0.36,0.0,0.2,0.56,1.39,1.7,61,42,19,9,23,10,59,19,1.06,0.0,8.92,Bournemouth,BOU
True,True,,,503139,0,0,1,-1,1.1,-69,"[{'offset': 0, 'projected_percent': '0.6', 'likelihood': 1}, {'offset': 1, 'projected_percent': '-0.6', 'likelihood': -1}, {'offset': 2, 'projected_percent': '-2.3', 'likelihood': -1}]",,False,1,3,6.0,6.0,2,Alex,6.0,69,False,,,6.1,503139.jpg,6.0,False,Scott,5.7,False,,a,3,91,30,539558,15655,199622,29446,1.0,4.9,Scott,,241.0,2023-08-10,2003-08-21,False,p503139,446,1,2,1,7,0,0,0,1,0,0,5,129,102.8,146.4,56.0,30.5,15,36,9,60,5,0.64,0.42,1.06,6.82,2.0,,4.0,,,,[],,76,23,17,16,84,50,32,23,0.13,0.0,0.08,0.21,1.38,1.41,64,45,23,10,34,16,69,23,1.01,0.2,12.11,Bournemouth,BOU
True,True,0.0,,222683,0,0,0,0,-37.4,-95,"[{'offset': 0, 'projected_percent': '-40.1', 'likelihood': -3}, {'offset': 1, 'projected_percent': '-45.5', 'likelihood': -3}, {'offset': 2, 'projected_percent': '-50.9', 'likelihood': -3}]",,False,0,3,0.0,3.0,0,Justin,3.0,70,False,Unspecified injury - Unknown return date,2026-09-20T15:30:09.074071Z,6.0,222683.jpg,3.8,False,Kluivert,0.9,False,,i,3,91,15,52618,2261,77929,13047,0.5,2.5,Kluivert,,152.0,2023-07-01,1999-05-05,False,p222683,294,1,0,2,3,0,0,0,1,0,0,1,64,62.2,46.5,120.0,22.5,2,16,4,22,4,0.99,0.08,1.07,4.48,3.0,,2.0,,2.0,,[],,159,61,134,86,22,12,67,42,0.3,0.0,0.02,0.32,1.37,0.92,67,46,126,54,107,43,190,61,1.22,0.61,6.73,Bournemouth,BOU
True,True,,,155408,0,0,0,0,-5.7,-4,"[{'offset': 0, 'projected_percent': '-7.2', 'likelihood': -1}, {'offset': 1, 'projected_percent': '-10.1', 'likelihood': -1}, {'offset': 2, 'projected_percent': '-13.0', 'likelihood': -1}]",,False,0,3,1.6,1.6,1,Lewis,1.6,71,False,,,5.0,155408.jpg,1.6,False,Cook,0.2,False,,a,3,91,8,13026,192,13641,860,0.3,1.6,Cook,,241.0,2016-07-08,1997-02-03,False,p155408,180,0,0,2,1,0,0,0,1,0,0,0,25,11.8,15.8,0.0,2.8,7,6,1,14,2,0.00,0.01,0.01,4.20,,,,,,,[],,312,138,234,126,561,238,327,153,0.0,0.0,0.0,0.0,2.1,0.5,249,155,222,101,266,118,353,126,1.0,1.0,7.0,Bournemouth,BOU
True,True,,,496208,0,0,-1,1,-56.5,0,"[{'offset': 0, 'projected_percent': '-56.5', 'likelihood': -3}, {'offset': 1, 'projected_percent': '-56.5', 'likelihood': -3}, {'offset': 2, 'projected_percent': '-56.5', 'likelihood': -3}]",,False,0,3,0.8,0.8,1,Ben,0.8,72,False,,,4.9,496208.jpg,1.0,False,Gannon-Doak,0.1,False,,a,3,91,4,1595,95,4544,284,0.2,0.8,Gannon-Doak,,243.0,2025-08-18,2005-11-11,False,p496208,12,0,0,0,1,0,0,0,0,0,0,0,15,4.0,2.9,16.0,2.3,0,5,2,7,0,0.12,0.05,0.17,0.60,,,,,,,[],,370,174,323,163,210,115,341,161,0.9,0.0,0.38,1.28,4.5,7.5,383,228,284,130,338,147,482,188,0.0,0.0,52.5,Bournemouth,BOU
True,True,100.0,100.0,200785,0,0,0,0,1.5,0,"[{'offset': 0, 'projected_percent': '1.5', 'likelihood': 1}, {'offset': 1, 'projected_percent': '1.5', 'likelihood': 1}, {'offset': 2, 'projected_percent': '1.5', 'likelihood': 1}]",,False,0,3,2.4,2.4,4,Tyler,2.4,73,False,,2026-08-15T16:30:07.029928Z,5.0,200785.jpg,2.4,False,Adams,0.3,False,,a,3,91,12,17988,779,16211,1220,0.5,2.4,Adams,,229.0,2023-08-20,1999-02-14,False,p200785,279,0,0,0,7,0,0,0,0,0,0,0,52,45.8,32.2,7.0,8.5,12,22,7,41,3,0.03,0.07,0.10,2.74,,,,,,,[],,202,87,180,105,280,144,228,105,0.01,0.0,0.02,0.03,0.88,2.26,256,159,163,69,194,83,303,105,0.97,0.0,13.23,Bournemouth,BOU
True,True,100.0,100.0,111317,0,0,0,0,-16.0,1,"[{'offset': 0, 'projected_percent': '-15.3', 'likelihood': -1}, {'offset': 1, 'projected_percent': '-13.9', 'likelihood': -1}, {'offset': 2, 'projected_percent': '-12.5', 'likelihood': -1}]",,False,0,3,0.6,0.6,1,David,0.6,74,False,,2026-08-15T16:30:07.037929Z,5.0,111317.jpg,0.8,False,Brooks,0.1,False,,a,3,91,3,3307,125,3704,246,0.1,0.6,Brooks,,244.0,2018-07-01,1997-07-08,False,p111317,45,0,0,0,2,0,0,0,1,0,0,0,8,9.2,23.6,2.0,3.5,2,3,0,5,0,0.00,0.07,0.07,0.75,4.0,,3.0,,,,[],,328,149,205,116,326,162,315,143,0.0,0.0,0.14,0.14,1.5,4.0,244,152,307,141,406,194,493,194,0.0,0.0,10.0,Bournemouth,BOU
True,True,100.0,100.0,158499,0,0,0,0,0.4,0,"[{'offset': 0, 'projected_percent': '0.4', 'likelihood': 1}, {'offset': 1, 'projected_percent': '0.4', 'likelihood': 1}, {'offset': 2, 'projected_percent': '0.4', 'likelihood': 1}]",,False,0,3,1.0,1.0,2,Ryan,1.0,75,False,,2026-07-24T17:30:10.035483Z,5.0,158499.jpg,1.2,False,Christie,0.0,False,,a,3,91,5,3469,214,2121,176,0.2,1.0,Christie,,243.0,2021-08-31,1995-02-22,False,p158499,102,0,0,0,2,0,0,0,0,0,0,0,15,9.4,17.1,31.0,5.2,3,10,1,14,1,0.50,0.13,0.63,1.64,,,,,,,[],,327,148,229,125,151,79,286,128,0.44,0.0,0.11,0.55,1.45,1.76,250,156,265,118,291,132,528,211,0.88,0.0,12.35,Bournemouth,BOU
True,True,,,614574,0,0,-1,1,-10.0,0,"[{'offset': 0, 'projected_percent': '-10.0', 'likelihood': -1}, {'offset': 1, 'projected_percent': '-10.0', 'likelihood': -1}, {'offset': 2, 'projected_percent': '-10.0', 'likelihood': -1}]",,False,0,3,0.4,0.4,1,Alex,0.4,76,False,,,4.9,614574.jpg,1.0,False,Tóth,0.0,False,,a,3,91,2,374,17,771,42,0.1,0.4,Tóth.A,,98.0,2026-01-20,2005-10-23,False,p614574,17,0,0,0,2,0,0,0,0,0,0,0,8,3.0,0.7,0.0,0.3,0,1,1,2,0,0.00,0.00,0.00,0.56,,,,,,,[],,379,176,365,182,550,231,395,184,0.0,0.0,0.0,0.0,2.96,10.59,401,244,352,165,345,153,594,247,0.0,0.0,10.59,Bournemouth,BOU
True,True,0.0,0.0,489888,0,0,-1,1,-75.6,0,"[{'offset': 0, 'projected_percent': '-75.6', 'likelihood': -3}, {'offset': 1, 'projected_percent': '-75.6', 'likelihood': -3}, {'offset': 2, 'projected_percent': '-75.6', 'likelihood': -3}]",,False,0,3,0.0,0.0,0,Amine,0.0,77,False,Calf injury - Unknown return date,2026-08-15T16:00:07.590566Z,4.9,489888.jpg,0.0,False,Adli,0.0,False,,i,3,91,0,284,15,2196,55,0.0,0.0,Adli,,145.0,2025-08-21,2000-05-10,False,p489888,0,0,0,0,0,0,0,0,0,0,0,0,0,0.0,0.0,0.0,0.0,0,0,0,0,0,0.00,0.00,0.00,0.00,,,,,,,[],https://www.afcb.co.uk/news/2026/september/10/injury-news--updates-on-/,574,239,573,245,538,220,580,241,0.0,0.0,0.0,0.0,0.0,0.0,382,227,577,242,585,246,597,250,0.0,0.0,0.0,Bournemouth,BOU
True,True,0.0,0.0,560262,0,0,-1,1,-67.4,-4,"[{'offset': 0, 'projected_percent': '-67.9', 'likelihood': -3}, {'offset': 1, 'projected_percent': '-68.9', 'likelihood': -3}, {'offset': 2, 'projected_percent': '-69.9', 'likelihood': -3}]",,False,0,3,0.0,0.0,0,Junior,0.0,78,False,Foot injury - Expected back 7 Nov,2026-07-29T17:30:09.796802Z,7.4,560262.jpg,0.0,False,Kroupi,0.2,False,,i,3,91,0,1167,121,27117,599,0.0,0.0,Kroupi.Jr,,73.0,2025-02-02,2006-06-23,False,p560262,0,0,0,0,0,0,0,0,0,0,0,0,0,0.0,0.0,0.0,0.0,0,0,0,0,0,0.00,0.00,0.00,0.00,,,,,1.0,,[],https://www.afcb.co.uk/news/2026/september/10/injury-news--updates-on-/,666,298,666,298,666,298,666,298,0.0,0.0,0.0,0.0,0.0,0.0,21,13,665,298,665,298,350,124,0.0,0.0,0.0,Bournemouth,BOU
True,True,,,444102,0,0,0,0,47.2,-22,"[{'offset': 0, 'projected_percent': '47.0', 'likelihood': 3}, {'offset': 1, 'projected_percent': '46.7', 'likelihood': 3}, {'offset': 2, 'projected_percent': '46.4', 'likelihood': 3}]",,False,0,4,3.6,3.6,2,Francisco Evanilson,3.6,79,False,,,6.0,444102.jpg,3.6,False,de Lima Barbosa,3.2,False,,a,3,91,18,247815,12354,170656,15829,0.6,3.0,Evanilson,Evanilson,30.0,2024-08-16,1999-10-06,False,p444102,424,0,3,2,5,0,0,0,1,0,0,0,66,71.4,82.6,99.0,25.2,11,13,3,27,5,0.87,0.52,1.39,6.45,,,,,,,[],,130,10,57,2,37,15,53,10,0.18,0.0,0.11,0.29,1.37,1.06,71,16,84,8,114,12,101,15,1.06,0.42,5.73,Bournemouth,BOU
True,False,0.0,0.0,168636,0,0,0,0,0.0,0,"[{'offset': 0, 'projected_percent': '0.0', 'likelihood': 0}, {'offset': 1, 'projected_percent': '0.0', 'likelihood': 0}, {'offset': 2, 'projected_percent': '0.0', 'likelihood': 0}]",,False,0,4,0.0,0.0,0,Enes,0.0,80,False,Has joined Getafe permanently,2026-08-14T14:14:21.881112Z,5.5,168636.jpg,0.0,False,Ünal,0.0,False,,u,3,91,0,0,0,1963,31,0.0,0.0,Enes Ünal,,219.0,2024-07-01,1997-05-10,False,p168636,0,0,0,0,0,0,0,0,0,0,0,0,0,0.0,0.0,0.0,0.0,0,0,0,0,0,0.00,0.00,0.00,0.00,,,,,,,[],,637,72,642,76,629,73,642,76,0.0,0.0,0.0,0.0,0.0,0.0,127,33,639,74,642,76,588,76,0.0,0.0,0.0,Bournemouth,BOU
True,True,100.0,100.0,561245,0,0,0,0,-33.9,-1,"[{'offset': 0, 'projected_percent': '-34.6', 'likelihood': -2}, {'offset': 1, 'projected_percent': '-36.0', 'likelihood': -2}, {'offset': 2, 'projected_percent': '-37.4', 'likelihood': -2}]",,False,0,4,0.4,0.4,0,Álvaro,0.4,81,False,,2026-08-15T16:30:07.054142Z,6.0,561245.jpg,1.0,False,Rodríguez,0.1,False,,a,3,91,2,5222,515,6637,506,0.1,0.3,Rodríguez,,230.0,2026-07-14,2004-07-14,False,p561245,10,0,0,0,1,0,0,0,0,0,0,0,7,0.0,0.5,0.0,0.1,0,1,0,1,0,0.00,0.00,0.00,0.18,,,,,,,[],,658,76,374,46,655,76,408,48,0.0,0.0,0.0,0.0,1.62,9.0,74,18,358,43,392,46,389,57,0.0,0.0,9.0,Bournemouth,BOU
True,True,,,483067,0,0,0,0,1.2,3,"[{'offset': 0, 'projected_percent': '1.2', 'likelihood': 1}, {'offset': 1, 'projected_percent': '1.3', 'likelihood': 1}, {'offset': 2, 'projected_percent': '1.3', 'likelihood': 1}]",,False,0,2,2.6,2.6,3,António João,2.6,566,False,,,5.0,483067.jpg,2.6,False,Pereira de Albuquerque Tavares da Silva,0.4,False,,a,3,91,13,28297,2835,23192,1751,0.5,2.6,Silva,António Silva,173.0,2026-08-01,2003-10-30,False,p483067,450,0,0,0,8,0,0,0,2,0,0,0,30,124.6,10.1,43.0,17.7,51,14,5,56,5,0.85,0.29,1.14,6.95,,,,,,,[],,37,16,280,101,111,26,111,36,0.17,0.0,0.06,0.23,1.39,1.6,291,48,143,53,182,70,270,98,1.0,0.0,11.2,Bournemouth,BOU
True,True,,,494928,0,0,-1,1,-9.1,0,"[{'offset': 0, 'projected_percent': '-9.1', 'likelihood': -1}, {'offset': 1, 'projected_percent': '-9.1', 'likelihood': -1}, {'offset': 2, 'projected_percent': '-9.1', 'likelihood': -1}]",,False,0,2,0.0,0.0,0,Juanlu,0.0,573,False,,,4.4,494928.jpg,0.0,False,Sánchez,0.2,False,,a,3,91,0,1535,115,6958,301,0.0,0.0,Sanchez,,200.0,2026-08-06,2003-08-15,False,p494928,0,0,0,0,0,0,0,0,0,0,0,0,0,0.0,0.0,0.0,0.0,0,0,0,0,0,0.00,0.00,0.00,0.00,,,,,,,[],,472,184,464,183,414,172,477,184,0.0,0.0,0.0,0.0,0.0,0.0,571,151,475,181,486,184,357,135,0.0,0.0,0.0,Bournemouth,BOU
True,True,,,523700,0,0,0,0,0.5,1,"[{'offset': 0, 'projected_percent': '0.5', 'likelihood': 1}, {'offset': 1, 'projected_percent': '0.6', 'likelihood': 1}, {'offset': 2, 'projected_percent': '0.6', 'likelihood': 1}]",,False,0,4,0.6,0.6,1,Daniel,0.6,608,False,,,5.0,523700.jpg,1.0,False,Jebbison,0.1,False,,a,3,91,3,13016,653,6990,635,0.1,0.6,Jebbison,,39.0,2024-07-10,2003-08-13,False,p523700,31,0,0,0,2,0,0,0,0,0,0,0,13,3.6,1.6,21.0,2.6,0,1,0,1,0,0.10,0.00,0.10,0.61,,,,,,,[],,372,36,341,44,184,30,334,36,0.29,0.0,0.0,0.29,1.77,5.81,314,59,310,36,354,37,403,59,0.0,0.0,2.9,Bournemouth,BOU
True,True,,,230650,0,0,0,0,-25.8,0,"[{'offset': 0, 'projected_percent': '-25.8', 'likelihood': -2}, {'offset': 1, 'projected_percent': '-25.8', 'likelihood': -2}, {'offset': 2, 'projected_percent': '-25.8', 'likelihood': -2}]",,False,0,1,0.0,0.0,0,Michele,0.0,615,False,,,4.5,230650.jpg,0.0,False,Di Gregorio,0.0,False,,a,3,91,0,2879,136,1685,136,0.0,0.0,Di Gregorio,,106.0,2026-08-25,1997-07-27,False,p230650,0,0,0,0,0,0,0,0,0,0,0,0,0,0.0,0.0,0.0,0.0,0,0,0,0,0,0.00,0.00,0.00,0.00,,,,,,,[],,492,61,487,46,438,41,497,61,0.0,0.0,0.0,0.0,0.0,0.0,459,34,496,61,506,61,519,60,0.0,0.0,0.0,Bournemouth,BOU
True,True,,,200720,0,0,0,0,18.5,23,"[{'offset': 0, 'projected_percent': '18.7', 'likelihood': 1}, {'offset': 1, 'projected_percent': '19.0', 'likelihood': 1}, {'offset': 2, 'projected_percent': '19.3', 'likelihood': 1}]",,False,0,1,3.2,3.2,6,Caoimhín,3.2,82,False,,,5.0,200720.jpg,4.0,False,Kelleher,6.1,False,,a,4,94,20,247067,15430,208947,8681,0.6,4.0,Kelleher,,104.0,2025-06-03,1998-11-23,False,p200720,450,0,0,2,4,0,0,0,0,0,17,0,97,118.0,0.0,0.0,11.7,7,34,0,0,5,0.00,0.01,0.01,6.32,,,,,,,[],,46,8,589,65,564,64,186,9,0.0,3.4,0.0,0.0,1.26,0.8,255,9,102,11,90,8,62,9,1.0,0.4,0.0,Brentford,BRE
True,True,,,507433,0,0,0,0,-69.5,1,"[{'offset': 0, 'projected_percent': '-68.6', 'likelihood': -3}, {'offset': 1, 'projected_percent': '-66.8', 'likelihood': -3}, {'offset': 2, 'projected_percent': '-65.1', 'likelihood': -3}]",,False,0,1,0.0,0.0,0,Hákon Rafn,0.0,83,False,,,4.5,507433.jpg,0.0,False,Valdimarsson,0.1,False,,a,4,94,0,2766,201,4489,239,0.0,0.0,Valdimarsson,,99.0,2024-01-26,2001-10-13,False,p507433,0,0,0,0,0,0,0,0,0,0,0,0,0,0.0,0.0,0.0,0.0,0,0,0,0,0,0.00,0.00,0.00,0.00,,,,,,,[],,508,64,505,51,462,49,513,64,0.0,0.0,0.0,0.0,0.0,0.0,494,42,512,64,522,64,418,48,0.0,0.0,0.0,Brentford,BRE
True,True,0.0,0.0,432830,0,0,-1,1,-21.4,-32,"[{'offset': 0, 'projected_percent': '-22.3', 'likelihood': -2}, {'offset': 1, 'projected_percent': '-23.9', 'likelihood': -2}, {'offset': 2, 'projected_percent': '-25.6', 'likelihood': -2}]",,False,0,2,0.0,0.0,0,Nathan,1.0,84,False,Calf injury - Unknown return date,2026-09-05T18:00:06.182495Z,5.4,432830.jpg,3.3,False,Collins,1.0,False,,i,4,94,10,58697,78,154256,6900,0.2,1.9,Collins,,104.0,2023-07-04,2001-04-30,False,p432830,196,0,0,1,1,0,0,0,1,0,0,0,39,40.6,22.4,51.0,11.4,15,11,2,17,3,0.51,0.05,0.56,2.13,,,,,,,[],https://www.brentfordfc.com/en/news/article/first-team-bournemouth-v-brentford-premier-league-keith-andrews-squad-news-update-nathan-collins,214,86,211,69,91,17,193,70,0.23,0.0,0.02,0.25,0.98,0.46,189,23,271,99,123,51,180,68,1.38,0.46,7.81,Brentford,BRE
True,True,0.0,0.0,444765,0,0,-1,1,-70.1,-4,"[{'offset': 0, 'projected_percent': '-71.8', 'likelihood': -3}, {'offset': 1, 'projected_percent': '-75.2', 'likelihood': -3}, {'offset': 2, 'projected_percent': '-78.7', 'likelihood': -3}]",,False,0,2,0.0,0.0,0,Sepp,0.0,85,False,Groin injury - Unknown return date,2026-08-15T15:30:06.416627Z,4.9,444765.jpg,0.0,False,van den Berg,0.1,False,,i,4,94,0,400,27,8831,225,0.0,0.0,Van den Berg,,152.0,2024-08-22,2001-12-20,False,p444765,0,0,0,0,0,0,0,0,0,0,0,0,0,0.0,0.0,0.0,0.0,0,0,0,0,0,0.00,0.00,0.00,0.00,,,,,,,[],https://www.brentfordfc.com/en/news/article/first-team-brentford-v-tottenham-hotspur-premier-league-team-news-mamadou-sangar%C3%A9,569,207,567,206,532,203,575,207,0.0,0.0,0.0,0.0,0.0,0.0,370,66,572,205,580,206,478,169,0.0,0.0,0.0,Brentford,BRE
True,True,,,249231,0,0,0,0,30.6,-20,"[{'offset': 0, 'projected_percent': '30.5', 'likelihood': 2}, {'offset': 1, 'projected_percent': '30.2', 'likelihood': 2}, {'offset': 2, 'projected_percent': '29.9', 'likelihood': 2}]",,False,0,3,3.0,3.0,3,Keane,3.0,86,False,,,5.5,249231.jpg,4.4,False,Lewis-Potter,1.7,False,,a,4,94,22,189550,2905,117858,9477,0.5,4.0,Lewis-Potter,,241.0,2022-07-12,2001-02-22,False,p249231,406,1,1,2,4,0,0,0,0,0,0,3,85,113.6,109.3,73.0,29.5,17,15,6,38,5,1.21,0.79,2.00,5.69,,,1.0,,,,[],,53,18,36,31,55,34,35,25,0.27,0.0,0.18,0.45,1.26,0.89,140,85,122,51,75,29,137,43,1.11,0.44,8.42,Brentford,BRE
True,True,,,191866,0,0,0,0,28.8,11,"[{'offset': 0, 'projected_percent': '28.8', 'likelihood': 2}, {'offset': 1, 'projected_percent': '29.0', 'likelihood': 2}, {'offset': 2, 'projected_percent': '29.1', 'likelihood': 2}]",,False,0,2,3.2,3.2,7,Kristoffer,3.2,87,False,,,4.5,191866.jpg,4.2,False,Ajer,3.9,False,,a,4,94,21,314070,8583,270113,16421,0.7,4.7,Ajer,,161.0,2021-07-21,1998-04-17,False,p191866,450,0,0,2,4,0,0,0,1,0,0,1,73,104.2,34.0,49.0,18.8,46,11,4,50,5,0.13,0.08,0.21,6.32,,,,,,,[],,71,32,172,52,94,19,100,31,0.03,0.0,0.02,0.05,1.26,0.8,449,95,101,42,80,35,86,33,1.0,0.4,10.0,Brentford,BRE
True,True,,,607464,0,0,1,-1,-33.9,-17,"[{'offset': 0, 'projected_percent': '-34.0', 'likelihood': -2}, {'offset': 1, 'projected_percent': '-34.4', 'likelihood': -2}, {'offset': 2, 'projected_percent': '-34.7', 'likelihood': -2}]",,False,1,2,2.5,2.5,6,Michael,2.5,88,False,,,4.6,607464.jpg,4.6,False,Kayode,7.7,False,,a,4,94,23,593036,10338,361463,15229,0.5,5.0,Kayode,,106.0,2025-07-01,2004-07-10,False,p607464,294,1,0,2,1,0,0,0,0,0,0,1,72,63.8,32.9,56.0,15.3,14,14,2,16,4,0.55,0.43,0.98,3.24,,,,,,,[],,151,65,175,54,82,14,137,46,0.17,0.0,0.13,0.3,0.99,0.31,427,83,151,59,71,32,50,19,1.22,0.61,4.9,Brentford,BRE
True,True,,,194010,0,0,-1,1,-11.9,0,"[{'offset': 0, 'projected_percent': '-11.9', 'likelihood': -1}, {'offset': 1, 'projected_percent': '-11.9', 'likelihood': -1}, {'offset': 2, 'projected_percent': '-11.9', 'likelihood': -1}]",,False,0,2,0.2,0.2,0,Rico,0.2,89,False,,,4.4,194010.jpg,1.0,False,Henry,0.2,False,,a,4,94,1,1943,119,8422,424,0.0,0.2,Henry,,107.0,2016-08-31,1997-07-08,False,p194010,2,0,0,0,0,0,0,0,0,0,0,0,3,0.0,0.0,0.0,0.0,0,0,0,0,0,0.00,0.00,0.00,0.00,,,,,,,[],,468,182,460,181,409,169,473,182,0.0,0.0,0.0,0.0,0.0,0.0,557,140,371,133,310,115,338,127,0.0,0.0,0.0,Brentford,BRE
True,True,,,472713,0,0,0,0,-27.7,-2,"[{'offset': 0, 'projected_percent': '-29.8', 'likelihood': -2}, {'offset': 1, 'projected_percent': '-33.9', 'likelihood': -2}, {'offset': 2, 'projected_percent': '-38.1', 'likelihood': -2}]",,False,0,2,1.0,1.0,1,Aaron,1.0,90,False,,,4.5,472713.jpg,1.0,False,Hickey,0.1,False,,a,4,94,5,2042,128,2911,178,0.2,1.1,Hickey,,243.0,2022-07-09,2002-06-10,False,p472713,152,0,0,0,3,0,0,0,0,0,0,0,17,32.8,7.8,6.0,4.7,13,8,4,17,1,0.03,0.06,0.09,3.07,,,,,,,[],,244,99,285,103,284,101,298,111,0.02,0.0,0.04,0.06,1.82,1.78,483,118,259,94,320,123,459,164,0.59,0.0,10.07,Brentford,BRE
True,True,,,570241,-1,1,-1,1,-4.4,0,"[{'offset': 0, 'projected_percent': '-4.4', 'likelihood': -1}, {'offset': 1, 'projected_percent': '-4.4', 'likelihood': -1}, {'offset': 2, 'projected_percent': '-4.4', 'likelihood': -1}]",,False,0,2,0.0,0.0,0,Kim,0.0,92,False,,,4.4,570241.jpg,0.0,False,Ji-soo,0.0,False,,a,4,94,0,480,46,945,73,0.0,0.0,Ji-soo,Kim Ji-Soo,114.0,2023-07-20,2004-12-24,False,p570241,0,0,0,0,0,0,0,0,0,0,0,0,0,0.0,0.0,0.0,0.0,0,0,0,0,0,0.00,0.00,0.00,0.00,,,,,,,[],,477,185,469,184,419,173,482,185,0.0,0.0,0.0,0.0,0.0,0.0,576,152,480,182,491,185,579,197,0.0,0.0,0.0,Brentford,BRE
True,True,,,513086,0,0,0,0,4.1,26,"[{'offset': 0, 'projected_percent': '4.2', 'likelihood': 1}, {'offset': 1, 'projected_percent': '4.6', 'likelihood': 1}, {'offset': 2, 'projected_percent': '4.9', 'likelihood': 1}]",,False,1,2,5.2,5.2,14,Jannik,5.2,93,False,,,4.5,513086.jpg,7.0,False,Schuster,0.3,False,,a,4,94,21,13895,12333,5804,1316,1.2,4.7,Schuster,,14.0,2026-06-15,2006-05-16,False,p513086,253,0,1,1,3,0,0,0,0,0,0,3,59,92.4,11.5,16.0,12.0,35,6,3,38,2,0.10,0.54,0.64,4.19,,,,,,,[],,91,42,269,97,209,64,180,65,0.04,0.0,0.19,0.23,1.49,1.07,496,122,37,13,11,6,309,115,0.71,0.36,13.52,Brentford,BRE
True,True,,,513418,1,-1,2,-2,1.6,849,"[{'offset': 0, 'projected_percent': '3.8', 'likelihood': 1}, {'offset': 1, 'projected_percent': '8.1', 'likelihood': 1}, {'offset': 2, 'projected_percent': '12.5', 'likelihood': 1}]",,False,1,3,9.0,9.0,9,Kevin,9.0,94,True,,,6.2,513418.jpg,7.8,False,Schade,10.6,False,,a,4,94,39,923608,303753,234558,14554,1.5,6.3,Schade,,80.0,2023-07-01,2001-11-27,False,p513418,447,3,2,2,4,0,0,0,0,0,0,6,138,146.2,48.0,160.0,35.4,6,21,7,34,5,1.52,0.32,1.84,6.32,,,,,2.0,,[],,20,11,126,84,7,3,19,15,0.31,0.0,0.06,0.37,1.27,0.81,58,41,4,2,6,3,37,15,1.01,0.4,6.85,Brentford,BRE
True,True,,,533463,0,0,-2,2,-38.8,-7,"[{'offset': 0, 'projected_percent': '-39.8', 'likelihood': -2}, {'offset': 1, 'projected_percent': '-42.0', 'likelihood': -3}, {'offset': 2, 'projected_percent': '-44.1', 'likelihood': -3}]",,False,0,3,1.0,1.0,1,Dango,1.0,95,False,,,6.3,533463.jpg,1.4,False,Ouattara,0.5,False,,a,4,94,7,14935,574,81372,2793,0.2,1.1,O.Dango,,35.0,2025-08-16,2002-02-11,False,p533463,179,0,0,1,1,0,0,0,0,0,0,0,34,25.4,59.3,23.0,10.8,9,17,2,28,2,0.09,0.39,0.48,2.81,4.0,,,,,,[],,264,110,95,67,175,94,200,96,0.05,0.0,0.2,0.25,1.41,0.5,52,36,276,128,280,126,254,83,1.01,0.5,14.08,Brentford,BRE
True,True,,,440089,0,0,-1,1,-9.1,-2,"[{'offset': 0, 'projected_percent': '-9.3', 'likelihood': -1}, {'offset': 1, 'projected_percent': '-9.9', 'likelihood': -1}, {'offset': 2, 'projected_percent': '-10.5', 'likelihood': -1}]",,False,0,3,3.8,3.8,3,Mikkel,3.8,96,False,,,5.4,440089.jpg,3.2,False,Damsgaard,0.4,False,,a,4,94,16,14596,1085,29689,1573,0.7,3.0,Damsgaard,,58.0,2022-08-10,2000-07-03,False,p440089,283,0,1,2,1,0,0,0,0,0,0,3,74,47.4,118.2,42.0,20.7,6,18,7,31,3,0.17,0.73,0.90,3.06,2.0,,3.0,,,,[],,200,86,31,27,115,65,82,47,0.05,0.0,0.23,0.28,0.97,0.32,191,120,81,33,131,51,262,87,0.95,0.64,9.86,Brentford,BRE
True,True,0.0,0.0,207283,0,0,-1,1,-48.1,-1,"[{'offset': 0, 'projected_percent': '-48.4', 'likelihood': -3}, {'offset': 1, 'projected_percent': '-49.0', 'likelihood': -3}, {'offset': 2, 'projected_percent': '-49.7', 'likelihood': -3}]",,False,0,3,0.0,0.0,0,Mathias,0.0,97,False,Unspecified injury - Expected back 10 Oct,2026-08-30T12:30:08.176795Z,5.4,207283.jpg,6.0,False,Jensen,0.1,False,,i,4,94,6,4497,12,14888,454,0.0,1.1,Jensen,,58.0,2019-07-10,1996-01-01,False,p207283,66,0,1,1,0,0,0,0,0,0,0,0,22,12.6,46.2,13.0,7.2,0,3,2,5,1,0.08,0.34,0.42,0.47,1.0,,2.0,,3.0,,[],https://www.brentfordfc.com/en/news/article/first-team-brentford-v-chelsea-premier-league-igor-thiago,309,136,136,87,234,121,247,109,0.11,0.0,0.46,0.57,0.64,0.0,178,113,631,275,29,13,420,157,1.36,1.36,6.82,Brentford,BRE
True,True,,,204580,0,0,0,0,72.4,7,"[{'offset': 0, 'projected_percent': '72.4', 'likelihood': 3}, {'offset': 1, 'projected_percent': '72.5', 'likelihood': 3}, {'offset': 2, 'projected_percent': '72.6', 'likelihood': 3}]",,False,1,3,4.8,4.8,3,Vitaly,4.8,98,False,,,5.0,204580.jpg,5.6,False,Janelt,2.5,False,,a,4,94,28,302089,15029,102674,13583,1.0,5.6,Janelt,,80.0,2020-10-03,1998-05-10,False,p204580,450,2,0,2,4,0,0,0,3,0,0,3,109,164.0,97.5,47.0,30.9,27,20,17,64,5,0.53,0.44,0.97,6.32,3.0,,,,,,[],,7,4,42,35,100,55,31,22,0.11,0.0,0.09,0.2,1.26,0.8,258,161,47,18,38,19,113,34,1.0,0.4,12.8,Brentford,BRE
True,True,0.0,0.0,543295,0,0,0,0,-38.9,0,"[{'offset': 0, 'projected_percent': '-38.9', 'likelihood': -2}, {'offset': 1, 'projected_percent': '-38.9', 'likelihood': -2}, {'offset': 2, 'projected_percent': '-38.9', 'likelihood': -2}]",,False,0,3,0.0,0.0,0,Antoni,0.0,99,False,Knee injury - Unknown return date,2026-07-23T12:01:23.384798Z,5.0,543295.jpg,0.0,False,Milambo,0.0,False,,i,4,94,0,115,6,158,6,0.0,0.0,Milambo,,152.0,2025-07-03,2005-04-03,False,p543295,0,0,0,0,0,0,0,0,0,0,0,0,0,0.0,0.0,0.0,0.0,0,0,0,0,0,0.00,0.00,0.00,0.00,,,,,,,[],https://www.brentfordfc.com/en/news/video/first-team-fabio-carvalho-brentford-injury-return-keith-andrews?utm_source=chatgpt.com,614,264,620,269,596,254,620,266,0.0,0.0,0.0,0.0,0.0,0.0,318,192,617,267,623,269,657,290,0.0,0.0,0.0,Brentford,BRE
True,True,100.0,100.0,244858,0,0,0,0,0.2,4,"[{'offset': 0, 'projected_percent': '0.3', 'likelihood': 1}, {'offset': 1, 'projected_percent': '0.3', 'likelihood': 1}, {'offset': 2, 'projected_percent': '0.4', 'likelihood': 1}]",,False,0,3,1.5,1.5,6,Fábio,1.5,100,False,,2026-08-18T13:58:17.442072Z,5.0,244858.jpg,6.0,False,Freitas Gouveia Carvalho,0.0,False,,a,4,94,6,1779,481,1404,126,0.3,1.2,Carvalho,Fábio Carvalho,173.0,2024-08-12,2002-08-30,False,p244858,3,1,0,0,0,0,0,0,0,0,0,0,23,33.2,0.3,33.0,6.7,0,0,0,0,0,0.43,0.00,0.43,0.13,,,,,,,[],,242,102,381,190,143,76,258,115,12.9,0.0,0.0,12.9,3.9,0.0,275,169,236,107,27,12,556,229,0.0,0.0,0.0,Brentford,BRE
True,True,,,508395,0,0,-2,2,-14.3,-6,"[{'offset': 0, 'projected_percent': '-14.9', 'likelihood': -1}, {'offset': 1, 'projected_percent': '-16.2', 'likelihood': -1}, {'offset': 2, 'projected_percent': '-17.6', 'likelihood': -1}]",,False,0,3,2.0,2.0,3,Yehor,2.0,102,False,,,4.8,508395.jpg,1.8,False,Yarmoliuk,0.7,False,,a,4,94,9,5400,947,60733,2383,0.4,1.9,Yarmoliuk,,225.0,2022-10-28,2004-03-01,False,p508395,216,0,1,1,4,0,0,0,1,0,0,0,50,53.0,60.5,20.0,13.4,7,14,5,26,2,0.10,0.30,0.40,4.58,,,,,,,[],,181,72,93,65,188,101,164,84,0.04,0.0,0.12,0.16,1.91,1.67,417,255,188,84,252,110,222,70,0.83,0.42,10.83,Brentford,BRE
True,True,0.0,0.0,183656,0,0,-1,1,-51.9,-1,"[{'offset': 0, 'projected_percent': '-54.3', 'likelihood': -3}, {'offset': 1, 'projected_percent': '-59.1', 'likelihood': -3}, {'offset': 2, 'projected_percent': '-63.8', 'likelihood': -3}]",,False,0,3,0.0,0.0,0,Josh,0.0,103,False,Hamstring injury - Expected back 10 Oct,2026-09-04T13:30:08.371955Z,4.9,183656.jpg,0.0,False,Dasilva,0.0,False,,i,4,94,0,398,7,1919,74,0.0,0.0,Dasilva,,241.0,2025-10-23,1998-10-23,False,p183656,0,0,0,0,0,0,0,0,0,0,0,0,0,0.0,0.0,0.0,0.0,0,0,0,0,0,0.00,0.00,0.00,0.00,,,,,,,[],https://www.brentfordfc.com/en/news/article/first-team-brentford-v-sunderland-premier-league-team-news-mathias-jensen,563,232,559,237,524,212,568,233,0.0,0.0,0.0,0.0,0.0,0.0,349,210,566,235,574,239,596,249,0.0,0.0,0.0,Brentford,BRE
True,True,,,444180,0,0,-1,1,0.5,8,"[{'offset': 0, 'projected_percent': '0.6', 'likelihood': 1}, {'offset': 1, 'projected_percent': '0.7', 'likelihood': 1}, {'offset': 2, 'projected_percent': '0.8', 'likelihood': 1}]",,False,0,3,3.5,3.5,10,Jaidon,3.5,105,False,,,5.9,444180.jpg,3.0,False,Anthony,0.1,False,,a,4,94,15,6732,1734,10829,428,0.6,2.5,Anthony,,241.0,2026-07-07,1999-12-01,False,p444180,267,1,0,2,3,0,0,0,1,0,0,2,59,65.0,89.3,58.0,21.2,6,16,4,26,3,1.15,0.54,1.69,3.50,,,,,,,[],,146,51,50,41,76,47,81,46,0.39,0.0,0.18,0.57,1.18,1.01,86,56,94,38,154,64,373,134,1.01,0.67,8.76,Brentford,BRE
True,True,,,502500,0,0,-2,2,5.6,29,"[{'offset': 0, 'projected_percent': '5.8', 'likelihood': 1}, {'offset': 1, 'projected_percent': '6.2', 'likelihood': 1}, {'offset': 2, 'projected_percent': '6.6', 'likelihood': 1}]",,False,0,4,2.5,2.5,5,Igor Thiago,2.5,106,False,,,7.8,502500.jpg,2.0,False,Nascimento Rodrigues,9.0,False,,a,4,94,10,261052,40629,1023931,27023,0.3,1.3,Thiago,Igor Thiago,30.0,2024-07-01,2001-06-26,False,p502500,442,1,0,2,4,0,0,1,2,0,0,0,37,48.8,43.6,146.0,23.6,4,12,3,19,5,3.13,0.16,3.29,6.25,,,,,1.0,,[],,198,15,144,15,12,6,60,11,0.64,0.0,0.03,0.67,1.27,0.81,14,4,161,16,247,29,41,6,1.02,0.41,3.87,Brentford,BRE
True,True,0.0,0.0,593174,0,0,0,0,-1.5,-28,"[{'offset': 0, 'projected_percent': '-2.3', 'likelihood': -1}, {'offset': 1, 'projected_percent': '-3.9', 'likelihood': -1}, {'offset': 2, 'projected_percent': '-5.5', 'likelihood': -1}]",,False,0,4,0.0,0.0,0,Kaye,0.0,107,False,Unspecified injury - Unknown return date,2026-09-14T14:00:09.985723Z,4.5,593174.jpg,0.0,False,Furo,0.9,False,,i,4,94,0,61519,446,64479,7317,0.0,0.0,Furo,,21.0,2026-01-11,2007-02-06,False,p593174,0,0,0,0,0,0,0,0,0,0,0,0,0,0.0,0.0,0.0,0.0,0,0,0,0,0,0.00,0.00,0.00,0.00,,,,,,,[],https://www.brentfordfc.com/en/news/article/first-team-reading-v-brentford-carabao-cup-keith-andrews-squad-update-kaye-furo-injury,529,53,525,57,483,52,534,57,0.0,0.0,0.0,0.0,0.0,0.0,520,74,533,55,542,58,192,30,0.0,0.0,0.0,Brentford,BRE
True,True,,,75115,-1,1,-1,1,-9.7,-4,"[{'offset': 0, 'projected_percent': '-10.3', 'likelihood': -1}, {'offset': 1, 'projected_percent': '-11.4', 'likelihood': -1}, {'offset': 2, 'projected_percent': '-12.5', 'likelihood': -1}]",,False,0,4,0.5,0.5,0,Callum,0.5,108,False,,,5.4,75115.jpg,1.0,False,Wilson,0.3,False,,a,4,94,3,15170,821,25970,1905,0.1,0.6,Wilson,,241.0,2026-07-09,1992-02-27,False,p75115,13,0,0,0,0,0,0,0,0,0,0,0,9,3.2,10.4,12.0,2.6,1,1,0,2,0,0.07,0.04,0.11,0.15,,,,,,,[],,376,38,278,37,240,35,335,37,0.48,0.0,0.28,0.76,1.04,0.0,167,40,340,40,372,41,290,49,0.0,0.0,13.85,Brentford,BRE
True,True,,,513545,-1,1,1,-1,-24.2,-280,"[{'offset': 0, 'projected_percent': '-25.4', 'likelihood': -2}, {'offset': 1, 'projected_percent': '-27.7', 'likelihood': -2}, {'offset': 2, 'projected_percent': '-30.0', 'likelihood': -2}]",,False,1,3,2.0,2.0,0,Mamadou,2.0,565,False,,,5.6,513545.jpg,4.4,False,Sangaré,10.2,False,,a,4,94,22,1225650,6362,798061,116172,0.4,3.9,M.Sangaré,,132.0,2026-08-01,2002-06-26,False,p513545,321,0,2,1,3,0,0,0,2,0,0,3,76,76.4,57.8,40.0,17.1,12,22,14,48,4,0.41,0.65,1.06,4.31,,,,,,,[],,120,39,99,68,123,68,115,61,0.11,0.0,0.18,0.29,1.21,0.84,121,78,197,90,77,31,38,16,1.12,0.28,13.46,Brentford,BRE
True,True,,,613804,0,0,0,0,-33.0,0,"[{'offset': 0, 'projected_percent': '-33.0', 'likelihood': -2}, {'offset': 1, 'projected_percent': '-33.0', 'likelihood': -2}, {'offset': 2, 'projected_percent': '-33.0', 'likelihood': -2}]",,False,0,2,0.5,0.5,1,El Hadji Malick,0.5,620,False,,,4.5,613804.jpg,1.0,False,Diouf,0.1,False,,a,4,94,2,13503,342,7193,531,0.1,0.4,Diouf,El Hadji Malick Diouf,189.0,2026-08-28,2004-12-29,False,p613804,39,0,0,0,0,0,0,0,0,0,0,0,7,5.6,1.3,0.0,0.7,2,1,0,2,0,0.00,0.01,0.01,0.63,,,,,,,[],,356,133,350,129,490,193,383,137,0.0,0.0,0.02,0.02,1.45,0.0,529,132,325,117,322,124,431,157,0.0,0.0,4.62,Brentford,BRE
True,True,,,626464,0,0,0,0,0.0,0,"[{'offset': 0, 'projected_percent': '0.0', 'likelihood': 0}, {'offset': 1, 'projected_percent': '0.0', 'likelihood': 0}, {'offset': 2, 'projected_percent': '0.0', 'likelihood': 0}]",2026-09-25T22:05:18.379374Z,False,0,3,0.0,0.0,0,Gustavo,0.0,657,False,,,4.5,626464.jpg,0.0,False,Nunes Fernandes Gomes,0.0,False,,a,4,94,0,2001,259,592,199,0.0,0.0,Nunes,Gustavo Nunes,30.0,2024-08-28,2005-11-20,False,p626464,0,0,0,0,0,0,0,0,0,0,0,0,0,0.0,0.0,0.0,0.0,0,0,0,0,0,0.00,0.00,0.00,0.00,,,,,,,[],,538,215,534,221,494,193,543,216,0.0,0.0,0.0,0.0,0.0,0.0,534,279,542,219,551,223,562,234,0.0,0.0,0.0,Brentford,BRE
True,True,,,612534,0,0,0,0,0.0,0,"[{'offset': 0, 'projected_percent': '0.0', 'likelihood': 0}, {'offset': 1, 'projected_percent': '0.0', 'likelihood': 0}, {'offset': 2, 'projected_percent': '0.0', 'likelihood': 0}]",2026-10-01T21:16:22.650713Z,False,0,2,1.1,1.1,0,Benjamin,0.0,660,False,,,4.0,612534.jpg,0.0,False,Fredrick,0.0,False,,a,4,94,0,368,368,40,40,0.0,0.0,Fredrick,,157.0,2024-01-05,2005-05-28,False,p612534,0,0,0,0,0,0,0,0,0,0,0,0,0,0.0,0.0,0.0,0.0,0,0,0,0,0,0.00,0.00,0.00,0.00,,,,,,,[],,460,176,451,175,396,161,465,176,0.0,0.0,0.0,0.0,0.0,0.0,656,206,462,172,474,176,636,212,0.0,0.0,0.0,Brentford,BRE
True,True,,,235448,0,0,0,0,0.0,0,"[{'offset': 0, 'projected_percent': '0.0', 'likelihood': 0}, {'offset': 1, 'projected_percent': '0.0', 'likelihood': 0}, {'offset': 2, 'projected_percent': '0.0', 'likelihood': 0}]",2026-10-01T21:16:40.866514Z,False,0,1,1.0,1.0,0,Ellery,0.0,661,False,,,4.0,235448.jpg,0.0,False,Balcombe,0.0,False,,a,4,94,0,2218,2218,338,338,0.0,0.0,Balcombe,,241.0,2016-11-02,1999-10-15,False,p235448,0,0,0,0,0,0,0,0,0,0,0,0,0,0.0,0.0,0.0,0.0,0,0,0,0,0,0.00,0.00,0.00,0.00,,,,,,,[],,430,40,421,21,365,16,435,40,0.0,0.0,0.0,0.0,0.0,0.0,615,64,432,40,444,40,537,62,0.0,0.0,0.0,Brentford,BRE
True,True,,,489639,0,0,0,0,58.3,63,"[{'offset': 0, 'projected_percent': '58.7', 'likelihood': 3}, {'offset': 1, 'projected_percent': '59.6', 'likelihood': 3}, {'offset': 2, 'projected_percent': '60.5', 'likelihood': 3}]",,False,0,1,4.6,4.6,6,Bart,4.6,109,False,,,4.5,489639.jpg,4.6,False,Verbruggen,21.7,False,,a,5,36,23,744861,51386,586600,50746,1.0,5.1,Verbruggen,,152.0,2023-07-03,2002-08-18,False,p489639,450,0,0,3,5,0,0,0,0,0,12,0,107,113.8,3.0,0.0,11.7,3,34,0,0,5,0.00,0.20,0.20,8.67,,,,,,,[],,52,10,321,4,455,48,185,8,0.0,2.4,0.04,0.04,1.73,1.0,487,41,53,5,70,6,16,2,1.0,0.6,0.0,Brighton,BHA
True,True,,,49262,0,0,0,0,0.2,-8,"[{'offset': 0, 'projected_percent': '0.2', 'likelihood': 1}, {'offset': 1, 'projected_percent': '0.1', 'likelihood': 1}, {'offset': 2, 'projected_percent': '-0.1', 'likelihood': -1}]",,False,0,1,0.0,0.0,0,Jason,0.0,111,False,,,4.0,49262.jpg,0.0,False,Steele,4.1,False,,a,5,36,0,145623,5436,116700,10945,0.0,0.0,Steele,,241.0,2018-07-01,1990-08-18,False,p49262,0,0,0,0,0,0,0,0,0,0,0,0,0,0.0,0.0,0.0,0.0,0,0,0,0,0,0.00,0.00,0.00,0.00,,,,,,,[],,412,27,400,8,344,3,416,27,0.0,0.0,0.0,0.0,0.0,0.0,589,51,412,27,426,27,81,12,0.0,0.0,0.0,Brighton,BHA
True,True,100.0,100.0,231416,0,0,-1,1,-56.4,-1,"[{'offset': 0, 'projected_percent': '-56.4', 'likelihood': -3}, {'offset': 1, 'projected_percent': '-56.4', 'likelihood': -3}, {'offset': 2, 'projected_percent': '-56.5', 'likelihood': -3}]",,False,0,2,2.6,2.6,5,Ferdi,2.6,113,False,,2026-08-23T13:00:07.595211Z,4.4,231416.jpg,3.2,False,Kadıoğlu,1.6,False,,a,5,36,13,29367,2954,132709,5166,0.6,3.0,F.Kadıoğlu,,219.0,2024-08-27,1999-10-07,False,p231416,332,0,0,2,5,0,0,0,1,0,0,0,46,31.2,58.1,32.0,12.2,9,8,1,10,4,0.12,0.13,0.25,7.55,3.0,,,,,,[],,250,105,98,23,146,41,179,64,0.03,0.0,0.04,0.07,2.05,1.36,561,144,140,51,124,52,145,58,1.08,0.54,2.71,Brighton,BHA
True,True,,,204120,0,0,0,0,2.3,8,"[{'offset': 0, 'projected_percent': '2.4', 'likelihood': 1}, {'offset': 1, 'projected_percent': '2.5', 'likelihood': 1}, {'offset': 2, 'projected_percent': '2.6', 'likelihood': 1}]",,False,0,2,3.8,3.8,6,Olivier,3.8,114,False,,,4.5,204120.jpg,3.8,False,Boscagli,0.3,False,,a,5,36,19,15663,1446,11610,533,0.8,4.2,Boscagli,,73.0,2025-07-02,1997-11-18,False,p204120,437,0,0,3,5,0,0,0,1,0,0,0,93,77.2,115.7,21.0,21.4,25,17,4,29,5,0.07,0.53,0.60,8.45,,,,,,,[],,118,52,32,5,180,56,79,20,0.01,0.0,0.11,0.12,1.74,1.03,451,96,79,33,101,42,299,108,1.03,0.62,5.97,Brighton,BHA
True,True,,,465730,0,0,4,-4,84.8,708,"[{'offset': 0, 'projected_percent': '89.8', 'likelihood': 3}, {'offset': 1, 'projected_percent': '99.6', 'likelihood': 4}, {'offset': 2, 'projected_percent': '109.3', 'likelihood': 5}]",,False,2,2,7.6,7.6,6,Maxim,7.6,115,True,,,4.9,465730.jpg,7.6,False,De Cuyper,27.1,False,,a,5,36,38,2638422,220083,398038,13007,1.6,7.8,De Cuyper,,21.0,2025-07-05,2000-12-22,False,p465730,423,1,3,3,5,0,0,0,2,0,0,5,132,108.4,171.8,57.0,33.8,8,18,8,16,5,1.55,0.67,2.22,8.58,2.0,,4.0,,,,[],,61,26,8,1,79,12,22,1,0.33,0.0,0.14,0.47,1.83,1.06,376,67,6,3,8,3,10,2,1.06,0.64,3.4,Brighton,BHA
True,True,75.0,,83299,0,0,0,0,20.5,-49,"[{'offset': 0, 'projected_percent': '20.2', 'likelihood': 2}, {'offset': 1, 'projected_percent': '19.5', 'likelihood': 1}, {'offset': 2, 'projected_percent': '18.8', 'likelihood': 1}]",,False,1,2,3.3,4.4,0,Lewis,4.4,116,False,Neck injury - 75% chance of playing,2026-09-22T09:30:09.629652Z,4.5,83299.jpg,5.5,False,Dunk,1.5,False,,d,5,36,22,88711,7150,46436,5372,1.0,4.9,Dunk,,241.0,2009-07-01,1991-11-21,False,p83299,360,1,0,2,5,0,0,0,1,0,0,1,79,116.2,14.6,11.0,14.3,20,13,3,23,4,0.03,0.09,0.12,7.04,,,3.0,,,,[],,48,20,243,85,247,85,155,53,0.01,0.0,0.02,0.03,1.76,1.25,433,85,60,26,44,15,147,59,1.0,0.5,5.75,Brighton,BHA
True,True,,,550090,0,0,0,0,-12.8,0,"[{'offset': 0, 'projected_percent': '-12.8', 'likelihood': -1}, {'offset': 1, 'projected_percent': '-12.8', 'likelihood': -1}, {'offset': 2, 'projected_percent': '-12.8', 'likelihood': -1}]",,False,0,2,0.0,0.0,0,Diego,0.0,117,False,,,4.5,550090.jpg,0.0,False,Coppola,0.0,False,,a,5,36,0,886,74,1030,67,0.0,0.0,Coppola,,,,,False,p550090,0,0,0,0,0,0,0,0,0,0,0,0,0,0.0,0.0,0.0,0.0,0,0,0,0,0,0.00,0.00,0.00,0.00,,,,,,,[],,517,198,514,197,471,190,522,198,0.0,0.0,0.0,0.0,0.0,0.0,504,125,521,196,531,198,574,195,0.0,0.0,0.0,Brighton,BHA
True,False,0.0,0.0,223434,0,0,0,0,0.0,-2,"[{'offset': 0, 'projected_percent': '0.0', 'likelihood': 0}, {'offset': 1, 'projected_percent': '0.0', 'likelihood': 0}, {'offset': 2, 'projected_percent': '0.0', 'likelihood': 0}]",,False,0,2,0.0,0.0,0,Igor Julio,0.0,118,False,Has joined Burnley permanently,2026-09-02T15:38:15.529699Z,4.5,223434.jpg,0.0,False,dos Santos de Paulo,0.0,False,,u,5,36,0,915,0,5858,215,0.0,0.0,Igor,Igor Julio,30.0,2023-07-26,1998-02-07,False,p223434,0,0,0,0,0,0,0,0,0,0,0,0,0,0.0,0.0,0.0,0.0,0,0,0,0,0,0.00,0.00,0.00,0.00,,,,,,,[],,491,188,486,187,437,177,496,188,0.0,0.0,0.0,0.0,0.0,0.0,458,101,495,186,505,188,515,181,0.0,0.0,0.0,Brighton,BHA
True,True,,,451490,0,0,0,0,-4.7,-1,"[{'offset': 0, 'projected_percent': '-7.1', 'likelihood': -1}, {'offset': 1, 'projected_percent': '-12.0', 'likelihood': -1}, {'offset': 2, 'projected_percent': '-16.8', 'likelihood': -1}]",,False,0,2,0.8,0.8,1,João Pedro,0.8,119,False,,,4.5,451490.jpg,0.8,False,Loureiro da Costa,0.0,False,,a,5,36,4,1207,102,1424,99,0.2,0.9,Costinha,Costinha,173.0,2026-06-15,2000-03-26,False,p451490,68,0,0,0,0,0,0,0,1,0,0,0,18,16.4,20.0,18.0,5.4,6,1,1,7,0,0.12,0.30,0.42,1.02,,,,,,,[],,295,118,219,74,202,60,283,105,0.16,0.0,0.4,0.56,1.35,0.0,478,116,280,103,404,140,520,183,0.0,0.0,9.26,Brighton,BHA
True,True,,,454490,0,0,0,0,0.3,4,"[{'offset': 0, 'projected_percent': '0.4', 'likelihood': 1}, {'offset': 1, 'projected_percent': '0.4', 'likelihood': 1}, {'offset': 2, 'projected_percent': '0.5', 'likelihood': 1}]",,False,0,2,0.2,0.2,1,Michael,0.2,120,False,,,5.0,454490.jpg,1.0,False,Svoboda,0.1,False,,a,5,36,1,4148,972,3853,331,0.0,0.2,Svoboda,,14.0,2026-07-02,1998-10-15,False,p454490,4,0,0,0,0,0,0,0,0,0,0,0,5,2.4,0.0,0.0,0.2,0,1,1,1,0,0.00,0.00,0.00,0.14,,,,,,,[],,382,141,600,210,576,207,400,144,0.0,0.0,0.0,0.0,3.15,0.0,283,46,386,137,351,135,479,170,0.0,0.0,22.5,Brighton,BHA
True,True,0.0,0.0,451340,0,0,-1,1,-24.1,0,"[{'offset': 0, 'projected_percent': '-24.1', 'likelihood': -2}, {'offset': 1, 'projected_percent': '-24.1', 'likelihood': -2}, {'offset': 2, 'projected_percent': '-24.1', 'likelihood': -2}]",,False,0,3,0.0,0.0,0,Mitoma,0.0,121,False,Hamstring injury - Expected back 10 Oct,2026-07-24T18:30:10.661894Z,5.9,451340.jpg,0.0,False,Kaoru,0.0,False,,i,5,36,0,501,75,3059,122,0.0,0.0,Mitoma,,108.0,2021-08-09,1997-05-20,False,p451340,0,0,0,0,0,0,0,0,0,0,0,0,0,0.0,0.0,0.0,0.0,0,0,0,0,0,0.00,0.00,0.00,0.00,,,,,,,[],https://www.brightonandhovealbion.com/media-article/mft-match-preview-bha-leeds-united-pl-september-2026?utm_source=chatgpt.com,653,290,657,291,651,289,657,291,0.0,0.0,0.0,0.0,0.0,0.0,87,57,655,291,656,291,543,222,0.0,0.0,0.0,Brighton,BHA
True,True,0.0,0.0,592031,-1,1,-2,2,-2.3,0,"[{'offset': 0, 'projected_percent': '-2.3', 'likelihood': -1}, {'offset': 1, 'projected_percent': '-2.3', 'likelihood': -1}, {'offset': 2, 'projected_percent': '-2.3', 'likelihood': -1}]",,False,0,3,0.0,0.0,0,Yankuba,0.0,122,False,Leg injury - Expected back 28 Nov,2026-08-14T18:00:06.418033Z,5.8,592031.jpg,0.0,False,Minteh,0.0,False,,i,5,36,0,319,29,6818,144,0.0,0.0,Minteh,,78.0,2024-07-01,2004-07-22,False,p592031,0,0,0,0,0,0,0,0,0,0,0,0,0,0.0,0.0,0.0,0.0,0,0,0,0,0,0.00,0.00,0.00,0.00,5.0,,,,,,[],https://www.brightonandhovealbion.com/media-article/fabian-hurzeler-reflects-on-albions-pre-season-win-over-as-roma?utm_source=premier-league-web&utm_medium=referral&utm_campaign=pl-referral-always-on&utm_term=content-card,649,288,654,289,647,287,654,289,0.0,0.0,0.0,0.0,0.0,0.0,110,70,651,289,653,289,534,215,0.0,0.0,0.0,Brighton,BHA
True,True,0.0,0.0,532529,0,0,-1,1,-30.7,-27,"[{'offset': 0, 'projected_percent': '-31.9', 'likelihood': -2}, {'offset': 1, 'projected_percent': '-34.3', 'likelihood': -2}, {'offset': 2, 'projected_percent': '-36.8', 'likelihood': -2}]",,False,1,3,0.0,0.0,0,Jack,3.2,123,False,Ankle injury - Expected back 10 Oct,2026-08-27T19:30:07.780933Z,5.9,532529.jpg,16.0,False,Hinshelwood,0.6,False,,i,5,36,16,147780,159,214329,5103,0.5,2.7,Hinshelwood,,241.0,2022-12-30,2005-04-11,False,p532529,63,2,0,1,0,0,0,0,0,0,0,3,54,72.8,13.4,59.0,14.5,0,1,2,3,1,1.41,0.02,1.43,0.19,,,,,,,[],https://www.brightonandhovealbion.com/media-article/match-preview-albion-head-to-chelsea-on-sunday,127,42,259,135,75,46,153,80,2.01,0.0,0.03,2.04,0.27,0.0,92,59,107,43,1,1,236,73,1.43,1.43,4.29,Brighton,BHA
True,True,,,60307,1,-1,3,-3,63.3,2059,"[{'offset': 0, 'projected_percent': '68.6', 'likelihood': 3}, {'offset': 1, 'projected_percent': '79.1', 'likelihood': 3}, {'offset': 2, 'projected_percent': '89.6', 'likelihood': 3}]",,False,3,3,9.4,9.4,14,Pascal,9.4,124,True,,,5.8,60307.jpg,9.4,False,Groß,27.4,False,,a,5,36,47,2002775,642282,537231,7448,1.6,8.1,Groß,,80.0,2026-01-02,1991-06-15,False,p60307,450,3,4,3,5,0,0,0,2,0,0,9,166,211.0,216.0,84.0,50.8,9,10,7,26,5,1.77,0.86,2.63,8.67,1.0,,1.0,,1.0,,[],,1,1,2,2,43,26,3,3,0.35,0.0,0.17,0.52,1.73,1.0,95,61,1,1,2,2,9,5,1.0,0.6,5.2,Brighton,BHA
True,True,100.0,100.0,463067,-1,1,-2,2,-0.6,0,"[{'offset': 0, 'projected_percent': '-0.6', 'likelihood': -1}, {'offset': 1, 'projected_percent': '-0.6', 'likelihood': -1}, {'offset': 2, 'projected_percent': '-0.6', 'likelihood': -1}]",,False,0,4,1.2,1.2,1,Georginio,1.2,125,False,,2026-08-26T16:00:07.608056Z,5.3,463067.jpg,3.0,False,Rutter,0.5,False,,a,5,36,6,33870,1873,75609,2981,0.2,1.1,Georginio,,73.0,2024-08-19,2002-04-20,False,p463067,104,0,1,1,0,0,0,0,0,0,0,0,24,20.2,11.7,19.0,5.1,1,6,2,9,1,0.17,0.45,0.62,1.03,,,,,,,[],,285,27,268,35,194,31,289,32,0.15,0.0,0.39,0.54,0.89,0.0,226,50,254,29,145,13,257,44,0.87,0.87,7.79,Brighton,BHA
True,True,,,219249,0,0,-1,1,-7.9,0,"[{'offset': 0, 'projected_percent': '-7.9', 'likelihood': -1}, {'offset': 1, 'projected_percent': '-7.9', 'likelihood': -1}, {'offset': 2, 'projected_percent': '-7.9', 'likelihood': -1}]",,False,0,3,0.4,0.4,1,Matt,0.4,126,False,,,5.4,219249.jpg,1.0,False,O'Riley,0.1,False,,a,5,36,2,3450,276,6353,397,0.1,0.4,O'Riley,,58.0,2024-08-26,2000-11-21,False,p219249,10,0,0,0,0,0,0,0,0,0,0,0,6,8.2,10.5,19.0,3.8,2,1,0,3,0,0.28,0.01,0.29,0.18,,,,,3.0,,[],,337,156,274,140,195,107,313,142,2.52,0.0,0.09,2.61,1.62,0.0,182,116,356,168,377,176,419,156,0.0,0.0,27.0,Brighton,BHA
True,True,,,514254,0,0,0,0,29.3,2,"[{'offset': 0, 'projected_percent': '29.3', 'likelihood': 2}, {'offset': 1, 'projected_percent': '29.3', 'likelihood': 2}, {'offset': 2, 'projected_percent': '29.4', 'likelihood': 2}]",,False,0,3,4.8,4.8,8,Diego,4.8,127,False,,,5.0,514254.jpg,4.8,False,Gómez Amarilla,4.0,False,,a,5,36,24,331594,9087,292710,31079,1.0,4.8,Gomez,Diego Gómez,168.0,2025-01-01,2003-03-27,False,p514254,433,0,3,3,5,0,0,0,0,0,0,0,80,84.2,103.4,126.0,31.4,7,16,13,36,5,0.79,0.78,1.57,8.49,,,5.0,,,,[],,108,33,40,33,18,10,28,19,0.16,0.0,0.16,0.32,1.76,1.04,309,185,49,19,65,26,83,29,1.04,0.62,7.48,Brighton,BHA
True,False,0.0,0.0,536916,0,0,0,0,0.0,0,"[{'offset': 0, 'projected_percent': '0.0', 'likelihood': 0}, {'offset': 1, 'projected_percent': '0.0', 'likelihood': 0}, {'offset': 2, 'projected_percent': '0.0', 'likelihood': 0}]",,False,0,3,0.0,0.0,0,Facundo,0.0,128,False,Has joined Elche on loan for the rest of the season,2026-08-10T14:03:07.561436Z,5.0,536916.jpg,0.0,False,Buonanotte,0.0,False,,u,5,36,0,0,0,326,3,0.0,0.0,Buonanotte,,10.0,2023-01-01,2004-12-23,False,p536916,0,0,0,0,0,0,0,0,0,0,0,0,0,0.0,0.0,0.0,0.0,0,0,0,0,0,0.00,0.00,0.00,0.00,,,,,,,[],,613,263,619,268,595,253,619,265,0.0,0.0,0.0,0.0,0.0,0.0,317,191,616,266,622,268,656,289,0.0,0.0,0.0,Brighton,BHA
True,True,100.0,100.0,509416,0,0,-1,1,-46.6,0,"[{'offset': 0, 'projected_percent': '-46.6', 'likelihood': -3}, {'offset': 1, 'projected_percent': '-46.6', 'likelihood': -3}, {'offset': 2, 'projected_percent': '-46.6', 'likelihood': -3}]",,False,0,3,3.0,3.0,3,Yasin,3.0,129,False,,2026-08-30T18:00:07.935334Z,5.4,509416.jpg,3.8,False,Ayari,0.4,False,,a,5,36,15,11877,1636,41067,1512,0.6,2.8,Ayari,,206.0,2023-01-30,2003-10-06,False,p509416,333,1,0,3,1,0,0,0,1,0,0,0,71,56.0,48.9,68.0,16.9,4,15,2,21,4,0.70,0.18,0.88,5.64,4.0,,2.0,,,,[],,174,69,121,81,65,40,116,62,0.19,0.0,0.05,0.24,1.52,0.27,206,130,120,49,104,41,274,92,1.08,0.81,5.68,Brighton,BHA
True,True,0.0,0.0,467779,0,0,-1,1,-22.4,-10,"[{'offset': 0, 'projected_percent': '-23.9', 'likelihood': -2}, {'offset': 1, 'projected_percent': '-26.9', 'likelihood': -2}, {'offset': 2, 'projected_percent': '-29.9', 'likelihood': -2}]",,False,0,2,0.0,0.0,0,Mats,1.4,130,False,Knee injury - Unknown return date,2026-09-04T09:30:08.612904Z,4.9,467779.jpg,3.5,False,Wieffer,0.2,False,,i,5,36,7,25938,23,42891,1459,0.3,1.4,Wieffer,,152.0,2024-07-06,1999-11-16,False,p467779,156,0,0,1,4,0,0,0,0,0,0,1,38,37.0,35.5,10.0,8.3,11,9,4,15,2,0.12,0.13,0.25,3.18,,,,,,,[],https://www.brightonandhovealbion.com/media-article/mft-match-preview-bha-leeds-united-pl-september-2026,230,91,170,50,255,87,231,84,0.07,0.0,0.08,0.15,1.83,2.31,377,68,246,87,119,48,345,130,1.15,0.58,8.65,Brighton,BHA
True,False,0.0,0.0,597320,0,0,0,0,0.0,0,"[{'offset': 0, 'projected_percent': '0.0', 'likelihood': 0}, {'offset': 1, 'projected_percent': '0.0', 'likelihood': 0}, {'offset': 2, 'projected_percent': '0.0', 'likelihood': 0}]",,False,0,3,0.0,0.0,0,Harry,0.0,132,False,Has joined Leicester City on loan for the rest of the season,2026-08-17T13:53:19.019938Z,4.5,597320.jpg,0.0,False,Howell,0.0,False,,u,5,36,0,0,0,3630,152,0.0,0.0,Howell,,,,,False,p597320,0,0,0,0,0,0,0,0,0,0,0,0,0,0.0,0.0,0.0,0.0,0,0,0,0,0,0.00,0.00,0.00,0.00,,,,,,,[],,532,212,528,218,486,190,537,213,0.0,0.0,0.0,0.0,0.0,0.0,523,274,536,216,545,220,544,223,0.0,0.0,0.0,Brighton,BHA
True,False,0.0,0.0,549074,0,0,0,0,0.0,0,"[{'offset': 0, 'projected_percent': '0.0', 'likelihood': 0}, {'offset': 1, 'projected_percent': '0.0', 'likelihood': 0}, {'offset': 2, 'projected_percent': '0.0', 'likelihood': 0}]",,False,0,3,0.0,0.0,0,Tom,0.0,133,False,Has joined Leicester City on loan for the rest of the season,2026-08-03T14:05:44.459483Z,5.0,549074.jpg,0.0,False,Watson,0.0,False,,u,5,36,0,0,0,134,3,0.0,0.0,Watson,,241.0,2025-06-01,2006-04-08,False,p549074,0,0,0,0,0,0,0,0,0,0,0,0,0,0.0,0.0,0.0,0.0,0,0,0,0,0,0.00,0.00,0.00,0.00,,,,,,,[],,615,265,621,270,597,255,621,267,0.0,0.0,0.0,0.0,0.0,0.0,319,193,618,268,624,270,664,296,0.0,0.0,0.0,Brighton,BHA
True,True,,,556637,0,0,0,0,-71.7,0,"[{'offset': 0, 'projected_percent': '-71.7', 'likelihood': -3}, {'offset': 1, 'projected_percent': '-71.7', 'likelihood': -3}, {'offset': 2, 'projected_percent': '-71.7', 'likelihood': -3}]",,False,0,3,0.0,0.0,0,Nehemiah,0.0,134,False,,,4.5,556637.jpg,0.0,False,Oriola,0.2,False,,a,5,36,0,8651,247,13902,1034,0.0,0.0,Oriola,,241.0,2025-10-17,2007-06-11,False,p556637,0,0,0,0,0,0,0,0,0,0,0,0,0,0.0,0.0,0.0,0.0,0,0,0,0,0,0.00,0.00,0.00,0.00,,,,,,,[],,519,206,516,212,473,184,524,207,0.0,0.0,0.0,0.0,0.0,0.0,507,267,523,210,533,214,312,109,0.0,0.0,0.0,Brighton,BHA
True,True,0.0,0.0,700308,0,0,-1,1,-93.1,0,"[{'offset': 0, 'projected_percent': '-93.1', 'likelihood': -3}, {'offset': 1, 'projected_percent': '-93.1', 'likelihood': -3}, {'offset': 2, 'projected_percent': '-93.1', 'likelihood': -3}]",,False,0,3,0.0,0.0,0,Zadok,0.2,135,False,Unspecified injury - Expected back 10 Oct,2026-09-10T13:00:08.617941Z,4.9,700308.jpg,1.0,False,Yohanna,0.0,False,,i,5,36,1,1249,6,5394,287,0.0,0.2,Yohanna,,157.0,2026-06-15,2007-06-29,False,p700308,12,0,0,0,0,0,0,0,0,0,0,0,3,0.2,1.3,0.0,0.2,0,0,0,0,0,0.00,0.03,0.03,0.00,,,,,,,[],,405,191,352,175,555,235,399,187,0.0,0.0,0.22,0.22,0.0,0.0,406,248,384,181,347,155,523,208,0.0,0.0,0.0,Brighton,BHA
True,True,0.0,0.0,608181,0,0,-1,1,-3.3,0,"[{'offset': 0, 'projected_percent': '-3.3', 'likelihood': -1}, {'offset': 1, 'projected_percent': '-3.3', 'likelihood': -1}, {'offset': 2, 'projected_percent': '-3.3', 'likelihood': -1}]",,False,0,4,0.0,0.0,0,Stefanos,0.0,137,False,Knee injury - Unknown return date,2026-07-23T12:01:23.432796Z,5.4,608181.jpg,0.0,False,Tzimas,0.0,False,,i,5,36,0,320,23,733,35,0.0,0.0,Tzimas,,83.0,2025-02-03,2006-01-06,False,p608181,0,0,0,0,0,0,0,0,0,0,0,0,0,0.0,0.0,0.0,0.0,0,0,0,0,0,0.00,0.00,0.00,0.00,,,,,,,[],https://www.brightonandhovealbion.com/media-article/fabian-hurzeler-reflects-on-a-successful-training-camp?srsltid=AfmBOoq6Qw6fHwT9Mxn5PIGBhoGos01rwVude5hxVRG_7iMPpS-YkOIf&utm_source=chatgpt.com,635,70,638,74,625,71,640,74,0.0,0.0,0.0,0.0,0.0,0.0,214,47,637,72,640,74,625,77,0.0,0.0,0.0,Brighton,BHA
True,True,,,647850,1,-1,1,-1,8.7,726,"[{'offset': 0, 'projected_percent': '10.5', 'likelihood': 1}, {'offset': 1, 'projected_percent': '14.2', 'likelihood': 1}, {'offset': 2, 'projected_percent': '17.9', 'likelihood': 1}]",,False,1,4,5.6,5.6,10,Charalampos,5.6,138,False,,,5.6,647850.jpg,5.6,False,Kostoulas,3.4,False,,a,5,36,28,345662,240971,41918,9408,1.0,5.0,Kostoulas,,83.0,2025-07-01,2007-05-30,False,p647850,353,2,3,2,5,0,0,0,1,0,0,3,105,95.8,39.1,127.0,26.1,5,18,4,27,4,1.35,0.06,1.41,7.67,,,,,,,[],,83,7,160,17,17,8,47,8,0.34,0.0,0.02,0.36,1.96,1.27,123,32,31,4,40,4,99,14,1.02,0.51,6.88,Brighton,BHA
True,True,0.0,0.0,487117,0,0,0,0,-53.8,0,"[{'offset': 0, 'projected_percent': '-53.8', 'likelihood': -3}, {'offset': 1, 'projected_percent': '-53.8', 'likelihood': -3}, {'offset': 2, 'projected_percent': '-53.8', 'likelihood': -3}]",,False,0,4,0.0,0.0,0,Evan,0.0,139,False,Ankle injury - Expected back 10 Oct,2026-07-23T12:01:23.448357Z,5.0,487117.jpg,0.0,False,Ferguson,0.0,False,,i,5,36,0,1540,89,2462,193,0.0,0.0,Ferguson,,104.0,2021-08-23,2004-10-19,False,p487117,0,0,0,0,0,0,0,0,0,0,0,0,0,0.0,0.0,0.0,0.0,0,0,0,0,0,0.00,0.00,0.00,0.00,,,,,,,[],https://www.brightonandhovealbion.com/media-article/fabian-hurzeler-reflects-on-a-successful-training-camp?srsltid=AfmBOoq6Qw6fHwT9Mxn5PIGBhoGos01rwVude5hxVRG_7iMPpS-YkOIf&utm_source=chatgpt.com,600,62,606,66,582,61,606,66,0.0,0.0,0.0,0.0,0.0,0.0,294,56,603,64,609,67,545,73,0.0,0.0,0.0,Brighton,BHA
True,True,75.0,100.0,222694,0,0,-1,1,0.0,-5,"[{'offset': 0, 'projected_percent': '-1.1', 'likelihood': -1}, {'offset': 1, 'projected_percent': '-3.4', 'likelihood': -1}, {'offset': 2, 'projected_percent': '-5.6', 'likelihood': -1}]",,False,0,2,1.0,1.4,5,Pascal,1.4,328,False,Hamstring injury - 75% chance of playing,2026-09-22T10:00:09.404233Z,4.9,222694.jpg,2.3,False,Struijk,0.2,False,,d,5,36,7,5642,613,11629,378,0.3,1.4,Struijk,,152.0,2026-06-30,1999-08-11,False,p222694,98,0,0,1,0,0,0,0,1,0,0,0,31,32.2,1.5,7.0,4.0,9,6,1,10,1,0.16,0.01,0.17,1.70,,,,,,,[],,247,102,344,123,279,98,306,115,0.15,0.0,0.01,0.16,1.56,0.0,359,62,244,86,201,80,346,131,0.92,0.92,9.18,Brighton,BHA
True,True,,,610799,0,0,0,0,47.6,128,"[{'offset': 0, 'projected_percent': '48.5', 'likelihood': 3}, {'offset': 1, 'projected_percent': '50.2', 'likelihood': 3}, {'offset': 2, 'projected_percent': '52.0', 'likelihood': 3}]",,False,1,2,6.4,6.4,8,Luka,6.4,504,False,,,5.0,610799.jpg,6.4,False,Vušković,3.5,False,,a,5,36,32,242941,39841,132900,8088,1.3,6.4,Vuskovic,,97.0,2026-07-14,2007-02-24,False,p610799,437,1,0,3,5,0,0,0,0,0,0,2,98,128.2,18.0,72.0,21.8,37,17,6,43,5,0.46,0.07,0.53,8.45,,,,,,,[],,34,14,223,76,58,6,75,17,0.09,0.0,0.01,0.1,1.74,1.03,329,56,16,6,17,7,94,36,1.03,0.62,8.86,Brighton,BHA
True,True,,,538007,-1,1,-1,1,0.4,14,"[{'offset': 0, 'projected_percent': '0.4', 'likelihood': 1}, {'offset': 1, 'projected_percent': '0.6', 'likelihood': 1}, {'offset': 2, 'projected_percent': '0.8', 'likelihood': 1}]",,False,0,4,0.2,0.2,0,Promise,0.2,594,False,,,5.9,538007.jpg,0.5,False,David,0.2,False,,a,5,36,1,14099,2237,21898,1625,0.0,0.2,David,,39.0,2026-08-18,2001-07-03,False,p538007,23,0,0,0,0,0,0,0,1,0,0,0,-4,0.0,3.7,4.0,0.4,0,0,0,0,0,0.42,0.00,0.42,0.14,,,,,2.0,,[],,656,75,319,41,313,40,391,45,1.64,0.0,0.0,1.64,0.55,0.0,93,24,400,46,417,50,324,51,0.0,0.0,0.0,Brighton,BHA
True,True,,,612855,0,0,0,0,-63.7,1,"[{'offset': 0, 'projected_percent': '-58.5', 'likelihood': -3}, {'offset': 1, 'projected_percent': '-48.3', 'likelihood': -3}, {'offset': 2, 'projected_percent': '-38.2', 'likelihood': -2}]",,False,0,3,0.6,0.6,0,Ibrahim,0.6,600,False,,,5.0,612855.jpg,1.0,False,Osman,0.0,False,,a,5,36,3,915,84,1060,93,0.1,0.6,Osman,,81.0,2024-07-01,2004-11-29,False,p612855,40,0,0,0,1,0,0,0,0,0,0,0,15,7.2,17.8,19.0,4.2,0,3,1,4,0,0.05,0.07,0.12,0.32,,,,,,,[],,344,159,225,123,193,106,302,137,0.11,0.0,0.16,0.27,0.72,2.25,330,200,311,143,358,162,583,240,0.0,0.0,9.0,Brighton,BHA
True,True,,,611695,0,0,0,0,50.2,-10,"[{'offset': 0, 'projected_percent': '50.2', 'likelihood': 3}, {'offset': 1, 'projected_percent': '50.0', 'likelihood': 3}, {'offset': 2, 'projected_percent': '49.9', 'likelihood': 3}]",,False,0,3,4.0,4.0,1,Malick,4.0,605,False,,,4.5,611695.jpg,4.0,False,Yalcouyé,4.0,False,,a,5,36,20,548341,19452,164347,26393,0.9,4.4,Yalcouyé,,54.0,2024-07-12,2005-11-18,False,p611695,236,2,0,1,4,0,0,0,0,0,0,1,96,109.2,70.3,111.0,29.1,6,7,6,19,3,1.46,0.45,1.91,6.57,,,,,,,[],,58,20,74,57,28,15,36,26,0.56,0.0,0.17,0.73,2.51,1.53,527,275,72,27,89,37,84,30,1.14,0.38,7.25,Brighton,BHA
True,True,,,512123,0,0,0,0,-7.9,0,"[{'offset': 0, 'projected_percent': '-7.9', 'likelihood': -1}, {'offset': 1, 'projected_percent': '-7.9', 'likelihood': -1}, {'offset': 2, 'projected_percent': '-7.9', 'likelihood': -1}]",,False,0,2,0.0,0.0,0,Jaouen,0.0,614,False,,,4.5,512123.jpg,0.0,False,Hadjam,0.0,False,,a,5,36,0,3926,187,1900,195,0.0,0.0,Hadjam,,3.0,2026-08-25,2003-03-26,False,p512123,0,0,0,0,0,0,0,0,0,0,0,0,0,0.0,0.0,0.0,0.0,0,0,0,0,0,0.00,0.00,0.00,0.00,,,,,,,[],,509,195,506,194,463,187,514,195,0.0,0.0,0.0,0.0,0.0,0.0,495,121,513,193,523,195,508,180,0.0,0.0,0.0,Brighton,BHA
True,False,0.0,0.0,519324,0,0,0,0,0.0,0,"[{'offset': 0, 'projected_percent': '0.0', 'likelihood': 0}, {'offset': 1, 'projected_percent': '0.0', 'likelihood': 0}, {'offset': 2, 'projected_percent': '0.0', 'likelihood': 0}]",,False,0,3,0.0,0.0,0,Amario,0.0,624,False,Has joined Middlesbrough on loan for the rest of the season,2026-09-02T15:38:15.552951Z,5.0,519324.jpg,0.0,False,Cozier-Duberry,0.0,False,,u,5,36,0,117,0,109,1,0.0,0.0,Cozier-Duberry,,,,,False,p519324,0,0,0,0,0,0,0,0,0,0,0,0,0,0.0,0.0,0.0,0.0,0,0,0,0,0,0.00,0.00,0.00,0.00,,,,,,,[],,611,261,617,266,593,251,617,263,0.0,0.0,0.0,0.0,0.0,0.0,312,188,614,264,620,266,666,298,0.0,0.0,0.0,Brighton,BHA
True,True,,,592984,0,0,0,0,0.9,6,"[{'offset': 0, 'projected_percent': '1.0', 'likelihood': 1}, {'offset': 1, 'projected_percent': '1.1', 'likelihood': 1}, {'offset': 2, 'projected_percent': '1.2', 'likelihood': 1}]",,False,0,3,4.0,4.0,8,José María,4.0,639,False,,,5.5,592984.jpg,6.0,False,Andrés Baixauli,0.0,False,,a,5,36,12,3150,1906,666,198,0.7,2.2,Andrés,Chema Andrés,200.0,2026-09-01,2005-04-25,False,p592984,109,1,1,1,0,0,0,0,0,0,0,0,37,52.2,17.9,39.0,10.9,4,8,1,13,1,0.52,0.12,0.64,1.70,,,,,,,[],,186,75,224,122,128,70,199,95,0.43,0.0,0.1,0.53,1.4,0.0,165,104,76,30,30,14,542,221,0.83,0.83,10.73,Brighton,BHA
True,True,0.0,0.0,471551,0,0,0,0,-24.7,0,"[{'offset': 0, 'projected_percent': '-24.7', 'likelihood': -2}, {'offset': 1, 'projected_percent': '-24.7', 'likelihood': -2}, {'offset': 2, 'projected_percent': '-24.7', 'likelihood': -2}]",,False,0,3,0.0,0.0,0,Femi,0.0,652,False,Hamstring injury - Expected back 10 Oct,2026-09-04T11:30:08.661589Z,5.5,471551.jpg,0.0,False,Azeez,0.0,False,,i,5,36,0,436,13,192,35,0.0,0.0,Azeez,,157.0,2026-09-01,2001-06-05,False,p471551,0,0,0,0,0,0,0,0,0,0,0,0,0,0.0,0.0,0.0,0.0,0,0,0,0,0,0.00,0.00,0.00,0.00,,,,,,,[],https://www.brightonandhovealbion.com/media-article/mft-match-preview-manchester-united-bha-carabao-cup-september-2026,643,282,649,284,637,278,648,283,0.0,0.0,0.0,0.0,0.0,0.0,149,91,645,284,648,284,650,285,0.0,0.0,0.0,Brighton,BHA
True,True,,,661016,0,0,0,0,0.0,0,"[{'offset': 0, 'projected_percent': '0.0', 'likelihood': 0}, {'offset': 1, 'projected_percent': '0.0', 'likelihood': 0}, {'offset': 2, 'projected_percent': '0.0', 'likelihood': 0}]",2026-09-26T17:44:20.289392Z,False,0,3,0.0,0.0,0,Younes,0.0,658,False,,,4.5,661016.jpg,0.0,False,Ibrahim,0.0,False,,a,5,36,0,1387,224,430,162,0.0,0.0,Ibrahim,,13.0,2026-08-12,2008-02-16,False,p661016,0,0,0,0,0,0,0,0,0,0,0,0,0,0.0,0.0,0.0,0.0,0,0,0,0,0,0.00,0.00,0.00,0.00,,,,,,,[],,544,220,540,226,501,199,549,221,0.0,0.0,0.0,0.0,0.0,0.0,542,285,548,224,557,228,593,246,0.0,0.0,0.0,Brighton,BHA
True,True,,,98980,0,0,0,0,-4.0,-52,"[{'offset': 0, 'projected_percent': '-4.8', 'likelihood': -1}, {'offset': 1, 'projected_percent': '-6.3', 'likelihood': -1}, {'offset': 2, 'projected_percent': '-7.9', 'likelihood': -1}]",,False,0,1,1.8,1.8,2,Emiliano,1.8,28,False,,,5.0,98980.jpg,2.2,False,Martínez Romero,4.8,False,,a,6,8,9,242873,5106,241452,16871,0.4,1.8,Martinez,Emiliano Martínez,10.0,2026-08-29,1992-09-02,False,p98980,360,0,0,0,10,0,0,0,0,0,18,0,61,145.0,30.0,0.0,17.5,1,37,0,0,4,0.00,0.01,0.01,7.49,,,,,,,[],,24,4,184,1,557,61,112,1,0.0,4.5,0.0,0.0,1.87,2.5,242,6,207,19,215,18,78,11,1.0,0.0,0.0,Chelsea,CHE
True,True,,,244850,0,0,2,-2,72.6,193,"[{'offset': 0, 'projected_percent': '73.9', 'likelihood': 3}, {'offset': 1, 'projected_percent': '76.6', 'likelihood': 3}, {'offset': 2, 'projected_percent': '79.3', 'likelihood': 3}]",,False,0,3,5.8,5.8,2,Morgan,5.8,40,False,,,7.7,244850.jpg,5.8,False,Rogers,40.3,False,,a,6,8,29,2432021,102598,643705,52018,0.8,3.8,Rogers,,241.0,2026-07-21,2002-07-26,False,p244850,437,3,1,0,12,0,0,0,1,0,0,2,135,159.0,140.1,140.0,43.9,3,23,5,31,5,1.72,1.23,2.95,8.73,3.0,,,,,,[],,9,6,21,20,15,8,9,8,0.35,0.0,0.25,0.6,1.8,2.47,15,10,28,12,37,18,5,1,1.03,0.0,6.38,Chelsea,CHE
True,True,100.0,50.0,56979,0,0,-1,1,0.0,0,"[{'offset': 0, 'projected_percent': '0.0', 'likelihood': 0}, {'offset': 1, 'projected_percent': '0.0', 'likelihood': 0}, {'offset': 2, 'projected_percent': '0.0', 'likelihood': 0}]",2026-09-25T13:30:09.904003Z,False,0,3,0.4,0.2,2,Jordan,0.4,101,False,,2026-08-09T09:30:07.136250Z,4.9,56979.jpg,2.0,False,Henderson,0.0,False,,a,6,8,2,978,365,2575,101,0.1,0.4,Henderson,Jordan Henderson,241.0,2026-08-03,1990-06-17,False,p56979,90,0,0,0,3,0,0,0,0,0,0,0,16,16.6,10.4,0.0,2.7,2,7,1,10,1,0.00,0.08,0.08,2.65,,,,,,,[],,294,125,277,141,515,207,329,154,0.0,0.0,0.08,0.08,2.65,3.0,338,204,348,164,226,99,539,218,1.0,0.0,10.0,Chelsea,CHE
True,True,100.0,100.0,50175,0,0,-1,1,6.3,-12,"[{'offset': 0, 'projected_percent': '6.2', 'likelihood': 1}, {'offset': 1, 'projected_percent': '6.0', 'likelihood': 1}, {'offset': 2, 'projected_percent': '5.9', 'likelihood': 1}]",,False,0,4,0.8,0.8,2,Danny,0.8,136,False,,2026-08-20T14:00:07.949090Z,5.9,50175.jpg,1.3,False,Welbeck,1.0,False,,a,6,8,4,59309,5373,80901,6997,0.1,0.7,Welbeck,,241.0,2026-08-01,1990-11-26,False,p50175,85,0,0,0,1,0,0,0,0,0,0,0,15,14.4,32.7,14.0,6.1,2,2,1,5,1,0.00,0.14,0.14,1.99,,,,,,,[],,300,30,177,19,228,34,269,30,0.0,0.0,0.15,0.15,2.11,1.06,78,20,295,33,287,34,179,28,1.06,0.0,5.29,Chelsea,CHE
True,False,0.0,0.0,215059,0,0,-1,1,0.0,-15,"[{'offset': 0, 'projected_percent': '0.0', 'likelihood': 0}, {'offset': 1, 'projected_percent': '0.0', 'likelihood': 0}, {'offset': 2, 'projected_percent': '0.0', 'likelihood': 0}]",,False,0,1,0.0,0.0,0,Robert,0.4,140,False,Has joined Como on loan for the rest of the season,2026-09-02T16:20:41.841936Z,4.9,215059.jpg,2.0,False,Lynch Sánchez,0.7,False,,u,6,8,2,10847,0,174845,3237,0.1,0.4,Sánchez,,200.0,2023-08-05,1997-11-18,False,p215059,90,0,0,0,2,0,0,0,0,0,4,0,6,21.4,0.0,0.0,2.1,1,5,0,0,1,0.00,0.01,0.01,1.33,,,,,,,[],,282,23,561,57,526,55,346,23,0.0,4.0,0.01,0.01,1.33,2.0,356,17,351,23,228,20,214,31,1.0,0.0,0.0,Chelsea,CHE
True,False,0.0,0.0,508479,0,0,0,0,0.0,0,"[{'offset': 0, 'projected_percent': '0.0', 'likelihood': 0}, {'offset': 1, 'projected_percent': '0.0', 'likelihood': 0}, {'offset': 2, 'projected_percent': '0.0', 'likelihood': 0}]",,False,0,1,0.0,0.0,0,Filip,0.0,141,False,Has joined RC Strasbourg on loan for the rest of the season,2026-08-12T14:07:02.607115Z,5.0,508479.jpg,0.0,False,Jörgensen,0.0,False,,u,6,8,0,0,0,940,22,0.0,0.0,Jörgensen,,58.0,2024-07-30,2002-04-16,False,p508479,0,0,0,0,0,0,0,0,0,0,0,0,0,0.0,0.0,0.0,0.0,0,0,0,0,0,0.00,0.00,0.00,0.00,,,,,,,[],,610,73,616,70,592,69,616,73,0.0,0.0,0.0,0.0,0.0,0.0,308,14,613,73,619,73,617,72,0.0,0.0,0.0,Chelsea,CHE
True,True,75.0,75.0,225796,0,0,-1,1,-79.0,-251,"[{'offset': 0, 'projected_percent': '-80.6', 'likelihood': -3}, {'offset': 1, 'projected_percent': '-83.9', 'likelihood': -3}, {'offset': 2, 'projected_percent': '-87.1', 'likelihood': -3}]",,False,0,2,0.4,0.4,0,Reece,0.6,142,False,Hamstring injury - 75% chance of playing,2026-09-18T10:30:09.719371Z,5.4,225796.jpg,0.8,False,James,6.0,False,,d,6,8,3,168645,440,583979,61290,0.1,0.6,James,,241.0,2019-05-15,1999-12-08,False,p225796,292,0,0,0,7,0,0,0,1,0,0,0,24,56.2,42.6,49.0,14.8,11,15,2,13,3,0.33,0.26,0.59,4.90,1.0,,1.0,,,,[],https://www.chelseafc.com/en/news/article/xabi-alonso-on-competitive-monster-jordan-henderson-and-chelsea-absentees,172,73,146,39,98,21,147,51,0.1,0.0,0.08,0.18,1.51,2.16,183,20,313,112,408,142,65,27,0.92,0.0,4.01,Chelsea,CHE
True,False,0.0,0.0,180736,0,0,0,0,0.0,0,"[{'offset': 0, 'projected_percent': '0.0', 'likelihood': 0}, {'offset': 1, 'projected_percent': '0.0', 'likelihood': 0}, {'offset': 2, 'projected_percent': '0.0', 'likelihood': 0}]",,False,0,2,0.0,0.0,0,Trevoh,0.0,143,False,Has joined Como permanently,2026-08-10T14:03:50.769483Z,5.5,180736.jpg,0.0,False,Chalobah,0.1,False,,u,6,8,0,0,0,13838,208,0.0,0.0,Chalobah,,241.0,2018-02-16,1999-07-05,False,p180736,0,0,0,0,0,0,0,0,0,0,0,0,0,0.0,0.0,0.0,0.0,0,0,0,0,0,0.00,0.00,0.00,0.00,,,,,,,[],,638,216,643,216,630,214,643,216,0.0,0.0,0.0,0.0,0.0,0.0,131,14,640,214,643,215,466,165,0.0,0.0,0.0,Chelsea,CHE
True,True,,,482609,-1,1,-1,1,-0.5,-10,"[{'offset': 0, 'projected_percent': '-1.0', 'likelihood': -1}, {'offset': 1, 'projected_percent': '-1.8', 'likelihood': -1}, {'offset': 2, 'projected_percent': '-2.7', 'likelihood': -1}]",,False,0,2,0.8,0.8,0,Malo,0.8,144,False,,,4.9,482609.jpg,1.0,False,Gusto,1.0,False,,a,6,8,4,36643,1316,66075,5595,0.2,0.8,Gusto,,73.0,2023-01-28,2003-05-19,False,p482609,272,0,0,0,7,0,0,0,0,0,0,0,12,32.0,37.2,13.0,8.2,11,13,4,15,3,0.08,0.12,0.20,3.50,,,,,,,[],,248,103,164,45,233,79,233,86,0.03,0.0,0.04,0.07,1.16,2.32,381,70,283,105,337,131,183,70,0.99,0.0,4.96,Chelsea,CHE
True,True,100.0,100.0,444463,0,0,0,0,4.1,5,"[{'offset': 0, 'projected_percent': '4.1', 'likelihood': 1}, {'offset': 1, 'projected_percent': '4.1', 'likelihood': 1}, {'offset': 2, 'projected_percent': '4.2', 'likelihood': 1}]",,False,0,2,1.6,1.6,4,Wesley,1.6,145,False,,2026-07-23T12:01:23.464591Z,5.0,444463.jpg,2.0,False,Fofana,0.2,False,,a,6,8,8,17765,1659,7823,882,0.3,1.6,Fofana,Wesley Fofana,73.0,2022-08-31,2000-12-17,False,p444463,312,0,0,0,7,0,0,0,1,0,0,0,35,100.4,29.2,4.0,13.4,40,11,7,47,4,0.00,0.08,0.08,5.65,,,,,,,[],,78,35,189,60,308,112,165,58,0.0,0.0,0.02,0.02,1.63,2.02,280,45,223,79,233,89,333,125,1.15,0.0,13.56,Chelsea,CHE
True,False,0.0,0.0,242880,0,0,0,0,0.0,0,"[{'offset': 0, 'projected_percent': '0.0', 'likelihood': 0}, {'offset': 1, 'projected_percent': '0.0', 'likelihood': 0}, {'offset': 2, 'projected_percent': '0.0', 'likelihood': 0}]",,False,0,2,0.0,0.0,0,Benoît,0.0,146,False,Has joined Napoli on loan for the rest of the season,2026-08-25T14:03:47.079414Z,4.5,242880.jpg,0.0,False,Badiashile Mukinayi,0.0,False,,u,6,8,0,232,0,1931,34,0.0,0.0,B.Badiashile,,73.0,2023-01-05,2001-03-26,False,p242880,0,0,0,0,0,0,0,0,0,0,0,0,0,0.0,0.0,0.0,0.0,0,0,0,0,0,0.00,0.00,0.00,0.00,,,,,,,[],,494,190,490,189,441,179,499,190,0.0,0.0,0.0,0.0,0.0,0.0,464,105,498,188,508,190,610,205,0.0,0.0,0.0,Chelsea,CHE
True,True,,,551210,0,0,0,0,12.1,-23,"[{'offset': 0, 'projected_percent': '11.9', 'likelihood': 1}, {'offset': 1, 'projected_percent': '11.6', 'likelihood': 1}, {'offset': 2, 'projected_percent': '11.3', 'likelihood': 1}]",,False,0,2,1.6,1.6,0,Jorrel,1.6,148,False,,,4.5,551210.jpg,2.0,False,Hato,0.8,False,,a,6,8,8,90961,566,58320,5993,0.4,1.8,Hato,,152.0,2025-08-03,2006-03-07,False,p551210,258,0,2,0,9,0,0,0,0,0,0,0,14,77.0,47.1,15.0,14.0,11,9,7,18,4,0.01,0.21,0.22,4.81,,,,,,,[],,119,53,131,36,218,70,158,55,0.0,0.0,0.07,0.07,1.68,3.14,505,126,220,78,225,86,199,77,1.4,0.0,6.28,Chelsea,CHE
True,True,,,460028,-1,1,-2,2,-7.1,-10,"[{'offset': 0, 'projected_percent': '-7.6', 'likelihood': -1}, {'offset': 1, 'projected_percent': '-8.6', 'likelihood': -1}, {'offset': 2, 'projected_percent': '-9.5', 'likelihood': -1}]",,False,0,2,0.6,0.6,1,Levi,0.6,149,False,,,4.8,460028.jpg,0.8,False,Samuels Colwill,0.9,False,,a,6,8,3,26413,757,97163,4138,0.1,0.6,Colwill,,241.0,2022-07-01,2003-02-26,False,p460028,341,0,0,0,9,0,0,0,1,0,0,0,17,61.6,16.6,13.0,9.2,23,15,3,26,4,0.01,0.05,0.06,6.67,,,,,,,[],,161,68,231,79,232,78,220,79,0.0,0.0,0.01,0.01,1.76,2.38,415,76,304,110,405,141,195,73,1.06,0.0,6.86,Chelsea,CHE
True,False,0.0,0.0,574458,0,0,0,0,0.0,0,"[{'offset': 0, 'projected_percent': '0.0', 'likelihood': 0}, {'offset': 1, 'projected_percent': '0.0', 'likelihood': 0}, {'offset': 2, 'projected_percent': '0.0', 'likelihood': 0}]",,False,0,2,0.0,0.0,0,Mamadou,0.0,150,False,Has joined Real Sociedad on loan for the rest of the season,2026-08-29T00:34:23.077418Z,4.5,574458.jpg,0.0,False,Sarr,0.0,False,,u,6,8,0,429,0,5934,118,0.0,0.0,M.Sarr,Mamadou Sarr,189.0,2025-06-09,2005-08-29,False,p574458,0,0,0,0,0,0,0,0,0,0,0,0,0,0.0,0.0,0.0,0.0,0,0,0,0,0,0.00,0.00,0.00,0.00,,,,,,,[],,524,199,520,198,478,191,529,199,0.0,0.0,0.0,0.0,0.0,0.0,512,127,528,197,537,199,550,188,0.0,0.0,0.0,Chelsea,CHE
True,True,,,577016,0,0,0,0,-5.8,-6,"[{'offset': 0, 'projected_percent': '-7.0', 'likelihood': -1}, {'offset': 1, 'projected_percent': '-9.4', 'likelihood': -1}, {'offset': 2, 'projected_percent': '-11.8', 'likelihood': -1}]",,False,0,2,1.0,1.0,0,Josh,1.0,151,False,,,4.5,577016.jpg,1.2,False,Acheampong,0.3,False,,a,6,8,5,21008,296,22008,1449,0.2,1.1,Acheampong,,241.0,2024-03-10,2006-05-05,False,p577016,221,0,0,0,7,0,0,0,0,0,0,0,5,43.0,5.5,6.0,5.4,13,7,7,20,2,0.00,0.03,0.03,4.72,,,,,,,[],,207,83,298,108,285,102,284,106,0.0,0.0,0.01,0.01,1.92,2.85,515,129,261,96,290,101,279,102,0.81,0.0,8.14,Chelsea,CHE
True,True,50.0,50.0,620109,0,0,-2,2,-0.0,0,"[{'offset': 0, 'projected_percent': '-0.0', 'likelihood': 0}, {'offset': 1, 'projected_percent': '-0.0', 'likelihood': 0}, {'offset': 2, 'projected_percent': '-0.0', 'likelihood': 0}]",2026-09-25T13:30:10.008957Z,False,0,2,0.0,0.0,0,Marco,0.0,152,False,Thigh injury - 50% chance of playing,2026-08-24T18:30:07.421239Z,5.3,620109.jpg,0.0,False,Palestra,0.6,False,,d,6,8,0,6600,140,219414,2873,0.0,0.0,Palestra,,106.0,2026-07-01,2005-03-03,False,p620109,0,0,0,0,0,0,0,0,0,0,0,0,0,0.0,0.0,0.0,0.0,0,0,0,0,0,0.00,0.00,0.00,0.00,,,,,,,[],https://www.chelseafc.com/en/news/article/xabi-alonso-on-competitive-monster-jordan-henderson-and-chelsea-absentees,627,215,630,215,615,213,632,215,0.0,0.0,0.0,0.0,0.0,0.0,237,34,628,213,633,214,231,88,0.0,0.0,0.0,Chelsea,CHE
True,True,75.0,100.0,244851,0,0,2,-2,2.3,-777,"[{'offset': 0, 'projected_percent': '-1.7', 'likelihood': -1}, {'offset': 1, 'projected_percent': '-7.5', 'likelihood': -1}, {'offset': 2, 'projected_percent': '-13.3', 'likelihood': -1}]",,False,1,3,4.2,5.6,2,Cole,5.6,154,False,Muscular injury - 75% chance of playing,2026-09-21T13:00:09.022726Z,9.7,244851.jpg,5.6,False,Palmer,26.3,False,,d,6,8,28,1941693,38317,598339,103033,0.6,2.9,Palmer,,241.0,2023-09-01,2002-05-06,False,p244851,442,2,2,0,12,0,0,0,1,0,0,3,148,151.0,145.3,144.0,44.1,3,19,7,29,5,1.31,0.79,2.10,8.73,,,2.0,,1.0,,[],https://www.chelseafc.com/en/news/article/chelsea-international-call-ups-and-schedules-for-september-2026,15,10,19,18,13,7,8,7,0.27,0.0,0.16,0.43,1.78,2.44,3,2,33,16,43,22,12,6,1.02,0.0,5.9,Chelsea,CHE
True,True,,,247632,0,0,0,0,-6.8,-20,"[{'offset': 0, 'projected_percent': '-7.8', 'likelihood': -1}, {'offset': 1, 'projected_percent': '-9.8', 'likelihood': -1}, {'offset': 2, 'projected_percent': '-11.9', 'likelihood': -1}]",,False,0,3,2.8,2.8,2,Pedro,2.8,156,False,,,6.5,247632.jpg,2.8,False,Lomba Neto,1.4,False,,a,6,8,14,80360,3235,89146,7495,0.4,2.2,Neto,Pedro Neto,173.0,2024-08-11,2000-03-09,False,p247632,332,1,0,0,8,0,0,0,0,0,0,0,81,82.0,92.6,108.0,28.2,8,14,6,28,4,0.68,0.58,1.26,6.64,2.0,,3.0,,,,[],,115,36,47,40,29,16,40,29,0.18,0.0,0.16,0.34,1.8,2.17,37,25,138,61,176,75,157,48,1.08,0.0,7.59,Chelsea,CHE
True,True,,,624773,0,0,-2,2,-27.9,-4,"[{'offset': 0, 'projected_percent': '-28.3', 'likelihood': -2}, {'offset': 1, 'projected_percent': '-29.1', 'likelihood': -2}, {'offset': 2, 'projected_percent': '-30.0', 'likelihood': -2}]",,False,0,3,0.8,0.8,1,Estêvão,0.8,157,False,,,6.3,624773.jpg,1.0,False,Almeida de Oliveira Gonçalves,0.7,False,,a,6,8,4,17022,1108,85984,3249,0.1,0.6,Estêvão,Estêvão,30.0,2025-07-14,2007-04-24,False,p624773,23,0,0,0,1,0,0,0,0,0,0,0,17,8.6,1.6,38.0,5.0,0,1,1,2,0,0.07,0.07,0.14,1.01,4.0,,,,2.0,,[],,334,154,343,173,131,72,293,131,0.27,0.0,0.27,0.54,3.95,3.91,53,37,298,137,398,192,218,68,0.0,0.0,7.83,Chelsea,CHE
True,True,,,463936,-1,1,-2,2,-1.6,1,"[{'offset': 0, 'projected_percent': '0.0', 'likelihood': 0}, {'offset': 1, 'projected_percent': '0.0', 'likelihood': 0}, {'offset': 2, 'projected_percent': '0.0', 'likelihood': 0}]",,False,0,3,0.0,0.0,0,Jamie,0.0,158,False,,,5.8,463936.jpg,0.0,False,Bynoe-Gittens,0.0,False,,a,6,8,0,1090,111,2791,161,0.0,0.0,Gittens,,241.0,2025-07-05,2004-08-08,False,p463936,0,0,0,0,0,0,0,0,0,0,0,0,0,0.0,0.0,0.0,0.0,0,0,0,0,0,0.00,0.00,0.00,0.00,,,,,,,[],,648,287,653,288,645,285,653,288,0.0,0.0,0.0,0.0,0.0,0.0,105,68,650,288,652,288,549,226,0.0,0.0,0.0,Chelsea,CHE
True,True,50.0,50.0,486672,0,0,-2,2,-0.0,0,"[{'offset': 0, 'projected_percent': '-0.0', 'likelihood': 0}, {'offset': 1, 'projected_percent': '-0.0', 'likelihood': 0}, {'offset': 2, 'projected_percent': '-0.0', 'likelihood': 0}]",2026-09-25T13:30:10.038499Z,False,0,3,0.1,0.1,0,Moisés,0.2,159,False,Calf injury - 50% chance of playing,2026-08-30T16:00:08.393562Z,5.3,486672.jpg,1.0,False,Caicedo Corozo,1.1,False,,d,6,8,1,14927,289,279043,6651,0.0,0.2,Caicedo,Moisés Caicedo,62.0,2023-08-14,2001-11-02,False,p486672,13,0,0,0,0,0,0,0,0,0,0,0,3,0.0,0.1,0.0,0.0,0,0,0,0,0,0.00,0.00,0.00,0.07,,,,,,,[],https://www.chelseafc.com/en/news/article/xabi-alonso-on-competitive-monster-jordan-henderson-and-chelsea-absentees,625,271,393,197,611,263,630,272,0.0,0.0,0.0,0.0,0.48,0.0,229,144,392,186,366,166,172,54,0.0,0.0,0.0,Chelsea,CHE
True,True,,,514356,0,0,0,0,4.5,-4,"[{'offset': 0, 'projected_percent': '4.5', 'likelihood': 1}, {'offset': 1, 'projected_percent': '4.4', 'likelihood': 1}, {'offset': 2, 'projected_percent': '4.4', 'likelihood': 1}]",,False,0,3,2.2,2.2,0,Roméo,2.2,161,False,,,5.0,514356.jpg,2.8,False,Lavia,0.2,False,,a,6,8,11,25664,289,15079,1969,0.4,2.2,Lavia,,21.0,2023-08-18,2004-01-06,False,p514356,258,1,0,0,8,0,0,0,1,0,0,0,61,65.8,29.1,66.0,16.1,10,15,6,31,4,0.75,0.11,0.86,5.06,,,,,,,[],,144,49,191,109,66,41,121,63,0.26,0.0,0.04,0.3,1.77,2.79,310,186,174,77,168,69,323,116,1.4,0.0,10.81,Chelsea,CHE
True,False,0.0,0.0,491007,0,0,0,0,0.0,0,"[{'offset': 0, 'projected_percent': '0.0', 'likelihood': 0}, {'offset': 1, 'projected_percent': '0.0', 'likelihood': 0}, {'offset': 2, 'projected_percent': '0.0', 'likelihood': 0}]",,False,0,3,0.0,0.0,0,Dário,0.0,163,False,Has joined RC Strasbourg on loan for the rest of the season,2026-09-02T16:20:41.865225Z,4.5,491007.jpg,0.0,False,Luís Essugo,0.1,False,,u,6,8,0,2698,0,14241,529,0.0,0.0,D.Essugo,Dário Essugo,173.0,2025-06-02,2005-03-14,False,p491007,0,0,0,0,0,0,0,0,0,0,0,0,0,0.0,0.0,0.0,0.0,0,0,0,0,0,0.00,0.00,0.00,0.00,,,,,,,[],,503,202,500,208,457,180,508,203,0.0,0.0,0.0,0.0,0.0,0.0,489,263,507,206,517,210,427,161,0.0,0.0,0.0,Chelsea,CHE
True,True,100.0,100.0,593117,0,0,-2,2,-20.7,0,"[{'offset': 0, 'projected_percent': '-20.7', 'likelihood': -2}, {'offset': 1, 'projected_percent': '-20.7', 'likelihood': -2}, {'offset': 2, 'projected_percent': '-20.7', 'likelihood': -2}]",,False,0,3,0.4,0.4,1,Geovany,0.4,164,False,,2026-07-24T20:30:10.609931Z,5.3,593117.jpg,1.0,False,Quenda,0.0,False,,a,6,8,2,878,46,3341,121,0.1,0.4,Quenda,Geovany Quenda,173.0,2026-06-15,2007-04-30,False,p593117,27,0,0,0,2,0,0,0,0,0,0,0,5,1.6,2.1,8.0,1.2,1,0,0,1,0,0.03,0.01,0.04,1.29,,,,,,,[],,390,182,330,165,271,139,374,177,0.1,0.0,0.03,0.13,4.3,6.67,235,148,354,166,370,170,531,214,0.0,0.0,3.33,Chelsea,CHE
True,True,75.0,75.0,475168,-1,1,2,-2,-0.3,-967,"[{'offset': 0, 'projected_percent': '-0.6', 'likelihood': -1}, {'offset': 1, 'projected_percent': '-1.3', 'likelihood': -1}, {'offset': 2, 'projected_percent': '-1.9', 'likelihood': -1}]",,False,2,4,4.9,4.9,0,João Pedro,6.6,165,True,Knee injury - 75% chance of playing,2026-09-16T19:00:09.919929Z,7.7,475168.jpg,8.2,False,Junqueira de Jesus,66.0,False,,d,6,8,33,1553895,39154,1381761,309265,0.9,4.3,João Pedro,João Pedro,30.0,2025-07-02,2001-09-26,False,p475168,360,3,3,0,9,1,0,0,1,0,0,7,141,158.4,90.0,123.0,37.0,3,5,1,9,4,2.17,0.19,2.36,6.17,,,,,,,[],https://www.chelseafc.com/en/news/article/xabi-alonso-on-competitive-monster-jordan-henderson-and-chelsea-absentees,10,2,49,1,21,10,15,3,0.54,0.0,0.05,0.59,1.54,2.25,16,5,12,2,5,1,2,2,1.0,0.0,2.25,Chelsea,CHE
True,False,0.0,0.0,499309,0,0,0,0,0.0,-4,"[{'offset': 0, 'projected_percent': '0.0', 'likelihood': 0}, {'offset': 1, 'projected_percent': '0.0', 'likelihood': 0}, {'offset': 2, 'projected_percent': '0.0', 'likelihood': 0}]",,False,0,4,0.0,0.0,0,Marc,0.0,168,False,Has joined RB Leipzig permanently,2026-09-01T13:24:48.857362Z,5.0,499309.jpg,0.0,False,Guiu Paz,0.2,False,,u,6,8,0,4102,0,32850,1126,0.0,0.0,Marc Guiu,,200.0,2024-07-01,2006-01-04,False,p499309,0,0,0,0,0,0,0,0,0,0,0,0,0,0.0,0.0,0.0,0.0,0,0,0,0,0,0.00,0.00,0.00,0.00,,,,,,,[],,607,63,613,67,589,62,613,67,0.0,0.0,0.0,0.0,0.0,0.0,304,57,610,65,616,68,334,53,0.0,0.0,0.0,Chelsea,CHE
True,True,,,567119,0,0,0,0,4.0,6,"[{'offset': 0, 'projected_percent': '4.0', 'likelihood': 1}, {'offset': 1, 'projected_percent': '4.1', 'likelihood': 1}, {'offset': 2, 'projected_percent': '4.2', 'likelihood': 1}]",,False,0,4,0.0,0.0,0,Shumaira,0.0,169,False,,,4.5,567119.jpg,0.0,False,Mheuka,0.5,False,,a,6,8,0,30878,3157,24304,2515,0.0,0.0,Mheuka,,,,,False,p567119,0,0,0,0,0,0,0,0,0,0,0,0,0,0.0,0.0,0.0,0.0,0,0,0,0,0,0.00,0.00,0.00,0.00,,,,,,,[],,522,52,518,56,476,51,527,56,0.0,0.0,0.0,0.0,0.0,0.0,510,73,526,54,535,57,253,42,0.0,0.0,0.0,Chelsea,CHE
True,True,0.0,0.0,503037,0,0,0,0,-91.2,-5,"[{'offset': 0, 'projected_percent': '-92.5', 'likelihood': -3}, {'offset': 1, 'projected_percent': '-95.0', 'likelihood': -4}, {'offset': 2, 'projected_percent': '-97.4', 'likelihood': -4}]",,False,0,4,0.0,0.0,0,Emmanuel,0.0,170,False,Hamstring injury - Expected back 10 Oct,2026-09-09T15:00:09.063849Z,5.0,503037.jpg,0.0,False,Emegha,0.1,False,,i,6,8,0,6054,54,12299,792,0.0,0.0,Emegha,,152.0,2026-06-15,2003-02-03,False,p503037,0,0,0,0,0,0,0,0,0,0,0,0,0,0.0,0.0,0.0,0.0,0,0,0,0,0,0.00,0.00,0.00,0.00,,,,,,,[],https://www.chelseafc.com/en/news/article/xabi-alonso-confirms-chelsea-team-news-for-hull-city,609,64,615,68,591,63,615,68,0.0,0.0,0.0,0.0,0.0,0.0,307,58,612,66,618,69,404,60,0.0,0.0,0.0,Chelsea,CHE
True,True,,,437499,-1,1,-1,1,-5.5,-57,"[{'offset': 0, 'projected_percent': '-5.8', 'likelihood': -1}, {'offset': 1, 'projected_percent': '-6.5', 'likelihood': -1}, {'offset': 2, 'projected_percent': '-7.2', 'likelihood': -1}]",,False,0,2,2.6,2.6,3,Maxence,2.6,200,False,,,5.9,437499.jpg,2.6,False,Lacroix,6.8,False,,a,6,8,13,171824,5170,417691,22115,0.4,2.2,Lacroix,,73.0,2026-07-30,2000-04-06,False,p437499,364,0,1,0,10,0,0,0,1,0,0,0,28,116.2,13.9,14.0,14.4,37,8,10,47,4,0.15,0.22,0.37,7.93,,,,,,,[],,49,21,251,91,229,75,154,52,0.04,0.0,0.05,0.09,1.96,2.47,85,7,146,55,186,72,56,22,0.99,0.0,11.62,Chelsea,CHE
True,True,,,549939,0,0,-1,1,0.0,0,"[{'offset': 0, 'projected_percent': '0.0', 'likelihood': 0}, {'offset': 1, 'projected_percent': '0.0', 'likelihood': 0}, {'offset': 2, 'projected_percent': '0.0', 'likelihood': 0}]",,False,0,1,0.0,0.0,0,Mike,0.0,560,False,,,4.4,549939.jpg,0.0,False,Penders,0.1,False,,a,6,8,0,1954,179,3541,221,0.0,0.0,Penders,,21.0,2024-08-27,2005-07-31,False,p549939,0,0,0,0,0,0,0,0,0,0,0,0,0,0.0,0.0,0.0,0.0,0,0,0,0,0,0.00,0.00,0.00,0.00,,,,,,,[],,475,51,467,33,417,28,480,51,0.0,0.0,0.0,0.0,0.0,0.0,574,47,478,51,489,51,474,55,0.0,0.0,0.0,Chelsea,CHE
True,True,100.0,100.0,622758,0,0,0,0,-3.4,0,"[{'offset': 0, 'projected_percent': '-3.4', 'likelihood': -1}, {'offset': 1, 'projected_percent': '-3.4', 'likelihood': -1}, {'offset': 2, 'projected_percent': '-3.4', 'likelihood': -1}]",,False,0,2,0.0,0.0,0,Aaron,0.0,561,False,,2026-08-23T19:00:08.536705Z,4.5,622758.jpg,0.0,False,Anselmino,0.0,False,,a,6,8,0,802,45,1234,86,0.0,0.0,Anselmino,,10.0,2024-08-08,2005-04-29,False,p622758,0,0,0,0,0,0,0,0,0,0,0,0,0,0.0,0.0,0.0,0.0,0,0,0,0,0,0.00,0.00,0.00,0.00,,,,,,,[],,537,201,533,200,493,195,542,201,0.0,0.0,0.0,0.0,0.0,0.0,533,134,541,199,550,201,572,193,0.0,0.0,0.0,Chelsea,CHE
True,True,,,543158,0,0,-1,1,-11.6,0,"[{'offset': 0, 'projected_percent': '-11.6', 'likelihood': -1}, {'offset': 1, 'projected_percent': '-11.6', 'likelihood': -1}, {'offset': 2, 'projected_percent': '-11.6', 'likelihood': -1}]",,False,0,3,0.6,0.6,2,Valentín,0.6,568,False,,,5.4,543158.jpg,1.0,False,Barco,0.1,False,,a,6,8,3,3088,165,6897,330,0.1,0.6,Barco,,10.0,2026-08-02,2004-07-23,False,p543158,115,0,0,0,3,0,0,0,1,0,0,0,29,12.8,7.2,11.0,3.0,4,5,3,12,1,0.07,0.11,0.18,2.83,,,,,,,[],,307,135,287,143,250,130,321,148,0.05,0.0,0.09,0.14,2.21,2.35,208,132,315,145,383,180,385,142,0.78,0.0,9.39,Chelsea,CHE
True,True,,,498444,0,0,-1,1,-46.9,1,"[{'offset': 0, 'projected_percent': '-46.3', 'likelihood': -3}, {'offset': 1, 'projected_percent': '-45.2', 'likelihood': -3}, {'offset': 2, 'projected_percent': '-44.0', 'likelihood': -3}]",,False,0,2,1.0,1.0,1,Pep,1.0,583,False,,,4.9,498444.jpg,1.0,False,Chavarría,0.1,False,,a,6,8,5,3263,303,11006,400,0.2,1.0,Chavarria,,200.0,2026-08-12,1998-04-10,False,p498444,208,0,0,0,4,0,0,0,0,0,0,0,17,30.8,31.4,12.0,7.5,11,7,5,16,1,0.04,0.07,0.11,4.10,,,,,,,[],,252,106,182,56,237,80,242,92,0.02,0.0,0.03,0.05,1.77,1.73,385,71,264,98,339,132,366,141,0.43,0.0,6.92,Chelsea,CHE
True,True,,,636846,0,0,0,0,0.0,0,"[{'offset': 0, 'projected_percent': '0.0', 'likelihood': 0}, {'offset': 1, 'projected_percent': '0.0', 'likelihood': 0}, {'offset': 2, 'projected_percent': '0.0', 'likelihood': 0}]",2026-10-01T21:17:24.996715Z,False,0,3,1.1,1.1,1,Mahdi,1.0,662,False,,,4.5,636846.jpg,1.0,False,Nicoll-Jazuli,0.0,False,,a,6,8,1,257,257,45,45,0.2,0.2,Nicoll-Jazuli,,241.0,2026-07-01,2010-01-06,False,p636846,3,0,0,0,1,0,0,0,0,0,0,0,5,4.6,1.7,0.0,0.6,0,0,2,2,0,0.00,0.00,0.00,0.43,,,,,,,[],,364,170,340,171,498,196,387,181,0.0,0.0,0.0,0.0,12.9,30.0,538,282,263,117,325,140,641,277,0.0,0.0,60.0,Chelsea,CHE
True,True,,,231065,0,0,0,0,-73.4,0,"[{'offset': 0, 'projected_percent': '-73.4', 'likelihood': -3}, {'offset': 1, 'projected_percent': '-73.4', 'likelihood': -3}, {'offset': 2, 'projected_percent': '-73.4', 'likelihood': -3}]",,False,0,2,3.5,3.5,8,Ethan,3.5,91,False,,,4.5,231065.jpg,3.5,False,Pinnock,0.1,False,,a,7,9,14,2437,268,3934,163,0.8,3.1,Pinnock,,107.0,2026-08-26,1993-05-29,False,p231065,282,0,0,1,7,0,0,0,1,0,0,0,15,90.8,1.7,10.0,10.3,41,4,3,44,3,0.12,0.00,0.12,6.57,,,,,,,[],,94,43,339,122,254,86,204,72,0.04,0.0,0.0,0.04,2.1,2.23,460,102,88,35,117,47,468,167,0.96,0.32,14.04,Coventry City,COV
True,True,100.0,100.0,428580,0,0,-1,1,-28.3,0,"[{'offset': 0, 'projected_percent': '-28.3', 'likelihood': -2}, {'offset': 1, 'projected_percent': '-28.3', 'likelihood': -2}, {'offset': 2, 'projected_percent': '-28.3', 'likelihood': -2}]",,False,0,3,1.8,1.8,3,Frank,1.8,104,False,,2026-09-15T09:00:07.851220Z,4.9,428580.jpg,2.2,False,Onyeka,0.1,False,,a,7,9,9,3935,125,9452,325,0.4,1.8,Onyeka,,157.0,2026-07-01,1998-01-01,False,p428580,314,0,0,1,7,0,0,0,0,0,0,0,34,19.4,4.7,21.0,4.5,9,14,5,28,4,0.03,0.02,0.05,6.31,,,,,,,[],,286,122,308,158,182,97,300,135,0.01,0.0,0.01,0.02,1.81,2.01,367,221,205,94,211,92,417,155,1.15,0.29,8.03,Coventry City,COV
True,True,,,472739,0,0,0,0,-53.9,4,"[{'offset': 0, 'projected_percent': '-53.6', 'likelihood': -3}, {'offset': 1, 'projected_percent': '-52.8', 'likelihood': -3}, {'offset': 2, 'projected_percent': '-52.1', 'likelihood': -3}]",,False,1,1,3.8,3.8,11,Carl,3.8,110,False,,,4.5,472739.jpg,3.2,False,Rushworth,0.8,False,,a,7,9,16,22951,1804,57497,4333,0.8,3.6,Rushworth,,241.0,2026-08-04,2001-07-02,False,p472739,450,0,1,1,10,0,0,0,0,0,9,2,56,90.6,10.0,0.0,10.1,4,50,0,0,5,0.00,0.02,0.02,8.63,,,,,,,[],,95,18,281,2,453,46,208,15,0.0,1.8,0.0,0.0,1.73,2.0,484,39,80,8,127,13,204,30,1.0,0.2,0.0,Coventry City,COV
True,False,0.0,0.0,484389,0,0,0,0,0.0,-8,"[{'offset': 0, 'projected_percent': '0.0', 'likelihood': 0}, {'offset': 1, 'projected_percent': '0.0', 'likelihood': 0}, {'offset': 2, 'projected_percent': '0.0', 'likelihood': 0}]",,False,0,1,0.0,0.0,0,Oliver,0.0,171,False,Has joined Leyton Orient on loan for the rest of the season,2026-09-02T15:44:14.839336Z,4.0,484389.jpg,0.0,False,Dovin,1.0,False,,u,7,9,0,8924,0,56618,3450,0.0,0.0,Dovin,,206.0,2024-07-19,2002-07-11,False,p484389,0,0,0,0,0,0,0,0,0,0,0,0,0,0.0,0.0,0.0,0.0,0,0,0,0,0,0.00,0.00,0.00,0.00,,,,,,,[],,439,46,430,27,374,22,444,46,0.0,0.0,0.0,0.0,0.0,0.0,629,70,441,46,453,46,176,26,0.0,0.0,0.0,Coventry City,COV
True,True,,,110690,0,0,-1,1,-4.3,-4,"[{'offset': 0, 'projected_percent': '-5.2', 'likelihood': -1}, {'offset': 1, 'projected_percent': '-6.8', 'likelihood': -1}, {'offset': 2, 'projected_percent': '-8.4', 'likelihood': -1}]",,False,0,1,0.0,0.0,0,Ben,0.0,172,False,,,4.4,110690.jpg,0.0,False,Wilson,0.4,False,,a,7,9,0,1324,154,12159,462,0.0,0.0,Wilson,,241.0,2019-07-01,1992-08-09,False,p110690,0,0,0,0,0,0,0,0,0,0,0,0,0,0.0,0.0,0.0,0.0,0,0,0,0,0,0.00,0.00,0.00,0.00,,,,,,,[],,466,50,458,32,407,27,471,50,0.0,0.0,0.0,0.0,0.0,0.0,552,46,469,50,480,50,276,37,0.0,0.0,0.0,Coventry City,COV
True,True,,,461102,0,0,0,0,15.7,7,"[{'offset': 0, 'projected_percent': '15.7', 'likelihood': 1}, {'offset': 1, 'projected_percent': '15.8', 'likelihood': 1}, {'offset': 2, 'projected_percent': '15.9', 'likelihood': 1}]",,False,0,2,5.2,5.2,9,Bobby,5.2,173,False,,,4.0,461102.jpg,4.8,False,Thomas,8.6,False,,a,7,9,24,354977,17543,274092,21068,1.3,6.0,Thomas,,241.0,2023-07-22,2001-01-30,False,p461102,437,0,0,2,9,0,0,0,0,0,0,3,78,94.8,33.7,56.0,18.4,49,16,3,52,5,0.49,0.30,0.79,8.09,,,,,,,[],,85,37,173,53,81,13,104,34,0.1,0.0,0.06,0.16,1.67,1.85,625,181,36,12,62,27,45,16,1.03,0.41,10.71,Coventry City,COV
True,False,0.0,0.0,436761,0,0,0,0,0.0,-8,"[{'offset': 0, 'projected_percent': '0.0', 'likelihood': 0}, {'offset': 1, 'projected_percent': '0.0', 'likelihood': 0}, {'offset': 2, 'projected_percent': '0.0', 'likelihood': 0}]",,False,0,2,0.0,0.0,0,Liam,0.0,174,False,Has joined Sheffield United on loan for the rest of the season,2026-09-02T16:21:03.612394Z,4.0,436761.jpg,0.0,False,Kitching,0.3,False,,u,7,9,0,981,0,32386,1293,0.0,0.0,Kitching,,241.0,2023-09-01,1999-09-25,False,p436761,0,0,0,0,0,0,0,0,0,0,0,0,0,0.0,0.0,0.0,0.0,0,0,0,0,0,0.00,0.00,0.00,0.00,,,,,,,[],,432,156,423,155,367,140,437,156,0.0,0.0,0.0,0.0,0.0,0.0,618,176,434,152,446,156,278,101,0.0,0.0,0.0,Coventry City,COV
True,True,75.0,,451284,0,0,0,0,-41.3,-116,"[{'offset': 0, 'projected_percent': '-41.8', 'likelihood': -3}, {'offset': 1, 'projected_percent': '-42.9', 'likelihood': -3}, {'offset': 2, 'projected_percent': '-43.9', 'likelihood': -3}]",,False,0,2,0.9,1.2,0,Milan,1.2,175,False,Hamstring injury - 75% chance of playing,2026-09-19T16:00:09.486751Z,4.0,451284.jpg,1.5,False,van Ewijk,8.9,False,,d,7,9,6,122890,985,482528,57854,0.3,1.5,van Ewijk,,152.0,2023-07-27,2000-09-08,False,p451284,360,0,0,0,10,0,0,0,1,0,0,0,7,61.6,52.7,14.0,12.8,21,13,6,27,4,0.00,0.30,0.30,7.53,,,,,,,[],,160,67,108,28,224,72,171,60,0.0,0.0,0.08,0.08,1.88,2.5,623,179,249,88,269,95,42,13,1.0,0.0,6.75,Coventry City,COV
True,True,,,173878,0,0,0,0,-37.3,11,"[{'offset': 0, 'projected_percent': '-36.1', 'likelihood': -2}, {'offset': 1, 'projected_percent': '-33.9', 'likelihood': -2}, {'offset': 2, 'projected_percent': '-31.7', 'likelihood': -2}]",,False,1,2,4.8,4.8,15,Jay,4.8,176,False,,,4.0,173878.jpg,4.0,False,Dasilva,0.7,False,,a,7,9,20,13445,4162,22008,1042,1.2,5.0,Dasilva,,244.0,2023-07-01,1998-04-22,False,p173878,444,1,0,1,10,0,0,0,0,0,0,3,54,110.6,67.7,35.0,21.5,19,14,4,23,5,0.50,0.52,1.02,8.63,,,,,,,[],,57,24,82,16,138,38,77,18,0.1,0.0,0.11,0.21,1.75,2.03,604,166,46,20,85,36,213,83,1.01,0.2,4.66,Coventry City,COV
True,True,0.0,0.0,465390,-1,1,-1,1,0.1,3,"[{'offset': 0, 'projected_percent': '0.1', 'likelihood': 1}, {'offset': 1, 'projected_percent': '0.2', 'likelihood': 1}, {'offset': 2, 'projected_percent': '0.2', 'likelihood': 1}]",,False,0,2,0.0,0.0,0,Kaine,0.0,177,False,Hamstring injury - Unknown return date,2026-08-27T14:56:28.704361Z,3.9,465390.jpg,0.0,False,Kesler-Hayden,0.0,False,,i,7,9,0,1317,718,3519,294,0.0,0.0,Kesler-Hayden,,241.0,2025-07-01,2002-10-23,False,p465390,0,0,0,0,0,0,0,0,0,0,0,0,0,0.0,0.0,0.0,0.0,0,0,0,0,0,0.00,0.00,0.00,0.00,,,,,,,[],,408,149,396,145,340,130,412,148,0.0,0.0,0.0,0.0,0.0,0.0,666,216,408,143,422,149,503,177,0.0,0.0,0.0,Coventry City,COV
True,True,,,80178,0,0,0,0,-26.1,0,"[{'offset': 0, 'projected_percent': '-26.1', 'likelihood': -2}, {'offset': 1, 'projected_percent': '-26.1', 'likelihood': -2}, {'offset': 2, 'projected_percent': '-26.1', 'likelihood': -2}]",,False,0,2,0.0,0.0,0,Jake,0.0,178,False,,,4.0,80178.jpg,0.0,False,Bidwell,0.1,False,,a,7,9,0,2445,138,3443,212,0.0,0.0,Bidwell,,241.0,2022-01-17,1993-03-21,False,p80178,0,0,0,0,0,0,0,0,0,0,0,0,0,0.0,0.0,0.0,0.0,0,0,0,0,0,0.00,0.00,0.00,0.00,,,,,,,[],,416,151,404,147,348,132,420,150,0.0,0.0,0.0,0.0,0.0,0.0,593,162,416,145,430,151,443,161,0.0,0.0,0.0,Coventry City,COV
True,True,,,204813,0,0,0,0,-69.0,0,"[{'offset': 0, 'projected_percent': '-69.0', 'likelihood': -3}, {'offset': 1, 'projected_percent': '-69.0', 'likelihood': -3}, {'offset': 2, 'projected_percent': '-69.0', 'likelihood': -3}]",,False,0,2,0.2,0.2,1,Joel,0.2,179,False,,,4.0,204813.jpg,1.0,False,Latibeaudiere,0.0,False,,a,7,9,1,964,53,1700,97,0.0,0.2,Latibeaudiere,,107.0,2023-07-18,2000-01-06,False,p204813,1,0,0,0,0,0,0,0,0,0,0,0,3,7.0,0.0,0.0,0.7,2,0,0,2,0,0.00,0.00,0.00,0.02,,,,,,,[],,347,127,415,151,359,136,382,136,0.0,0.0,0.0,0.0,1.8,0.0,606,168,364,127,300,107,518,182,0.0,0.0,180.0,Coventry City,COV
True,True,0.0,0.0,220583,0,0,0,0,-87.5,-2,"[{'offset': 0, 'projected_percent': '-88.1', 'likelihood': -3}, {'offset': 1, 'projected_percent': '-89.2', 'likelihood': -3}, {'offset': 2, 'projected_percent': '-90.3', 'likelihood': -3}]",,False,0,2,0.0,0.0,0,Luke,0.0,180,False,Knee injury - Unknown return date,2026-08-27T14:56:28.718566Z,4.0,220583.jpg,0.0,False,Woolfenden,0.1,False,,i,7,9,0,2250,15,8896,387,0.0,0.0,Woolfenden,,241.0,2025-09-01,1998-10-21,False,p220583,0,0,0,0,0,0,0,0,0,0,0,0,0,0.0,0.0,0.0,0.0,0,0,0,0,0,0.00,0.00,0.00,0.00,,,,,,,[],,427,154,418,153,362,138,432,154,0.0,0.0,0.0,0.0,0.0,0.0,611,172,429,150,441,154,400,149,0.0,0.0,0.0,Coventry City,COV
True,False,0.0,0.0,577411,0,0,0,0,0.0,0,"[{'offset': 0, 'projected_percent': '0.0', 'likelihood': 0}, {'offset': 1, 'projected_percent': '0.0', 'likelihood': 0}, {'offset': 2, 'projected_percent': '0.0', 'likelihood': 0}]",,False,0,2,0.0,0.0,0,Miguel,0.0,181,False,Has joined Academico de Viseu on loan for the rest of the season,2026-08-29T00:35:59.980316Z,4.0,577411.jpg,0.0,False,Brau,0.0,False,,u,7,9,0,275,0,2140,70,0.0,0.0,Brau,,200.0,2025-07-01,2001-12-27,False,p577411,0,0,0,0,0,0,0,0,0,0,0,0,0,0.0,0.0,0.0,0.0,0,0,0,0,0,0.00,0.00,0.00,0.00,,,,,,,[],,454,171,445,170,390,156,459,171,0.0,0.0,0.0,0.0,0.0,0.0,649,200,456,167,468,171,567,191,0.0,0.0,0.0,Coventry City,COV
True,True,0.0,25.0,539142,0,0,0,0,-44.3,-19,"[{'offset': 0, 'projected_percent': '-45.1', 'likelihood': -3}, {'offset': 1, 'projected_percent': '-46.7', 'likelihood': -3}, {'offset': 2, 'projected_percent': '-48.2', 'likelihood': -3}]",,False,0,2,0.0,0.2,0,Aurèle,0.8,182,False,Calf injury - Unknown return date,2026-09-17T07:30:09.329041Z,4.0,539142.jpg,1.0,False,Amenda,0.6,False,,i,7,9,4,11465,20,31974,5072,0.2,1.0,Amenda,,207.0,2026-07-16,2003-07-31,False,p539142,360,0,0,0,10,0,0,0,1,0,0,0,-3,62.8,14.5,15.0,9.4,23,11,1,24,4,0.02,0.39,0.41,7.53,,,,,,,[],,154,66,246,87,215,67,218,78,0.0,0.0,0.1,0.1,1.88,2.5,638,189,277,100,302,109,229,87,1.0,0.0,6.0,Coventry City,COV
True,True,100.0,100.0,480457,0,0,-1,1,0.0,0,"[{'offset': 0, 'projected_percent': '0.0', 'likelihood': 0}, {'offset': 1, 'projected_percent': '0.0', 'likelihood': 0}, {'offset': 2, 'projected_percent': '0.0', 'likelihood': 0}]",,False,0,3,3.0,3.0,5,Jack,3.0,183,False,,2026-07-23T12:01:23.481435Z,4.9,480457.jpg,2.6,False,Rudoni,0.1,False,,a,7,9,13,4081,611,7868,479,0.6,2.7,Rudoni,,241.0,2024-06-20,2001-06-14,False,p480457,297,0,0,2,4,0,0,0,0,0,0,0,51,51.2,140.8,80.0,27.2,9,21,4,34,4,0.92,1.11,2.03,4.49,5.0,,1.0,,,,[],,192,80,20,19,47,29,44,33,0.28,0.0,0.34,0.62,1.36,1.21,379,225,113,44,179,78,412,152,1.21,0.61,10.3,Coventry City,COV
True,True,,,168144,0,0,-1,1,-23.6,0,"[{'offset': 0, 'projected_percent': '-23.6', 'likelihood': -2}, {'offset': 1, 'projected_percent': '-23.6', 'likelihood': -2}, {'offset': 2, 'projected_percent': '-23.6', 'likelihood': -2}]",,False,0,3,2.2,2.2,3,Matt,2.2,184,False,,,4.9,168144.jpg,2.2,False,Grimes,0.1,False,,a,7,9,11,4033,136,11069,678,0.4,2.2,Grimes,,241.0,2025-01-31,1995-07-15,False,p168144,443,0,0,1,9,0,0,0,0,0,0,0,62,64.4,48.0,6.0,11.8,13,16,9,38,5,0.12,0.13,0.25,8.42,1.0,,,,3.0,,[],,149,54,125,83,286,146,183,90,0.02,0.0,0.03,0.05,1.71,1.83,346,208,171,74,208,89,391,144,1.02,0.2,7.72,Coventry City,COV
True,True,,,501459,0,0,-2,2,-17.4,0,"[{'offset': 0, 'projected_percent': '-17.4', 'likelihood': -1}, {'offset': 1, 'projected_percent': '-17.4', 'likelihood': -1}, {'offset': 2, 'projected_percent': '-17.4', 'likelihood': -1}]",,False,0,3,0.2,0.2,0,Tatsuhiro,0.2,185,False,,,4.8,501459.jpg,1.0,False,Sakamoto,0.1,False,,a,7,9,1,989,99,5670,298,0.0,0.2,Sakamoto,,108.0,2023-07-10,1996-10-22,False,p501459,31,0,0,0,1,0,0,0,0,0,0,0,8,6.2,5.9,7.0,1.9,0,2,2,4,0,0.02,0.02,0.04,0.69,,,,,,,[],,354,164,295,148,276,142,349,165,0.06,0.0,0.06,0.12,2.0,2.9,416,254,377,174,328,142,475,185,0.0,0.0,11.61,Coventry City,COV
True,True,100.0,100.0,241293,-1,1,-2,2,-0.2,-2,"[{'offset': 0, 'projected_percent': '-1.1', 'likelihood': -1}, {'offset': 1, 'projected_percent': '-2.8', 'likelihood': -1}, {'offset': 2, 'projected_percent': '-4.5', 'likelihood': -1}]",,False,0,3,1.2,1.2,1,Ephron,1.2,186,False,,2026-08-19T18:00:08.310507Z,5.3,241293.jpg,1.2,False,Mason-Clark,0.1,False,,a,7,9,5,1096,57,5885,281,0.2,0.9,Mason-Clark,,107.0,2024-02-01,1999-08-25,False,p241293,231,0,0,0,3,0,0,0,0,0,0,0,19,15.4,51.6,52.0,11.7,6,9,0,15,4,0.51,0.12,0.63,3.16,,,,,,,[],,299,129,113,75,89,53,187,91,0.2,0.0,0.05,0.25,1.23,1.17,220,138,253,115,292,133,438,167,1.56,0.0,5.84,Coventry City,COV
True,True,0.0,0.0,439668,-1,1,-2,2,-3.3,0,"[{'offset': 0, 'projected_percent': '-3.3', 'likelihood': -1}, {'offset': 1, 'projected_percent': '-3.3', 'likelihood': -1}, {'offset': 2, 'projected_percent': '-3.3', 'likelihood': -1}]",,False,0,3,0.0,0.0,0,Josh,0.0,187,False,Unspecified injury - Expected back 12 Oct,2026-09-10T18:30:08.877110Z,4.8,439668.jpg,0.0,False,Eccles,0.0,False,,i,7,9,0,624,11,1449,73,0.0,0.0,Eccles,,241.0,2018-07-01,2000-04-06,False,p439668,0,0,0,0,0,0,0,0,0,0,0,0,0,0.0,0.0,0.0,0.0,0,0,0,0,0,0.00,0.00,0.00,0.00,,,,,,,[],,555,227,551,233,513,206,560,228,0.0,0.0,0.0,0.0,0.0,0.0,414,253,559,231,567,235,612,259,0.0,0.0,0.0,Coventry City,COV
True,True,,,226965,-1,1,-2,2,-7.8,-4,"[{'offset': 0, 'projected_percent': '-9.5', 'likelihood': -1}, {'offset': 1, 'projected_percent': '-13.0', 'likelihood': -1}, {'offset': 2, 'projected_percent': '-16.4', 'likelihood': -1}]",,False,0,3,0.5,0.5,0,Victor,0.5,188,False,,,5.3,226965.jpg,1.0,False,Torp,0.1,False,,a,7,9,3,789,36,7858,326,0.1,0.6,Torp,,58.0,2024-01-11,1999-07-30,False,p226965,53,0,0,0,2,0,0,0,0,0,0,0,13,7.2,20.4,0.0,2.7,1,2,0,3,0,0.00,0.12,0.12,1.22,2.0,,2.0,,2.0,,[],,345,160,218,119,608,262,331,156,0.0,0.0,0.2,0.2,2.07,3.4,218,136,337,157,362,163,415,153,0.0,0.0,5.09,Coventry City,COV
True,True,,,684268,0,0,-1,1,0.6,-2,"[{'offset': 0, 'projected_percent': '0.6', 'likelihood': 1}, {'offset': 1, 'projected_percent': '0.5', 'likelihood': 1}, {'offset': 2, 'projected_percent': '0.5', 'likelihood': 1}]",,False,0,3,0.0,0.0,0,George,0.0,189,False,,,4.4,684268.jpg,0.0,False,Shepherd,0.3,False,,a,7,9,0,9850,3130,14596,1725,0.0,0.0,Shepherd,,,,,False,p684268,0,0,0,0,0,0,0,0,0,0,0,0,0,0.0,0.0,0.0,0.0,0,0,0,0,0,0.00,0.00,0.00,0.00,,,,,,,[],,478,197,470,203,420,175,483,198,0.0,0.0,0.0,0.0,0.0,0.0,578,298,482,201,492,205,305,106,0.0,0.0,0.0,Coventry City,COV
True,True,,,469272,0,0,-1,1,-71.5,0,"[{'offset': 0, 'projected_percent': '-71.5', 'likelihood': -3}, {'offset': 1, 'projected_percent': '-71.5', 'likelihood': -3}, {'offset': 2, 'projected_percent': '-71.5', 'likelihood': -3}]",,False,0,3,0.8,0.8,1,Loum,0.8,190,False,,,5.4,469272.jpg,1.2,False,Tchaouna,0.1,False,,a,7,9,5,3125,9,8128,251,0.1,0.9,Tchaouna,,73.0,2026-07-11,2003-09-08,False,p469272,211,0,0,0,3,0,0,0,0,0,0,0,32,25.4,50.5,46.0,12.3,6,11,1,18,2,0.23,0.18,0.41,3.23,3.0,,,,,,[],,263,109,116,78,103,58,178,88,0.1,0.0,0.08,0.18,1.38,1.28,197,123,289,133,294,134,422,159,0.85,0.0,7.68,Coventry City,COV
True,False,0.0,0.0,492498,0,0,0,0,0.0,0,"[{'offset': 0, 'projected_percent': '0.0', 'likelihood': 0}, {'offset': 1, 'projected_percent': '0.0', 'likelihood': 0}, {'offset': 2, 'projected_percent': '0.0', 'likelihood': 0}]",,False,0,3,0.0,0.0,0,Raphael,0.0,191,False,Has joined Burton Albion on loan for the rest of the season,2026-09-02T15:44:14.868001Z,4.5,492498.jpg,0.0,False,Borges Rodrigues,0.1,False,,u,7,9,0,1943,0,11349,525,0.0,0.0,Borges Rodrigues,,13.0,2024-07-01,2003-09-11,False,p492498,0,0,0,0,0,0,0,0,0,0,0,0,0,0.0,0.0,0.0,0.0,0,0,0,0,0,0.00,0.00,0.00,0.00,,,,,,,[],,504,203,501,209,458,181,509,204,0.0,0.0,0.0,0.0,0.0,0.0,490,264,508,207,518,211,437,166,0.0,0.0,0.0,Coventry City,COV
True,False,0.0,0.0,629397,0,0,0,0,0.0,-4,"[{'offset': 0, 'projected_percent': '0.0', 'likelihood': 0}, {'offset': 1, 'projected_percent': '0.0', 'likelihood': 0}, {'offset': 2, 'projected_percent': '0.0', 'likelihood': 0}]",,False,0,3,0.0,0.0,0,Kai,0.0,192,False,Has joined Oxford United on loan for the rest of the season,2026-08-29T00:35:59.998520Z,4.5,629397.jpg,0.0,False,Andrews,0.3,False,,u,7,9,0,2718,0,40588,1483,0.0,0.0,Andrews,,244.0,2023-08-11,2006-08-06,False,p629397,0,0,0,0,0,0,0,0,0,0,0,0,0,0.0,0.0,0.0,0.0,0,0,0,0,0,0.00,0.00,0.00,0.00,,,,,,,[],,540,217,536,223,496,195,545,218,0.0,0.0,0.0,0.0,0.0,0.0,536,281,544,221,553,225,298,104,0.0,0.0,0.0,Coventry City,COV
True,True,0.0,0.0,176412,0,0,-1,1,-88.9,0,"[{'offset': 0, 'projected_percent': '-88.9', 'likelihood': -3}, {'offset': 1, 'projected_percent': '-88.9', 'likelihood': -3}, {'offset': 2, 'projected_percent': '-88.9', 'likelihood': -3}]",,False,0,4,0.0,0.0,0,Haji,0.0,193,False,Thigh injury - Unknown return date,2026-08-14T22:00:07.214508Z,5.4,176412.jpg,0.0,False,Wright,0.1,False,,i,7,9,0,598,31,12302,376,0.0,0.0,Wright,,229.0,2023-08-04,1998-03-27,False,p176412,0,0,0,0,0,0,0,0,0,0,0,0,0,0.0,0.0,0.0,0.0,0,0,0,0,0,0.00,0.00,0.00,0.00,,,,,1.0,,[],https://www.ccfc.co.uk/news/2026/august/19/head-coach-frank-lampard-provides-an-update-on-haji-wright/,628,68,631,72,617,69,633,72,0.0,0.0,0.0,0.0,0.0,0.0,172,42,629,70,634,73,456,66,0.0,0.0,0.0,Coventry City,COV
True,True,,,230730,0,0,0,0,2.1,1,"[{'offset': 0, 'projected_percent': '2.2', 'likelihood': 1}, {'offset': 1, 'projected_percent': '2.2', 'likelihood': 1}, {'offset': 2, 'projected_percent': '2.2', 'likelihood': 1}]",,False,0,4,1.8,1.8,4,Brandon,1.8,194,False,,,5.0,230730.jpg,1.8,False,Thomas-Asante,0.8,False,,a,7,9,9,55975,5350,55223,4198,0.4,1.8,Thomas-Asante,,81.0,2024-08-01,1998-12-29,False,p230730,227,0,0,1,6,0,0,0,0,0,0,0,43,29.8,4.5,49.0,8.4,12,12,3,27,2,0.34,0.06,0.39,4.98,,,,,4.0,,[],,256,24,310,40,96,23,230,23,0.13,0.0,0.02,0.15,1.97,2.38,271,53,208,20,254,30,205,33,0.79,0.4,10.7,Coventry City,COV
True,True,,,218997,-1,1,-1,1,-0.1,2,"[{'offset': 0, 'projected_percent': '0.0', 'likelihood': 0}, {'offset': 1, 'projected_percent': '0.0', 'likelihood': 0}, {'offset': 2, 'projected_percent': '0.0', 'likelihood': 0}]",,False,0,4,0.5,0.5,1,Ellis,0.5,195,False,,,4.9,218997.jpg,1.3,False,Simms,0.6,False,,a,7,9,4,39318,814,63273,4055,0.1,0.8,Simms,,241.0,2023-07-07,2001-01-05,False,p218997,104,0,0,0,3,0,0,0,0,0,0,0,13,7.8,22.6,37.0,6.8,1,2,0,3,1,0.30,0.01,0.31,2.79,,,,,,,[],,342,34,208,22,133,24,255,26,0.26,0.0,0.01,0.27,2.41,2.6,358,65,332,38,283,33,226,37,0.87,0.0,2.6,Coventry City,COV
True,False,0.0,0.0,551262,0,0,0,0,0.0,0,"[{'offset': 0, 'projected_percent': '0.0', 'likelihood': 0}, {'offset': 1, 'projected_percent': '0.0', 'likelihood': 0}, {'offset': 2, 'projected_percent': '0.0', 'likelihood': 0}]",,False,0,4,0.0,0.0,0,Jahnoah,0.0,196,False,Has joined Shabab Al-Ahli Dubai permanently,2026-08-17T13:53:55.791223Z,5.0,551262.jpg,0.0,False,Markelo,0.0,False,,u,7,9,0,0,0,1170,43,0.0,0.0,Markelo,,203.0,2026-01-27,2003-01-04,False,p551262,0,0,0,0,0,0,0,0,0,0,0,0,0,0.0,0.0,0.0,0.0,0,0,0,0,0,0.00,0.00,0.00,0.00,,,,,,,[],,616,65,622,69,598,64,622,69,0.0,0.0,0.0,0.0,0.0,0.0,321,60,619,67,625,70,627,78,0.0,0.0,0.0,Coventry City,COV
True,False,0.0,0.0,549653,0,0,0,0,0.0,-1,"[{'offset': 0, 'projected_percent': '0.0', 'likelihood': 0}, {'offset': 1, 'projected_percent': '0.0', 'likelihood': 0}, {'offset': 2, 'projected_percent': '0.0', 'likelihood': 0}]",,False,0,4,0.0,0.0,0,Norman,0.0,197,False,Has joined KVC Westerlo on loan for the rest of the season,2026-07-28T12:58:50.001768Z,4.5,549653.jpg,0.0,False,Bassette,0.0,False,,u,7,9,0,0,0,2076,117,0.0,0.0,Bassette,,,,,False,p549653,0,0,0,0,0,0,0,0,0,0,0,0,0,0.0,0.0,0.0,0.0,0,0,0,0,0,0.00,0.00,0.00,0.00,,,,,,,[],,516,49,513,54,470,48,521,53,0.0,0.0,0.0,0.0,0.0,0.0,503,70,520,51,530,55,561,75,0.0,0.0,0.0,Coventry City,COV
True,True,0.0,0.0,210156,-1,1,-1,1,-9.4,-14,"[{'offset': 0, 'projected_percent': '-9.9', 'likelihood': -1}, {'offset': 1, 'projected_percent': '-10.9', 'likelihood': -1}, {'offset': 2, 'projected_percent': '-12.0', 'likelihood': -1}]",,False,0,4,0.0,0.0,0,Taiwo,0.5,492,False,Suspended until 19 Oct,2026-09-13T15:00:09.305127Z,5.4,210156.jpg,0.8,False,Awoniyi,0.4,False,,s,7,9,3,21323,50,63749,3954,0.1,0.6,Awoniyi,,157.0,2026-08-17,1997-08-12,False,p210156,232,0,0,0,7,0,0,0,0,1,0,0,11,13.6,46.2,78.0,13.6,3,7,1,11,3,1.30,0.04,1.34,3.55,,,,,5.0,,[],,302,31,137,14,50,16,161,19,0.5,0.0,0.02,0.52,1.38,2.72,180,43,342,41,407,48,265,46,1.16,0.0,4.27,Coventry City,COV
True,True,,,661888,-1,1,-2,2,-0.4,-4,"[{'offset': 0, 'projected_percent': '-1.6', 'likelihood': -1}, {'offset': 1, 'projected_percent': '-3.9', 'likelihood': -1}, {'offset': 2, 'projected_percent': '-6.3', 'likelihood': -1}]",,False,0,3,2.0,2.0,3,Caleb,2.0,575,False,,,4.8,661888.jpg,1.8,False,Yirenkyi,0.1,False,,a,7,9,9,2833,181,13442,775,0.4,1.9,Yirenkyi,,81.0,2026-08-07,2006-01-15,False,p661888,265,0,0,2,5,0,0,0,1,0,0,0,36,15.4,41.6,7.0,6.0,7,13,1,21,3,0.03,0.15,0.18,4.25,,,,,,,[],,298,128,150,96,278,143,271,120,0.01,0.0,0.05,0.06,1.44,1.7,422,257,189,85,253,111,372,133,1.02,0.68,7.13,Coventry City,COV
True,True,,,196100,0,0,-1,1,-72.6,0,"[{'offset': 0, 'projected_percent': '-72.6', 'likelihood': -3}, {'offset': 1, 'projected_percent': '-72.6', 'likelihood': -3}, {'offset': 2, 'projected_percent': '-72.6', 'likelihood': -3}]",,False,0,3,0.5,0.5,0,Gustavo,0.5,584,False,,,5.4,196100.jpg,1.0,False,Hamer,0.1,False,,a,7,9,3,780,30,6285,278,0.1,0.6,Hamer,,152.0,2026-08-11,1997-06-24,False,p196100,32,0,0,0,1,0,0,0,0,0,0,0,6,0.6,1.8,0.0,0.3,0,2,1,3,0,0.00,0.02,0.02,0.82,4.0,,,,,,[],,401,188,338,170,619,268,397,186,0.0,0.0,0.06,0.06,2.31,2.81,175,111,341,159,375,174,429,163,0.0,0.0,8.44,Coventry City,COV
True,True,,,627221,0,0,0,0,-5.5,0,"[{'offset': 0, 'projected_percent': '-5.5', 'likelihood': -1}, {'offset': 1, 'projected_percent': '-5.5', 'likelihood': -1}, {'offset': 2, 'projected_percent': '-5.5', 'likelihood': -1}]",,False,0,4,0.2,0.2,0,Sidiki,0.2,599,False,,,5.0,627221.jpg,1.0,False,Cherif,0.1,False,,a,7,9,1,7292,365,7410,571,0.0,0.2,Cherif,,73.0,2026-08-19,2006-12-15,False,p627221,30,0,0,0,3,0,0,0,0,0,0,0,3,1.0,0.2,0.0,0.1,1,0,0,1,0,0.00,0.00,0.00,1.43,,,,,,,[],,398,44,388,48,603,66,406,47,0.0,0.0,0.0,0.0,4.29,9.0,332,62,389,44,359,38,414,63,0.0,0.0,3.0,Coventry City,COV
True,True,,,79602,0,0,0,0,2.0,4,"[{'offset': 0, 'projected_percent': '2.0', 'likelihood': 1}, {'offset': 1, 'projected_percent': '2.0', 'likelihood': 1}, {'offset': 2, 'projected_percent': '2.1', 'likelihood': 1}]",,False,0,1,0.0,0.0,0,Dan,0.0,623,False,,,4.0,79602.jpg,0.0,False,Bentley,0.6,False,,a,7,9,0,76933,6555,18103,1211,0.0,0.0,Bentley,,241.0,2026-08-21,1993-07-13,False,p79602,0,0,0,0,0,0,0,0,0,0,0,0,0,0.0,0.0,0.0,0.0,0,0,0,0,0,0.00,0.00,0.00,0.00,,,,,,,[],,415,30,403,11,347,6,419,30,0.0,0.0,0.0,0.0,0.0,0.0,592,54,415,30,429,30,228,33,0.0,0.0,0.0,Coventry City,COV
True,True,,,242893,0,0,0,0,0.0,0,"[{'offset': 0, 'projected_percent': '0.0', 'likelihood': 0}, {'offset': 1, 'projected_percent': '0.0', 'likelihood': 0}, {'offset': 2, 'projected_percent': '0.0', 'likelihood': 0}]",2026-09-23T15:00:18.732507Z,False,0,3,0.0,0.0,0,Yann,0.0,655,False,,,5.5,242893.jpg,0.0,False,Gboho,0.0,False,,a,7,9,0,250,52,92,43,0.0,0.0,Gboho,,73.0,2026-09-01,2001-01-14,False,p242893,0,0,0,0,0,0,0,0,0,0,0,0,0,0.0,0.0,0.0,0.0,0,0,0,0,0,0.00,0.00,0.00,0.00,,,,,,,[],,641,280,647,282,634,275,646,281,0.0,0.0,0.0,0.0,0.0,0.0,138,83,643,282,646,282,655,288,0.0,0.0,0.0,Coventry City,COV
True,True,,,566213,0,0,0,0,0.0,0,"[{'offset': 0, 'projected_percent': '0.0', 'likelihood': 0}, {'offset': 1, 'projected_percent': '0.0', 'likelihood': 0}, {'offset': 2, 'projected_percent': '0.0', 'likelihood': 0}]",2026-09-24T14:54:23.064516Z,False,0,2,3.0,3.0,6,Stephen,3.0,656,False,,,4.0,566213.jpg,6.0,False,Mfuni,0.1,False,,a,7,9,6,9611,1299,2385,584,0.8,1.5,Mfuni,,241.0,2026-08-30,2008-02-12,False,p566213,90,0,0,1,0,0,0,0,0,0,0,0,27,17.6,0.7,4.0,2.2,7,3,1,8,1,0.00,0.01,0.01,1.10,,,,,,,"[{'property': 'loan_ineligible', 'notes': 'This player will not be available to face their parent club in Gameweek 29 as part of their loan conditions.', 'gameweek': 29, 'url': None}]",,291,116,364,134,302,107,342,121,0.0,0.0,0.01,0.01,1.1,0.0,645,196,110,44,25,10,424,154,1.0,1.0,8.0,Coventry City,COV
True,True,,,485337,0,0,-1,1,-21.1,0,"[{'offset': 0, 'projected_percent': '-21.1', 'likelihood': -2}, {'offset': 1, 'projected_percent': '-21.1', 'likelihood': -2}, {'offset': 2, 'projected_percent': '-21.1', 'likelihood': -2}]",,False,0,3,0.2,0.2,0,Evann,0.2,42,False,,,5.4,485337.jpg,1.0,False,Guessand,0.0,False,,a,8,31,2,2360,67,3560,189,0.0,0.4,Guessand,,54.0,2026-08-12,2001-07-01,False,p485337,54,0,0,0,1,0,0,0,0,0,0,0,6,5.4,2.1,7.0,1.5,1,0,1,2,0,0.03,0.03,0.06,0.34,,,,,,,"[{'property': 'loan_ineligible', 'notes': 'This player will not be available to face their parent club in Gameweek 34 as part of their loan conditions.', 'gameweek': 34, 'url': None}, {'property': 'loan_ineligible', 'notes': 'This player will not be available to face their parent club in Gameweek 14 as part of their loan conditions.', 'gameweek': 14, 'url': None}]",,357,165,331,166,281,145,363,174,0.05,0.0,0.05,0.1,0.57,1.67,199,125,396,190,380,178,514,204,0.0,0.0,3.33,Crystal Palace,CRY
True,True,0.0,0.0,220362,0,0,0,0,-50.7,-2,"[{'offset': 0, 'projected_percent': '-51.4', 'likelihood': -3}, {'offset': 1, 'projected_percent': '-52.6', 'likelihood': -3}, {'offset': 2, 'projected_percent': '-53.9', 'likelihood': -3}]",,False,0,2,0.0,0.0,0,Axel,0.2,153,False,Suspended until 25 Oct,2026-09-12T15:30:09.445078Z,4.5,220362.jpg,0.3,False,Disasi,0.1,False,,s,8,31,1,9419,18,10161,580,0.0,0.2,Disasi,,73.0,2026-08-26,1998-03-11,False,p220362,139,0,0,0,6,0,0,0,0,1,0,0,-6,34.8,13.4,2.0,5.0,15,11,5,20,2,0.00,0.04,0.04,3.72,,,,,,,"[{'property': 'loan_ineligible', 'notes': 'This player will not be available to face their parent club in Gameweek 13 as part of their loan conditions.', 'gameweek': 13, 'url': None}, {'property': 'loan_ineligible', 'notes': 'This player will not be available to face their parent club in Gameweek 20 as part of their loan conditions.', 'gameweek': 20, 'url': None}]",,236,95,257,94,319,119,290,109,0.0,0.0,0.03,0.03,2.41,3.88,455,99,374,135,419,146,471,168,1.29,0.0,12.95,Crystal Palace,CRY
True,True,0.0,0.0,172649,0,0,0,0,-84.9,-54,"[{'offset': 0, 'projected_percent': '-86.0', 'likelihood': -3}, {'offset': 1, 'projected_percent': '-88.1', 'likelihood': -3}, {'offset': 2, 'projected_percent': '-90.2', 'likelihood': -3}]",,False,0,1,0.0,0.0,0,Dean,0.8,198,False,Foot injury - Expected back 11 Oct,2026-09-12T14:00:09.378740Z,5.0,172649.jpg,1.7,False,Henderson,1.3,False,,i,8,31,5,55217,91,117108,8200,0.2,1.0,Henderson,Dean Henderson,241.0,2023-08-31,1997-03-12,False,p172649,270,0,0,0,8,0,0,0,0,0,12,0,37,96.8,0.0,0.0,9.6,6,31,0,0,3,0.00,0.00,0.00,6.47,,,,,,,[],https://www.cpfc.co.uk/news/video/sage-on-facing-leeds-international-break-plans/,82,16,588,64,563,63,214,17,0.0,4.0,0.0,0.0,2.16,2.67,252,8,287,21,261,23,158,24,1.0,0.0,0.0,Crystal Palace,CRY
True,True,,,121709,0,0,0,0,-25.7,4,"[{'offset': 0, 'projected_percent': '-23.2', 'likelihood': -2}, {'offset': 1, 'projected_percent': '-18.2', 'likelihood': -1}, {'offset': 2, 'projected_percent': '-13.2', 'likelihood': -1}]",,False,0,1,2.0,2.0,6,Walter,2.0,199,False,,,4.5,121709.jpg,4.0,False,Benítez,0.1,False,,a,8,31,8,3540,448,4633,216,0.4,1.8,Benitez,,10.0,2025-07-01,1993-01-19,False,p121709,180,0,0,1,3,0,0,0,0,0,5,0,29,37.4,0.0,0.0,3.8,2,11,0,0,2,0.00,0.00,0.00,2.99,,,,,,,[],,228,21,477,40,427,35,311,21,0.0,2.5,0.0,0.0,1.5,1.5,437,28,186,17,86,7,396,46,1.0,0.5,0.0,Crystal Palace,CRY
True,True,,,427623,0,0,0,0,-93.6,1,"[{'offset': 0, 'projected_percent': '-93.5', 'likelihood': -3}, {'offset': 1, 'projected_percent': '-93.4', 'likelihood': -3}, {'offset': 2, 'projected_percent': '-93.3', 'likelihood': -3}]",,False,0,2,2.8,2.8,8,Chris,2.8,202,False,,,5.0,427623.jpg,2.8,False,Richards,0.6,False,,a,8,31,14,22005,1093,37341,1610,0.6,2.8,Richards,,229.0,2022-07-27,2000-03-28,False,p427623,450,0,0,1,11,0,0,0,1,0,0,0,48,131.4,7.7,24.0,16.2,46,16,8,54,5,0.08,0.07,0.15,9.46,,,,,,,[],,30,10,286,104,171,50,120,41,0.02,0.0,0.01,0.03,1.89,2.2,276,43,131,48,165,68,233,90,1.0,0.2,10.8,Crystal Palace,CRY
True,True,,,651426,-1,1,-2,2,-1.0,2,"[{'offset': 0, 'projected_percent': '-0.6', 'likelihood': -1}, {'offset': 1, 'projected_percent': '0.0', 'likelihood': 0}, {'offset': 2, 'projected_percent': '0.0', 'likelihood': 0}]",,False,0,2,2.2,2.2,8,Jaydee,2.2,203,False,,,4.8,651426.jpg,2.5,False,Canvot,0.2,False,,a,8,31,10,5598,256,19318,668,0.5,2.1,Canvot,,73.0,2025-09-01,2006-07-29,False,p651426,360,0,0,1,8,0,0,0,0,0,0,0,38,83.0,25.3,7.0,11.5,26,11,8,34,4,0.05,0.13,0.18,7.78,,,,,,,[],,111,50,197,64,277,97,191,68,0.01,0.0,0.03,0.04,1.94,2.0,421,79,169,64,189,75,335,126,1.0,0.25,8.5,Crystal Palace,CRY
True,True,,,244723,0,0,0,0,24.0,12,"[{'offset': 0, 'projected_percent': '24.1', 'likelihood': 2}, {'offset': 1, 'projected_percent': '24.2', 'likelihood': 2}, {'offset': 2, 'projected_percent': '24.4', 'likelihood': 2}]",,False,1,2,5.8,5.8,7,Tyrick,5.8,204,False,,,4.5,244723.jpg,4.8,False,Mitchell,6.0,False,,a,8,31,24,305895,9360,260018,11616,1.3,5.3,Mitchell,,241.0,2019-12-15,1999-09-01,False,p244723,419,2,0,1,10,0,0,0,0,0,0,3,68,128.2,67.9,62.0,25.8,14,23,11,25,5,0.77,0.26,1.03,8.34,,,,,,,[],,32,12,81,15,69,9,49,6,0.17,0.0,0.06,0.23,1.79,2.15,468,108,26,10,63,28,63,26,1.07,0.21,5.37,Crystal Palace,CRY
True,False,0.0,0.0,218364,0,0,0,0,0.0,0,"[{'offset': 0, 'projected_percent': '0.0', 'likelihood': 0}, {'offset': 1, 'projected_percent': '0.0', 'likelihood': 0}, {'offset': 2, 'projected_percent': '0.0', 'likelihood': 0}]",,False,0,2,0.0,0.0,0,Borna,0.0,205,False,Has joined FC Cologne on loan for the rest of the season,2026-09-02T16:03:25.710518Z,4.5,218364.jpg,0.0,False,Sosa,0.0,False,,u,8,31,0,236,0,2043,74,0.0,0.0,Sosa,,97.0,2025-07-11,1998-01-21,False,p218364,0,0,0,0,0,0,0,0,0,0,0,0,0,0.0,0.0,0.0,0.0,0,0,0,0,0,0.00,0.00,0.00,0.00,,,,,,,[],,489,187,484,186,435,176,494,187,0.0,0.0,0.0,0.0,0.0,0.0,454,98,493,185,503,187,591,200,0.0,0.0,0.0,Crystal Palace,CRY
True,True,0.0,0.0,515621,-1,1,-2,2,-3.1,-2,"[{'offset': 0, 'projected_percent': '-4.7', 'likelihood': -1}, {'offset': 1, 'projected_percent': '-7.8', 'likelihood': -1}, {'offset': 2, 'projected_percent': '-10.8', 'likelihood': -1}]",,False,0,2,0.0,0.0,0,Chadi,0.0,206,False,Knee injury - Unknown return date,2026-08-22T18:00:07.352049Z,4.3,515621.jpg,1.0,False,Riad Dnanou,0.0,False,,i,8,31,1,641,17,5644,93,0.0,0.2,Chadi Riad,,145.0,2024-07-02,2003-06-17,False,p515621,72,0,0,0,2,0,0,0,0,0,0,0,7,12.6,1.3,0.0,1.4,6,3,1,7,1,0.00,0.01,0.01,0.98,,,,,,,[],https://www.cpfc.co.uk/news/first-team/press-conference-team-news-crystal-palace-manchester-city-august-2026/,308,119,349,128,402,167,365,128,0.0,0.0,0.01,0.01,1.22,2.5,583,158,468,178,306,113,570,192,1.25,0.0,8.75,Crystal Palace,CRY
True,True,,,242313,0,0,-1,1,-78.2,0,"[{'offset': 0, 'projected_percent': '-78.2', 'likelihood': -3}, {'offset': 1, 'projected_percent': '-78.2', 'likelihood': -3}, {'offset': 2, 'projected_percent': '-78.2', 'likelihood': -3}]",,False,0,2,0.5,0.5,0,Oscar,0.5,207,False,,,4.4,242313.jpg,1.0,False,Mingueza,0.1,False,,a,8,31,2,1969,59,4763,207,0.1,0.5,Mingueza,,200.0,2026-07-09,1999-05-13,False,p242313,16,0,0,0,1,0,0,0,0,0,0,0,5,3.2,0.4,0.0,0.3,0,1,2,2,0,0.00,0.00,0.00,0.33,,,,,,,[],,375,139,377,140,411,170,392,141,0.0,0.0,0.0,0.0,1.86,5.62,563,145,322,115,312,117,483,173,0.0,0.0,11.25,Crystal Palace,CRY
True,True,100.0,100.0,232185,0,0,-3,3,0.0,0,"[{'offset': 0, 'projected_percent': '0.0', 'likelihood': 0}, {'offset': 1, 'projected_percent': '0.0', 'likelihood': 0}, {'offset': 2, 'projected_percent': '0.0', 'likelihood': 0}]",2026-09-24T16:30:08.977944Z,False,0,3,0.2,0.2,1,Ismaïla,0.2,208,False,,2026-08-22T18:00:07.363165Z,6.2,232185.jpg,1.0,False,Sarr,0.6,False,,a,8,31,1,5901,1847,376000,1549,0.0,0.2,Sarr,Ismaïla Sarr,189.0,2024-08-01,1998-02-25,False,p232185,8,0,0,0,0,0,0,0,0,0,0,0,3,0.0,0.5,0.0,0.1,0,0,0,0,0,0.00,0.01,0.01,0.06,,,,,2.0,,[],,660,294,375,187,658,293,409,192,0.0,0.0,0.11,0.11,0.68,0.0,56,39,401,193,394,188,227,72,0.0,0.0,0.0,Crystal Palace,CRY
True,True,100.0,100.0,496221,0,0,0,0,-98.7,-9,"[{'offset': 0, 'projected_percent': '-99.6', 'likelihood': -4}, {'offset': 1, 'projected_percent': '-101.4', 'likelihood': -5}, {'offset': 2, 'projected_percent': '-103.1', 'likelihood': -5}]",,False,0,3,2.0,2.0,2,Adam,2.0,210,False,,2026-07-23T12:01:23.498963Z,5.5,496221.jpg,2.4,False,Wharton,0.7,False,,a,8,31,12,29267,860,47457,3467,0.4,2.2,Wharton,,241.0,2024-02-01,2004-02-06,False,p496221,436,0,0,1,10,0,0,0,1,0,0,0,77,73.0,97.0,18.0,18.9,16,15,10,41,5,0.15,0.58,0.73,8.91,2.0,,,,,,[],,125,40,43,36,205,113,99,54,0.03,0.0,0.12,0.15,1.84,2.06,155,96,196,89,197,85,209,65,1.03,0.21,8.46,Crystal Palace,CRY
True,True,,,488024,0,0,0,0,4.5,-4,"[{'offset': 0, 'projected_percent': '4.5', 'likelihood': 1}, {'offset': 1, 'projected_percent': '4.4', 'likelihood': 1}, {'offset': 2, 'projected_percent': '4.4', 'likelihood': 1}]",,False,0,3,3.2,3.2,2,Yéremy,3.2,211,False,,,5.5,488024.jpg,2.8,False,Pino Santos,0.4,False,,a,8,31,14,45060,516,30456,2059,0.6,2.5,Yeremy,,200.0,2025-08-29,2002-10-20,False,p488024,307,0,2,1,6,0,0,0,1,0,0,0,70,30.2,94.1,33.0,15.8,5,16,5,26,4,0.52,0.55,1.07,6.93,1.0,,1.0,,,,[],,255,105,44,37,144,77,125,66,0.15,0.0,0.16,0.31,2.03,1.76,154,95,105,41,172,73,277,93,1.17,0.29,7.62,Crystal Palace,CRY
True,True,,,108413,0,0,-1,1,-15.5,-64,"[{'offset': 0, 'projected_percent': '-16.2', 'likelihood': -1}, {'offset': 1, 'projected_percent': '-17.4', 'likelihood': -1}, {'offset': 2, 'projected_percent': '-18.6', 'likelihood': -1}]",,False,0,3,0.5,0.5,0,Will,0.5,212,False,,,4.4,108413.jpg,1.0,False,Hughes,7.4,False,,a,8,31,2,120147,6748,472176,33561,0.1,0.5,Hughes,,241.0,2021-08-28,1995-04-17,False,p108413,29,0,0,0,1,0,0,0,0,0,0,0,9,8.0,15.3,0.0,2.4,3,3,1,7,0,0.00,0.04,0.04,1.12,4.0,,,,,,[],,338,157,236,127,404,169,339,159,0.0,0.0,0.12,0.12,3.48,3.1,549,291,318,148,308,137,52,17,0.0,0.0,21.72,Crystal Palace,CRY
True,True,,,152551,-1,1,-2,2,-0.3,-2,"[{'offset': 0, 'projected_percent': '-1.5', 'likelihood': -1}, {'offset': 1, 'projected_percent': '-3.8', 'likelihood': -1}, {'offset': 2, 'projected_percent': '-6.2', 'likelihood': -1}]",,False,0,3,0.2,0.2,0,Jefferson,0.2,213,False,,,4.8,152551.jpg,0.5,False,Lerma Solís,0.1,False,,a,8,31,1,1253,47,5445,264,0.0,0.2,Lerma,,48.0,2023-07-01,1994-10-25,False,p152551,51,0,0,0,1,0,0,0,1,0,0,0,6,17.6,0.8,11.0,3.0,7,3,2,12,0,0.26,0.00,0.26,1.25,,,,,,,[],,292,124,362,180,248,128,320,147,0.46,0.0,0.0,0.46,2.21,1.76,409,249,376,173,415,198,450,174,0.0,0.0,21.18,Crystal Palace,CRY
True,True,,,209400,0,0,0,0,10.6,-4,"[{'offset': 0, 'projected_percent': '10.6', 'likelihood': 1}, {'offset': 1, 'projected_percent': '10.6', 'likelihood': 1}, {'offset': 2, 'projected_percent': '10.5', 'likelihood': 1}]",,False,0,3,4.5,4.5,3,Daichi,4.5,214,False,,,5.0,209400.jpg,4.2,False,Kamada,0.5,False,,a,8,31,21,49023,2276,23781,2164,0.9,4.2,Kamada,,108.0,2024-07-01,1996-08-05,False,p209400,441,0,3,1,10,0,0,0,1,0,0,0,109,95.6,81.2,42.0,21.9,4,23,11,38,5,0.47,0.38,0.85,8.85,3.0,,,,,,[],,84,25,60,49,113,64,73,44,0.1,0.0,0.08,0.18,1.81,2.04,260,162,56,21,81,33,244,79,1.02,0.2,7.76,Crystal Palace,CRY
True,False,0.0,0.0,489706,0,0,0,0,0.0,0,"[{'offset': 0, 'projected_percent': '0.0', 'likelihood': 0}, {'offset': 1, 'projected_percent': '0.0', 'likelihood': 0}, {'offset': 2, 'projected_percent': '0.0', 'likelihood': 0}]",,False,0,3,0.0,0.0,0,Justin,0.0,215,False,Has joined Stoke City permanently,2026-09-02T15:41:07.346849Z,5.0,489706.jpg,0.0,False,Devenny,0.0,False,,u,8,31,0,132,0,938,24,0.0,0.0,Devenny,,242.0,2024-03-13,2003-10-11,False,p489706,0,0,0,0,0,0,0,0,0,0,0,0,0,0.0,0.0,0.0,0.0,0,0,0,0,0,0.00,0.00,0.00,0.00,,,2.0,,3.0,,[],,601,256,607,261,583,246,607,258,0.0,0.0,0.0,0.0,0.0,0.0,295,177,604,259,610,261,637,274,0.0,0.0,0.0,Crystal Palace,CRY
True,False,0.0,0.0,606921,0,0,0,0,0.0,0,"[{'offset': 0, 'projected_percent': '0.0', 'likelihood': 0}, {'offset': 1, 'projected_percent': '0.0', 'likelihood': 0}, {'offset': 2, 'projected_percent': '0.0', 'likelihood': 0}]",,False,0,3,0.0,0.0,0,Romain,0.0,216,False,Has joined Millwall on loan for the rest of the season,2026-09-02T15:41:07.376544Z,5.0,606921.jpg,0.0,False,Esse,0.0,False,,u,8,31,0,399,0,3196,85,0.0,0.0,Esse,,241.0,2025-01-18,2005-05-13,False,p606921,0,0,0,0,0,0,0,0,0,0,0,0,0,0.0,0.0,0.0,0.0,0,0,0,0,0,0.00,0.00,0.00,0.00,,,,,,,[],,617,266,623,271,601,258,623,268,0.0,0.0,0.0,0.0,0.0,0.0,326,197,620,269,626,271,585,242,0.0,0.0,0.0,Crystal Palace,CRY
True,False,0.0,0.0,536694,0,0,-1,1,0.0,0,"[{'offset': 0, 'projected_percent': '0.0', 'likelihood': 0}, {'offset': 1, 'projected_percent': '0.0', 'likelihood': 0}, {'offset': 2, 'projected_percent': '0.0', 'likelihood': 0}]",,False,0,3,0.0,0.0,0,Matheus,0.0,217,False,Has joined Alverca on loan for the rest of the season,2026-09-11T14:42:19.322912Z,4.9,536694.jpg,0.0,False,França de Oliveira,0.0,False,,u,8,31,0,1007,0,3383,101,0.0,0.0,M.França,Matheus França,30.0,2023-08-05,2004-04-01,False,p536694,0,0,0,0,0,0,0,0,0,0,0,0,0,0.0,0.0,0.0,0.0,0,0,0,0,0,0.00,0.00,0.00,0.00,,,,,,,[],,577,242,577,248,543,224,583,244,0.0,0.0,0.0,0.0,0.0,0.0,392,235,581,246,588,249,605,254,0.0,0.0,0.0,Crystal Palace,CRY
True,True,,,438464,-1,1,-2,2,-0.9,0,"[{'offset': 0, 'projected_percent': '-0.9', 'likelihood': -1}, {'offset': 1, 'projected_percent': '-0.9', 'likelihood': -1}, {'offset': 2, 'projected_percent': '-0.9', 'likelihood': -1}]",,False,0,3,0.0,0.0,0,Cheick,0.0,218,False,,,4.8,438464.jpg,0.0,False,Doucouré,0.0,False,,a,8,31,0,2042,68,4382,217,0.0,0.0,Doucouré,,132.0,2022-07-11,2000-01-08,False,p438464,0,0,0,0,0,0,0,0,0,0,0,0,0,0.0,0.0,0.0,0.0,0,0,0,0,0,0.00,0.00,0.00,0.00,,,,,,,[],,554,226,550,232,512,205,559,227,0.0,0.0,0.0,0.0,0.0,0.0,413,252,558,230,566,234,499,196,0.0,0.0,0.0,Crystal Palace,CRY
True,False,0.0,0.0,450542,0,0,-1,1,0.0,0,"[{'offset': 0, 'projected_percent': '0.0', 'likelihood': 0}, {'offset': 1, 'projected_percent': '0.0', 'likelihood': 0}, {'offset': 2, 'projected_percent': '0.0', 'likelihood': 0}]",,False,0,3,0.0,0.0,0,Jesurun,0.0,219,False,has joined  Kasimpasa on loan for the rest of the seaon.,2026-09-10T09:12:47.224598Z,4.9,450542.jpg,0.0,False,Rak-Sakyi,0.0,False,,u,8,31,0,145,0,457,15,0.0,0.0,J.Rak-Sakyi,,81.0,2021-04-09,2002-10-05,False,p450542,0,0,0,0,0,0,0,0,0,0,0,0,0,0.0,0.0,0.0,0.0,0,0,0,0,0,0.00,0.00,0.00,0.00,,,,,,,[],,572,237,570,243,535,218,578,239,0.0,0.0,0.0,0.0,0.0,0.0,373,223,575,240,583,244,643,279,0.0,0.0,0.0,Crystal Palace,CRY
True,False,0.0,0.0,590014,0,0,0,0,0.0,0,"[{'offset': 0, 'projected_percent': '0.0', 'likelihood': 0}, {'offset': 1, 'projected_percent': '0.0', 'likelihood': 0}, {'offset': 2, 'projected_percent': '0.0', 'likelihood': 0}]",,False,0,2,0.0,0.0,0,Rio,0.0,220,False,Has joined Bristol City on loan for the rest of the season,2026-08-12T14:08:46.501813Z,4.5,590014.jpg,0.0,False,Cardines,0.0,False,,u,8,31,0,0,0,128,3,0.0,0.0,Cardines,,217.0,2025-07-24,2006-07-01,False,p590014,0,0,0,0,0,0,0,0,0,0,0,0,0,0.0,0.0,0.0,0.0,0,0,0,0,0,0.00,0.00,0.00,0.00,,,,,,,[],,526,200,522,199,480,192,531,200,0.0,0.0,0.0,0.0,0.0,0.0,517,130,530,198,539,200,662,217,0.0,0.0,0.0,Crystal Palace,CRY
True,True,,,672492,0,0,0,0,-81.9,0,"[{'offset': 0, 'projected_percent': '-81.9', 'likelihood': -3}, {'offset': 1, 'projected_percent': '-81.9', 'likelihood': -3}, {'offset': 2, 'projected_percent': '-81.9', 'likelihood': -3}]",,False,0,3,0.0,0.0,0,Joél,0.0,221,False,,,4.5,672492.jpg,0.0,False,Drakes-Thomas,0.1,False,,a,8,31,0,2654,106,4540,295,0.0,0.0,Drakes-Thomas,,241.0,2025-12-10,2009-06-09,False,p672492,0,0,0,0,0,0,0,0,0,0,0,0,0,0.0,0.0,0.0,0.0,0,0,0,0,0,0.00,0.00,0.00,0.00,,,,,,,[],,548,223,544,229,505,202,553,224,0.0,0.0,0.0,0.0,0.0,0.0,546,288,552,227,561,231,455,179,0.0,0.0,0.0,Crystal Palace,CRY
True,True,,,247412,0,0,0,0,4.5,-5,"[{'offset': 0, 'projected_percent': '4.5', 'likelihood': 1}, {'offset': 1, 'projected_percent': '4.4', 'likelihood': 1}, {'offset': 2, 'projected_percent': '4.4', 'likelihood': 1}]",,False,0,4,3.2,3.2,2,Jørgen,3.2,222,False,,,6.0,247412.jpg,2.8,False,Strand Larsen,0.6,False,,a,8,31,14,48548,3323,39866,2812,0.5,2.3,Strand Larsen,,161.0,2026-02-02,2000-02-06,False,p247412,298,1,0,1,5,0,0,0,0,0,0,2,69,62.6,32.5,65.0,16.1,6,5,2,13,3,0.43,0.20,0.63,6.15,,,,,,,[],,156,12,179,20,68,19,123,17,0.13,0.0,0.06,0.19,1.86,1.51,69,15,108,10,174,16,225,36,0.91,0.3,3.93,Crystal Palace,CRY
True,True,0.0,0.0,231747,0,0,-2,2,-19.6,-31,"[{'offset': 0, 'projected_percent': '-20.2', 'likelihood': -2}, {'offset': 1, 'projected_percent': '-21.4', 'likelihood': -2}, {'offset': 2, 'projected_percent': '-22.6', 'likelihood': -2}]",,False,0,4,0.0,0.0,0,Jean-Philippe,0.0,223,False,Hamstring injury - Expected back 11 Oct,2026-08-28T21:00:08.020382Z,6.3,231747.jpg,2.0,False,Mateta,1.3,False,,i,8,31,2,25893,140,451973,6486,0.0,0.3,Mateta,,73.0,2022-01-31,1997-06-28,False,p231747,62,0,0,0,2,0,0,0,0,0,0,0,-3,1.4,12.3,11.0,2.5,1,2,2,5,1,0.70,0.02,0.72,0.98,,,,,1.0,,[],https://www.cpfc.co.uk/news/video/sage-on-facing-leeds-international-break-plans/,392,42,262,31,253,37,338,38,1.02,0.0,0.03,1.05,1.42,2.9,46,12,660,77,242,26,159,24,1.45,0.0,7.26,Crystal Palace,CRY
True,True,100.0,100.0,205533,0,0,0,0,-13.0,-7,"[{'offset': 0, 'projected_percent': '-14.0', 'likelihood': -1}, {'offset': 1, 'projected_percent': '-15.9', 'likelihood': -1}, {'offset': 2, 'projected_percent': '-17.9', 'likelihood': -1}]",,False,0,4,1.8,1.8,1,Eddie,1.8,224,False,,2026-09-12T14:00:09.427136Z,5.5,205533.jpg,2.0,False,Nketiah,0.5,False,,a,8,31,8,46837,856,49160,2513,0.3,1.5,Nketiah,,241.0,2024-08-30,1999-05-30,False,p205533,175,0,1,0,7,0,0,0,0,0,0,0,38,34.2,46.4,50.0,13.0,2,6,4,12,3,1.10,0.60,1.70,4.51,,,,,,,[],,240,22,135,13,93,22,169,20,0.57,0.0,0.31,0.88,2.32,3.6,136,36,213,22,237,23,247,40,1.54,0.0,6.17,Crystal Palace,CRY
True,False,0.0,0.0,660392,0,0,0,0,0.0,0,"[{'offset': 0, 'projected_percent': '0.0', 'likelihood': 0}, {'offset': 1, 'projected_percent': '0.0', 'likelihood': 0}, {'offset': 2, 'projected_percent': '0.0', 'likelihood': 0}]",,False,0,4,0.0,0.0,0,Christantus,0.0,225,False,has returned to Getafe CF,2026-07-23T12:18:56.275922Z,5.0,660392.jpg,0.0,False,Uche,0.0,False,,u,8,31,0,0,0,0,0,0.0,0.0,Uche,,,,,False,p660392,0,0,0,0,0,0,0,0,0,0,0,0,0,0.0,0.0,0.0,0.0,0,0,0,0,0,0.00,0.00,0.00,0.00,,,,,,,[],,620,67,626,71,605,67,626,71,0.0,0.0,0.0,0.0,0.0,0.0,336,64,623,69,629,72,667,79,0.0,0.0,0.0,Crystal Palace,CRY
True,True,,,433154,0,0,-1,1,-83.7,-2,"[{'offset': 0, 'projected_percent': '-85.2', 'likelihood': -3}, {'offset': 1, 'projected_percent': '-88.2', 'likelihood': -3}, {'offset': 2, 'projected_percent': '-91.2', 'likelihood': -3}]",,False,0,3,0.2,0.2,0,Dwight,0.2,241,False,,,5.4,433154.jpg,1.5,False,McNeil,0.1,False,,a,8,31,3,1755,48,8070,341,0.0,0.6,McNeil,,241.0,2026-08-11,1999-11-22,False,p433154,84,0,0,0,3,0,0,0,0,0,0,0,13,10.0,5.0,2.0,1.7,4,3,0,7,1,0.05,0.02,0.07,1.18,,,,,,,[],,324,146,304,155,331,165,357,171,0.05,0.0,0.02,0.07,1.26,3.21,190,119,395,189,274,122,399,146,1.07,0.0,7.5,Crystal Palace,CRY
True,True,,,169593,0,0,0,0,-7.6,-2,"[{'offset': 0, 'projected_percent': '-7.7', 'likelihood': -1}, {'offset': 1, 'projected_percent': '-7.8', 'likelihood': -1}, {'offset': 2, 'projected_percent': '-8.0', 'likelihood': -1}]",,False,0,1,0.0,0.0,0,Remi,0.0,555,False,,,4.0,169593.jpg,0.0,False,Matthews,1.7,False,,a,8,31,0,22934,750,30633,2193,0.0,0.0,Matthews,,241.0,2021-07-13,1994-02-10,False,p169593,0,0,0,0,0,0,0,0,0,0,0,0,0,0.0,0.0,0.0,0.0,0,0,0,0,0,0.00,0.00,0.00,0.00,,,,,,,[],,424,37,414,18,358,13,429,37,0.0,0.0,0.0,0.0,0.0,0.0,603,61,426,37,438,37,138,20,0.0,0.0,0.0,Crystal Palace,CRY
True,True,75.0,,223723,0,0,-1,1,-7.3,-10,"[{'offset': 0, 'projected_percent': '-8.8', 'likelihood': -1}, {'offset': 1, 'projected_percent': '-11.8', 'likelihood': -1}, {'offset': 2, 'projected_percent': '-14.9', 'likelihood': -1}]",,False,0,2,0.4,0.5,1,Takehiro,0.5,577,False,Calf injury - 75% chance of playing,2026-09-21T13:30:09.030724Z,4.4,223723.jpg,0.8,False,Tomiyasu,0.3,False,,d,8,31,3,3468,139,12771,651,0.1,0.7,Tomiyasu,,108.0,2026-08-06,1998-11-05,False,p223723,189,0,0,0,5,0,0,0,0,0,0,0,10,35.8,15.6,8.0,6.0,15,7,2,17,2,0.00,0.03,0.03,3.98,,,,,,,[],,234,94,235,82,266,92,270,101,0.0,0.0,0.01,0.01,1.9,2.38,559,142,320,113,402,138,301,110,0.95,0.0,8.1,Crystal Palace,CRY
True,True,,,570794,0,0,0,0,6.1,4,"[{'offset': 0, 'projected_percent': '6.1', 'likelihood': 1}, {'offset': 1, 'projected_percent': '6.2', 'likelihood': 1}, {'offset': 2, 'projected_percent': '6.2', 'likelihood': 1}]",,False,0,2,4.5,4.5,6,Anan,4.5,588,False,,,5.0,570794.jpg,3.8,False,Khalaili,0.3,False,,a,8,31,19,34073,1380,14947,693,0.9,3.8,Khalaili,,105.0,2026-08-15,2004-09-03,False,p570794,379,1,0,1,8,0,0,0,1,0,0,0,54,128.2,48.8,48.0,22.5,23,26,21,44,4,0.96,0.33,1.29,8.41,,,,,,,[],,33,13,122,31,99,22,64,11,0.23,0.0,0.08,0.31,2.0,1.9,323,54,57,25,103,44,288,105,0.95,0.24,10.45,Crystal Palace,CRY
True,True,,,559152,0,0,0,0,-96.7,-1,"[{'offset': 0, 'projected_percent': '-103.8', 'likelihood': -5}, {'offset': 1, 'projected_percent': '-117.8', 'likelihood': -5}, {'offset': 2, 'projected_percent': '-131.8', 'likelihood': -5}]",,False,0,3,0.5,0.5,0,Zavier,0.5,595,False,,,5.0,559152.jpg,1.0,False,Gozo,0.0,False,,a,8,31,2,467,17,850,57,0.1,0.4,Gozo,,229.0,2026-08-18,2007-03-22,False,p559152,28,0,0,0,2,0,0,0,0,0,0,0,6,1.4,1.6,0.0,0.3,0,0,1,1,0,0.00,0.00,0.00,0.68,,,,,,,[],,391,183,342,172,599,256,396,185,0.0,0.0,0.0,0.0,2.19,6.43,322,195,336,156,356,160,600,252,0.0,0.0,3.21,Crystal Palace,CRY
True,True,,,605972,0,0,0,0,0.1,0,"[{'offset': 0, 'projected_percent': '0.1', 'likelihood': 1}, {'offset': 1, 'projected_percent': '0.1', 'likelihood': 1}, {'offset': 2, 'projected_percent': '0.1', 'likelihood': 1}]",,False,0,2,1.0,1.0,0,Honest,1.0,633,False,,,4.5,605972.jpg,3.0,False,Ahanor,0.0,False,,a,8,31,3,1877,102,533,81,0.2,0.7,Ahanor,,106.0,2026-09-01,2008-02-23,False,p605972,90,0,0,0,3,0,0,0,0,0,0,0,10,24.6,11.9,4.0,4.1,9,4,2,11,1,0.00,0.01,0.01,1.68,,,,,,,[],,268,109,265,96,305,110,304,114,0.0,0.0,0.01,0.01,1.68,3.0,526,131,262,97,137,58,586,199,1.0,0.0,11.0,Crystal Palace,CRY
True,True,,,172850,0,0,0,0,-62.0,-4,"[{'offset': 0, 'projected_percent': '-62.7', 'likelihood': -3}, {'offset': 1, 'projected_percent': '-64.0', 'likelihood': -3}, {'offset': 2, 'projected_percent': '-65.2', 'likelihood': -3}]",,False,0,2,2.7,2.7,0,Ben,2.7,643,False,,,4.5,172850.jpg,4.0,False,Chilwell,0.4,False,,a,8,31,8,42948,394,17440,2230,0.6,1.8,Chilwell,,241.0,2026-09-01,1996-12-21,False,p172850,29,1,0,0,1,0,0,0,0,0,0,0,21,33.4,4.2,21.0,5.9,1,0,0,1,0,0.27,0.01,0.28,1.12,,,,,,,[],,241,97,312,110,179,55,272,102,0.84,0.0,0.03,0.87,3.48,3.1,445,92,139,50,88,38,260,96,0.0,0.0,3.1,Crystal Palace,CRY
True,True,,,450063,0,0,0,0,0.2,-2,"[{'offset': 0, 'projected_percent': '0.1', 'likelihood': 1}, {'offset': 1, 'projected_percent': '0.1', 'likelihood': 1}, {'offset': 2, 'projected_percent': '0.1', 'likelihood': 1}]",,False,0,3,3.0,3.0,3,Quinten,3.0,644,False,,,5.0,450063.jpg,3.0,False,Timber,0.0,False,,a,8,31,9,4151,328,1418,226,0.6,1.8,Timber,,152.0,2026-09-01,2001-06-17,False,p450063,253,0,0,1,5,0,0,0,0,0,0,0,45,37.8,29.1,34.0,10.0,6,10,11,27,3,0.24,0.06,0.30,5.56,,,,,,,[],,226,97,190,108,141,74,209,98,0.09,0.0,0.02,0.11,1.98,1.78,282,171,118,47,143,58,525,210,1.07,0.36,9.6,Crystal Palace,CRY
True,True,,,533646,0,0,0,0,-65.4,-1,"[{'offset': 0, 'projected_percent': '-76.7', 'likelihood': -3}, {'offset': 1, 'projected_percent': '-99.0', 'likelihood': -4}, {'offset': 2, 'projected_percent': '-121.3', 'likelihood': -5}]",,False,0,3,0.3,0.3,0,Darío,0.3,647,False,,,5.5,533646.jpg,1.0,False,Osorio,0.0,False,,a,8,31,1,931,12,391,55,0.1,0.2,Osorio,,44.0,2026-09-01,2004-01-24,False,p533646,1,0,0,0,0,0,0,0,0,0,0,0,2,2.0,0.3,0.0,0.2,0,0,1,1,0,0.00,0.00,0.00,0.13,,,,,,,[],,387,180,384,192,639,280,401,188,0.0,0.0,0.0,0.0,11.7,0.0,157,98,362,171,386,182,621,263,0.0,0.0,90.0,Crystal Palace,CRY
True,True,0.0,0.0,128295,0,0,-1,1,-91.6,0,"[{'offset': 0, 'projected_percent': '-91.6', 'likelihood': -3}, {'offset': 1, 'projected_percent': '-91.6', 'likelihood': -3}, {'offset': 2, 'projected_percent': '-91.6', 'likelihood': -3}]",,False,0,3,0.0,0.0,0,Christian,0.0,21,False,Groin injury - Unknown return date,2026-08-15T20:00:06.779594Z,4.9,128295.jpg,0.0,False,Nørgaard,0.0,False,,i,9,11,0,465,25,7323,221,0.0,0.0,Nørgaard,,58.0,2026-08-05,1994-03-10,False,p128295,0,0,0,0,0,0,0,0,0,0,0,0,0,0.0,0.0,0.0,0.0,0,0,0,0,0,0.00,0.00,0.00,0.00,,,,,,,[],https://www.evertonfc.com/news/2026/august/21/everton-team-news-for-2026-27-premier-league-opener/,559,229,556,235,520,209,564,230,0.0,0.0,0.0,0.0,0.0,0.0,344,206,563,233,571,237,505,199,0.0,0.0,0.0,Everton,EVE
True,True,,,242898,0,0,-1,1,-17.5,-5,"[{'offset': 0, 'projected_percent': '-20.2', 'likelihood': -2}, {'offset': 1, 'projected_percent': '-25.6', 'likelihood': -2}, {'offset': 2, 'projected_percent': '-31.0', 'likelihood': -2}]",,False,0,3,2.0,2.0,3,Brennan,2.0,209,False,,,5.9,242898.jpg,1.8,False,Johnson,0.1,False,,a,9,11,9,5155,260,10240,525,0.3,1.5,Johnson,,244.0,2026-08-11,2001-05-23,False,p242898,238,0,0,2,1,0,0,0,1,0,0,0,26,23.0,52.8,25.0,10.0,8,11,7,26,3,1.03,0.22,1.25,3.73,,,,,,,[],,275,116,107,71,169,92,210,99,0.39,0.0,0.08,0.47,1.41,0.38,84,55,198,91,258,114,383,140,1.13,0.76,9.83,Everton,EVE
True,True,,,111234,0,0,0,0,26.5,40,"[{'offset': 0, 'projected_percent': '26.8', 'likelihood': 2}, {'offset': 1, 'projected_percent': '27.3', 'likelihood': 2}, {'offset': 2, 'projected_percent': '27.9', 'likelihood': 2}]",,False,0,1,4.5,4.5,8,Jordan,4.5,226,False,,,5.5,111234.jpg,5.0,False,Pickford,9.1,False,,a,9,11,25,288901,21384,230117,9998,0.8,4.5,Pickford,,241.0,2017-07-01,1994-03-07,False,p111234,450,0,0,3,3,0,0,0,0,0,15,1,121,119.2,0.0,0.0,12.0,7,53,0,0,5,0.00,0.02,0.02,6.94,,,,,,,[],,45,7,640,71,627,70,181,7,0.0,3.0,0.0,0.0,1.39,0.6,125,2,58,6,57,5,40,7,1.0,0.6,0.0,Everton,EVE
True,True,,,229600,0,0,0,0,-29.4,1,"[{'offset': 0, 'projected_percent': '-27.2', 'likelihood': -2}, {'offset': 1, 'projected_percent': '-22.8', 'likelihood': -2}, {'offset': 2, 'projected_percent': '-18.4', 'likelihood': -1}]",,False,0,1,0.0,0.0,0,Mark,0.0,227,False,,,5.0,229600.jpg,0.0,False,Travers,0.0,False,,a,9,11,0,1731,173,2039,177,0.0,0.0,Travers,,104.0,2025-07-15,1999-05-18,False,p229600,0,0,0,0,0,0,0,0,0,0,0,0,0,0.0,0.0,0.0,0.0,0,0,0,0,0,0.00,0.00,0.00,0.00,,,,,,,[],,593,72,595,66,570,65,599,72,0.0,0.0,0.0,0.0,0.0,0.0,270,10,596,72,602,72,513,59,0.0,0.0,0.0,Everton,EVE
True,True,,,138001,0,0,0,0,-37.8,0,"[{'offset': 0, 'projected_percent': '-37.8', 'likelihood': -2}, {'offset': 1, 'projected_percent': '-37.8', 'likelihood': -2}, {'offset': 2, 'projected_percent': '-37.8', 'likelihood': -2}]",,False,0,1,0.0,0.0,0,Tom,0.0,228,False,,,4.5,138001.jpg,0.0,False,King,0.0,False,,a,9,11,0,1143,76,1685,118,0.0,0.0,King,,244.0,2025-08-15,1995-03-09,False,p138001,0,0,0,0,0,0,0,0,0,0,0,0,0,0.0,0.0,0.0,0.0,0,0,0,0,0,0.00,0.00,0.00,0.00,,,,,,,[],,484,57,479,42,429,37,489,57,0.0,0.0,0.0,0.0,0.0,0.0,439,30,488,57,498,57,502,57,0.0,0.0,0.0,Everton,EVE
True,True,,,17761,0,0,1,-1,75.8,630,"[{'offset': 0, 'projected_percent': '80.2', 'likelihood': 3}, {'offset': 1, 'projected_percent': '88.9', 'likelihood': 3}, {'offset': 2, 'projected_percent': '97.6', 'likelihood': 4}]",,False,2,2,9.2,9.2,14,James,9.2,229,True,,,6.1,17761.jpg,8.6,False,Tarkowski,15.7,False,,a,9,11,43,871046,160238,275217,11631,1.5,7.0,Tarkowski,,241.0,2022-07-01,1992-11-19,False,p17761,450,1,1,3,3,0,0,0,0,0,0,7,138,149.6,25.6,30.0,20.5,40,18,11,51,5,0.18,0.04,0.22,6.94,,,,,,,[],,17,3,195,62,154,45,84,23,0.04,0.0,0.01,0.05,1.39,0.6,59,5,2,1,3,1,27,9,1.0,0.6,10.2,Everton,EVE
True,True,,,480455,0,0,0,0,31.6,52,"[{'offset': 0, 'projected_percent': '32.0', 'likelihood': 2}, {'offset': 1, 'projected_percent': '32.7', 'likelihood': 2}, {'offset': 2, 'projected_percent': '33.4', 'likelihood': 2}]",,False,0,2,5.2,5.2,8,Jarrad,5.2,230,False,,,5.5,480455.jpg,5.4,False,Branthwaite,2.4,False,,a,9,11,27,134097,13925,68894,4429,0.9,4.9,Branthwaite,,241.0,2020-06-20,2002-06-27,False,p480455,450,0,0,3,3,0,0,0,0,0,0,0,97,145.4,7.2,73.0,22.5,49,14,5,54,5,0.17,0.02,0.19,6.94,,,,,,,[],,23,6,288,105,56,5,65,12,0.03,0.0,0.0,0.03,1.39,0.6,153,17,40,16,49,19,120,47,1.0,0.6,10.8,Everton,EVE
True,True,,,106611,0,0,-2,2,-31.0,-11,"[{'offset': 0, 'projected_percent': '-32.1', 'likelihood': -2}, {'offset': 1, 'projected_percent': '-34.3', 'likelihood': -2}, {'offset': 2, 'projected_percent': '-36.5', 'likelihood': -2}]",,False,0,2,0.0,0.0,0,Michael,0.0,231,False,,,4.8,106611.jpg,0.0,False,Keane,0.7,False,,a,9,11,0,9185,280,89709,2910,0.0,0.0,Keane,,241.0,2017-07-03,1993-01-11,False,p106611,0,0,0,0,0,0,0,0,0,0,0,0,0,0.0,0.0,0.0,0.0,0,0,0,0,0,0.00,0.00,0.00,0.00,,,,,,,[],,551,203,548,202,509,197,556,203,0.0,0.0,0.0,0.0,0.0,0.0,408,74,555,201,564,203,208,81,0.0,0.0,0.0,Everton,EVE
True,True,,,512462,-1,1,-2,2,-1.6,-1,"[{'offset': 0, 'projected_percent': '-1.8', 'likelihood': -1}, {'offset': 1, 'projected_percent': '-2.1', 'likelihood': -1}, {'offset': 2, 'projected_percent': '-2.5', 'likelihood': -1}]",,False,0,2,0.5,0.5,1,Jake,0.5,232,False,,,4.8,512462.jpg,1.0,False,O'Brien,0.3,False,,a,9,11,2,4496,241,24299,828,0.1,0.4,O'Brien,,104.0,2024-07-30,2001-05-15,False,p512462,16,0,0,0,0,0,0,0,0,0,0,0,5,3.0,0.0,0.0,0.3,2,2,0,2,0,0.00,0.00,0.00,0.42,,,,,,,[],,378,140,552,203,514,199,393,142,0.0,0.0,0.0,0.0,2.36,0.0,418,77,328,118,329,127,297,107,0.0,0.0,11.25,Everton,EVE
True,True,,,224967,1,-1,1,-1,1.1,28,"[{'offset': 0, 'projected_percent': '1.1', 'likelihood': 1}, {'offset': 1, 'projected_percent': '1.3', 'likelihood': 1}, {'offset': 2, 'projected_percent': '1.4', 'likelihood': 1}]",,False,1,2,5.2,5.2,5,Vitalii,5.2,233,False,,,4.6,224967.jpg,5.4,False,Mykolenko,4.2,False,,a,9,11,27,406589,35397,107964,11511,1.1,5.9,Mykolenko,,225.0,2022-01-01,1999-05-29,False,p224967,450,0,0,3,3,0,0,0,1,0,0,3,109,105.6,35.7,13.0,15.5,25,30,14,39,5,0.04,0.16,0.20,6.94,,,,,,,[],,66,30,169,49,231,77,132,44,0.01,0.0,0.03,0.04,1.39,0.6,424,81,38,14,46,17,80,32,1.0,0.6,7.8,Everton,EVE
True,False,0.0,0.0,243571,0,0,0,0,0.0,0,"[{'offset': 0, 'projected_percent': '0.0', 'likelihood': 0}, {'offset': 1, 'projected_percent': '0.0', 'likelihood': 0}, {'offset': 2, 'projected_percent': '0.0', 'likelihood': 0}]",,False,0,2,0.0,0.0,0,Nathan,0.0,234,False,Has joined Torino permanently,2026-09-02T16:05:23.326971Z,4.5,243571.jpg,0.0,False,Patterson,0.0,False,,u,9,11,0,371,0,2400,87,0.0,0.0,Patterson,,243.0,2022-01-04,2001-10-16,False,p243571,0,0,0,0,0,0,0,0,0,0,0,0,0,0.0,0.0,0.0,0.0,0,0,0,0,0,0.00,0.00,0.00,0.00,,,,,,,[],,495,191,491,190,442,180,500,191,0.0,0.0,0.0,0.0,0.0,0.0,467,107,499,189,509,191,592,201,0.0,0.0,0.0,Everton,EVE
True,False,0.0,0.0,499300,0,0,0,0,0.0,-6,"[{'offset': 0, 'projected_percent': '0.0', 'likelihood': 0}, {'offset': 1, 'projected_percent': '0.0', 'likelihood': 0}, {'offset': 2, 'projected_percent': '0.0', 'likelihood': 0}]",,False,0,2,0.0,0.0,0,Adam,0.0,235,False,Has joined Malaga on loan for the rest of the season,2026-09-01T13:23:16.934847Z,4.0,499300.jpg,0.0,False,Aznou,0.1,False,,u,9,11,0,1728,0,11000,406,0.0,0.0,Aznou,,145.0,2025-07-29,2006-06-02,False,p499300,0,0,0,0,0,0,0,0,0,0,0,0,0,0.0,0.0,0.0,0.0,0,0,0,0,0,0.00,0.00,0.00,0.00,,,,,,,[],,442,160,433,159,377,144,447,160,0.0,0.0,0.0,0.0,0.0,0.0,633,185,444,156,456,160,425,155,0.0,0.0,0.0,Everton,EVE
True,True,,,215413,1,-1,1,-1,-12.2,-56,"[{'offset': 0, 'projected_percent': '-12.9', 'likelihood': -1}, {'offset': 1, 'projected_percent': '-14.2', 'likelihood': -1}, {'offset': 2, 'projected_percent': '-15.6', 'likelihood': -1}]",,False,0,3,2.2,2.2,3,Kiernan,2.2,236,False,,,6.6,215413.jpg,4.0,False,Dewsbury-Hall,6.0,False,,a,9,11,20,580577,29813,314042,34678,0.3,3.0,Dewsbury-Hall,,241.0,2025-08-06,1998-09-06,False,p215413,450,1,0,3,3,0,0,0,1,0,0,3,110,102.8,160.8,125.0,38.9,5,26,11,42,5,0.99,0.83,1.82,6.74,2.0,,,,,,[],,77,24,13,12,20,11,13,11,0.2,0.0,0.17,0.37,1.35,0.6,33,22,180,81,98,38,64,20,1.0,0.6,8.4,Everton,EVE
True,True,100.0,100.0,114283,0,0,0,0,7.8,1,"[{'offset': 0, 'projected_percent': '7.8', 'likelihood': 1}, {'offset': 1, 'projected_percent': '7.8', 'likelihood': 1}, {'offset': 2, 'projected_percent': '7.8', 'likelihood': 1}]",,False,0,3,1.2,1.2,3,Jack,1.2,238,False,,2026-07-29T10:00:10.492904Z,6.5,114283.jpg,1.5,False,Grealish,0.5,False,,a,9,11,6,39462,2418,22456,2172,0.2,0.9,Grealish,,241.0,2026-09-01,1995-09-10,False,p114283,135,0,0,1,1,0,0,0,0,0,0,0,36,21.6,71.7,20.0,11.4,2,8,3,13,1,0.02,0.44,0.46,1.67,,,,,,,"[{'property': 'loan_ineligible', 'notes': 'This player will not be available to face their parent club in Gameweek 18 as part of their loan conditions.', 'gameweek': 18, 'url': None}, {'property': 'loan_ineligible', 'notes': 'This player will not be available to face their parent club in Gameweek 28 as part of their loan conditions.', 'gameweek': 28, 'url': None}]",,281,121,70,56,190,103,195,92,0.01,0.0,0.29,0.3,1.11,0.67,35,23,257,116,276,123,259,85,0.67,0.67,8.67,Everton,EVE
True,True,100.0,100.0,232928,0,0,0,0,3.2,2,"[{'offset': 0, 'projected_percent': '3.2', 'likelihood': 1}, {'offset': 1, 'projected_percent': '3.2', 'likelihood': 1}, {'offset': 2, 'projected_percent': '3.2', 'likelihood': 1}]",,False,0,3,2.5,2.5,3,James,2.5,239,False,,2026-09-06T18:00:08.301702Z,6.0,232928.jpg,2.2,False,Garner,0.2,False,,a,9,11,11,20596,1144,13358,1458,0.4,1.8,Garner,,241.0,2022-09-01,2001-03-13,False,p232928,328,0,0,2,2,0,0,0,2,0,0,0,71,51.4,68.3,13.0,13.4,9,25,11,45,4,0.20,0.17,0.37,3.45,1.0,,1.0,,2.0,,[],,190,78,80,59,236,123,166,85,0.05,0.0,0.05,0.1,0.95,0.55,68,47,159,67,220,97,322,115,1.1,0.55,12.35,Everton,EVE
True,True,,,550615,0,0,0,0,28.4,-18,"[{'offset': 0, 'projected_percent': '28.3', 'likelihood': 2}, {'offset': 1, 'projected_percent': '28.1', 'likelihood': 2}, {'offset': 2, 'projected_percent': '27.8', 'likelihood': 2}]",,False,0,3,4.0,4.0,1,Tyrique,4.0,242,False,,,5.5,550615.jpg,3.8,False,George,0.9,False,,a,9,11,19,106433,1768,40554,8890,0.7,3.5,George,,241.0,2026-07-06,2006-02-04,False,p550615,309,1,0,2,3,0,0,0,0,0,0,3,77,64.0,86.2,75.0,22.5,5,12,1,18,4,0.35,0.32,0.67,3.71,,,,,,,[],,150,55,54,44,54,33,66,41,0.1,0.0,0.09,0.19,1.08,0.87,161,101,75,29,106,42,191,62,1.17,0.58,5.24,Everton,EVE
True,True,,,502697,0,0,-1,1,-39.6,1,"[{'offset': 0, 'projected_percent': '-38.4', 'likelihood': -2}, {'offset': 1, 'projected_percent': '-36.1', 'likelihood': -2}, {'offset': 2, 'projected_percent': '-33.7', 'likelihood': -2}]",,False,0,3,0.0,0.0,0,Carlos,0.0,243,False,,,4.9,502697.jpg,0.5,False,Alcaraz Durán,0.1,False,,a,9,11,1,2821,120,5738,305,0.0,0.2,Alcaraz,,10.0,2025-07-01,2002-11-30,False,p502697,5,0,0,0,0,0,0,0,1,0,0,0,5,5.0,0.8,25.0,2.7,0,2,1,3,0,0.05,0.02,0.07,0.04,,,,,,,[],,361,167,363,181,167,90,330,155,0.9,0.0,0.36,1.26,0.72,0.0,387,230,578,243,416,199,451,175,0.0,0.0,54.0,Everton,EVE
True,True,100.0,75.0,609873,0,0,0,0,8.8,-10,"[{'offset': 0, 'projected_percent': '8.8', 'likelihood': 1}, {'offset': 1, 'projected_percent': '8.6', 'likelihood': 1}, {'offset': 2, 'projected_percent': '8.5', 'likelihood': 1}]",,False,0,3,2.0,1.5,2,Harrison,2.0,244,False,,2026-09-17T08:30:08.942299Z,5.0,609873.jpg,3.2,False,Armstrong,0.4,False,,a,9,11,16,53654,594,32043,2689,0.4,3.2,Armstrong,,241.0,2024-08-09,2007-01-19,False,p609873,446,0,1,3,3,0,0,0,2,0,0,0,61,62.6,64.5,19.0,14.7,13,19,8,40,5,0.21,0.49,0.70,6.94,,,,,,,[],,155,58,86,63,192,105,149,76,0.04,0.0,0.1,0.14,1.4,0.61,328,199,192,88,129,50,272,90,1.01,0.61,8.07,Everton,EVE
True,True,,,496661,0,0,-1,1,-80.4,1,"[{'offset': 0, 'projected_percent': '-77.4', 'likelihood': -3}, {'offset': 1, 'projected_percent': '-71.3', 'likelihood': -3}, {'offset': 2, 'projected_percent': '-65.3', 'likelihood': -3}]",,False,0,3,0.2,0.2,1,Tyler,0.2,245,False,,,5.4,496661.jpg,1.0,False,Dibling,0.0,False,,a,9,11,1,1144,89,2606,107,0.0,0.2,Dibling,,241.0,2025-08-25,2006-02-17,False,p496661,24,0,0,0,0,0,0,0,0,0,0,0,10,7.2,24.4,26.0,5.8,0,0,0,0,0,0.17,0.16,0.33,0.38,,,,,,,[],,346,161,201,114,163,87,274,121,0.64,0.0,0.6,1.24,1.42,0.0,202,126,398,191,382,179,547,225,0.0,0.0,0.0,Everton,EVE
True,True,0.0,0.0,513466,0,0,-1,1,-34.7,-1,"[{'offset': 0, 'projected_percent': '-35.6', 'likelihood': -2}, {'offset': 1, 'projected_percent': '-37.3', 'likelihood': -2}, {'offset': 2, 'projected_percent': '-39.1', 'likelihood': -2}]",,False,0,3,0.0,0.0,0,Merlin,0.8,246,False,Unspecified injury - Expected back 11 Oct,2026-09-16T18:00:09.541933Z,4.9,513466.jpg,2.0,False,Röhl,0.0,False,,i,9,11,6,1961,6,4563,463,0.2,1.2,Röhl,,80.0,2026-06-15,2002-07-05,False,p513466,249,0,0,1,2,0,0,0,1,0,0,0,35,26.6,32.1,2.0,6.1,6,13,5,24,3,0.00,0.20,0.20,4.52,,,,,,,[],,261,108,181,106,325,161,266,119,0.0,0.0,0.07,0.07,1.63,0.72,388,231,285,131,230,100,522,207,1.08,0.36,8.67,Everton,EVE
True,True,100.0,100.0,244860,-1,1,-1,1,-2.1,-4,"[{'offset': 0, 'projected_percent': '-3.0', 'likelihood': -1}, {'offset': 1, 'projected_percent': '-4.8', 'likelihood': -1}, {'offset': 2, 'projected_percent': '-6.7', 'likelihood': -1}]",,False,0,3,1.8,1.8,1,Hayden,1.8,247,False,,2026-08-26T22:00:07.797766Z,5.4,244860.jpg,2.0,False,Hackney,0.2,False,,a,9,11,10,3699,148,11683,843,0.3,1.9,Hackney,,241.0,2026-07-02,2002-06-26,False,p244860,137,0,1,1,1,0,0,0,0,0,0,0,39,40.4,50.0,21.0,11.1,4,5,3,12,1,0.05,0.13,0.18,3.91,3.0,,,,,,[],,216,93,120,80,185,98,197,94,0.03,0.0,0.09,0.12,2.57,0.66,187,118,210,96,235,104,339,120,0.66,0.66,7.88,Everton,EVE
True,False,0.0,0.0,486385,0,0,-1,1,0.0,-24,"[{'offset': 0, 'projected_percent': '0.0', 'likelihood': 0}, {'offset': 1, 'projected_percent': '0.0', 'likelihood': 0}, {'offset': 2, 'projected_percent': '0.0', 'likelihood': 0}]",,False,0,4,0.0,0.0,0,Norberto Bercique,0.2,248,False,Has joined Fiorentina permanently,2026-09-02T16:05:23.357221Z,5.4,486385.jpg,1.0,False,Gomes Betuncal,0.6,False,,u,9,11,2,16222,0,217789,5467,0.0,0.4,Beto,Beto,90.0,2023-08-29,1998-01-31,False,p486385,31,0,0,0,0,0,0,0,0,0,0,0,5,3.0,0.3,5.0,0.8,1,0,0,1,0,0.09,0.00,0.09,1.92,,,,,,,[],,380,40,383,47,296,39,381,43,0.26,0.0,0.0,0.26,5.57,0.0,200,46,397,45,381,43,230,38,0.0,0.0,2.9,Everton,EVE
True,True,,,586309,0,0,1,-1,93.8,43,"[{'offset': 0, 'projected_percent': '94.1', 'likelihood': 3}, {'offset': 1, 'projected_percent': '94.7', 'likelihood': 3}, {'offset': 2, 'projected_percent': '95.2', 'likelihood': 4}]",,False,0,4,3.0,3.0,6,Thierno,3.0,249,False,,,5.6,586309.jpg,4.0,False,Barry,8.1,False,,a,9,11,20,935882,53727,345309,27133,0.5,3.6,Barry,,73.0,2025-07-09,2002-10-21,False,p586309,417,2,0,3,3,0,0,0,0,0,0,2,83,85.8,72.0,207.0,36.5,5,11,1,17,5,3.50,0.15,3.65,5.02,,,,,1.0,,[],,105,9,69,3,3,2,16,4,0.76,0.0,0.03,0.79,1.08,0.65,122,31,124,12,95,8,47,8,1.08,0.65,3.67,Everton,EVE
True,True,,,154043,0,0,0,0,15.0,43,"[{'offset': 0, 'projected_percent': '15.3', 'likelihood': 1}, {'offset': 1, 'projected_percent': '15.9', 'likelihood': 1}, {'offset': 2, 'projected_percent': '16.5', 'likelihood': 1}]",,False,0,2,7.0,7.0,8,Ainsley,7.0,649,False,,,4.5,154043.jpg,7.0,False,Maitland-Niles,1.2,False,,a,9,11,21,87303,14271,12694,2802,1.6,4.7,Maitland-Niles,,241.0,2026-09-01,1997-08-29,False,p154043,177,1,0,2,1,0,0,0,0,0,0,2,75,67.2,38.8,8.0,11.4,8,7,5,13,2,0.06,0.25,0.31,2.00,,,,,,,[],,139,63,161,43,267,93,192,69,0.03,0.0,0.13,0.16,1.02,0.51,441,89,9,5,10,5,163,65,1.02,1.02,6.61,Everton,EVE
True,True,,,629068,0,0,0,0,-21.1,-4,"[{'offset': 0, 'projected_percent': '-23.9', 'likelihood': -2}, {'offset': 1, 'projected_percent': '-29.5', 'likelihood': -2}, {'offset': 2, 'projected_percent': '-35.2', 'likelihood': -2}]",,False,0,3,0.0,0.0,0,Braiden,0.0,654,False,,,4.5,629068.jpg,0.0,False,Graham,0.1,False,,a,9,11,0,11213,167,5029,724,0.0,0.0,Graham,,242.0,2025-12-29,2007-11-07,False,p629068,0,0,0,0,0,0,0,0,0,0,0,0,0,0.0,0.0,0.0,0.0,0,0,0,0,0,0.00,0.00,0.00,0.00,,,,,,,[],,539,216,535,222,495,194,544,217,0.0,0.0,0.0,0.0,0.0,0.0,535,280,543,220,552,224,409,151,0.0,0.0,0.0,Everton,EVE
True,True,,,80201,0,0,0,0,7.1,30,"[{'offset': 0, 'projected_percent': '7.3', 'likelihood': 1}, {'offset': 1, 'projected_percent': '7.7', 'likelihood': 1}, {'offset': 2, 'projected_percent': '8.1', 'likelihood': 1}]",,False,0,1,3.6,3.6,3,Bernd,3.6,250,False,,,4.5,80201.jpg,3.6,False,Leno,3.3,False,,a,10,54,18,137105,26208,97078,6036,0.8,4.0,Leno,,80.0,2022-08-02,1992-03-04,False,p80201,450,0,0,1,8,0,0,0,0,0,16,2,77,127.6,0.0,0.0,12.8,6,41,0,0,5,0.00,0.00,0.00,9.11,,,,,,,[],,35,6,473,37,423,32,172,6,0.0,3.2,0.0,0.0,1.82,1.6,431,25,83,10,110,11,100,16,1.0,0.2,0.0,Fulham,FUL
True,True,,,86873,0,0,0,0,-21.6,-7,"[{'offset': 0, 'projected_percent': '-22.0', 'likelihood': -2}, {'offset': 1, 'projected_percent': '-22.9', 'likelihood': -2}, {'offset': 2, 'projected_percent': '-23.7', 'likelihood': -2}]",,False,0,1,0.0,0.0,0,Benjamin,0.0,251,False,,,4.0,86873.jpg,0.0,False,Lecomte,1.1,False,,a,10,54,0,24540,1812,25134,1699,0.0,0.0,Lecomte,,73.0,2025-07-26,1991-04-26,False,p86873,0,0,0,0,0,0,0,0,0,0,0,0,0,0.0,0.0,0.0,0.0,0,0,0,0,0,0.00,0.00,0.00,0.00,,,,,,,[],,417,31,405,12,349,7,421,31,0.0,0.0,0.0,0.0,0.0,0.0,594,55,417,31,431,31,167,25,0.0,0.0,0.0,Fulham,FUL
True,False,0.0,0.0,505079,0,0,0,0,0.0,-2,"[{'offset': 0, 'projected_percent': '0.0', 'likelihood': 0}, {'offset': 1, 'projected_percent': '0.0', 'likelihood': 0}, {'offset': 2, 'projected_percent': '0.0', 'likelihood': 0}]",,False,0,1,0.0,0.0,0,Alfie,0.0,252,False,Has joined York City on loan for the rest of the season,2026-09-01T13:25:11.231240Z,4.0,505079.jpg,0.0,False,McNally,0.1,False,,u,10,54,0,2589,0,6453,457,0.0,0.0,McNally,,,,,False,p505079,0,0,0,0,0,0,0,0,0,0,0,0,0,0.0,0.0,0.0,0.0,0,0,0,0,0,0.00,0.00,0.00,0.00,,,,,,,[],,444,48,435,29,379,24,449,48,0.0,0.0,0.0,0.0,0.0,0.0,635,72,446,48,458,48,398,47,0.0,0.0,0.0,Fulham,FUL
True,True,100.0,100.0,174874,0,0,0,0,0.5,-4,"[{'offset': 0, 'projected_percent': '0.5', 'likelihood': 1}, {'offset': 1, 'projected_percent': '0.5', 'likelihood': 1}, {'offset': 2, 'projected_percent': '0.4', 'likelihood': 1}]",,False,0,2,0.6,0.6,1,Joachim,0.6,253,False,,2026-07-23T12:01:23.516350Z,5.0,174874.jpg,1.0,False,Andersen,0.1,False,,a,10,54,3,13851,1977,8882,772,0.1,0.6,Andersen,,58.0,2024-08-23,1996-05-31,False,p174874,190,0,0,0,5,0,0,0,1,0,0,0,12,52.2,35.8,8.0,9.6,18,9,2,20,2,0.00,0.10,0.10,4.35,,,,,,,[],,185,77,168,48,270,95,215,76,0.0,0.0,0.05,0.05,2.06,2.37,253,37,308,111,349,134,369,142,0.95,0.0,9.47,Fulham,FUL
True,True,,,169528,0,0,0,0,-21.3,28,"[{'offset': 0, 'projected_percent': '-19.9', 'likelihood': -1}, {'offset': 1, 'projected_percent': '-17.1', 'likelihood': -1}, {'offset': 2, 'projected_percent': '-14.3', 'likelihood': -1}]",,False,0,2,2.4,2.4,2,Antonee,2.4,254,False,,,4.5,169528.jpg,2.4,False,Robinson,1.4,False,,a,10,54,12,53624,11139,68072,4097,0.5,2.7,Robinson,Antonee Robinson,229.0,2020-08-20,1997-08-08,False,p169528,429,0,0,1,8,0,0,0,0,0,0,0,65,93.6,106.7,18.0,21.8,18,20,13,31,5,0.26,0.30,0.56,9.08,,,,,2.0,,[],,88,40,39,7,201,59,74,16,0.05,0.0,0.06,0.11,1.9,1.68,443,91,162,62,193,77,153,62,1.05,0.21,6.5,Fulham,FUL
True,True,,,246301,0,0,0,0,-65.2,0,"[{'offset': 0, 'projected_percent': '-65.2', 'likelihood': -3}, {'offset': 1, 'projected_percent': '-65.2', 'likelihood': -3}, {'offset': 2, 'projected_percent': '-65.2', 'likelihood': -3}]",,False,0,2,0.6,0.6,0,Jorge,0.6,255,False,,,4.5,246301.jpg,3.0,False,Cuenca Barreno,0.0,False,,a,10,54,3,1526,46,1965,72,0.1,0.7,J.Cuenca,,200.0,2024-08-03,1999-11-17,False,p246301,90,0,0,0,3,0,0,0,0,0,0,0,7,32.8,21.3,0.0,5.4,9,3,1,10,1,0.00,0.03,0.03,2.24,,,,,,,[],,243,98,217,73,444,182,282,104,0.0,0.0,0.03,0.03,2.24,3.0,471,111,303,109,136,57,552,189,1.0,0.0,10.0,Fulham,FUL
True,True,100.0,0.0,167074,0,0,-1,1,-0.1,0,"[{'offset': 0, 'projected_percent': '-0.1', 'likelihood': -1}, {'offset': 1, 'projected_percent': '-0.1', 'likelihood': -1}, {'offset': 2, 'projected_percent': '-0.1', 'likelihood': -1}]",2026-09-28T19:00:09.637551Z,False,0,2,0.0,0.0,0,Kenny,0.0,256,False,,2026-09-18T12:30:09.546158Z,4.4,167074.jpg,0.0,False,Tete,0.2,False,,a,10,54,0,1355,24,10345,900,0.0,0.0,Tete,,152.0,2020-09-10,1995-10-09,False,p167074,27,0,0,0,0,0,0,0,1,0,0,0,-1,1.6,0.3,2.0,0.4,3,0,0,3,0,0.00,0.00,0.00,0.65,,,,,,,[],,388,143,379,141,317,117,390,140,0.0,0.0,0.0,0.0,2.17,0.0,556,139,471,179,482,182,344,129,0.0,0.0,10.0,Fulham,FUL
True,True,,,232892,0,0,0,0,-6.4,30,"[{'offset': 0, 'projected_percent': '-3.3', 'likelihood': -1}, {'offset': 1, 'projected_percent': '0.2', 'likelihood': 1}, {'offset': 2, 'projected_percent': '0.6', 'likelihood': 1}]",,False,0,2,3.0,3.0,6,Calvin,3.0,257,False,,,4.5,232892.jpg,3.0,False,Bassey,0.7,False,,a,10,54,15,24306,3292,29217,1071,0.7,3.3,Bassey,,157.0,2023-07-28,1999-12-31,False,p232892,450,0,1,1,8,0,0,0,1,0,0,1,69,97.0,15.3,40.0,15.2,23,22,6,29,5,0.13,0.08,0.21,9.11,,,,,,,[],,81,36,237,83,122,32,138,47,0.03,0.0,0.02,0.05,1.82,1.6,462,104,111,45,134,56,216,85,1.0,0.2,5.8,Fulham,FUL
True,True,,,166477,0,0,0,0,12.8,12,"[{'offset': 0, 'projected_percent': '12.8', 'likelihood': 1}, {'offset': 1, 'projected_percent': '13.0', 'likelihood': 1}, {'offset': 2, 'projected_percent': '13.2', 'likelihood': 1}]",,False,0,2,4.0,4.0,1,Timothy,4.0,258,False,,,4.5,166477.jpg,4.0,False,Castagne,0.9,False,,a,10,54,20,87849,11207,41883,3154,0.9,4.4,Castagne,,21.0,2023-08-29,1995-12-05,False,p166477,408,0,2,2,7,0,0,0,2,0,0,0,64,90.4,58.6,57.0,20.6,23,18,6,29,5,0.67,0.39,1.06,6.81,,,,,,,[],,96,44,97,22,78,11,83,22,0.15,0.0,0.09,0.24,1.5,1.54,442,90,68,29,87,37,187,71,1.1,0.44,6.4,Fulham,FUL
True,True,,,153133,0,0,-1,1,-58.1,7,"[{'offset': 0, 'projected_percent': '-57.3', 'likelihood': -3}, {'offset': 1, 'projected_percent': '-55.6', 'likelihood': -3}, {'offset': 2, 'projected_percent': '-54.0', 'likelihood': -3}]",,False,0,3,2.8,2.8,5,Alex,2.8,261,False,,,5.4,153133.jpg,2.8,False,Iwobi,0.7,False,,a,10,54,14,20992,2072,54687,2326,0.5,2.6,Iwobi,,157.0,2023-09-01,1996-05-03,False,p153133,408,0,0,2,7,0,0,0,0,0,0,2,94,60.6,167.5,49.0,27.7,5,19,5,29,5,0.39,1.22,1.61,8.16,1.0,,1.0,,3.0,,[],,163,62,9,8,97,54,42,31,0.09,0.0,0.27,0.36,1.8,1.54,170,108,135,59,170,71,224,71,1.1,0.44,6.4,Fulham,FUL
True,True,,,209289,0,0,-1,1,-95.6,4,"[{'offset': 0, 'projected_percent': '-94.4', 'likelihood': -3}, {'offset': 1, 'projected_percent': '-91.9', 'likelihood': -3}, {'offset': 2, 'projected_percent': '-89.5', 'likelihood': -3}]",,False,0,3,0.6,0.6,0,Emile,0.6,262,False,,,5.4,209289.jpg,1.0,False,Smith Rowe,0.2,False,,a,10,54,3,4396,198,20637,978,0.1,0.6,Smith Rowe,,241.0,2024-08-02,2000-07-28,False,p209289,38,0,0,0,0,0,0,0,0,0,0,0,11,6.6,23.8,9.0,4.0,1,2,0,3,0,0.06,0.02,0.08,0.87,,,,,,,[],,350,163,204,115,264,136,307,139,0.14,0.0,0.05,0.19,2.06,0.0,179,114,312,144,376,175,313,110,0.0,0.0,7.11,Fulham,FUL
True,True,,,560552,0,0,-2,2,-8.9,-2,"[{'offset': 0, 'projected_percent': '-13.2', 'likelihood': -1}, {'offset': 1, 'projected_percent': '-21.7', 'likelihood': -2}, {'offset': 2, 'projected_percent': '-30.2', 'likelihood': -2}]",,False,0,3,0.8,0.8,1,Kevin,0.8,263,False,,,5.3,560552.jpg,1.0,False,Santos Lopes de Macedo,0.0,False,,a,10,54,4,1938,134,4136,199,0.2,0.8,Kevin,Kevin,30.0,2025-09-01,2003-01-04,False,p560552,61,0,0,0,1,0,0,0,0,0,0,0,14,10.6,6.8,18.0,3.5,1,4,3,8,0,0.07,0.12,0.19,1.23,4.0,,,,,,[],,322,145,289,144,204,112,316,144,0.1,0.0,0.18,0.28,1.81,1.48,233,146,288,132,368,168,510,202,0.0,0.0,11.8,Fulham,FUL
True,True,,,477555,0,0,0,0,-50.9,-1,"[{'offset': 0, 'projected_percent': '-51.1', 'likelihood': -3}, {'offset': 1, 'projected_percent': '-51.6', 'likelihood': -3}, {'offset': 2, 'projected_percent': '-52.1', 'likelihood': -3}]",,False,0,3,2.6,2.6,3,Oscar,2.6,264,False,,,5.5,477555.jpg,2.6,False,Bobb,0.3,False,,a,10,54,13,15456,1453,20381,1275,0.5,2.4,Bobb,,161.0,2026-01-30,2003-07-12,False,p477555,343,0,0,3,6,0,0,0,0,0,0,0,53,42.0,118.7,77.0,23.8,5,15,8,28,5,0.54,1.14,1.68,6.19,2.0,,,,,,[],,212,90,30,26,52,32,58,38,0.14,0.0,0.3,0.44,1.62,1.57,152,94,145,63,185,81,294,101,1.31,0.79,7.35,Fulham,FUL
True,True,,,207189,0,0,-1,1,-30.0,0,"[{'offset': 0, 'projected_percent': '-30.0', 'likelihood': -2}, {'offset': 1, 'projected_percent': '-30.0', 'likelihood': -2}, {'offset': 2, 'projected_percent': '-30.0', 'likelihood': -2}]",,False,0,3,2.2,2.2,3,Sander,2.2,265,False,,,4.9,207189.jpg,2.2,False,Berge,0.3,False,,a,10,54,11,6159,428,17704,948,0.4,2.2,Berge,,161.0,2024-08-22,1998-02-14,False,p207189,349,0,0,2,5,0,0,0,0,0,0,0,67,51.4,81.0,22.0,15.4,7,8,4,19,4,0.08,0.36,0.44,7.36,,,,,,,[],,189,77,61,50,176,95,135,71,0.02,0.0,0.09,0.11,1.9,1.29,351,212,172,75,209,90,296,103,1.03,0.52,4.9,Fulham,FUL
True,True,0.0,0.0,76357,0,0,-1,1,-12.5,0,"[{'offset': 0, 'projected_percent': '-12.5', 'likelihood': -1}, {'offset': 1, 'projected_percent': '-12.5', 'likelihood': -1}, {'offset': 2, 'projected_percent': '-12.5', 'likelihood': -1}]",,False,0,3,0.0,0.0,0,Tom,0.0,266,False,Knee injury - Expected back 10 Oct,2026-08-14T18:00:06.460944Z,4.9,76357.jpg,0.0,False,Cairney,0.0,False,,i,10,54,0,108,7,327,16,0.0,0.0,Cairney,,243.0,2015-07-07,1991-01-20,False,p76357,0,0,0,0,0,0,0,0,0,0,0,0,0,0.0,0.0,0.0,0.0,0,0,0,0,0,0.00,0.00,0.00,0.00,,,,,,,[],https://www.fulhamfc.com/news/2026/august/21/team-news-joachim-andersen-tom-cairney-absent-for-chelsea/,556,228,553,234,516,208,561,229,0.0,0.0,0.0,0.0,0.0,0.0,339,205,560,232,568,236,648,283,0.0,0.0,0.0,Fulham,FUL
True,True,,,577725,0,0,0,0,76.6,221,"[{'offset': 0, 'projected_percent': '78.2', 'likelihood': 3}, {'offset': 1, 'projected_percent': '81.2', 'likelihood': 3}, {'offset': 2, 'projected_percent': '84.3', 'likelihood': 3}]",,False,0,3,4.8,4.8,2,Josh,4.8,268,False,,,5.5,577725.jpg,4.8,False,King,2.4,False,,a,10,54,24,303240,59105,90116,11548,0.9,4.4,King,,241.0,2024-02-02,2007-01-03,False,p577725,425,2,0,2,7,0,0,0,1,0,0,3,109,111.4,67.2,179.0,35.8,5,16,7,28,5,1.54,0.46,2.00,8.29,,,,,,,[],,55,19,84,61,5,2,18,14,0.33,0.0,0.1,0.43,1.76,1.48,164,103,52,20,67,27,119,36,1.06,0.42,5.93,Fulham,FUL
True,True,100.0,75.0,184349,-1,1,-2,2,-0.8,0,"[{'offset': 0, 'projected_percent': '-0.8', 'likelihood': -1}, {'offset': 1, 'projected_percent': '-0.8', 'likelihood': -1}, {'offset': 2, 'projected_percent': '-0.8', 'likelihood': -1}]",,False,0,2,0.6,0.4,0,Ryan,0.6,269,False,,2026-09-14T11:30:07.403957Z,4.3,184349.jpg,1.0,False,Sessegnon,0.3,False,,a,10,54,3,2595,152,18733,1035,0.1,0.7,Sessegnon,,241.0,2024-07-26,2000-05-18,False,p184349,50,0,0,0,1,0,0,0,0,0,0,0,13,17.2,26.3,31.0,7.5,2,3,1,3,0,0.13,0.44,0.57,1.80,3.0,,,,,,[],,293,117,194,61,149,44,241,91,0.23,0.0,0.79,1.02,3.24,1.8,580,155,301,107,305,112,304,112,0.0,0.0,5.4,Fulham,FUL
True,True,,,153366,0,0,-1,1,-7.2,-10,"[{'offset': 0, 'projected_percent': '-7.8', 'likelihood': -1}, {'offset': 1, 'projected_percent': '-9.1', 'likelihood': -1}, {'offset': 2, 'projected_percent': '-10.4', 'likelihood': -1}]",,False,0,3,0.0,0.0,0,Harrison,0.0,270,False,,,4.4,153366.jpg,0.0,False,Reed,1.1,False,,a,10,54,0,35621,2129,71363,5138,0.0,0.0,Reed,,241.0,2020-08-30,1995-01-27,False,p153366,0,0,0,0,0,0,0,0,0,0,0,0,0,0.0,0.0,0.0,0.0,0,0,0,0,0,0.00,0.00,0.00,0.00,,,,,,,[],,467,192,459,198,408,170,472,193,0.0,0.0,0.0,0.0,0.0,0.0,554,292,470,196,481,200,168,52,0.0,0.0,0.0,Fulham,FUL
True,True,,,244042,0,0,-1,1,-45.4,-13,"[{'offset': 0, 'projected_percent': '-47.7', 'likelihood': -3}, {'offset': 1, 'projected_percent': '-52.3', 'likelihood': -3}, {'offset': 2, 'projected_percent': '-57.0', 'likelihood': -3}]",,False,0,4,0.6,0.6,0,Rodrigo,0.6,271,False,,,5.4,244042.jpg,0.8,False,Muniz Carvalho,0.4,False,,a,10,54,3,15533,1204,34420,1979,0.1,0.6,Muniz,Rodrigo Muniz,30.0,2021-08-20,2001-05-04,False,p244042,38,0,0,0,1,0,0,0,1,0,0,0,14,11.4,22.2,36.0,7.0,3,0,0,3,0,0.40,0.00,0.40,0.85,,,,,,,[],,317,32,215,25,136,26,251,25,0.95,0.0,0.0,0.95,2.01,2.37,186,44,314,37,409,49,264,45,0.0,0.0,7.11,Fulham,FUL
True,True,,,631786,0,0,0,0,-56.2,-32,"[{'offset': 0, 'projected_percent': '-56.6', 'likelihood': -3}, {'offset': 1, 'projected_percent': '-57.5', 'likelihood': -3}, {'offset': 2, 'projected_percent': '-58.3', 'likelihood': -3}]",,False,0,4,0.0,0.0,0,Jonah,0.0,272,False,,,4.5,631786.jpg,0.0,False,Kusi-Asare,5.5,False,,a,10,54,0,156985,7514,292639,24834,0.0,0.0,Kusi-Asare,,206.0,2026-06-27,2007-07-04,False,p631786,0,0,0,0,0,0,0,0,0,0,0,0,0,0.0,0.0,0.0,0.0,0,0,0,0,0,0.00,0.00,0.00,0.00,,,,,,,[],,541,57,537,61,497,56,546,61,0.0,0.0,0.0,0.0,0.0,0.0,537,78,545,59,554,62,70,10,0.0,0.0,0.0,Fulham,FUL
True,True,,,551466,0,0,0,0,50.6,38,"[{'offset': 0, 'projected_percent': '50.9', 'likelihood': 3}, {'offset': 1, 'projected_percent': '51.4', 'likelihood': 3}, {'offset': 2, 'projected_percent': '51.9', 'likelihood': 3}]",,False,0,4,2.8,2.8,2,Gonzalo,2.8,569,False,,,6.0,551466.jpg,2.8,False,García,3.8,False,,a,10,54,14,403757,41448,301941,22556,0.5,2.3,Gonzalo,,200.0,2026-08-03,2004-03-24,False,p551466,425,1,0,2,7,0,0,0,0,0,0,0,53,53.0,46.8,125.0,22.1,7,9,2,18,5,2.33,0.58,2.91,8.29,,,,,1.0,,[],,182,14,132,12,19,9,72,14,0.49,0.0,0.12,0.61,1.76,1.48,73,17,137,14,175,17,89,11,1.06,0.42,3.81,Fulham,FUL
True,True,,,571779,0,0,-1,1,-3.4,-2,"[{'offset': 0, 'projected_percent': '-4.3', 'likelihood': -1}, {'offset': 1, 'projected_percent': '-6.0', 'likelihood': -1}, {'offset': 2, 'projected_percent': '-7.7', 'likelihood': -1}]",,False,0,3,2.4,2.4,1,César,2.4,570,False,,,5.4,571779.jpg,3.0,False,Palacios,0.2,False,,a,10,54,12,5865,576,10343,697,0.4,2.2,Palacios,,200.0,2026-08-03,2004-11-11,False,p571779,226,1,0,0,7,0,0,0,1,0,0,1,48,45.4,32.6,62.0,14.0,4,10,3,17,3,0.98,0.03,1.01,5.46,,,,,,,[],,203,88,178,104,70,42,159,82,0.39,0.0,0.01,0.4,2.17,2.79,212,134,164,70,147,60,356,128,1.19,0.0,6.77,Fulham,FUL
True,True,,,463210,0,0,0,0,-82.2,0,"[{'offset': 0, 'projected_percent': '-82.2', 'likelihood': -3}, {'offset': 1, 'projected_percent': '-82.2', 'likelihood': -3}, {'offset': 2, 'projected_percent': '-82.2', 'likelihood': -3}]",,False,0,3,2.6,2.6,4,Shea,2.6,580,False,,,5.0,463210.jpg,2.6,False,Charles,0.1,False,,a,10,54,13,2092,362,3944,268,0.5,2.6,Charles,,242.0,2026-08-11,2003-11-05,False,p463210,303,0,0,1,5,0,0,0,0,0,0,0,60,85.4,46.1,14.0,14.5,23,19,4,46,3,0.09,0.16,0.25,6.65,,,,,,,[],,107,32,138,88,226,120,152,79,0.03,0.0,0.05,0.08,1.98,1.49,286,173,142,62,181,80,449,173,0.89,0.3,13.66,Fulham,FUL
True,False,0.0,0.0,547686,0,0,0,0,0.0,0,"[{'offset': 0, 'projected_percent': '0.0', 'likelihood': 0}, {'offset': 1, 'projected_percent': '0.0', 'likelihood': 0}, {'offset': 2, 'projected_percent': '0.0', 'likelihood': 0}]",,False,0,2,0.0,0.0,0,Luc,0.0,610,False,has joined  Real Salt Lake on loan for the rest of the seaon.,2026-08-28T11:30:08.336405Z,4.0,547686.jpg,0.0,False,De Fougerolles,0.1,False,,u,10,54,0,5787,0,5122,376,0.0,0.0,De Fougerolles,,39.0,2023-07-19,2005-10-12,False,p547686,0,0,0,0,0,0,0,0,0,0,0,0,0,0.0,0.0,0.0,0.0,0,0,0,0,0,0.00,0.00,0.00,0.00,,,,,,,[],,449,166,440,165,384,150,454,166,0.0,0.0,0.0,0.0,0.0,0.0,641,192,451,162,463,166,458,163,0.0,0.0,0.0,Fulham,FUL
True,True,,,616069,0,0,0,0,-90.7,-6,"[{'offset': 0, 'projected_percent': '-92.1', 'likelihood': -3}, {'offset': 1, 'projected_percent': '-95.0', 'likelihood': -4}, {'offset': 2, 'projected_percent': '-97.8', 'likelihood': -4}]",,False,0,3,0.0,0.0,0,Macaulay,0.0,626,False,,,4.5,616069.jpg,0.0,False,Zepa,0.3,False,,a,10,54,0,34249,82,17882,1668,0.0,0.0,Zepa,,38.0,2026-07-06,2008-07-07,False,p616069,0,0,0,0,0,0,0,0,0,0,0,0,0,0.0,0.0,0.0,0.0,0,0,0,0,0,0.00,0.00,0.00,0.00,,,,,,,[],,536,214,532,220,491,192,541,215,0.0,0.0,0.0,0.0,0.0,0.0,530,277,540,218,549,222,295,102,0.0,0.0,0.0,Fulham,FUL
True,True,,,551050,0,0,0,0,0.0,0,"[{'offset': 0, 'projected_percent': '0.0', 'likelihood': 0}, {'offset': 1, 'projected_percent': '0.0', 'likelihood': 0}, {'offset': 2, 'projected_percent': '0.0', 'likelihood': 0}]",,False,0,3,1.0,1.0,1,Hugo,1.0,635,False,,,5.0,551050.jpg,1.0,False,Larsson,0.0,False,,a,10,54,3,809,64,287,54,0.2,0.6,Larsson,,206.0,2026-09-01,2004-06-27,False,p551050,37,0,0,0,1,0,0,0,0,0,0,0,9,6.8,1.9,9.0,1.8,2,3,1,6,0,0.13,0.23,0.36,0.88,,,,,,,[],,349,162,336,168,262,134,353,168,0.32,0.0,0.56,0.88,2.14,2.43,320,194,267,120,355,159,622,264,0.0,0.0,14.59,Fulham,FUL
True,True,,,500033,0,0,0,0,0.0,0,"[{'offset': 0, 'projected_percent': '0.0', 'likelihood': 0}, {'offset': 1, 'projected_percent': '0.0', 'likelihood': 0}, {'offset': 2, 'projected_percent': '0.0', 'likelihood': 0}]",,False,0,3,0.0,0.0,0,Manuel Ángel,0.0,636,False,,,5.0,500033.jpg,0.0,False,Morán Ibáñez,0.0,False,,a,10,54,0,359,22,160,18,0.0,0.0,Ángel,Manuel Ángel,200.0,2026-09-01,2004-03-15,False,p500033,0,0,0,0,0,0,0,0,0,0,0,0,0,0.0,0.0,0.0,0.0,0,0,0,0,0,0.00,0.00,0.00,0.00,,,,,,,[],,608,260,614,265,590,250,614,262,0.0,0.0,0.0,0.0,0.0,0.0,306,184,611,263,617,265,644,280,0.0,0.0,0.0,Fulham,FUL
True,True,,,442299,0,0,0,0,0.7,8,"[{'offset': 0, 'projected_percent': '0.8', 'likelihood': 1}, {'offset': 1, 'projected_percent': '0.9', 'likelihood': 1}, {'offset': 2, 'projected_percent': '1.0', 'likelihood': 1}]",,False,0,2,4.0,4.0,4,David,4.0,650,False,,,4.5,442299.jpg,6.0,False,Affengruber,0.0,False,,a,10,54,12,4786,1908,998,376,0.9,2.7,Affengruber,,14.0,2026-09-01,2001-03-19,False,p442299,180,0,0,1,1,0,0,0,0,0,0,0,40,51.0,14.6,0.0,6.6,20,7,3,23,2,0.00,0.02,0.02,2.88,,,,,,,[],,193,79,244,86,448,185,260,98,0.0,0.0,0.01,0.01,1.44,0.5,476,115,70,31,26,11,507,179,1.0,0.5,11.5,Fulham,FUL
True,True,100.0,100.0,490094,0,0,0,0,0.1,-1,"[{'offset': 0, 'projected_percent': '0.1', 'likelihood': 1}, {'offset': 1, 'projected_percent': '0.0', 'likelihood': 0}, {'offset': 2, 'projected_percent': '0.0', 'likelihood': 0}]",,False,0,3,0.5,0.5,1,Tim,0.5,240,False,,2026-08-15T20:00:06.878792Z,5.0,490094.jpg,0.7,False,Iroegbunam,0.0,False,,a,11,88,2,1094,56,1119,105,0.1,0.4,Iroegbunam,,241.0,2026-09-01,2003-06-30,False,p490094,70,0,0,0,0,0,0,0,1,0,0,0,10,9.2,11.5,10.0,3.1,1,5,3,9,0,0.12,0.01,0.13,0.60,,,,,,,[],,329,150,270,137,256,132,318,146,0.15,0.0,0.01,0.16,0.77,0.0,296,178,335,155,411,196,584,241,0.0,0.0,11.57,Hull City,HUL
True,True,,,167825,0,0,0,0,-25.7,-10,"[{'offset': 0, 'projected_percent': '-26.2', 'likelihood': -2}, {'offset': 1, 'projected_percent': '-27.1', 'likelihood': -2}, {'offset': 2, 'projected_percent': '-28.1', 'likelihood': -2}]",,False,0,1,0.0,0.0,0,Dillon,0.0,273,False,,,4.0,167825.jpg,0.0,False,Phillips,1.4,False,,a,11,88,0,27769,1644,37202,2319,0.0,0.0,Phillips,,241.0,2025-07-01,1995-06-11,False,p167825,0,0,0,0,0,0,0,0,0,0,0,0,0,0.0,0.0,0.0,0.0,0,0,0,0,0,0.00,0.00,0.00,0.00,,,,,,,[],,423,36,412,17,356,12,427,36,0.0,0.0,0.0,0.0,0.0,0.0,601,60,424,36,437,36,154,23,0.0,0.0,0.0,Hull City,HUL
True,True,0.0,0.0,105666,0,0,0,0,-98.2,0,"[{'offset': 0, 'projected_percent': '-98.2', 'likelihood': -4}, {'offset': 1, 'projected_percent': '-98.2', 'likelihood': -4}, {'offset': 2, 'projected_percent': '-98.2', 'likelihood': -4}]",,False,0,1,0.0,0.0,0,Jack,0.0,274,False,Arm injury - Unknown return date,2026-08-08T19:00:05.601633Z,4.5,105666.jpg,0.0,False,Butland,0.1,False,,i,11,88,0,619,50,4829,216,0.0,0.0,Butland,,241.0,2026-07-02,1993-03-10,False,p105666,0,0,0,0,0,0,0,0,0,0,0,0,0,0.0,0.0,0.0,0.0,0,0,0,0,0,0.00,0.00,0.00,0.00,,,,,,,[],,482,55,476,39,426,34,487,55,0.0,0.0,0.0,0.0,0.0,0.0,436,27,486,55,496,55,469,54,0.0,0.0,0.0,Hull City,HUL
True,False,0.0,0.0,494950,0,0,0,0,0.0,0,"[{'offset': 0, 'projected_percent': '0.0', 'likelihood': 0}, {'offset': 1, 'projected_percent': '0.0', 'likelihood': 0}, {'offset': 2, 'projected_percent': '0.0', 'likelihood': 0}]",,False,0,1,0.0,0.0,0,Harvey,0.0,275,False,Has joined Grimsby Town on loan for the rest of the season,2026-07-29T13:00:27.959925Z,4.0,494950.jpg,0.0,False,Cartwright,0.0,False,,u,11,88,0,0,0,321,19,0.0,0.0,Cartwright,,241.0,2020-07-01,2002-05-09,False,p494950,0,0,0,0,0,0,0,0,0,0,0,0,0,0.0,0.0,0.0,0.0,0,0,0,0,0,0.00,0.00,0.00,0.00,,,,,,,[],,441,47,432,28,376,23,446,47,0.0,0.0,0.0,0.0,0.0,0.0,631,71,443,47,455,47,626,73,0.0,0.0,0.0,Hull City,HUL
True,False,0.0,0.0,444307,0,0,0,0,0.0,0,"[{'offset': 0, 'projected_percent': '0.0', 'likelihood': 0}, {'offset': 1, 'projected_percent': '0.0', 'likelihood': 0}, {'offset': 2, 'projected_percent': '0.0', 'likelihood': 0}]",,False,0,1,0.0,0.0,0,Thimothée,0.0,276,False,Has joined Colchester United on loan for the rest of the season,2026-08-17T13:50:27.125537Z,4.0,444307.jpg,0.0,False,Lo-Tutala,0.0,False,,u,11,88,0,0,0,1074,80,0.0,0.0,Lo-Tutala,,73.0,2023-07-01,2003-02-13,False,p444307,0,0,0,0,0,0,0,0,0,0,0,0,0,0.0,0.0,0.0,0.0,0,0,0,0,0,0.00,0.00,0.00,0.00,,,,,,,[],,434,43,425,24,369,19,439,43,0.0,0.0,0.0,0.0,0.0,0.0,620,67,436,43,448,43,564,65,0.0,0.0,0.0,Hull City,HUL
True,True,,,108416,0,0,1,-1,25.3,-38,"[{'offset': 0, 'projected_percent': '25.0', 'likelihood': 2}, {'offset': 1, 'projected_percent': '24.5', 'likelihood': 2}, {'offset': 2, 'projected_percent': '24.0', 'likelihood': 2}]",,False,0,2,4.5,4.5,1,John,4.5,277,False,,,4.1,108416.jpg,5.2,False,Egan,7.1,False,,a,11,88,26,743315,20156,207918,20997,1.1,6.3,Egan,,104.0,2025-02-03,1992-10-20,False,p108416,437,0,0,3,4,0,0,0,1,0,0,1,71,110.8,1.3,21.0,13.4,50,12,9,59,5,0.05,0.00,0.05,7.27,,,,,,,[],,56,23,348,127,178,54,163,57,0.01,0.0,0.0,0.01,1.5,0.82,585,160,55,24,51,20,53,20,1.03,0.62,12.15,Hull City,HUL
True,True,0.0,0.0,501902,0,0,-1,1,0.5,-2,"[{'offset': 0, 'projected_percent': '0.5', 'likelihood': 1}, {'offset': 1, 'projected_percent': '0.5', 'likelihood': 1}, {'offset': 2, 'projected_percent': '0.5', 'likelihood': 1}]",,False,0,2,0.0,0.0,0,Charlie,0.0,278,False,Groin injury - Unknown return date,2026-08-02T09:00:11.030017Z,3.9,501902.jpg,0.0,False,Hughes,0.2,False,,i,11,88,0,16674,885,12330,1363,0.0,0.0,Hughes,,241.0,2024-08-16,2003-10-16,False,p501902,0,0,0,0,0,0,0,0,0,0,0,0,0,0.0,0.0,0.0,0.0,0,0,0,0,0,0.00,0.00,0.00,0.00,,,,,,,[],,409,150,397,146,341,131,413,149,0.0,0.0,0.0,0.0,0.0,0.0,667,217,409,144,423,150,352,133,0.0,0.0,0.0,Hull City,HUL
True,True,100.0,100.0,146426,0,0,2,-2,67.7,-117,"[{'offset': 0, 'projected_percent': '66.9', 'likelihood': 3}, {'offset': 1, 'projected_percent': '65.2', 'likelihood': 3}, {'offset': 2, 'projected_percent': '63.6', 'likelihood': 3}]",,False,1,2,3.2,3.2,1,Semi,3.2,279,False,,2026-08-22T17:30:07.668197Z,4.2,146426.jpg,5.4,False,Ajayi,14.1,False,,a,11,88,27,1346486,35101,293963,43461,0.8,6.4,Ajayi,,157.0,2025-07-01,1993-11-09,False,p146426,423,1,0,3,4,0,0,0,1,0,0,2,79,85.6,4.2,51.0,14.1,21,16,6,27,5,0.66,0.01,0.67,6.43,,,,,,,[],,106,48,311,109,90,16,157,54,0.14,0.0,0.0,0.14,1.37,0.85,584,159,98,39,45,16,29,10,1.06,0.64,5.74,Hull City,HUL
True,True,100.0,100.0,193278,0,0,0,0,0.3,-5,"[{'offset': 0, 'projected_percent': '0.2', 'likelihood': 1}, {'offset': 1, 'projected_percent': '0.2', 'likelihood': 1}, {'offset': 2, 'projected_percent': '0.1', 'likelihood': 1}]",,False,0,2,2.0,2.0,1,Lewie,2.0,280,False,,2026-08-29T16:30:08.151841Z,4.0,193278.jpg,2.8,False,Coyle,0.7,False,,a,11,88,14,27165,1593,25226,1418,0.5,3.5,Coyle,,241.0,2020-08-07,1995-10-15,False,p193278,348,0,0,2,4,0,0,0,1,0,0,0,49,24.0,29.9,11.0,6.5,8,11,3,11,5,0.13,0.07,0.20,6.22,,,,,,,[],,272,111,185,58,243,81,262,99,0.03,0.0,0.02,0.05,1.61,1.03,605,167,183,68,159,64,219,86,1.29,0.52,2.84,Hull City,HUL
True,False,0.0,0.0,433590,0,0,0,0,0.0,0,"[{'offset': 0, 'projected_percent': '0.0', 'likelihood': 0}, {'offset': 1, 'projected_percent': '0.0', 'likelihood': 0}, {'offset': 2, 'projected_percent': '0.0', 'likelihood': 0}]",,False,0,2,0.0,0.0,0,Cody,0.2,281,False,Has joined Genoa permanently,2026-09-02T16:09:06.479140Z,4.0,433590.jpg,1.0,False,Drameh,0.0,False,,u,11,88,2,2118,0,4426,173,0.0,0.5,Drameh,,241.0,2024-07-23,2001-12-08,False,p433590,65,0,0,0,0,0,0,0,0,0,0,0,8,6.4,0.4,1.0,0.8,5,4,1,6,0,0.05,0.00,0.05,0.87,,,,,,,[],,351,129,376,139,335,125,379,135,0.07,0.0,0.0,0.07,1.2,0.0,617,175,365,128,301,108,504,178,0.0,0.0,8.31,Hull City,HUL
True,True,,,232351,0,0,0,0,65.4,-10,"[{'offset': 0, 'projected_percent': '65.4', 'likelihood': 3}, {'offset': 1, 'projected_percent': '65.3', 'likelihood': 3}, {'offset': 2, 'projected_percent': '65.1', 'likelihood': 3}]",,False,0,2,4.5,4.5,0,Ryan,4.5,282,False,,,4.0,232351.jpg,4.8,False,Giles,2.9,False,,a,11,88,24,274042,17225,62138,9847,1.1,6.0,Giles,,241.0,2024-06-27,2000-01-26,False,p232351,444,0,1,3,4,0,0,0,1,0,0,2,94,82.8,132.5,6.0,22.2,19,14,5,24,5,0.02,0.43,0.45,7.33,3.0,,1.0,,,,[],,112,51,24,2,282,99,70,14,0.0,0.0,0.09,0.09,1.49,0.81,613,174,54,23,61,26,106,40,1.01,0.61,4.86,Hull City,HUL
True,False,0.0,0.0,449428,0,0,0,0,0.0,0,"[{'offset': 0, 'projected_percent': '0.0', 'likelihood': 0}, {'offset': 1, 'projected_percent': '0.0', 'likelihood': 0}, {'offset': 2, 'projected_percent': '0.0', 'likelihood': 0}]",,False,0,2,0.0,0.0,0,Matty,0.0,283,False,Has joined Newport County on loan until January,2026-08-02T09:00:11.038361Z,4.0,449428.jpg,0.0,False,Jacob,0.0,False,,u,11,88,0,114,0,679,22,0.0,0.0,Jacob,,241.0,2019-07-01,2001-06-03,False,p449428,0,0,0,0,0,0,0,0,0,0,0,0,0,0.0,0.0,0.0,0.0,0,0,0,0,0,0.00,0.00,0.00,0.00,,,,,,,[],,435,157,426,156,370,141,440,157,0.0,0.0,0.0,0.0,0.0,0.0,621,177,437,153,449,157,620,210,0.0,0.0,0.0,Hull City,HUL
True,True,,,661800,0,0,0,0,0.4,0,"[{'offset': 0, 'projected_percent': '0.4', 'likelihood': 1}, {'offset': 1, 'projected_percent': '0.4', 'likelihood': 1}, {'offset': 2, 'projected_percent': '0.4', 'likelihood': 1}]",,False,0,2,0.0,0.0,0,Cathal,0.0,284,False,,,4.0,661800.jpg,0.0,False,McCarthy,0.1,False,,a,11,88,0,4821,287,4470,318,0.0,0.0,McCarthy,,,,,False,p661800,0,0,0,0,0,0,0,0,0,0,0,0,0,0.0,0.0,0.0,0.0,0,0,0,0,0,0.00,0.00,0.00,0.00,,,,,,,[],,465,181,456,180,401,166,470,181,0.0,0.0,0.0,0.0,0.0,0.0,661,211,467,177,479,181,423,153,0.0,0.0,0.0,Hull City,HUL
True,True,100.0,100.0,160817,0,0,0,0,-37.0,1,"[{'offset': 0, 'projected_percent': '-36.2', 'likelihood': -2}, {'offset': 1, 'projected_percent': '-34.8', 'likelihood': -2}, {'offset': 2, 'projected_percent': '-33.3', 'likelihood': -2}]",,False,0,2,0.0,0.0,0,Paddy,0.0,285,False,,2026-09-09T13:30:08.327907Z,4.0,160817.jpg,1.0,False,McNair,0.1,False,,a,11,88,1,3090,137,4611,302,0.0,0.2,McNair,,242.0,2026-01-28,1995-04-27,False,p160817,26,0,0,0,0,0,0,0,0,0,0,0,3,4.2,0.0,0.0,0.4,2,1,0,2,0,0.00,0.00,0.00,0.96,,,,,,,[],,367,137,411,149,355,134,389,139,0.0,0.0,0.0,0.0,3.32,0.0,600,164,423,147,298,105,397,148,0.0,0.0,6.92,Hull City,HUL
True,True,,,540324,0,0,1,-1,29.6,134,"[{'offset': 0, 'projected_percent': '30.5', 'likelihood': 2}, {'offset': 1, 'projected_percent': '32.4', 'likelihood': 2}, {'offset': 2, 'projected_percent': '34.2', 'likelihood': 2}]",,False,1,3,7.0,7.0,4,Mohamed,7.0,286,False,,,5.1,540324.jpg,6.2,False,Belloumi,4.8,False,,a,11,88,31,484949,55013,77496,17458,1.4,6.1,Belloumi,,3.0,2024-08-30,2002-06-01,False,p540324,394,2,2,3,3,0,0,0,1,0,0,2,111,157.8,67.5,100.0,32.5,14,14,16,44,5,0.72,0.43,1.15,6.44,2.0,,2.0,,,,[],,11,7,83,60,34,19,25,18,0.16,0.0,0.1,0.26,1.47,0.69,239,150,10,4,21,9,76,26,1.14,0.69,10.05,Hull City,HUL
True,False,0.0,0.0,232905,0,0,0,0,0.0,0,"[{'offset': 0, 'projected_percent': '0.0', 'likelihood': 0}, {'offset': 1, 'projected_percent': '0.0', 'likelihood': 0}, {'offset': 2, 'projected_percent': '0.0', 'likelihood': 0}]",,False,0,3,0.0,0.0,0,Liam,1.5,287,False,Has joined Birmingham on loan for the rest of the season,2026-09-02T15:36:41.038103Z,5.0,232905.jpg,3.0,False,Millar,0.0,False,,u,11,88,6,3178,0,7436,216,0.3,1.2,Millar,,39.0,2024-08-09,1999-09-27,False,p232905,50,1,0,0,0,0,0,0,1,0,0,0,26,36.0,1.1,15.0,5.2,2,1,1,4,0,0.58,0.00,0.58,0.87,,,,,,,[],,233,100,354,177,219,118,287,129,1.04,0.0,0.0,1.04,1.57,0.0,273,168,235,106,142,57,541,220,0.0,0.0,7.2,Hull City,HUL
True,True,,,171270,0,0,0,0,-83.5,-2,"[{'offset': 0, 'projected_percent': '-83.8', 'likelihood': -3}, {'offset': 1, 'projected_percent': '-84.5', 'likelihood': -3}, {'offset': 2, 'projected_percent': '-85.3', 'likelihood': -3}]",,False,0,3,0.0,0.0,0,Kieran,0.0,288,False,,,4.5,171270.jpg,0.0,False,Dowell,0.3,False,,a,11,88,0,12177,420,21073,1490,0.0,0.0,Dowell,,241.0,2026-01-23,1997-10-10,False,p171270,0,0,0,0,0,0,0,0,0,0,0,0,0,0.0,0.0,0.0,0.0,0,0,0,0,0,0.00,0.00,0.00,0.00,,,,,,,[],,485,198,480,204,430,176,490,199,0.0,0.0,0.0,0.0,0.0,0.0,444,258,489,202,499,206,292,99,0.0,0.0,0.0,Hull City,HUL
True,True,100.0,100.0,101282,-1,1,-1,1,0.5,4,"[{'offset': 0, 'projected_percent': '0.6', 'likelihood': 1}, {'offset': 1, 'projected_percent': '0.6', 'likelihood': 1}, {'offset': 2, 'projected_percent': '0.7', 'likelihood': 1}]",,False,0,3,0.2,0.2,0,Matt,0.2,289,False,,2026-08-29T15:00:08.569326Z,4.4,101282.jpg,1.0,False,Crooks,0.5,False,,a,11,88,3,23175,3816,39320,3091,0.0,0.7,Crooks,,241.0,2025-01-10,1994-01-20,False,p101282,203,0,0,1,4,0,0,0,3,0,0,0,17,37.8,17.3,0.0,5.4,9,4,8,21,3,0.00,0.12,0.12,3.57,,,,,,,[],,225,96,228,124,403,168,281,127,0.0,0.0,0.05,0.05,1.58,1.77,548,290,369,172,307,136,250,81,1.33,0.44,9.31,Hull City,HUL
True,True,,,243413,0,0,0,0,71.1,-55,"[{'offset': 0, 'projected_percent': '70.7', 'likelihood': 3}, {'offset': 1, 'projected_percent': '69.9', 'likelihood': 3}, {'offset': 2, 'projected_percent': '69.2', 'likelihood': 3}]",,False,0,3,2.2,2.2,2,Regan,2.2,290,False,,,4.5,243413.jpg,3.0,False,Slater,5.3,False,,a,11,88,15,494569,11636,269647,28648,0.5,3.3,Slater,,241.0,2022-01-27,1999-09-11,False,p243413,437,0,1,3,4,0,0,0,1,0,0,0,67,62.2,85.1,26.0,17.4,9,15,9,33,5,0.21,0.59,0.80,7.27,1.0,,,,,,[],,158,60,55,45,161,85,113,60,0.04,0.0,0.12,0.16,1.5,0.82,465,260,168,73,135,54,73,25,1.03,0.62,6.8,Hull City,HUL
True,True,0.0,0.0,465525,0,0,0,0,-13.6,0,"[{'offset': 0, 'projected_percent': '-13.6', 'likelihood': -1}, {'offset': 1, 'projected_percent': '-13.6', 'likelihood': -1}, {'offset': 2, 'projected_percent': '-13.6', 'likelihood': -1}]",,False,0,3,0.0,0.0,0,Eliot,0.0,291,False,Knee injury - Unknown return date,2026-07-23T12:01:23.532635Z,4.5,465525.jpg,0.0,False,Matazo,0.0,False,,i,11,88,0,373,22,482,44,0.0,0.0,Matazo,,21.0,2025-01-23,2002-02-15,False,p465525,0,0,0,0,0,0,0,0,0,0,0,0,0,0.0,0.0,0.0,0.0,0,0,0,0,0,0.00,0.00,0.00,0.00,,,,,,,[],,500,200,497,206,451,178,505,201,0.0,0.0,0.0,0.0,0.0,0.0,481,261,504,204,514,208,631,270,0.0,0.0,0.0,Hull City,HUL
True,True,,,208481,0,0,-1,1,-3.6,0,"[{'offset': 0, 'projected_percent': '-3.6', 'likelihood': -1}, {'offset': 1, 'projected_percent': '-3.6', 'likelihood': -1}, {'offset': 2, 'projected_percent': '-3.6', 'likelihood': -1}]",,False,0,3,0.0,0.0,0,Abdülkadir,0.0,292,False,,,4.9,208481.jpg,0.0,False,Ömür,0.0,False,,a,11,88,0,1183,65,1585,104,0.0,0.0,Ömür,,219.0,2024-02-01,1999-06-25,False,p208481,0,0,0,0,0,0,0,0,0,0,0,0,0,0.0,0.0,0.0,0.0,0,0,0,0,0,0.00,0.00,0.00,0.00,,,,,,,[],,564,233,560,238,525,213,569,234,0.0,0.0,0.0,0.0,0.0,0.0,352,213,567,236,575,240,580,238,0.0,0.0,0.0,Hull City,HUL
True,False,0.0,0.0,490161,0,0,0,0,0.0,0,"[{'offset': 0, 'projected_percent': '0.0', 'likelihood': 0}, {'offset': 1, 'projected_percent': '0.0', 'likelihood': 0}, {'offset': 2, 'projected_percent': '0.0', 'likelihood': 0}]",,False,0,3,0.0,0.0,0,Abu,0.0,293,False,Has joined Portsmouth permanently,2026-08-12T14:08:23.542043Z,5.0,490161.jpg,0.0,False,Kamara,0.0,False,,u,11,88,0,0,0,371,9,0.0,0.0,Kamara,,241.0,2024-08-30,2003-07-21,False,p490161,0,0,0,0,0,0,0,0,0,0,0,0,0,0.0,0.0,0.0,0.0,0,0,0,0,0,0.00,0.00,0.00,0.00,,,,,,,[],,602,257,608,262,584,247,608,259,0.0,0.0,0.0,0.0,0.0,0.0,297,179,605,260,611,262,658,291,0.0,0.0,0.0,Hull City,HUL
True,True,100.0,100.0,553783,0,0,0,0,-16.8,-2,"[{'offset': 0, 'projected_percent': '-18.7', 'likelihood': -1}, {'offset': 1, 'projected_percent': '-22.4', 'likelihood': -2}, {'offset': 2, 'projected_percent': '-26.1', 'likelihood': -2}]",,False,0,3,0.0,0.0,0,Óscar,0.0,294,False,,2026-08-04T18:30:11.016909Z,4.5,553783.jpg,0.0,False,Zambrano,0.1,False,,a,11,88,0,3836,107,6692,363,0.0,0.0,Zambrano,,62.0,2026-07-21,2004-04-20,False,p553783,0,0,0,0,0,0,0,0,0,0,0,0,0,0.0,0.0,0.0,0.0,0,0,0,0,0,0.00,0.00,0.00,0.00,,,,,,,[],,518,205,515,211,472,183,523,206,0.0,0.0,0.0,0.0,0.0,0.0,506,266,522,209,532,213,428,162,0.0,0.0,0.0,Hull City,HUL
True,True,,,169432,0,0,0,0,26.4,-40,"[{'offset': 0, 'projected_percent': '26.1', 'likelihood': 2}, {'offset': 1, 'projected_percent': '25.6', 'likelihood': 2}, {'offset': 2, 'projected_percent': '25.0', 'likelihood': 2}]",,False,0,4,2.0,2.0,1,Oli,2.0,295,False,,,5.5,169432.jpg,2.6,False,McBurnie,1.9,False,,a,11,88,13,186628,5642,149404,14057,0.4,2.4,McBurnie,,243.0,2025-08-06,1996-06-04,False,p169432,441,0,2,3,4,0,0,0,3,0,0,0,52,47.2,69.1,114.0,23.0,9,9,3,21,5,1.23,0.13,1.36,7.21,,,,,1.0,,[],,201,16,76,5,26,11,63,13,0.25,0.0,0.03,0.28,1.47,0.82,128,34,194,17,184,18,127,21,1.02,0.61,4.29,Hull City,HUL
True,False,0.0,0.0,213292,0,0,0,0,0.0,-1,"[{'offset': 0, 'projected_percent': '0.0', 'likelihood': 0}, {'offset': 1, 'projected_percent': '0.0', 'likelihood': 0}, {'offset': 2, 'projected_percent': '0.0', 'likelihood': 0}]",,False,0,3,0.0,0.0,0,David,0.0,296,False,Has joined Omonoia FC permanently,2026-09-11T14:42:38.120231Z,5.0,213292.jpg,0.0,False,Akintola,0.0,False,,u,11,88,0,2704,0,4815,202,0.0,0.0,Akintola,,157.0,2025-08-15,1996-01-13,False,p213292,0,0,0,0,0,0,0,0,0,0,0,0,0,0.0,0.0,0.0,0.0,0,0,0,0,0,0.00,0.00,0.00,0.00,,,,,,,[],,589,251,591,256,566,240,595,253,0.0,0.0,0.0,0.0,0.0,0.0,261,163,592,254,598,256,560,233,0.0,0.0,0.0,Hull City,HUL
True,True,0.0,0.0,470294,0,0,0,0,-100.0,0,"[{'offset': 0, 'projected_percent': '-100.0', 'likelihood': -5}, {'offset': 1, 'projected_percent': '-100.0', 'likelihood': -5}, {'offset': 2, 'projected_percent': '-100.0', 'likelihood': -5}]",,False,0,3,0.0,0.0,0,Darko,0.0,297,False,Thigh injury - Unknown return date,2026-08-04T18:30:11.027155Z,4.5,470294.jpg,0.0,False,Gyabi,0.0,False,,i,11,88,0,414,25,1559,91,0.0,0.0,Gyabi,,241.0,2025-09-01,2004-02-18,False,p470294,0,0,0,0,0,0,0,0,0,0,0,0,0,0.0,0.0,0.0,0.0,0,0,0,0,0,0.00,0.00,0.00,0.00,,,,,,,[],,501,201,498,207,452,179,506,202,0.0,0.0,0.0,0.0,0.0,0.0,482,262,505,205,515,209,581,239,0.0,0.0,0.0,Hull City,HUL
True,False,0.0,0.0,500957,0,0,0,0,0.0,-4,"[{'offset': 0, 'projected_percent': '0.0', 'likelihood': 0}, {'offset': 1, 'projected_percent': '0.0', 'likelihood': 0}, {'offset': 2, 'projected_percent': '0.0', 'likelihood': 0}]",,False,0,4,0.0,0.0,0,Enis,0.0,298,False,Has joined Konyaspor permanently,2026-08-17T13:50:27.145733Z,4.5,500957.jpg,0.0,False,Destan,0.2,False,,u,11,88,0,0,0,21914,961,0.0,0.0,Destan,,219.0,2025-08-01,2002-06-15,False,p500957,0,0,0,0,0,0,0,0,0,0,0,0,0,0.0,0.0,0.0,0.0,0,0,0,0,0,0.00,0.00,0.00,0.00,,,,,,,[],,507,47,504,52,461,46,512,51,0.0,0.0,0.0,0.0,0.0,0.0,493,68,511,49,521,53,349,55,0.0,0.0,0.0,Hull City,HUL
True,False,0.0,0.0,534392,0,0,0,0,0.0,0,"[{'offset': 0, 'projected_percent': '0.0', 'likelihood': 0}, {'offset': 1, 'projected_percent': '0.0', 'likelihood': 0}, {'offset': 2, 'projected_percent': '0.0', 'likelihood': 0}]",,False,0,4,0.0,0.0,0,Mason,0.0,299,False,Has joined Sheffield Wednesday on loan for the rest of the season,2026-08-03T14:05:20.234842Z,4.5,534392.jpg,0.0,False,Burstow,0.0,False,,u,11,88,0,0,0,3025,175,0.0,0.0,Burstow,,241.0,2024-08-16,2003-08-04,False,p534392,0,0,0,0,0,0,0,0,0,0,0,0,0,0.0,0.0,0.0,0.0,0,0,0,0,0,0.00,0.00,0.00,0.00,,,,,,,[],,513,48,510,53,467,47,518,52,0.0,0.0,0.0,0.0,0.0,0.0,500,69,517,50,527,54,533,72,0.0,0.0,0.0,Hull City,HUL
True,True,100.0,100.0,462635,0,0,0,0,0.0,-1,"[{'offset': 0, 'projected_percent': '0.0', 'likelihood': 0}, {'offset': 1, 'projected_percent': '-1.1', 'likelihood': -1}, {'offset': 2, 'projected_percent': '-15.4', 'likelihood': -1}]",,False,0,3,0.2,0.2,1,Joe,0.2,340,False,,2026-08-17T21:30:07.799839Z,5.0,462635.jpg,1.0,False,Gelhardt,0.0,False,,a,11,88,1,673,63,983,76,0.0,0.2,Gelhardt,,241.0,2026-08-15,2002-05-04,False,p462635,7,0,0,0,0,0,0,0,0,0,0,0,5,1.6,1.3,12.0,1.5,0,1,0,1,0,0.10,0.02,0.12,0.13,,,,,,,[],,389,181,353,176,238,124,362,173,1.29,0.0,0.26,1.55,1.67,0.0,285,172,387,183,352,157,602,253,0.0,0.0,12.86,Hull City,HUL
True,True,75.0,75.0,169359,0,0,0,0,-64.6,-32,"[{'offset': 0, 'projected_percent': '-65.4', 'likelihood': -3}, {'offset': 1, 'projected_percent': '-66.8', 'likelihood': -3}, {'offset': 2, 'projected_percent': '-68.3', 'likelihood': -3}]",,False,0,2,0.0,0.0,0,Matt,0.0,556,False,Ankle injury - 75% chance of playing,2026-09-17T14:00:26.419938Z,4.0,169359.jpg,1.0,False,Targett,1.7,False,,d,11,88,1,24806,82,84646,7370,0.0,0.2,Targett,,241.0,2026-07-23,1995-09-18,False,p169359,5,0,0,0,0,0,0,0,0,0,0,0,3,0.4,0.0,0.0,0.0,0,1,0,0,0,0.00,0.00,0.00,0.07,,,,,,,[],,402,146,413,150,357,135,428,152,0.0,0.0,0.0,0.0,1.26,0.0,602,165,425,148,299,106,140,55,0.0,0.0,0.0,Hull City,HUL
True,True,0.0,0.0,445028,0,0,0,0,-87.9,0,"[{'offset': 0, 'projected_percent': '-87.9', 'likelihood': -3}, {'offset': 1, 'projected_percent': '-87.9', 'likelihood': -3}, {'offset': 2, 'projected_percent': '-87.9', 'likelihood': -3}]",,False,0,3,0.0,0.0,0,Hidemasa,0.2,563,False,Calf injury - Expected back 11 Oct,2026-09-09T14:00:08.474217Z,5.0,445028.jpg,1.0,False,Morita,0.0,False,,i,11,88,1,712,9,1705,109,0.0,0.2,Morita,,108.0,2026-07-24,1995-05-10,False,p445028,45,0,0,0,0,0,0,0,0,0,0,0,6,11.0,13.4,0.0,2.4,2,1,0,3,1,0.00,0.00,0.00,1.09,,,,,,,[],,319,142,258,134,575,243,340,160,0.0,0.0,0.0,0.0,2.18,0.0,281,170,385,182,350,156,587,243,2.0,0.0,6.0,Hull City,HUL
True,True,,,473284,0,0,1,-1,95.5,184,"[{'offset': 0, 'projected_percent': '96.7', 'likelihood': 4}, {'offset': 1, 'projected_percent': '99.3', 'likelihood': 4}, {'offset': 2, 'projected_percent': '101.8', 'likelihood': 5}]",,False,2,1,6.0,6.0,6,Konstantinos,6.0,572,True,,,4.6,473284.jpg,6.8,False,Tzolakis,12.3,False,,a,11,88,34,953135,81807,209471,13821,1.3,7.4,Tzolakis,,83.0,2026-08-05,2002-11-08,False,p473284,450,0,0,3,4,0,1,0,1,0,17,6,129,150.0,0.0,0.0,15.0,2,69,1,0,5,0.00,0.00,0.00,7.40,,,,,,,[],,16,2,546,54,507,52,141,3,0.0,3.4,0.0,0.0,1.48,0.8,426,22,20,1,13,1,34,5,1.0,0.6,0.0,Hull City,HUL
True,True,,,552946,0,0,-1,1,-63.2,-2,"[{'offset': 0, 'projected_percent': '-65.3', 'likelihood': -3}, {'offset': 1, 'projected_percent': '-69.2', 'likelihood': -3}, {'offset': 2, 'projected_percent': '-73.2', 'likelihood': -3}]",,False,0,3,0.2,0.2,0,Jens,0.2,574,False,,,4.9,552946.jpg,1.0,False,Hjertø-Dahl,0.1,False,,a,11,88,1,1421,60,4353,233,0.0,0.2,Hjertø-Dahl,,161.0,2026-08-07,2005-10-31,False,p552946,8,0,0,0,0,0,0,0,0,0,0,0,4,0.0,0.0,0.0,0.0,0,1,0,1,0,0.00,0.00,0.00,0.00,,,,,,,[],,579,244,579,250,545,226,585,246,0.0,0.0,0.0,0.0,0.0,0.0,395,238,382,179,341,149,490,192,0.0,0.0,11.25,Hull City,HUL
True,True,,,608227,0,0,0,0,-44.3,-2,"[{'offset': 0, 'projected_percent': '-45.8', 'likelihood': -3}, {'offset': 1, 'projected_percent': '-48.9', 'likelihood': -3}, {'offset': 2, 'projected_percent': '-51.9', 'likelihood': -3}]",,False,0,3,1.0,1.0,0,Elliot,1.0,576,False,,,5.0,608227.jpg,1.8,False,Stroud,0.1,False,,a,11,88,7,3617,95,4564,341,0.2,1.4,Stroud,,206.0,2026-08-09,2002-06-22,False,p608227,249,0,0,2,1,0,0,0,1,0,0,0,17,8.4,22.7,12.0,3.8,3,12,5,20,4,0.06,0.05,0.11,4.32,,,,,,,[],,335,155,207,117,239,125,312,141,0.02,0.0,0.02,0.04,1.56,0.36,327,198,268,121,255,112,439,168,1.45,0.72,7.23,Hull City,HUL
True,True,,,597462,0,0,0,0,-24.0,-4,"[{'offset': 0, 'projected_percent': '-24.5', 'likelihood': -2}, {'offset': 1, 'projected_percent': '-25.5', 'likelihood': -2}, {'offset': 2, 'projected_percent': '-26.5', 'likelihood': -2}]",,False,0,2,1.0,1.0,1,Lucas,1.0,585,False,,,4.0,597462.jpg,1.0,False,Herrington,0.6,False,,a,11,88,5,12569,770,18063,1176,0.2,1.2,Herrington,,13.0,2026-08-12,2007-09-05,False,p597462,197,0,0,0,3,0,0,0,0,0,0,0,19,42.8,23.1,11.0,7.7,14,6,2,16,1,0.02,0.04,0.06,3.36,,,,,,,[],,208,84,206,68,244,82,237,87,0.01,0.0,0.02,0.03,1.54,1.37,654,204,258,93,304,111,235,91,0.46,0.0,7.31,Hull City,HUL
True,True,100.0,0.0,606930,0,0,1,-1,-0.2,0,"[{'offset': 0, 'projected_percent': '-0.2', 'likelihood': -1}, {'offset': 1, 'projected_percent': '-0.2', 'likelihood': -1}, {'offset': 2, 'projected_percent': '-0.2', 'likelihood': -1}]",2026-09-27T16:30:09.400433Z,False,1,2,2.5,0.0,0,Nobel,2.5,586,False,,2026-09-12T18:00:09.334142Z,4.1,606930.jpg,6.2,False,Mendy,6.3,False,,a,11,88,25,681136,4844,353531,28548,0.6,6.1,Mendy,,189.0,2026-08-12,2004-09-03,False,p606930,249,1,0,2,1,0,0,0,0,0,0,1,69,108.2,1.4,54.0,16.4,32,6,7,39,4,0.32,0.00,0.32,4.02,,,,,,,[],,63,27,346,125,88,15,117,38,0.12,0.0,0.0,0.12,1.45,0.36,586,161,149,57,20,8,61,25,1.45,0.72,14.1,Hull City,HUL
True,True,,,469266,0,0,0,0,-67.3,0,"[{'offset': 0, 'projected_percent': '-67.3', 'likelihood': -3}, {'offset': 1, 'projected_percent': '-67.3', 'likelihood': -3}, {'offset': 2, 'projected_percent': '-67.3', 'likelihood': -3}]",,False,0,3,1.0,1.0,1,Lucas,1.0,589,False,,,5.0,469266.jpg,1.3,False,Gourna-Douath,0.0,False,,a,11,88,4,697,28,1309,74,0.2,0.8,Gourna-Douath,,73.0,2026-08-15,2003-08-05,False,p469266,138,0,0,1,0,0,0,0,1,0,0,0,18,29.4,33.5,2.0,6.5,5,7,5,17,1,0.03,0.03,0.06,2.26,,,,,,,[],,257,106,174,103,327,163,263,117,0.02,0.0,0.02,0.04,1.47,0.0,289,175,266,119,284,129,558,231,0.65,0.65,11.09,Hull City,HUL
True,True,,,490884,0,0,0,0,0.2,-1,"[{'offset': 0, 'projected_percent': '0.2', 'likelihood': 1}, {'offset': 1, 'projected_percent': '0.1', 'likelihood': 1}, {'offset': 2, 'projected_percent': '0.1', 'likelihood': 1}]",,False,0,3,2.2,2.2,6,Mohamed-Ali,2.2,617,False,,,5.0,490884.jpg,2.2,False,Cho,0.0,False,,a,11,88,9,1697,261,715,103,0.4,1.8,Cho,,73.0,2026-08-27,2004-01-19,False,p490884,72,1,0,0,1,0,0,0,0,0,0,0,36,49.8,43.9,55.0,14.9,1,1,0,2,0,0.79,0.36,1.15,0.98,,,,,,,[],,196,83,142,90,85,51,144,73,0.99,0.0,0.45,1.44,1.22,1.25,299,181,173,76,216,94,590,245,0.0,0.0,2.5,Hull City,HUL
True,True,0.0,0.0,626751,0,0,0,0,-52.9,0,"[{'offset': 0, 'projected_percent': '-52.9', 'likelihood': -3}, {'offset': 1, 'projected_percent': '-52.9', 'likelihood': -3}, {'offset': 2, 'projected_percent': '-52.9', 'likelihood': -3}]",,False,0,4,0.0,0.0,0,Ilyas,0.0,632,False,Back injury - Unknown return date,2026-09-09T10:00:08.919489Z,5.0,626751.jpg,0.0,False,Ansah,0.0,False,,i,11,88,0,5094,47,3391,311,0.0,0.0,Ansah,,80.0,2026-09-01,2004-11-08,False,p626751,0,0,0,0,0,0,0,0,0,0,0,0,0,0.0,0.0,0.0,0.0,0,0,0,0,0,0.00,0.00,0.00,0.00,,,,,,,[],,618,66,624,70,602,65,624,70,0.0,0.0,0.0,0.0,0.0,0.0,331,61,621,68,627,71,553,74,0.0,0.0,0.0,Hull City,HUL
True,True,,,631000,0,0,0,0,1.1,-1,"[{'offset': 0, 'projected_percent': '1.1', 'likelihood': 1}, {'offset': 1, 'projected_percent': '1.0', 'likelihood': 1}, {'offset': 2, 'projected_percent': '1.0', 'likelihood': 1}]",,False,0,4,0.7,0.7,1,Robinio,0.7,637,False,,,5.0,631000.jpg,1.0,False,Vaz,0.1,False,,a,11,88,2,11822,1317,3647,826,0.1,0.4,Vaz,,73.0,2026-09-01,2007-02-17,False,p631000,20,0,0,0,0,0,0,0,0,0,0,0,8,2.4,11.7,2.0,1.6,0,2,0,2,0,0.00,0.01,0.01,0.31,,,,,,,[],,383,41,267,34,328,42,358,40,0.0,0.0,0.04,0.04,1.4,0.0,333,63,299,35,360,39,413,62,0.0,0.0,9.0,Hull City,HUL
True,True,75.0,,496181,0,0,0,0,-12.7,-12,"[{'offset': 0, 'projected_percent': '-14.5', 'likelihood': -1}, {'offset': 1, 'projected_percent': '-18.2', 'likelihood': -1}, {'offset': 2, 'projected_percent': '-21.8', 'likelihood': -2}]",,False,0,2,0.2,0.3,0,Brooke,0.3,638,False,Hamstring injury - 75% chance of playing,2026-09-21T08:30:09.561308Z,4.0,496181.jpg,0.5,False,Norton-Cuffy,0.2,False,,d,11,88,1,26043,427,9444,1618,0.1,0.2,Norton-Cuffy,,241.0,2026-09-01,2004-01-12,False,p496181,34,0,0,0,0,0,0,0,1,0,0,0,3,2.2,0.6,9.0,1.2,1,4,0,1,0,0.05,0.00,0.05,0.30,,,,,,,[],,384,142,366,135,259,89,370,131,0.13,0.0,0.0,0.13,0.79,0.0,632,184,359,124,414,144,311,116,0.0,0.0,2.65,Hull City,HUL
True,True,,,243951,0,0,0,0,0.2,1,"[{'offset': 0, 'projected_percent': '0.2', 'likelihood': 1}, {'offset': 1, 'projected_percent': '0.2', 'likelihood': 1}, {'offset': 2, 'projected_percent': '0.3', 'likelihood': 1}]",,False,0,3,1.3,1.3,2,Sorba,1.3,642,False,,,5.5,243951.jpg,1.3,False,Thomas,0.0,False,,a,11,88,4,2927,323,1104,255,0.2,0.7,Thomas,,244.0,2026-09-01,1999-01-25,False,p243951,119,0,0,0,3,0,0,0,0,0,0,0,13,8.8,40.9,12.0,5.8,0,7,1,8,1,0.21,0.11,0.32,2.04,,,,,,,[],,333,153,154,99,241,126,275,122,0.16,0.0,0.08,0.24,1.54,2.27,139,84,247,114,285,130,554,227,0.76,0.0,6.05,Hull City,HUL
True,True,,,647839,0,0,0,0,0.0,1,"[{'offset': 0, 'projected_percent': '0.0', 'likelihood': 0}, {'offset': 1, 'projected_percent': '0.0', 'likelihood': 0}, {'offset': 2, 'projected_percent': '0.0', 'likelihood': 0}]",,False,0,3,0.0,0.0,0,Christos,0.0,645,False,,,5.0,647839.jpg,0.0,False,Mouzakitis,0.0,False,,a,11,88,0,748,56,294,68,0.0,0.0,Mouzakitis,,83.0,2026-09-01,2006-12-25,False,p647839,0,0,0,0,0,0,0,0,0,0,0,0,0,0.0,0.0,0.0,0.0,0,0,0,0,0,0.00,0.00,0.00,0.00,,,,,,,[],,619,267,625,272,604,259,625,269,0.0,0.0,0.0,0.0,0.0,0.0,334,201,622,270,628,272,623,265,0.0,0.0,0.0,Hull City,HUL
True,True,,,219924,0,0,0,0,-47.7,-51,"[{'offset': 0, 'projected_percent': '-48.0', 'likelihood': -3}, {'offset': 1, 'projected_percent': '-48.6', 'likelihood': -3}, {'offset': 2, 'projected_percent': '-49.2', 'likelihood': -3}]",,False,0,2,2.5,2.5,4,Issa,2.5,259,False,,,4.0,219924.jpg,2.4,False,Diop,12.9,False,,a,12,40,12,134171,5134,493984,41362,0.6,3.0,Diop,,145.0,2026-07-22,1997-01-09,False,p219924,450,0,0,0,11,0,0,0,0,0,0,0,45,121.6,24.2,9.0,15.5,41,21,4,45,5,0.06,0.16,0.22,8.98,,,,,,,[],,41,18,202,66,258,88,131,43,0.01,0.0,0.03,0.04,1.8,2.2,610,171,148,56,192,76,31,11,1.0,0.0,9.0,Ipswich Town,IPS
True,True,,,212314,-1,1,-1,1,-3.3,-2,"[{'offset': 0, 'projected_percent': '-4.0', 'likelihood': -1}, {'offset': 1, 'projected_percent': '-5.4', 'likelihood': -1}, {'offset': 2, 'projected_percent': '-6.9', 'likelihood': -1}]",,False,0,3,1.5,1.5,2,Saša,1.5,267,False,,,4.9,212314.jpg,2.2,False,Lukić,0.1,False,,a,12,40,11,3370,142,6341,388,0.3,2.2,Lukić,,190.0,2026-08-08,1996-08-13,False,p212314,400,0,1,0,10,0,0,0,2,0,0,0,68,71.0,81.2,6.0,15.8,17,13,7,37,5,0.02,0.41,0.43,7.37,1.0,,,,,,[],,131,44,59,48,287,147,124,65,0.0,0.0,0.09,0.09,1.66,2.25,354,215,232,105,210,91,416,154,1.12,0.0,8.32,Ipswich Town,IPS
True,True,,,108813,0,0,-1,1,-7.5,-1,"[{'offset': 0, 'projected_percent': '-7.7', 'likelihood': -1}, {'offset': 1, 'projected_percent': '-8.1', 'likelihood': -1}, {'offset': 2, 'projected_percent': '-8.5', 'likelihood': -1}]",,False,0,1,0.5,0.5,2,Christian,0.5,300,False,,,4.4,108813.jpg,2.0,False,Walton,0.4,False,,a,12,40,2,2847,1162,14527,614,0.1,0.5,Walton,,241.0,2022-01-19,1995-11-09,False,p108813,90,0,0,0,1,0,0,0,0,0,1,0,10,12.0,0.0,0.0,1.2,2,17,0,0,1,0.00,0.01,0.01,2.24,,,,,,,[],,311,24,457,31,405,26,371,24,0.0,1.0,0.01,0.01,2.24,1.0,550,45,319,22,223,19,269,36,1.0,0.0,0.0,Ipswich Town,IPS
True,True,,,112520,0,0,0,0,-22.8,-18,"[{'offset': 0, 'projected_percent': '-23.1', 'likelihood': -2}, {'offset': 1, 'projected_percent': '-23.8', 'likelihood': -2}, {'offset': 2, 'projected_percent': '-24.4', 'likelihood': -2}]",,False,0,1,0.0,0.0,0,Alex,0.0,301,False,,,4.0,112520.jpg,0.0,False,Palmer,3.9,False,,a,12,40,0,73421,2825,109730,8491,0.0,0.0,Palmer,,241.0,2025-02-03,1996-08-10,False,p112520,0,0,0,0,0,0,0,0,0,0,0,0,0,0.0,0.0,0.0,0.0,0,0,0,0,0,0.00,0.00,0.00,0.00,,,,,,,[],,420,33,408,14,352,9,424,33,0.0,0.0,0.0,0.0,0.0,0.0,597,57,420,33,434,33,87,14,0.0,0.0,0.0,Ipswich Town,IPS
True,True,,,50093,0,0,0,0,1.1,0,"[{'offset': 0, 'projected_percent': '1.1', 'likelihood': 1}, {'offset': 1, 'projected_percent': '1.1', 'likelihood': 1}, {'offset': 2, 'projected_percent': '1.1', 'likelihood': 1}]",,False,0,1,0.0,0.0,0,David,0.0,302,False,,,4.0,50093.jpg,0.0,False,Button,0.6,False,,a,12,40,0,31134,1124,14756,904,0.0,0.0,Button,,241.0,2025-07-04,1989-02-27,False,p50093,0,0,0,0,0,0,0,0,0,0,0,0,0,0.0,0.0,0.0,0.0,0,0,0,0,0,0.00,0.00,0.00,0.00,,,,,,,[],,413,28,401,9,345,4,417,28,0.0,0.0,0.0,0.0,0.0,0.0,590,52,413,28,427,28,234,34,0.0,0.0,0.0,Ipswich Town,IPS
True,True,,,183015,0,0,-1,1,3.0,-4,"[{'offset': 0, 'projected_percent': '3.0', 'likelihood': 1}, {'offset': 1, 'projected_percent': '2.9', 'likelihood': 1}, {'offset': 2, 'projected_percent': '2.9', 'likelihood': 1}]",,False,0,2,0.0,0.0,0,Cédric,0.0,303,False,,,3.9,183015.jpg,0.0,False,Kipré,0.9,False,,a,12,40,0,47968,3347,27841,3094,0.0,0.0,Kipré,,54.0,2026-07-01,1996-12-09,False,p183015,0,0,0,0,0,0,0,0,0,0,0,0,0,0.0,0.0,0.0,0.0,0,0,0,0,0,0.00,0.00,0.00,0.00,,,,,,,[],,407,148,395,144,339,129,411,147,0.0,0.0,0.0,0.0,0.0,0.0,665,215,407,142,421,148,198,76,0.0,0.0,0.0,Ipswich Town,IPS
True,True,,,216616,0,0,0,0,-35.4,-12,"[{'offset': 0, 'projected_percent': '-35.7', 'likelihood': -2}, {'offset': 1, 'projected_percent': '-36.4', 'likelihood': -2}, {'offset': 2, 'projected_percent': '-37.0', 'likelihood': -2}]",,False,0,2,1.5,1.5,2,Dara,1.5,304,False,,,4.0,216616.jpg,2.0,False,O'Shea,2.7,False,,a,12,40,10,64783,1364,124002,10659,0.4,2.5,O'Shea,,104.0,2024-08-25,1999-03-04,False,p216616,450,0,0,0,11,0,0,0,0,0,0,0,24,130.0,71.0,21.0,22.1,41,18,7,48,5,0.07,0.26,0.33,8.98,,,,,,,[],,31,11,72,12,177,53,71,15,0.01,0.0,0.05,0.06,1.8,2.2,609,170,228,80,222,84,109,42,1.0,0.0,9.6,Ipswich Town,IPS
True,True,,,455084,0,0,0,0,66.1,35,"[{'offset': 0, 'projected_percent': '66.3', 'likelihood': 3}, {'offset': 1, 'projected_percent': '66.8', 'likelihood': 3}, {'offset': 2, 'projected_percent': '67.3', 'likelihood': 3}]",,False,1,2,5.8,5.8,2,Leif,5.8,305,False,,,4.0,455084.jpg,5.0,False,Davis,6.9,False,,a,12,40,25,356305,36102,175443,17827,1.4,6.2,Davis,,241.0,2022-07-25,1999-12-31,False,p455084,450,2,2,0,11,0,0,0,0,0,0,1,52,144.8,61.9,117.0,32.5,22,10,2,24,5,1.59,0.46,2.05,8.98,,,2.0,,,,[],,25,7,91,20,24,2,24,2,0.32,0.0,0.09,0.41,1.8,2.2,624,180,25,9,56,23,54,21,1.0,0.0,4.8,Ipswich Town,IPS
True,True,,,449429,0,0,0,0,-81.5,-5,"[{'offset': 0, 'projected_percent': '-81.9', 'likelihood': -3}, {'offset': 1, 'projected_percent': '-82.5', 'likelihood': -3}, {'offset': 2, 'projected_percent': '-83.2', 'likelihood': -3}]",,False,0,2,0.2,0.2,0,Jacob,0.2,306,False,,,4.0,449429.jpg,0.8,False,Greaves,1.1,False,,a,12,40,3,8067,331,37206,2465,0.0,0.8,Greaves,,241.0,2024-07-12,2000-09-12,False,p449429,357,0,0,0,10,1,0,0,1,0,0,0,12,68.6,16.9,4.0,9.0,25,12,5,30,4,0.00,0.06,0.06,6.74,,,,,,,[],,136,62,230,78,301,106,223,81,0.0,0.0,0.02,0.02,1.7,2.52,622,178,366,129,401,137,171,66,1.01,0.0,7.56,Ipswich Town,IPS
True,False,0.0,0.0,222018,0,0,0,0,0.0,0,"[{'offset': 0, 'projected_percent': '0.0', 'likelihood': 0}, {'offset': 1, 'projected_percent': '0.0', 'likelihood': 0}, {'offset': 2, 'projected_percent': '0.0', 'likelihood': 0}]",,False,0,2,0.0,0.0,0,Ben,0.0,307,False,Has joined Stoke City on loan for the rest of the season,2026-09-04T12:36:56.236331Z,4.0,222018.jpg,0.0,False,Johnson,0.1,False,,u,12,40,0,1137,0,6227,280,0.0,0.0,Johnson,,241.0,2024-07-01,2000-01-24,False,p222018,0,0,0,0,0,0,0,0,0,0,0,0,0,0.0,0.0,0.0,0.0,0,0,0,0,0,0.00,0.00,0.00,0.00,,,,,,,[],,428,155,419,154,363,139,433,155,0.0,0.0,0.0,0.0,0.0,0.0,612,173,430,151,442,155,480,171,0.0,0.0,0.0,Ipswich Town,IPS
True,True,,,176420,0,0,-1,1,1.7,8,"[{'offset': 0, 'projected_percent': '1.7', 'likelihood': 1}, {'offset': 1, 'projected_percent': '1.9', 'likelihood': 1}, {'offset': 2, 'projected_percent': '2.0', 'likelihood': 1}]",,False,0,2,0.2,0.2,0,Darnell,0.2,308,False,,,3.9,176420.jpg,1.0,False,Furlong,0.6,False,,a,12,40,1,17375,4738,18656,1879,0.1,0.3,Furlong,,241.0,2025-08-28,1995-10-31,False,p176420,17,0,0,0,1,0,0,0,0,0,0,0,-1,5.0,0.5,0.0,0.6,2,0,1,3,0,0.00,0.00,0.00,0.86,,,,,,,[],,359,134,370,138,338,128,386,138,0.0,0.0,0.0,0.0,4.55,5.29,664,214,363,126,297,104,232,89,0.0,0.0,15.88,Ipswich Town,IPS
True,True,,,501390,0,0,-1,1,-27.0,0,"[{'offset': 0, 'projected_percent': '-27.0', 'likelihood': -2}, {'offset': 1, 'projected_percent': '-27.0', 'likelihood': -2}, {'offset': 2, 'projected_percent': '-27.0', 'likelihood': -2}]",,False,0,3,0.5,0.5,0,Marcelino,0.5,309,False,,,4.9,501390.jpg,3.0,False,Núñez,0.1,False,,a,12,40,6,3076,59,7468,461,0.1,1.2,Núñez,,44.0,2025-08-29,2000-03-01,False,p501390,140,0,0,0,4,0,0,0,0,0,0,0,32,24.6,19.4,6.0,5.0,8,10,3,21,2,0.03,0.05,0.08,3.48,3.0,,1.0,,,,[],,269,113,220,120,288,148,291,130,0.02,0.0,0.03,0.05,2.24,2.57,386,229,333,154,139,55,407,149,1.29,0.0,13.5,Ipswich Town,IPS
True,True,100.0,100.0,241117,0,0,-1,1,0.0,0,"[{'offset': 0, 'projected_percent': '0.0', 'likelihood': 0}, {'offset': 1, 'projected_percent': '0.0', 'likelihood': 0}, {'offset': 2, 'projected_percent': '0.0', 'likelihood': 0}]",,False,0,3,0.0,0.0,0,Azor,0.0,310,False,,2026-07-29T18:00:10.305484Z,4.9,241117.jpg,0.0,False,Matusiwa,0.0,False,,a,12,40,0,122,11,274,13,0.0,0.0,Matusiwa,,152.0,2025-07-13,1998-04-28,False,p241117,0,0,0,0,0,0,0,0,0,0,0,0,0,0.0,0.0,0.0,0.0,0,0,0,0,0,0.00,0.00,0.00,0.00,,,,,,,[],,566,235,563,240,528,215,571,236,0.0,0.0,0.0,0.0,0.0,0.0,363,218,569,238,577,242,647,282,0.0,0.0,0.0,Ipswich Town,IPS
True,False,0.0,0.0,149929,0,0,0,0,0.0,0,"[{'offset': 0, 'projected_percent': '0.0', 'likelihood': 0}, {'offset': 1, 'projected_percent': '0.0', 'likelihood': 0}, {'offset': 2, 'projected_percent': '0.0', 'likelihood': 0}]",,False,0,3,0.0,0.0,0,Wes,0.0,311,False,Has joined Leicester City permanently,2026-08-10T14:02:47.597478Z,5.0,149929.jpg,0.0,False,Burns,0.0,False,,u,12,40,0,0,0,345,6,0.0,0.0,Burns,,244.0,2021-06-09,1994-11-23,False,p149929,0,0,0,0,0,0,0,0,0,0,0,0,0,0.0,0.0,0.0,0.0,0,0,0,0,0,0.00,0.00,0.00,0.00,,,,,,,[],,585,248,585,253,559,236,591,250,0.0,0.0,0.0,0.0,0.0,0.0,247,153,588,251,594,253,652,286,0.0,0.0,0.0,Ipswich Town,IPS
True,True,0.0,0.0,231899,-1,1,-1,1,0.1,0,"[{'offset': 0, 'projected_percent': '0.1', 'likelihood': 1}, {'offset': 1, 'projected_percent': '0.1', 'likelihood': 1}, {'offset': 2, 'projected_percent': '0.1', 'likelihood': 1}]",,False,0,3,0.0,0.0,0,Jack,0.0,312,False,Knee injury - Unknown return date,2026-07-29T18:00:10.319370Z,4.4,231899.jpg,0.0,False,Taylor,0.0,False,,i,12,40,0,843,267,2562,181,0.0,0.0,Taylor,,104.0,2023-06-26,1998-06-23,False,p231899,0,0,0,0,0,0,0,0,0,0,0,0,0,0.0,0.0,0.0,0.0,0,0,0,0,0,0.00,0.00,0.00,0.00,,,,,,,[],https://www.itfc.co.uk/news/2026/may/12/midfield-duo-undergo-surgery/,469,193,461,199,410,171,474,194,0.0,0.0,0.0,0.0,0.0,0.0,562,293,472,197,483,201,535,216,0.0,0.0,0.0,Ipswich Town,IPS
True,True,,,443261,0,0,-1,1,-75.0,-2,"[{'offset': 0, 'projected_percent': '-75.8', 'likelihood': -3}, {'offset': 1, 'projected_percent': '-77.4', 'likelihood': -3}, {'offset': 2, 'projected_percent': '-79.1', 'likelihood': -3}]",,False,0,3,1.0,1.0,2,Jack,1.0,313,False,,,5.4,443261.jpg,2.8,False,Clarke,0.2,False,,a,12,40,11,5444,93,15512,718,0.2,2.0,Clarke,Jack Clarke,241.0,2024-08-24,2000-11-23,False,p443261,170,1,0,0,2,0,0,0,1,0,0,1,48,52.0,55.4,45.0,15.2,3,5,2,10,2,0.30,0.37,0.67,1.97,4.0,,3.0,,1.0,,[],,187,76,104,70,106,60,139,72,0.16,0.0,0.2,0.36,1.04,1.06,193,121,272,124,171,72,343,122,1.06,0.0,5.29,Ipswich Town,IPS
True,False,0.0,0.0,229164,0,0,-1,1,0.0,0,"[{'offset': 0, 'projected_percent': '0.0', 'likelihood': 0}, {'offset': 1, 'projected_percent': '0.0', 'likelihood': 0}, {'offset': 2, 'projected_percent': '0.0', 'likelihood': 0}]",,False,0,3,0.0,0.0,0,Chiedozie,0.0,314,False,Has joined Lincoln City on loan until January,2026-09-02T16:04:17.497385Z,4.9,229164.jpg,0.0,False,Ogbene,0.0,False,,u,12,40,0,104,0,1194,52,0.0,0.0,Ogbene,,104.0,2024-08-28,1997-05-01,False,p229164,0,0,0,0,0,0,0,0,0,0,0,0,0,0.0,0.0,0.0,0.0,0,0,0,0,0,0.00,0.00,0.00,0.00,,,,,,,[],,565,234,562,239,527,214,570,235,0.0,0.0,0.0,0.0,0.0,0.0,361,216,568,237,576,241,628,267,0.0,0.0,0.0,Ipswich Town,IPS
True,True,0.0,,531442,0,0,-1,1,-23.4,-9,"[{'offset': 0, 'projected_percent': '-24.8', 'likelihood': -2}, {'offset': 1, 'projected_percent': '-27.5', 'likelihood': -2}, {'offset': 2, 'projected_percent': '-30.1', 'likelihood': -2}]",,False,0,3,0.0,1.5,-1,Abdul,1.5,315,False,Suspended until 17 Oct,2026-09-19T15:30:10.126897Z,5.4,531442.jpg,1.6,False,Fatawu,0.2,False,,s,12,40,8,5348,46,12735,1891,0.3,1.5,Fatawu,Abdul Fatawu,81.0,2026-07-21,2004-03-08,False,p531442,352,0,1,0,10,0,0,0,2,1,0,0,71,64.8,133.7,41.0,24.0,8,11,9,28,5,0.17,1.11,1.28,7.79,2.0,,,,,,[],,148,53,23,22,120,67,56,37,0.04,0.0,0.28,0.32,1.99,2.56,207,131,240,110,268,120,359,130,1.28,0.0,7.16,Ipswich Town,IPS
True,True,100.0,100.0,543968,0,0,0,0,77.1,-9,"[{'offset': 0, 'projected_percent': '77.1', 'likelihood': 3}, {'offset': 1, 'projected_percent': '77.0', 'likelihood': 3}, {'offset': 2, 'projected_percent': '76.8', 'likelihood': 3}]",,False,1,4,4.2,4.2,2,Emersonn,4.2,316,False,,2026-08-31T09:30:08.306145Z,5.5,543968.jpg,5.2,False,Correia da Silva,3.5,False,,a,12,40,26,309169,25471,136636,17362,0.8,4.7,Emersonn,Emersonn,30.0,2026-07-08,2004-07-16,False,p543968,317,2,1,0,6,0,0,0,0,0,0,6,110,98.8,50.4,104.0,25.3,3,4,3,10,5,1.61,0.12,1.73,4.29,,,,,2.0,,[],,80,6,117,10,32,13,52,9,0.46,0.0,0.03,0.49,1.22,1.7,158,39,64,7,54,5,96,13,1.42,0.0,2.84,Ipswich Town,IPS
True,False,0.0,0.0,222625,0,0,0,0,0.0,0,"[{'offset': 0, 'projected_percent': '0.0', 'likelihood': 0}, {'offset': 1, 'projected_percent': '0.0', 'likelihood': 0}, {'offset': 2, 'projected_percent': '0.0', 'likelihood': 0}]",,False,0,4,0.0,0.0,0,George,0.0,317,False,Has joined Stoke City permanently,2026-08-21T13:06:08.606019Z,5.0,222625.jpg,0.0,False,Hirst,0.1,False,,u,12,40,0,0,0,16961,331,0.0,0.0,Hirst,,243.0,2023-07-13,1999-02-15,False,p222625,0,0,0,0,0,0,0,0,0,0,0,0,0,0.0,0.0,0.0,0.0,0,0,0,0,0,0.00,0.00,0.00,0.00,,,,,,,[],,592,59,594,63,569,58,598,63,0.0,0.0,0.0,0.0,0.0,0.0,268,52,595,61,601,64,445,64,0.0,0.0,0.0,Ipswich Town,IPS
True,True,100.0,100.0,481624,0,0,-1,1,-6.3,-2,"[{'offset': 0, 'projected_percent': '-8.3', 'likelihood': -1}, {'offset': 1, 'projected_percent': '-12.4', 'likelihood': -1}, {'offset': 2, 'projected_percent': '-16.4', 'likelihood': -1}]",,False,0,3,0.5,0.5,1,Jaden,0.5,318,False,,2026-08-25T11:30:07.532993Z,5.4,481624.jpg,1.0,False,Philogene,0.1,False,,a,12,40,2,288,20,9238,114,0.1,0.4,Philogene,,241.0,2025-01-15,2002-02-08,False,p481624,52,0,0,0,1,0,0,0,0,0,0,0,11,4.8,4.6,13.0,2.2,0,4,0,4,0,0.08,0.01,0.08,0.97,5.0,,,,3.0,,[],,362,168,309,159,235,122,344,162,0.14,0.0,0.02,0.16,1.68,1.73,198,124,343,160,379,177,452,176,0.0,0.0,6.92,Ipswich Town,IPS
True,False,0.0,0.0,172453,0,0,0,0,0.0,-1,"[{'offset': 0, 'projected_percent': '0.0', 'likelihood': 0}, {'offset': 1, 'projected_percent': '0.0', 'likelihood': 0}, {'offset': 2, 'projected_percent': '0.0', 'likelihood': 0}]",,False,0,3,0.0,0.0,0,Sam,0.0,319,False,Has joined Derby County on loan for the rest of the season,2026-08-17T13:51:41.713979Z,5.0,172453.jpg,0.0,False,Szmodics,0.0,False,,u,12,40,0,0,0,753,6,0.0,0.0,Szmodics,,104.0,2024-08-16,1995-09-24,False,p172453,0,0,0,0,0,0,0,0,0,0,0,0,0,0.0,0.0,0.0,0.0,0,0,0,0,0,0.00,0.00,0.00,0.00,,,,,,,[],,587,250,587,255,562,239,593,252,0.0,0.0,0.0,0.0,0.0,0.0,251,157,590,253,596,255,649,284,0.0,0.0,0.0,Ipswich Town,IPS
True,True,,,147675,0,0,0,0,22.8,-22,"[{'offset': 0, 'projected_percent': '22.7', 'likelihood': 2}, {'offset': 1, 'projected_percent': '22.4', 'likelihood': 2}, {'offset': 2, 'projected_percent': '22.0', 'likelihood': 2}]",,False,0,4,1.5,1.5,1,Chuba,1.5,320,False,,,5.0,147675.jpg,2.3,False,Akpom,1.2,False,,a,12,40,7,129806,3850,71897,7464,0.3,1.4,Akpom,,241.0,2026-07-01,1995-10-09,False,p147675,78,1,0,0,4,0,0,0,0,0,0,0,36,34.6,2.5,24.0,6.1,0,2,1,3,0,1.14,0.00,1.14,4.20,,,,,,,[],,238,20,326,42,170,29,267,28,1.32,0.0,0.0,1.32,4.85,4.62,246,51,233,26,203,21,165,26,0.0,0.0,3.46,Ipswich Town,IPS
True,True,,,557012,0,0,0,0,37.0,-29,"[{'offset': 0, 'projected_percent': '36.8', 'likelihood': 2}, {'offset': 1, 'projected_percent': '36.4', 'likelihood': 2}, {'offset': 2, 'projected_percent': '36.0', 'likelihood': 2}]",,False,0,4,0.0,0.0,0,Sindre,0.0,321,False,,,4.5,557012.jpg,1.0,False,Walle Egeli,3.5,False,,a,12,40,1,325689,13068,204461,19974,0.0,0.2,Walle Egeli,,161.0,2025-08-29,2006-06-21,False,p557012,10,0,0,0,0,0,0,0,0,0,0,0,3,0.0,0.1,0.0,0.0,0,0,0,0,0,0.00,0.00,0.00,0.03,,,,,,,[],,520,50,390,49,474,49,525,54,0.0,0.0,0.0,0.0,0.27,0.0,508,71,524,52,321,36,93,12,0.0,0.0,0.0,Ipswich Town,IPS
True,False,0.0,0.0,462387,0,0,0,0,0.0,-2,"[{'offset': 0, 'projected_percent': '0.0', 'likelihood': 0}, {'offset': 1, 'projected_percent': '0.0', 'likelihood': 0}, {'offset': 2, 'projected_percent': '0.0', 'likelihood': 0}]",,False,0,4,0.0,0.0,0,Ali,0.0,322,False,Has joined Sheffield Wednesday on loan for the rest of the season,2026-08-27T14:54:10.215357Z,5.0,462387.jpg,0.0,False,Al-Hamadi,0.1,False,,u,12,40,0,755,0,9824,279,0.0,0.0,Al-Hamadi,Ali Al Hamadi,103.0,2024-01-29,2002-03-01,False,p462387,0,0,0,0,0,0,0,0,0,0,0,0,0,0.0,0.0,0.0,0.0,0,0,0,0,0,0.00,0.00,0.00,0.00,,,,,,,[],,596,61,601,65,577,60,602,65,0.0,0.0,0.0,0.0,0.0,0.0,284,55,599,63,605,66,494,69,0.0,0.0,0.0,Ipswich Town,IPS
True,True,,,461587,-1,1,-1,1,-0.1,-2,"[{'offset': 0, 'projected_percent': '-0.2', 'likelihood': -1}, {'offset': 1, 'projected_percent': '-0.3', 'likelihood': -1}, {'offset': 2, 'projected_percent': '-0.5', 'likelihood': -1}]",,False,0,3,0.5,0.5,0,Kasey,0.5,323,False,,,4.4,461587.jpg,1.0,False,McAteer,1.0,False,,a,12,40,3,27219,475,60769,4922,0.1,0.7,McAteer,,104.0,2025-08-22,2001-11-22,False,p461587,42,0,0,0,0,0,0,0,0,0,0,0,12,4.6,1.8,7.0,1.4,0,4,1,5,0,0.05,0.00,0.05,0.21,,,,,,,[],,363,169,337,169,275,141,366,175,0.11,0.0,0.0,0.11,0.45,0.0,566,294,323,149,313,138,174,55,0.0,0.0,10.71,Ipswich Town,IPS
True,True,,,232457,-1,1,-2,2,-0.9,-1,"[{'offset': 0, 'projected_percent': '-2.4', 'likelihood': -1}, {'offset': 1, 'projected_percent': '-5.5', 'likelihood': -1}, {'offset': 2, 'projected_percent': '-8.6', 'likelihood': -1}]",,False,0,3,0.0,0.0,0,Anis,0.0,324,False,,,4.8,232457.jpg,0.0,False,Mehmeti,0.0,False,,a,12,40,0,375,49,2432,101,0.0,0.0,Mehmeti,,2.0,2026-01-23,2001-01-09,False,p232457,0,0,0,0,0,0,0,0,0,0,0,0,0,0.0,0.0,0.0,0.0,0,0,0,0,0,0.00,0.00,0.00,0.00,,,,,,,[],,553,225,549,231,511,204,558,226,0.0,0.0,0.0,0.0,0.0,0.0,412,251,557,229,565,233,530,213,0.0,0.0,0.0,Ipswich Town,IPS
True,False,0.0,0.0,546600,0,0,0,0,0.0,0,"[{'offset': 0, 'projected_percent': '0.0', 'likelihood': 0}, {'offset': 1, 'projected_percent': '0.0', 'likelihood': 0}, {'offset': 2, 'projected_percent': '0.0', 'likelihood': 0}]",,False,0,1,0.0,0.0,0,Kayne,0.0,554,False,Has joined Valencia on loan for the rest of the season,2026-08-25T14:04:09.529320Z,4.5,546600.jpg,0.0,False,van Oevelen,0.0,False,,u,12,40,0,54,0,1933,59,0.0,0.0,Van Oevelen,,152.0,2026-07-21,2003-08-07,False,p546600,0,0,0,0,0,0,0,0,0,0,0,0,0,0.0,0.0,0.0,0.0,0,0,0,0,0,0.00,0.00,0.00,0.00,,,,,,,[],,514,66,511,53,468,51,519,66,0.0,0.0,0.0,0.0,0.0,0.0,501,44,518,66,528,66,578,70,0.0,0.0,0.0,Ipswich Town,IPS
True,True,,,442967,-1,1,-2,2,-6.8,-2,"[{'offset': 0, 'projected_percent': '-7.2', 'likelihood': -1}, {'offset': 1, 'projected_percent': '-7.9', 'likelihood': -1}, {'offset': 2, 'projected_percent': '-8.7', 'likelihood': -1}]",,False,0,3,1.5,1.5,1,Daizen,1.5,562,False,,,5.3,442967.jpg,1.6,False,Maeda,0.2,False,,a,12,40,8,2823,95,19931,1161,0.3,1.5,Maeda,,108.0,2026-07-25,1997-10-20,False,p442967,259,0,0,0,8,0,0,0,0,0,0,0,32,31.0,5.5,47.0,8.1,8,4,8,20,3,0.71,0.02,0.73,6.05,,,,,,,[],,251,103,300,151,102,57,236,107,0.25,0.0,0.01,0.26,2.1,2.78,223,141,237,108,267,119,318,113,1.04,0.0,6.95,Ipswich Town,IPS
True,True,,,240514,0,0,0,0,-27.9,0,"[{'offset': 0, 'projected_percent': '-27.9', 'likelihood': -2}, {'offset': 1, 'projected_percent': '-27.9', 'likelihood': -2}, {'offset': 2, 'projected_percent': '-27.9', 'likelihood': -2}]",,False,0,1,1.2,1.2,0,Kjell,1.2,564,False,,,4.5,240514.jpg,1.8,False,Scherpen,0.6,False,,a,12,40,7,14979,412,22439,1862,0.3,1.6,Scherpen,,152.0,2026-07-28,2000-01-23,False,p240514,360,0,0,0,10,0,0,0,0,0,15,0,40,103.6,0.0,0.0,10.3,8,39,0,0,4,0.00,0.01,0.01,6.74,,,,,,,[],,75,14,489,47,440,42,205,14,0.0,3.75,0.0,0.0,1.68,2.5,463,35,252,20,249,21,239,35,1.0,0.0,0.0,Ipswich Town,IPS
True,True,100.0,100.0,216055,-1,1,-2,2,-0.9,0,"[{'offset': 0, 'projected_percent': '-0.9', 'likelihood': -1}, {'offset': 1, 'projected_percent': '-0.9', 'likelihood': -1}, {'offset': 2, 'projected_percent': '-0.9', 'likelihood': -1}]",,False,0,3,0.5,0.5,1,Florentino Ibrain,0.5,571,False,,2026-08-25T11:30:07.678802Z,4.8,216055.jpg,1.0,False,Morris Luís,0.1,False,,a,12,40,2,1013,68,6974,243,0.1,0.4,Florentino,Florentino,173.0,2026-08-04,1999-08-19,False,p216055,30,0,0,0,0,0,0,0,0,0,0,0,9,9.0,22.3,2.0,3.2,1,0,1,2,0,0.00,0.01,0.01,0.75,,,,,,,[],,331,151,213,118,323,160,317,145,0.0,0.0,0.03,0.03,2.25,0.0,411,250,327,151,327,141,442,170,0.0,0.0,6.0,Ipswich Town,IPS
True,True,100.0,100.0,474120,0,0,0,0,8.2,-12,"[{'offset': 0, 'projected_percent': '8.1', 'likelihood': 1}, {'offset': 1, 'projected_percent': '7.9', 'likelihood': 1}, {'offset': 2, 'projected_percent': '7.8', 'likelihood': 1}]",,False,0,3,2.5,2.5,2,Julio,2.5,591,False,,2026-08-22T18:00:07.551930Z,5.5,474120.jpg,3.0,False,Enciso,0.8,False,,a,12,40,15,93065,1502,51129,4840,0.5,2.7,Enciso,,168.0,2026-08-17,2004-01-23,False,p474120,413,0,2,0,11,0,0,0,1,0,0,0,83,60.2,75.6,100.0,23.6,5,24,2,31,5,1.26,0.89,2.15,8.47,,,,,,,[],,164,63,66,54,35,20,59,39,0.27,0.0,0.19,0.46,1.85,2.4,150,92,156,65,152,63,201,63,1.09,0.0,6.76,Ipswich Town,IPS
True,True,,,572584,0,0,0,0,-27.9,-4,"[{'offset': 0, 'projected_percent': '-28.3', 'likelihood': -2}, {'offset': 1, 'projected_percent': '-28.9', 'likelihood': -2}, {'offset': 2, 'projected_percent': '-29.6', 'likelihood': -2}]",,False,0,2,1.2,1.2,2,Abdoul,1.2,592,False,,,4.0,572584.jpg,1.2,False,Ouattara,0.9,False,,a,12,40,6,13304,519,25637,1501,0.3,1.5,Ouattara,,54.0,2026-08-17,2005-10-22,False,p572584,131,0,0,0,2,0,0,0,0,0,0,0,29,31.6,36.2,9.0,7.6,7,14,4,11,1,0.02,0.03,0.05,3.13,,,,,,,[],,249,104,167,47,260,90,240,90,0.01,0.0,0.02,0.03,2.15,1.37,647,198,250,89,289,100,197,75,0.69,0.0,7.56,Ipswich Town,IPS
True,False,0.0,0.0,524180,0,0,0,0,0.0,0,"[{'offset': 0, 'projected_percent': '0.0', 'likelihood': 0}, {'offset': 1, 'projected_percent': '0.0', 'likelihood': 0}, {'offset': 2, 'projected_percent': '0.0', 'likelihood': 0}]",,False,0,3,0.0,0.0,0,Cameron,0.0,602,False,Has joined Huddersfield Town on loan for the rest of the season,2026-09-02T16:04:17.524642Z,4.5,524180.jpg,0.0,False,Humphreys,0.0,False,,u,12,40,0,2861,0,3170,176,0.0,0.0,Humphreys,,241.0,2021-08-09,2003-10-30,False,p524180,0,0,0,0,0,0,0,0,0,0,0,0,0,0.0,0.0,0.0,0.0,0,0,0,0,0,0.00,0.00,0.00,0.00,,,,,,,[],,512,204,509,210,466,182,517,205,0.0,0.0,0.0,0.0,0.0,0.0,499,265,516,208,526,212,565,235,0.0,0.0,0.0,Ipswich Town,IPS
True,True,,,218543,0,0,0,0,1.0,-1,"[{'offset': 0, 'projected_percent': '1.0', 'likelihood': 1}, {'offset': 1, 'projected_percent': '1.0', 'likelihood': 1}, {'offset': 2, 'projected_percent': '1.0', 'likelihood': 1}]",,False,0,3,2.8,2.8,2,Exequiel,2.8,619,False,,,5.0,218543.jpg,2.8,False,Palacios,0.1,False,,a,12,40,11,8882,394,3217,607,0.6,2.2,Palacios,,10.0,2026-08-27,1998-10-05,False,p218543,275,0,0,0,7,0,0,0,0,0,0,0,64,55.4,46.6,4.0,10.6,12,23,9,44,3,0.00,0.09,0.09,5.30,,,,,,,[],,175,70,133,85,307,157,201,97,0.0,0.0,0.03,0.03,1.73,2.29,263,164,130,57,164,68,473,184,0.98,0.0,14.4,Ipswich Town,IPS
True,True,,,431639,0,0,0,0,0.4,-2,"[{'offset': 0, 'projected_percent': '0.4', 'likelihood': 1}, {'offset': 1, 'projected_percent': '0.4', 'likelihood': 1}, {'offset': 2, 'projected_percent': '0.3', 'likelihood': 1}]",,False,0,4,2.0,2.0,0,Zian,2.0,640,False,,,5.5,431639.jpg,2.0,False,Flemming,0.1,False,,a,12,40,6,8995,633,2985,763,0.4,1.1,Flemming,,152.0,2026-09-01,1998-08-01,False,p431639,60,1,0,0,1,0,0,0,1,0,0,0,34,38.2,12.1,55.0,10.5,1,3,1,5,0,0.64,0.01,0.65,0.63,,,,,,,[],,224,19,264,32,86,21,203,22,0.96,0.0,0.02,0.98,0.94,1.5,141,37,195,18,238,24,465,67,0.0,0.0,7.5,Ipswich Town,IPS
True,True,0.0,0.0,153682,0,0,-3,3,-45.0,-104,"[{'offset': 0, 'projected_percent': '-46.5', 'likelihood': -3}, {'offset': 1, 'projected_percent': '-49.6', 'likelihood': -3}, {'offset': 2, 'projected_percent': '-52.6', 'likelihood': -3}]",,False,0,3,0.0,0.0,0,Harry,0.5,260,False,Thigh injury - Unknown return date,2026-09-18T13:30:09.626858Z,6.2,153682.jpg,1.2,False,Wilson,1.8,False,,i,13,2,5,29018,47,448594,31892,0.1,0.8,Wilson,,244.0,2026-07-08,1997-03-22,False,p153682,145,0,0,1,1,0,0,0,1,0,0,0,19,19.2,52.4,12.0,8.5,3,4,4,11,1,0.01,0.09,0.10,3.28,2.0,,2.0,,,,[],,287,123,111,73,242,127,229,106,0.01,0.0,0.06,0.07,2.04,0.62,54,38,345,162,295,135,135,41,0.62,0.62,6.83,Leeds,LEE
True,False,0.0,0.0,201595,0,0,0,0,0.0,-3,"[{'offset': 0, 'projected_percent': '0.0', 'likelihood': 0}, {'offset': 1, 'projected_percent': '0.0', 'likelihood': 0}, {'offset': 2, 'projected_percent': '0.0', 'likelihood': 0}]",,False,0,1,0.0,0.0,0,Lucas Estella,0.0,326,False,Has joined Torino on loan for the rest of the season,2026-09-01T13:12:39.210133Z,4.5,201595.jpg,0.0,False,Perri,0.3,False,,u,13,2,0,532,0,26085,885,0.0,0.0,Perri,Lucas Perri,30.0,2025-07-26,1997-12-10,False,p201595,0,0,0,0,0,0,0,0,0,0,0,0,0,0.0,0.0,0.0,0.0,0,0,0,0,0,0.00,0.00,0.00,0.00,,,,,,,[],,487,59,482,44,432,39,492,59,0.0,0.0,0.0,0.0,0.0,0.0,450,32,491,59,501,59,283,38,0.0,0.0,0.0,Leeds,LEE
True,True,,,434752,0,0,0,0,5.1,-11,"[{'offset': 0, 'projected_percent': '5.0', 'likelihood': 1}, {'offset': 1, 'projected_percent': '4.9', 'likelihood': 1}, {'offset': 2, 'projected_percent': '4.7', 'likelihood': 1}]",,False,0,2,0.5,0.5,0,Jaka,0.5,327,False,,,5.0,434752.jpg,4.0,False,Bijol,0.7,False,,a,13,2,12,68885,583,57769,4154,0.1,2.4,Bijol,,195.0,2025-06-23,1999-02-05,False,p434752,164,0,0,1,2,0,0,0,0,0,0,2,29,38.2,0.6,15.0,5.4,18,7,3,21,2,0.11,0.00,0.11,3.16,,,,,,,[],,223,90,369,137,220,71,285,107,0.06,0.0,0.0,0.06,1.73,1.1,279,44,334,120,92,39,215,84,1.1,0.55,11.52,Leeds,LEE
True,True,0.0,0.0,214225,-1,1,-2,2,-4.3,-19,"[{'offset': 0, 'projected_percent': '-4.6', 'likelihood': -1}, {'offset': 1, 'projected_percent': '-5.4', 'likelihood': -1}, {'offset': 2, 'projected_percent': '-6.1', 'likelihood': -1}]",,False,0,2,0.0,0.0,0,Joe,0.2,329,False,Hamstring injury - Expected back 21 Nov,2026-08-30T16:00:08.564382Z,4.3,214225.jpg,3.5,False,Rodon,0.8,False,,i,13,2,7,26926,32,294962,6957,0.0,1.6,Rodon,,244.0,2024-07-02,1997-10-22,False,p214225,123,0,0,1,0,0,0,0,0,0,0,0,25,23.0,14.7,7.0,4.5,10,2,1,11,2,0.03,0.06,0.09,1.01,,,,,,,[],https://www.leedsunited.com/en/news/daniel-farke-provides-fitness-update-ahead-of-brighton-clash-a,274,112,241,84,274,96,299,112,0.02,0.0,0.04,0.06,0.74,0.0,581,156,368,131,116,46,202,78,1.46,0.73,8.05,Leeds,LEE
True,True,,,226182,0,0,1,-1,44.2,269,"[{'offset': 0, 'projected_percent': '46.1', 'likelihood': 3}, {'offset': 1, 'projected_percent': '49.8', 'likelihood': 3}, {'offset': 2, 'projected_percent': '53.5', 'likelihood': 3}]",,False,2,2,9.0,9.0,5,Jayden,9.0,330,True,,,4.6,226182.jpg,8.4,False,Bogle,6.7,False,,a,13,2,42,616270,89697,75474,16266,2.0,9.1,Bogle,,241.0,2024-07-20,2000-07-27,False,p226182,365,2,0,4,1,0,0,0,2,0,0,6,122,108.8,34.6,119.0,26.2,11,11,5,16,5,1.38,0.08,1.46,2.89,,,,,,,[],,59,25,171,51,23,1,46,5,0.34,0.0,0.02,0.36,0.71,0.25,425,82,3,2,4,2,58,23,1.23,0.99,3.95,Leeds,LEE
True,True,100.0,100.0,243526,0,0,0,0,0.8,2,"[{'offset': 0, 'projected_percent': '0.9', 'likelihood': 1}, {'offset': 1, 'projected_percent': '0.9', 'likelihood': 1}, {'offset': 2, 'projected_percent': '0.9', 'likelihood': 1}]",,False,0,2,3.5,3.5,6,Gabriel,3.5,331,False,,2026-08-08T20:00:07.546568Z,4.5,243526.jpg,4.7,False,Gudmundsson,0.1,False,,a,13,2,14,3938,340,2637,207,0.8,3.1,Gudmundsson,,206.0,2025-07-08,1999-04-29,False,p243526,252,0,0,2,1,0,0,0,0,0,0,0,62,38.6,29.5,8.0,7.7,5,12,9,14,3,0.00,0.21,0.21,3.83,,,,,,,[],,222,89,188,59,268,94,238,88,0.0,0.0,0.08,0.08,1.37,0.36,466,106,89,36,69,31,467,166,1.07,0.71,5.0,Leeds,LEE
True,True,,,220627,0,0,0,0,16.8,-2,"[{'offset': 0, 'projected_percent': '16.8', 'likelihood': 1}, {'offset': 1, 'projected_percent': '16.7', 'likelihood': 1}, {'offset': 2, 'projected_percent': '16.7', 'likelihood': 1}]",,False,0,2,4.0,4.0,8,James,4.0,332,False,,,4.5,220627.jpg,5.2,False,Justin,1.5,False,,a,13,2,26,120058,2786,69092,4179,0.9,5.8,Justin,,241.0,2025-08-25,1998-02-23,False,p220627,450,0,0,2,3,0,0,0,0,0,0,4,91,103.6,56.1,41.0,20.0,28,14,16,44,5,0.22,0.42,0.64,6.46,,,,,,,[],,74,34,102,25,118,29,88,27,0.04,0.0,0.08,0.12,1.29,0.6,456,100,69,30,52,21,152,61,1.0,0.4,8.8,Leeds,LEE
True,False,0.0,0.0,437738,0,0,0,0,0.0,0,"[{'offset': 0, 'projected_percent': '0.0', 'likelihood': 0}, {'offset': 1, 'projected_percent': '0.0', 'likelihood': 0}, {'offset': 2, 'projected_percent': '0.0', 'likelihood': 0}]",,False,0,2,0.0,0.0,0,Sebastiaan,0.0,333,False,Has joined Hamburg SV on loan for the rest of the season,2026-08-19T13:56:14.645970Z,4.5,437738.jpg,0.0,False,Bornauw,0.0,False,,u,13,2,0,0,0,298,4,0.0,0.0,Bornauw,,21.0,2025-07-01,1999-03-22,False,p437738,0,0,0,0,0,0,0,0,0,0,0,0,0,0.0,0.0,0.0,0.0,0,0,0,0,0,0.00,0.00,0.00,0.00,,,,,,,[],,498,193,494,192,447,184,503,193,0.0,0.0,0.0,0.0,0.0,0.0,474,113,502,191,512,193,653,216,0.0,0.0,0.0,Leeds,LEE
True,True,,,522047,0,0,0,0,35.7,15,"[{'offset': 0, 'projected_percent': '35.8', 'likelihood': 2}, {'offset': 1, 'projected_percent': '36.0', 'likelihood': 2}, {'offset': 2, 'projected_percent': '36.2', 'likelihood': 2}]",,False,0,2,5.2,5.2,6,Tarik,5.2,334,False,,,5.0,522047.jpg,5.4,False,Muharemović,4.3,False,,a,13,2,27,288982,17697,163707,14823,1.0,5.4,Muharemović,,27.0,2026-07-17,2003-02-28,False,p522047,450,0,1,2,3,0,0,0,0,0,0,0,101,147.4,13.6,41.0,20.2,53,16,5,58,5,0.49,0.05,0.54,6.46,,,,,,,[],,19,4,255,92,119,30,86,25,0.1,0.0,0.01,0.11,1.29,0.6,313,53,39,15,47,18,79,31,1.0,0.4,11.6,Leeds,LEE
True,True,,,466525,0,0,0,0,16.0,-35,"[{'offset': 0, 'projected_percent': '15.8', 'likelihood': 1}, {'offset': 1, 'projected_percent': '15.3', 'likelihood': 1}, {'offset': 2, 'projected_percent': '14.8', 'likelihood': 1}]",,False,1,3,3.5,3.5,5,Anton,3.5,335,False,,,6.0,466525.jpg,5.4,False,Stach,2.5,False,,a,13,2,27,200804,3461,159850,15117,0.6,4.5,Stach,,80.0,2025-07-22,1998-11-15,False,p466525,447,1,0,3,2,0,0,0,0,0,0,3,86,116.4,93.3,55.0,26.5,27,21,13,61,5,0.97,0.31,1.28,6.17,1.0,,1.0,,,,[],,47,17,45,38,87,52,45,34,0.2,0.0,0.06,0.26,1.24,0.4,72,49,95,39,50,23,115,35,1.01,0.6,12.28,Leeds,LEE
True,True,,,435997,0,0,-2,2,1.5,-5,"[{'offset': 0, 'projected_percent': '1.4', 'likelihood': 1}, {'offset': 1, 'projected_percent': '1.4', 'likelihood': 1}, {'offset': 2, 'projected_percent': '1.3', 'likelihood': 1}]",,False,0,3,4.2,4.2,3,Noah,4.2,336,False,,,5.8,435997.jpg,3.6,False,Okafor,0.4,False,,a,13,2,18,26358,1251,34282,2496,0.7,3.1,Okafor,,207.0,2025-08-21,2000-05-24,False,p435997,299,1,0,3,1,0,0,0,0,0,0,1,82,67.0,41.4,40.0,14.8,3,8,7,18,4,0.17,0.27,0.44,2.37,,,,,,,[],,140,47,152,97,124,69,148,75,0.05,0.0,0.08,0.13,0.71,0.3,102,65,65,24,113,45,268,89,1.2,0.9,5.42,Leeds,LEE
True,True,,,427637,-1,1,-2,2,-3.4,-8,"[{'offset': 0, 'projected_percent': '-4.1', 'likelihood': -1}, {'offset': 1, 'projected_percent': '-5.5', 'likelihood': -1}, {'offset': 2, 'projected_percent': '-6.9', 'likelihood': -1}]",,False,0,3,1.0,1.0,1,Brenden,1.0,337,False,,,5.3,427637.jpg,1.4,False,Aaronson,0.5,False,,a,13,2,7,6712,149,47310,2581,0.2,1.3,Aaronson,,229.0,2022-07-01,2000-10-22,False,p427637,194,0,0,1,3,0,0,0,0,0,0,0,36,11.8,3.7,9.0,2.5,1,11,3,15,2,0.01,0.02,0.03,3.78,,,4.0,,,,[],,313,139,318,161,263,135,337,158,0.0,0.0,0.01,0.01,1.75,1.39,221,139,269,122,277,124,252,82,0.93,0.46,6.96,Leeds,LEE
True,True,,,199598,0,0,-1,1,-23.9,-7,"[{'offset': 0, 'projected_percent': '-24.4', 'likelihood': -2}, {'offset': 1, 'projected_percent': '-25.5', 'likelihood': -2}, {'offset': 2, 'projected_percent': '-26.6', 'likelihood': -2}]",,False,0,3,4.0,4.0,5,Ethan,4.0,338,False,,,5.4,199598.jpg,4.2,False,Ampadu,0.9,False,,a,13,2,21,17475,1042,59303,3624,0.7,3.9,Ampadu,,244.0,2023-07-19,2000-09-14,False,p199598,450,0,1,2,3,0,0,0,0,0,0,0,87,88.6,67.1,5.0,16.1,24,24,12,60,5,0.08,0.26,0.34,6.46,,,,,,,[],,100,28,85,62,295,153,122,64,0.02,0.0,0.05,0.07,1.29,0.6,176,112,74,28,82,34,189,60,1.0,0.4,12.0,Leeds,LEE
True,True,,,180135,0,0,-1,1,-82.3,-3,"[{'offset': 0, 'projected_percent': '-84.4', 'likelihood': -3}, {'offset': 1, 'projected_percent': '-88.7', 'likelihood': -3}, {'offset': 2, 'projected_percent': '-93.0', 'likelihood': -3}]",,False,0,3,0.2,0.2,0,Sean,0.2,339,False,,,4.9,180135.jpg,1.0,False,Longstaff,0.1,False,,a,13,2,2,2465,92,7949,465,0.0,0.4,Longstaff,,241.0,2025-07-18,1997-10-30,False,p180135,10,0,0,0,1,0,0,0,0,0,0,0,7,0.0,0.2,0.0,0.0,0,0,0,0,0,0.00,0.00,0.00,0.35,3.0,,3.0,,,,[],,562,231,387,194,523,211,567,232,0.0,0.0,0.0,0.0,3.15,9.0,348,209,378,175,332,143,436,165,0.0,0.0,0.0,Leeds,LEE
True,False,0.0,0.0,492859,0,0,0,0,0.0,0,"[{'offset': 0, 'projected_percent': '0.0', 'likelihood': 0}, {'offset': 1, 'projected_percent': '0.0', 'likelihood': 0}, {'offset': 2, 'projected_percent': '0.0', 'likelihood': 0}]",,False,0,3,0.0,0.0,0,Wilfried,0.0,341,False,Has joined ACF Fiorentina on loan for the rest of the season,2026-09-02T16:04:47.189648Z,5.0,492859.jpg,0.0,False,Gnonto,0.0,False,,u,13,2,0,244,0,1797,39,0.0,0.0,Gnonto,,106.0,2022-09-01,2003-11-05,False,p492859,0,0,0,0,0,0,0,0,0,0,0,0,0,0.0,0.0,0.0,0.0,0,0,0,0,0,0.00,0.00,0.00,0.00,,,,,,,[],,605,259,611,264,587,249,611,261,0.0,0.0,0.0,0.0,0.0,0.0,302,182,608,262,614,264,624,266,0.0,0.0,0.0,Leeds,LEE
True,False,0.0,0.0,221399,0,0,0,0,0.0,0,"[{'offset': 0, 'projected_percent': '0.0', 'likelihood': 0}, {'offset': 1, 'projected_percent': '0.0', 'likelihood': 0}, {'offset': 2, 'projected_percent': '0.0', 'likelihood': 0}]",,False,0,3,0.0,0.0,0,Jack,0.0,342,False,Has joined New England Revolution permanently,2026-07-28T12:59:09.492431Z,5.0,221399.jpg,0.0,False,Harrison,0.0,False,,u,13,2,0,0,0,78,4,0.0,0.0,Harrison,,241.0,2021-07-02,1996-11-20,False,p221399,0,0,0,0,0,0,0,0,0,0,0,0,0,0.0,0.0,0.0,0.0,0,0,0,0,0,0.00,0.00,0.00,0.00,,,,,,,[],,590,252,592,257,567,241,596,254,0.0,0.0,0.0,0.0,0.0,0.0,265,165,593,255,599,257,665,297,0.0,0.0,0.0,Leeds,LEE
True,True,,,200617,0,0,-1,1,-22.1,0,"[{'offset': 0, 'projected_percent': '-22.1', 'likelihood': -2}, {'offset': 1, 'projected_percent': '-22.1', 'likelihood': -2}, {'offset': 2, 'projected_percent': '-22.1', 'likelihood': -2}]",,False,0,3,0.8,0.8,1,Daniel,0.8,343,False,,,4.9,200617.jpg,1.0,False,James,0.1,False,,a,13,2,3,4110,141,7881,431,0.2,0.6,James,,244.0,2021-08-31,1997-11-10,False,p200617,52,0,0,0,1,0,0,0,0,0,0,0,9,1.2,1.3,19.0,1.9,1,4,0,5,0,0.35,0.01,0.36,1.61,,,,,,,[],,394,184,351,174,191,104,350,166,0.61,0.0,0.02,0.63,2.79,1.73,350,211,281,129,333,144,426,160,0.0,0.0,8.65,Leeds,LEE
True,True,100.0,100.0,486520,0,0,0,0,0.0,1,"[{'offset': 0, 'projected_percent': '0.0', 'likelihood': 0}, {'offset': 1, 'projected_percent': '0.0', 'likelihood': 0}, {'offset': 2, 'projected_percent': '0.1', 'likelihood': 1}]",,False,0,3,0.0,0.0,0,Ilia,0.0,344,False,,2026-08-14T23:00:06.272027Z,5.0,486520.jpg,0.0,False,Gruev,0.0,False,,a,13,2,0,114,35,305,10,0.0,0.0,Gruev,,34.0,2023-08-31,2000-05-06,False,p486520,0,0,0,0,0,0,0,0,0,0,0,0,0,0.0,0.0,0.0,0.0,0,0,0,0,0,0.00,0.00,0.00,0.00,,,,,,,[],,599,255,605,260,581,245,605,257,0.0,0.0,0.0,0.0,0.0,0.0,293,176,602,258,608,260,646,281,0.0,0.0,0.0,Leeds,LEE
True,True,,,248056,0,0,-1,1,4.4,1,"[{'offset': 0, 'projected_percent': '4.4', 'likelihood': 1}, {'offset': 1, 'projected_percent': '4.5', 'likelihood': 1}, {'offset': 2, 'projected_percent': '4.5', 'likelihood': 1}]",,False,0,3,3.5,3.5,2,Tanaka,3.5,345,False,,,4.9,248056.jpg,3.5,False,Ao,0.3,False,,a,13,2,14,22038,1520,16870,1635,0.7,2.9,Tanaka,,108.0,2024-08-30,1998-09-10,False,p248056,255,0,2,2,1,0,0,0,1,0,0,0,48,50.0,18.3,20.0,8.6,11,10,8,29,3,0.73,0.05,0.78,3.24,4.0,,,,,,[],,195,82,222,121,189,102,227,104,0.26,0.0,0.02,0.28,1.14,0.35,365,219,91,36,118,47,287,97,1.06,0.71,10.24,Leeds,LEE
True,True,,,177815,0,0,0,0,65.0,-108,"[{'offset': 0, 'projected_percent': '64.2', 'likelihood': 3}, {'offset': 1, 'projected_percent': '62.7', 'likelihood': 3}, {'offset': 2, 'projected_percent': '61.3', 'likelihood': 3}]",,False,0,4,5.2,5.2,2,Dominic,5.2,346,False,,,6.0,177815.jpg,4.4,False,Calvert-Lewin,25.1,False,,a,13,2,22,986483,69854,1279335,126393,0.9,3.7,Calvert-Lewin,,241.0,2025-08-15,1997-03-16,False,p177815,419,2,1,3,2,0,0,0,3,0,0,4,73,104.0,29.6,153.0,28.2,9,13,0,22,5,3.00,0.08,3.08,4.85,,,,,1.0,,[],,73,5,187,21,10,5,38,7,0.64,0.0,0.02,0.66,1.04,0.43,65,14,42,6,79,7,13,3,1.07,0.64,4.73,Leeds,LEE
True,True,,,174594,0,0,-1,1,-21.8,-8,"[{'offset': 0, 'projected_percent': '-23.0', 'likelihood': -2}, {'offset': 1, 'projected_percent': '-25.3', 'likelihood': -2}, {'offset': 2, 'projected_percent': '-27.7', 'likelihood': -2}]",,False,0,4,1.8,1.8,1,Lukas,1.8,347,False,,,5.4,174594.jpg,1.8,False,Nmecha,0.5,False,,a,13,2,7,21533,1339,36212,2791,0.3,1.3,Nmecha,,80.0,2025-07-01,1998-12-14,False,p174594,64,0,1,0,1,0,0,0,0,0,0,0,28,20.4,22.4,15.0,5.7,0,3,1,4,0,0.27,0.15,0.42,2.90,,,,,2.0,,[],,284,26,210,24,222,32,278,31,0.38,0.0,0.21,0.59,4.08,1.41,171,41,209,21,256,31,256,43,0.0,0.0,5.62,Leeds,LEE
True,False,0.0,0.0,235826,0,0,0,0,0.0,-2,"[{'offset': 0, 'projected_percent': '0.0', 'likelihood': 0}, {'offset': 1, 'projected_percent': '0.0', 'likelihood': 0}, {'offset': 2, 'projected_percent': '0.0', 'likelihood': 0}]",,False,0,4,0.0,0.0,0,Joël,0.0,348,False,Has joined West Ham United on loan for the rest of the season,2026-08-19T13:56:14.666726Z,5.0,235826.jpg,0.0,False,Piroe,0.1,False,,u,13,2,0,0,0,11109,314,0.0,0.0,Piroe,,203.0,2023-08-24,1999-08-02,False,p235826,0,0,0,0,0,0,0,0,0,0,0,0,0,0.0,0.0,0.0,0.0,0,0,0,0,0,0.00,0.00,0.00,0.00,,,,,3.0,,[],,595,60,597,64,572,59,601,64,0.0,0.0,0.0,0.0,0.0,0.0,274,54,598,62,604,65,485,68,0.0,0.0,0.0,Leeds,LEE
True,True,0.0,0.0,565297,0,0,0,0,-36.9,0,"[{'offset': 0, 'projected_percent': '-36.9', 'likelihood': -2}, {'offset': 1, 'projected_percent': '-36.9', 'likelihood': -2}, {'offset': 2, 'projected_percent': '-36.9', 'likelihood': -2}]",,False,0,4,0.0,0.0,0,Mateo,0.0,349,False,Knee injury - Unknown return date,2026-07-29T18:00:10.338170Z,4.5,565297.jpg,0.0,False,Joseph Fernández-Regatillo,0.1,False,,i,13,2,0,3010,224,4328,354,0.0,0.0,Mateo Joseph,,200.0,2022-11-04,2003-10-19,False,p565297,0,0,0,0,0,0,0,0,0,0,0,0,0,0.0,0.0,0.0,0.0,0,0,0,0,0,0.00,0.00,0.00,0.00,,,,,,,[],,521,51,517,55,475,50,526,55,0.0,0.0,0.0,0.0,0.0,0.0,509,72,525,53,534,56,495,70,0.0,0.0,0.0,Leeds,LEE
True,True,,,432720,0,0,0,0,30.0,42,"[{'offset': 0, 'projected_percent': '30.3', 'likelihood': 2}, {'offset': 1, 'projected_percent': '30.8', 'likelihood': 2}, {'offset': 2, 'projected_percent': '31.4', 'likelihood': 2}]",,False,0,1,4.8,4.8,10,James,4.8,385,False,,,5.0,432720.jpg,5.6,False,Trafford,5.5,False,,a,13,2,28,255427,13456,154304,9959,1.0,5.6,Trafford,,241.0,2026-08-06,2002-10-10,False,p432720,450,0,0,2,3,0,0,0,0,0,20,5,117,148.6,0.0,0.0,14.9,6,55,0,0,5,0.00,0.00,0.00,6.46,,,,,,,[],,18,3,598,67,573,66,143,4,0.0,4.0,0.0,0.0,1.29,0.6,277,11,48,4,39,3,71,10,1.0,0.4,0.0,Leeds,LEE
True,True,,,173774,0,0,0,0,0.6,-1,"[{'offset': 0, 'projected_percent': '0.6', 'likelihood': 1}, {'offset': 1, 'projected_percent': '0.6', 'likelihood': 1}, {'offset': 2, 'projected_percent': '0.6', 'likelihood': 1}]",,False,0,2,3.2,3.2,6,Nico,3.2,598,False,,,4.5,173774.jpg,3.2,False,Elvedi,0.1,False,,a,13,2,13,5272,157,2710,151,0.7,2.9,Elvedi,,207.0,2026-08-19,1996-09-30,False,p173774,326,0,0,1,3,0,0,0,0,0,0,0,56,83.0,25.4,39.0,14.8,27,8,2,29,3,0.12,0.58,0.70,5.45,,,,,,,[],,110,49,196,63,126,34,145,50,0.03,0.0,0.16,0.19,1.5,0.83,446,93,100,41,125,53,491,175,0.83,0.28,8.01,Leeds,LEE
True,True,,,643970,0,0,0,0,0.2,0,"[{'offset': 0, 'projected_percent': '0.2', 'likelihood': 1}, {'offset': 1, 'projected_percent': '0.2', 'likelihood': 1}, {'offset': 2, 'projected_percent': '0.2', 'likelihood': 1}]",,False,0,2,0.0,0.0,0,Jayden,0.0,603,False,,,4.0,643970.jpg,0.0,False,Lienou,0.1,False,,a,13,2,0,6854,181,3833,366,0.0,0.0,Lienou,,244.0,2026-05-10,2008-04-08,False,p643970,0,0,0,0,0,0,0,0,0,0,0,0,0,0.0,0.0,0.0,0.0,0,0,0,0,0,0.00,0.00,0.00,0.00,,,,,,,[],,463,179,454,178,399,164,468,179,0.0,0.0,0.0,0.0,0.0,0.0,659,209,465,175,477,179,411,152,0.0,0.0,0.0,Leeds,LEE
True,True,,,592740,0,0,0,0,-5.0,-3,"[{'offset': 0, 'projected_percent': '-6.4', 'likelihood': -1}, {'offset': 1, 'projected_percent': '-9.1', 'likelihood': -1}, {'offset': 2, 'projected_percent': '-11.8', 'likelihood': -1}]",,False,0,3,0.0,0.0,0,Alfie,0.0,604,False,,,4.5,592740.jpg,0.0,False,Cresswell,0.1,False,,a,13,2,0,13983,227,7688,660,0.0,0.0,Cresswell,,241.0,2026-05-16,2007-07-15,False,p592740,0,0,0,0,0,0,0,0,0,0,0,0,0,0.0,0.0,0.0,0.0,0,0,0,0,0,0.00,0.00,0.00,0.00,,,,,,,[],,528,210,524,216,482,188,533,211,0.0,0.0,0.0,0.0,0.0,0.0,519,272,532,214,541,218,376,137,0.0,0.0,0.0,Leeds,LEE
True,True,,,97846,0,0,0,0,0.4,-1,"[{'offset': 0, 'projected_percent': '0.4', 'likelihood': 1}, {'offset': 1, 'projected_percent': '0.3', 'likelihood': 1}, {'offset': 2, 'projected_percent': '0.3', 'likelihood': 1}]",,False,0,1,0.0,0.0,0,Alex,0.0,625,False,,,4.0,97846.jpg,0.0,False,Cairns,0.2,False,,a,13,2,0,19597,638,5691,533,0.0,0.0,Cairns,,241.0,2024-07-08,1993-01-04,False,p97846,0,0,0,0,0,0,0,0,0,0,0,0,0,0.0,0.0,0.0,0.0,0,0,0,0,0,0.00,0.00,0.00,0.00,,,,,,,[],,418,32,406,13,350,8,422,32,0.0,0.0,0.0,0.0,0.0,0.0,595,56,418,32,432,32,328,39,0.0,0.0,0.0,Leeds,LEE
True,True,,,155465,0,0,0,0,2.2,5,"[{'offset': 0, 'projected_percent': '2.2', 'likelihood': 1}, {'offset': 1, 'projected_percent': '2.3', 'likelihood': 1}, {'offset': 2, 'projected_percent': '2.4', 'likelihood': 1}]",,False,0,1,0.0,0.0,0,Michael,0.0,629,False,,,4.0,155465.jpg,0.0,False,Zetterer,0.7,False,,a,13,2,0,57683,2243,13294,1919,0.0,0.0,Zetterer,,80.0,2026-08-29,1995-07-12,False,p155465,0,0,0,0,0,0,0,0,0,0,0,0,0,0.0,0.0,0.0,0.0,0,0,0,0,0,0.00,0.00,0.00,0.00,,,,,,,[],,421,34,409,15,353,10,425,34,0.0,0.0,0.0,0.0,0.0,0.0,598,58,421,34,435,34,220,32,0.0,0.0,0.0,Leeds,LEE
True,True,,,437497,0,0,0,0,0.0,2,"[{'offset': 0, 'projected_percent': '0.1', 'likelihood': 1}, {'offset': 1, 'projected_percent': '0.1', 'likelihood': 1}, {'offset': 2, 'projected_percent': '0.1', 'likelihood': 1}]",,False,0,2,0.3,0.3,0,Melvin,0.3,641,False,,,4.5,437497.jpg,1.0,False,Bard,0.0,False,,a,13,2,1,934,72,336,60,0.1,0.2,Bard,,73.0,2026-09-01,2000-11-06,False,p437497,18,0,0,0,1,0,0,0,0,0,0,0,1,4.4,10.3,0.0,1.5,1,2,1,2,0,0.00,0.00,0.00,0.30,,,,,,,[],,365,136,279,100,446,183,361,126,0.0,0.0,0.0,0.0,1.5,5.0,473,112,360,125,319,122,616,208,0.0,0.0,10.0,Leeds,LEE
True,True,,,587982,0,0,0,0,-45.2,0,"[{'offset': 0, 'projected_percent': '-45.2', 'likelihood': -3}, {'offset': 1, 'projected_percent': '-45.2', 'likelihood': -3}, {'offset': 2, 'projected_percent': '-45.2', 'likelihood': -3}]",,False,0,3,0.3,0.3,1,Jean-Mattéo,0.3,648,False,,,5.0,587982.jpg,1.0,False,Bahoya,0.0,False,,a,13,2,1,2206,74,1101,133,0.1,0.2,Bahoya,,73.0,2026-09-01,2005-05-07,False,p587982,1,0,0,0,0,0,0,0,0,0,0,0,5,1.0,0.3,0.0,0.1,0,0,0,0,0,0.00,0.00,0.00,0.00,,,,,,,[],,397,186,382,191,600,257,405,190,0.0,0.0,0.0,0.0,0.0,0.0,324,196,361,170,357,161,595,248,0.0,0.0,0.0,Leeds,LEE
True,True,,,116535,0,0,0,0,1.0,7,"[{'offset': 0, 'projected_percent': '1.1', 'likelihood': 1}, {'offset': 1, 'projected_percent': '1.2', 'likelihood': 1}, {'offset': 2, 'projected_percent': '1.3', 'likelihood': 1}]",,False,0,1,5.4,5.4,8,Alisson,5.4,350,False,,,5.5,116535.jpg,5.4,False,Becker,3.9,False,,a,14,14,27,141031,7713,141398,7874,1.0,4.9,A.Becker,Alisson Becker,30.0,2018-07-19,1992-10-02,False,p116535,450,0,0,3,4,0,0,0,1,0,14,5,96,99.2,0.0,0.0,9.9,10,47,0,0,5,0.00,0.00,0.00,6.12,,,,,,,[],,79,15,641,72,628,71,211,16,0.0,2.8,0.0,0.0,1.22,0.8,126,3,35,3,48,4,85,13,1.0,0.6,0.0,Liverpool,LIV
True,True,,,449027,0,0,-1,1,-86.3,0,"[{'offset': 0, 'projected_percent': '-86.3', 'likelihood': -3}, {'offset': 1, 'projected_percent': '-86.3', 'likelihood': -3}, {'offset': 2, 'projected_percent': '-86.3', 'likelihood': -3}]",,False,0,1,0.0,0.0,0,Giorgi,0.0,351,False,,,4.9,449027.jpg,0.0,False,Mamardashvili,0.1,False,,a,14,14,0,2787,175,8450,432,0.0,0.0,Mamardashvili,,79.0,2024-08-27,2000-09-29,False,p449027,0,0,0,0,0,0,0,0,0,0,0,0,0,0.0,0.0,0.0,0.0,0,0,0,0,0,0.00,0.00,0.00,0.00,,,,,,,[],,570,70,568,59,533,57,576,70,0.0,0.0,0.0,0.0,0.0,0.0,371,19,573,70,581,70,380,42,0.0,0.0,0.0,Liverpool,LIV
True,True,,,155503,0,0,0,0,-27.6,-3,"[{'offset': 0, 'projected_percent': '-27.8', 'likelihood': -2}, {'offset': 1, 'projected_percent': '-28.1', 'likelihood': -2}, {'offset': 2, 'projected_percent': '-28.5', 'likelihood': -2}]",,False,0,1,0.0,0.0,0,Freddie,0.0,352,False,,,4.0,155503.jpg,0.0,False,Woodman,1.0,False,,a,14,14,0,18056,562,26544,1686,0.0,0.0,Woodman,,241.0,2025-07-01,1997-03-04,False,p155503,0,0,0,0,0,0,0,0,0,0,0,0,0,0.0,0.0,0.0,0.0,0,0,0,0,0,0.00,0.00,0.00,0.00,,,,,,,[],,422,35,410,16,354,11,426,35,0.0,0.0,0.0,0.0,0.0,0.0,599,59,422,35,436,35,177,27,0.0,0.0,0.0,Liverpool,LIV
True,False,0.0,0.0,586268,0,0,0,0,0.0,0,"[{'offset': 0, 'projected_percent': '0.0', 'likelihood': 0}, {'offset': 1, 'projected_percent': '0.0', 'likelihood': 0}, {'offset': 2, 'projected_percent': '0.0', 'likelihood': 0}]",,False,0,1,0.0,0.0,0,Armin,0.0,353,False,Has joined TSV Hartberg on loan for the rest of the season,2026-08-18T14:11:18.638344Z,4.0,586268.jpg,0.0,False,Pecsi,0.0,False,,u,14,14,0,0,0,1074,47,0.0,0.0,Pecsi,,,,,False,p586268,0,0,0,0,0,0,0,0,0,0,0,0,0,0.0,0.0,0.0,0.0,0,0,0,0,0,0.00,0.00,0.00,0.00,,,,,,,[],,458,49,449,30,394,25,463,49,0.0,0.0,0.0,0.0,0.0,0.0,653,73,460,49,472,49,577,69,0.0,0.0,0.0,Liverpool,LIV
True,True,0.0,0.0,432987,0,0,0,0,0.0,0,"[{'offset': 0, 'projected_percent': '0.0', 'likelihood': 0}, {'offset': 1, 'projected_percent': '0.0', 'likelihood': 0}, {'offset': 2, 'projected_percent': '0.0', 'likelihood': 0}]",,False,0,1,0.0,0.0,0,Vitezslav,0.0,354,False,Knee injury - Unknown return date,2026-07-29T18:00:10.351066Z,4.0,432987.jpg,0.0,False,Jaros,0.0,False,,i,14,14,0,1695,148,1182,96,0.0,0.0,Jaros,,57.0,2019-07-10,2001-07-23,False,p432987,0,0,0,0,0,0,0,0,0,0,0,0,0,0.0,0.0,0.0,0.0,0,0,0,0,0,0.00,0.00,0.00,0.00,,,,,,,[],https://www.liverpoolfc.com/news/ajax-issue-vitezslav-jaros-injury-update,431,41,422,22,366,17,436,41,0.0,0.0,0.0,0.0,0.0,0.0,616,65,433,41,445,41,571,68,0.0,0.0,0.0,Liverpool,LIV
True,True,,,464353,0,0,0,0,0.1,4,"[{'offset': 0, 'projected_percent': '0.1', 'likelihood': 1}, {'offset': 1, 'projected_percent': '0.2', 'likelihood': 1}, {'offset': 2, 'projected_percent': '0.2', 'likelihood': 1}]",,False,0,1,0.0,0.0,0,Harvey,0.0,355,False,,,4.0,464353.jpg,0.0,False,Davies,0.2,False,,a,14,14,0,4652,200,4093,313,0.0,0.0,Davies,,241.0,2021-03-09,2003-09-03,False,p464353,0,0,0,0,0,0,0,0,0,0,0,0,0,0.0,0.0,0.0,0.0,0,0,0,0,0,0.00,0.00,0.00,0.00,,,,,,,[],,436,44,427,25,371,20,441,44,0.0,0.0,0.0,0.0,0.0,0.0,626,68,438,44,450,44,363,40,0.0,0.0,0.0,Liverpool,LIV
True,True,,,97032,0,0,0,0,-54.7,-25,"[{'offset': 0, 'projected_percent': '-54.9', 'likelihood': -3}, {'offset': 1, 'projected_percent': '-55.1', 'likelihood': -3}, {'offset': 2, 'projected_percent': '-55.3', 'likelihood': -3}]",,False,0,2,5.0,5.0,8,Virgil,5.0,356,False,,,6.5,97032.jpg,5.0,False,van Dijk,16.2,False,,a,14,14,25,271412,14396,603905,31272,0.8,3.8,Virgil,,152.0,2018-01-01,1991-07-08,False,p97032,450,0,0,3,4,0,0,0,1,0,0,0,96,125.0,22.3,26.0,17.4,43,18,5,48,5,0.25,0.08,0.33,6.12,,,,,,,[],,36,15,214,71,164,49,114,37,0.05,0.0,0.02,0.07,1.22,0.8,34,2,44,18,58,24,25,8,1.0,0.6,9.6,Liverpool,LIV
True,True,,,216094,0,0,-2,2,-27.9,-31,"[{'offset': 0, 'projected_percent': '-29.2', 'likelihood': -2}, {'offset': 1, 'projected_percent': '-31.7', 'likelihood': -2}, {'offset': 2, 'projected_percent': '-34.2', 'likelihood': -2}]",,False,0,2,0.4,0.4,0,Jeremie,0.4,357,False,,,5.3,216094.jpg,0.7,False,Frimpong,1.8,False,,a,14,14,2,58481,1138,242762,9377,0.1,0.4,Frimpong,,152.0,2025-06-01,2000-12-10,False,p216094,178,0,0,0,4,0,0,0,1,0,0,0,24,39.4,76.5,16.0,13.2,8,7,4,12,2,0.01,0.23,0.24,3.91,,,,,,,[],,219,87,65,10,211,65,168,59,0.01,0.0,0.12,0.13,1.98,2.02,216,30,353,123,412,143,134,54,1.01,0.0,6.07,Liverpool,LIV
True,True,,,544877,0,0,-1,1,-91.8,-25,"[{'offset': 0, 'projected_percent': '-92.6', 'likelihood': -3}, {'offset': 1, 'projected_percent': '-94.1', 'likelihood': -3}, {'offset': 2, 'projected_percent': '-95.7', 'likelihood': -4}]",,False,0,2,2.6,2.6,6,Milos,2.6,358,False,,,5.4,544877.jpg,2.6,False,Kerkez,2.3,False,,a,14,14,13,46794,1777,184888,7516,0.5,2.4,Kerkez,,98.0,2025-06-26,2003-11-07,False,p544877,385,0,0,2,4,0,0,0,2,0,0,0,63,75.4,47.3,14.0,13.7,22,10,8,30,4,0.07,0.08,0.15,5.65,,,,,,,[],,122,55,129,34,227,74,160,56,0.02,0.0,0.02,0.04,1.32,0.94,209,27,144,54,183,71,121,48,0.94,0.47,7.01,Liverpool,LIV
True,True,100.0,100.0,171287,0,0,-1,1,0.0,0,"[{'offset': 0, 'projected_percent': '0.0', 'likelihood': 0}, {'offset': 1, 'projected_percent': '0.0', 'likelihood': 0}, {'offset': 2, 'projected_percent': '0.0', 'likelihood': 0}]",2026-09-22T14:30:07.295674Z,False,0,2,0.0,0.0,0,Joe,0.0,359,False,,2026-07-26T08:30:10.078473Z,4.9,171287.jpg,0.0,False,Gomez,0.0,False,,a,14,14,0,646,226,1140,76,0.0,0.0,Gomez,,241.0,2015-06-20,1997-05-23,False,p171287,0,0,0,0,0,0,0,0,0,0,0,0,0,0.0,0.0,0.0,0.0,0,0,0,0,0,0.00,0.00,0.00,0.00,,,,,,,[],,561,205,558,204,522,201,566,205,0.0,0.0,0.0,0.0,0.0,0.0,347,59,565,203,573,204,573,194,0.0,0.0,0.0,Liverpool,LIV
True,True,0.0,0.0,492777,0,0,0,0,-78.9,0,"[{'offset': 0, 'projected_percent': '-78.9', 'likelihood': -3}, {'offset': 1, 'projected_percent': '-78.9', 'likelihood': -3}, {'offset': 2, 'projected_percent': '-78.9', 'likelihood': -3}]",,False,0,2,0.0,0.0,0,Conor,0.0,360,False,Knee injury - Unknown return date,2026-07-23T12:01:23.565711Z,5.0,492777.jpg,0.0,False,Bradley,0.0,False,,i,14,14,0,351,34,759,47,0.0,0.0,Bradley,,242.0,2023-09-25,2003-07-09,False,p492777,0,0,0,0,0,0,0,0,0,0,0,0,0,0.0,0.0,0.0,0.0,0,0,0,0,0,0.00,0.00,0.00,0.00,,,,,,,[],https://www.liverpoolfc.com/news/fitness-latest-joe-gomez-return-update-conor-bradley,604,212,610,212,586,209,610,212,0.0,0.0,0.0,0.0,0.0,0.0,301,51,607,210,613,211,611,206,0.0,0.0,0.0,Liverpool,LIV
True,True,,,519440,0,0,0,0,-45.2,0,"[{'offset': 0, 'projected_percent': '-45.2', 'likelihood': -3}, {'offset': 1, 'projected_percent': '-45.2', 'likelihood': -3}, {'offset': 2, 'projected_percent': '-45.2', 'likelihood': -3}]",,False,0,2,0.0,0.0,0,Wellity,0.0,361,False,,,4.0,519440.jpg,0.0,False,Lucky,0.1,False,,a,14,14,0,3788,211,5600,375,0.0,0.0,Lucky,,,,,False,p519440,0,0,0,0,0,0,0,0,0,0,0,0,0,0.0,0.0,0.0,0.0,0,0,0,0,0,0.00,0.00,0.00,0.00,,,,,,,[],,445,162,436,161,380,146,450,162,0.0,0.0,0.0,0.0,0.0,0.0,636,187,447,158,459,162,390,147,0.0,0.0,0.0,Liverpool,LIV
True,True,100.0,100.0,606702,0,0,0,0,49.0,111,"[{'offset': 0, 'projected_percent': '49.8', 'likelihood': 3}, {'offset': 1, 'projected_percent': '51.3', 'likelihood': 3}, {'offset': 2, 'projected_percent': '52.9', 'likelihood': 3}]",,False,0,2,4.8,4.8,6,Jeremy,4.8,362,False,,2026-07-23T12:01:23.581126Z,5.0,606702.jpg,4.8,False,Jacquet,3.4,False,,a,14,14,24,220098,22216,119003,8970,1.0,4.8,Jacquet,,73.0,2026-07-01,2005-07-13,False,p606702,415,0,0,3,4,0,0,0,1,0,0,3,112,106.2,44.5,4.0,15.5,25,21,11,36,5,0.00,0.14,0.14,5.51,,,,,,,[],,65,29,139,37,310,114,134,45,0.0,0.0,0.03,0.03,1.19,0.87,325,55,50,21,66,30,97,37,1.08,0.65,7.81,Liverpool,LIV
True,True,0.0,0.0,647681,0,0,0,0,-54.0,-4,"[{'offset': 0, 'projected_percent': '-57.0', 'likelihood': -3}, {'offset': 1, 'projected_percent': '-63.1', 'likelihood': -3}, {'offset': 2, 'projected_percent': '-69.1', 'likelihood': -3}]",,False,0,2,0.0,0.0,0,Giovanni,0.0,363,False,Knee injury - Unknown return date,2026-07-23T12:01:23.596909Z,4.0,647681.jpg,0.0,False,Leoni,0.0,False,,i,14,14,0,853,52,2062,131,0.0,0.0,Leoni,,106.0,2025-08-15,2006-12-21,False,p647681,0,0,0,0,0,0,0,0,0,0,0,0,0,0.0,0.0,0.0,0.0,0,0,0,0,0,0.00,0.00,0.00,0.00,,,,,,,[],https://www.liverpoolfc.com/news/liverpools-injury-list-suspensions-and-availability?utm_source=premier-league-web&utm_medium=referral&utm_campaign=pl-referral-always-on&utm_term=injuries&utm_content=club-injury-article,464,180,455,179,400,165,469,180,0.0,0.0,0.0,0.0,0.0,0.0,660,210,466,176,478,180,532,186,0.0,0.0,0.0,Liverpool,LIV
True,True,,,214285,0,0,-1,1,-46.6,0,"[{'offset': 0, 'projected_percent': '-46.6', 'likelihood': -3}, {'offset': 1, 'projected_percent': '-46.6', 'likelihood': -3}, {'offset': 2, 'projected_percent': '-46.6', 'likelihood': -3}]",,False,0,2,0.4,0.4,0,Kostas,0.4,364,False,,,4.9,214285.jpg,1.0,False,Tsimikas,0.1,False,,a,14,14,2,1544,57,4310,284,0.1,0.4,Tsimikas,,83.0,2020-08-10,1996-05-12,False,p214285,64,0,0,0,0,0,0,0,0,0,0,0,6,6.4,2.9,9.0,1.8,2,3,1,3,1,0.04,0.02,0.06,0.47,,,,,,,[],,352,130,322,115,261,91,352,123,0.06,0.0,0.03,0.09,0.66,0.0,355,60,350,122,334,130,457,162,1.41,0.0,4.22,Liverpool,LIV
True,False,0.0,0.0,489580,0,0,0,0,0.0,0,"[{'offset': 0, 'projected_percent': '0.0', 'likelihood': 0}, {'offset': 1, 'projected_percent': '0.0', 'likelihood': 0}, {'offset': 2, 'projected_percent': '0.0', 'likelihood': 0}]",,False,0,2,0.0,0.0,0,Calvin,0.0,365,False,Has joined St Mirren on loan for the rest of the season,2026-08-26T14:05:26.748768Z,4.0,489580.jpg,0.0,False,Ramsay,0.1,False,,u,14,14,0,638,0,12545,316,0.0,0.0,Ramsay,,243.0,2022-06-19,2003-07-31,False,p489580,0,0,0,0,0,0,0,0,0,0,0,0,0,0.0,0.0,0.0,0.0,0,0,0,0,0,0.00,0.00,0.00,0.00,,,,,,,[],,440,159,431,158,375,143,445,159,0.0,0.0,0.0,0.0,0.0,0.0,630,183,442,155,454,159,430,156,0.0,0.0,0.0,Liverpool,LIV
True,True,,,494595,0,0,-2,2,-29.5,-100,"[{'offset': 0, 'projected_percent': '-30.7', 'likelihood': -2}, {'offset': 1, 'projected_percent': '-33.2', 'likelihood': -2}, {'offset': 2, 'projected_percent': '-35.7', 'likelihood': -2}]",,False,0,3,3.6,3.6,6,Florian,3.6,366,False,,,7.3,494595.jpg,3.6,False,Wirtz,5.8,False,,a,14,14,18,132116,1848,756452,33055,0.5,2.5,Wirtz,,80.0,2025-06-20,2003-05-03,False,p494595,402,0,2,3,4,0,0,0,1,0,0,0,92,65.0,147.3,101.0,31.4,3,25,8,36,5,1.00,0.40,1.40,4.82,3.0,,2.0,,4.0,,[],,147,52,16,15,33,18,29,20,0.22,0.0,0.09,0.31,1.08,0.9,22,14,86,35,115,46,66,21,1.12,0.67,8.06,Liverpool,LIV
True,True,100.0,100.0,243298,0,0,2,-2,6.1,-59,"[{'offset': 0, 'projected_percent': '5.6', 'likelihood': 1}, {'offset': 1, 'projected_percent': '4.8', 'likelihood': 1}, {'offset': 2, 'projected_percent': '4.0', 'likelihood': 1}]",,False,2,3,6.4,6.4,3,Cody,6.4,367,False,,2026-09-09T18:30:08.772955Z,7.2,243298.jpg,6.4,False,Gakpo,12.6,False,,a,14,14,32,1324349,37937,687855,60258,0.9,4.4,Gakpo,,152.0,2023-01-01,1999-05-07,False,p243298,370,1,3,2,4,0,0,0,0,0,0,5,113,133.4,148.8,70.0,35.2,9,15,8,32,4,0.64,1.71,2.35,5.51,2.0,,,,3.0,,[],,28,12,14,13,63,38,20,16,0.16,0.0,0.42,0.58,1.34,0.97,23,15,17,8,18,7,32,12,0.97,0.49,7.78,Liverpool,LIV
True,True,,,424876,0,0,0,0,-85.5,-410,"[{'offset': 0, 'projected_percent': '-86.4', 'likelihood': -3}, {'offset': 1, 'projected_percent': '-88.2', 'likelihood': -3}, {'offset': 2, 'projected_percent': '-89.9', 'likelihood': -3}]",,False,0,3,4.0,4.0,2,Dominik,4.0,368,False,,,7.0,424876.jpg,4.0,False,Szoboszlai,33.2,False,,a,14,14,20,917365,25006,1631502,163344,0.6,2.9,Szoboszlai,,98.0,2023-07-02,2000-10-25,False,p424876,440,1,0,3,4,0,0,0,1,0,0,1,103,108.8,178.0,57.0,34.4,13,22,6,41,5,1.42,0.82,2.24,5.99,1.0,,1.0,,1.0,,[],,60,21,6,6,80,48,21,17,0.29,0.0,0.17,0.46,1.23,0.82,26,17,78,32,99,39,7,3,1.02,0.61,8.39,Liverpool,LIV
True,True,,,611922,-1,1,-3,3,-16.4,-13,"[{'offset': 0, 'projected_percent': '-17.6', 'likelihood': -1}, {'offset': 1, 'projected_percent': '-20.0', 'likelihood': -2}, {'offset': 2, 'projected_percent': '-22.3', 'likelihood': -2}]",,False,0,3,0.8,0.8,0,Rio,0.8,369,False,,,5.7,611922.jpg,1.3,False,Ngumoha,0.5,False,,a,14,14,4,14331,553,88253,3227,0.1,0.7,Ngumoha,,241.0,2024-12-17,2008-08-29,False,p611922,99,0,0,0,2,0,0,0,0,0,0,0,13,4.4,8.1,11.0,2.1,1,2,1,4,1,0.15,0.05,0.20,0.68,,,,,,,[],,366,171,284,142,251,131,347,164,0.14,0.0,0.05,0.19,0.62,1.82,119,77,291,134,286,131,255,84,0.91,0.0,3.64,Liverpool,LIV
True,True,0.0,0.0,223541,-1,1,-2,2,-3.6,-2,"[{'offset': 0, 'projected_percent': '-4.4', 'likelihood': -1}, {'offset': 1, 'projected_percent': '-6.0', 'likelihood': -1}, {'offset': 2, 'projected_percent': '-7.6', 'likelihood': -1}]",,False,0,3,0.0,0.0,0,Federico,0.0,370,False,Back injury - Unknown return date,2026-08-27T13:30:07.598926Z,5.3,223541.jpg,0.0,False,Chiesa,0.0,False,,i,14,14,0,676,11,10002,169,0.0,0.0,Chiesa,,106.0,2024-08-29,1997-10-25,False,p223541,0,0,0,0,0,0,0,0,0,0,0,0,0,0.0,0.0,0.0,0.0,0,0,0,0,0,0.00,0.00,0.00,0.00,,,,,,,[],https://www.liverpoolfc.com/news/federico-chiesa-injury-update-0,622,269,628,274,607,261,628,271,0.0,0.0,0.0,0.0,0.0,0.0,217,135,625,272,631,274,501,198,0.0,0.0,0.0,Liverpool,LIV
True,True,,,441266,-1,1,-2,2,-15.3,-26,"[{'offset': 0, 'projected_percent': '-16.3', 'likelihood': -1}, {'offset': 1, 'projected_percent': '-18.2', 'likelihood': -1}, {'offset': 2, 'projected_percent': '-20.1', 'likelihood': -2}]",,False,0,3,1.8,1.8,1,Ryan,1.8,371,False,,,5.8,441266.jpg,1.8,False,Gravenberch,1.1,False,,a,14,14,9,35380,842,128075,6722,0.3,1.6,Gravenberch,,152.0,2023-09-01,2002-05-16,False,p441266,190,0,1,0,2,0,0,0,0,0,0,0,51,50.6,42.7,6.0,9.9,10,11,4,25,2,0.10,0.08,0.18,2.02,,,,,,,[],,194,81,145,92,292,150,212,100,0.05,0.0,0.04,0.09,0.96,0.95,104,67,215,97,257,113,170,53,0.95,0.0,11.84,Liverpool,LIV
True,True,,,243016,0,0,-1,1,-37.2,-13,"[{'offset': 0, 'projected_percent': '-37.9', 'likelihood': -2}, {'offset': 1, 'projected_percent': '-39.3', 'likelihood': -2}, {'offset': 2, 'projected_percent': '-40.7', 'likelihood': -3}]",,False,0,3,2.2,2.2,5,Alexis,2.2,372,False,,,5.4,243016.jpg,2.2,False,Mac Allister,1.3,False,,a,14,14,11,44351,2731,94659,4945,0.4,2.0,Mac Allister,,10.0,2023-06-14,1998-12-24,False,p243016,306,0,0,2,2,0,0,0,1,0,0,0,59,58.2,50.8,26.0,13.5,11,19,11,41,3,0.10,0.49,0.59,4.85,,,,,5.0,,[],,169,65,114,76,162,86,162,83,0.03,0.0,0.14,0.17,1.43,0.59,185,117,176,79,217,95,160,49,0.88,0.59,12.06,Liverpool,LIV
True,False,0.0,0.0,206915,0,0,0,0,0.0,0,"[{'offset': 0, 'projected_percent': '0.0', 'likelihood': 0}, {'offset': 1, 'projected_percent': '0.0', 'likelihood': 0}, {'offset': 2, 'projected_percent': '0.0', 'likelihood': 0}]",,False,0,3,0.0,0.0,0,Curtis,0.0,373,False,Has joined Internazionale permanently,2026-08-16T18:30:07.426408Z,5.5,206915.jpg,0.0,False,Jones,0.0,False,,u,14,14,0,34,0,2627,40,0.0,0.0,C.Jones,,241.0,2018-04-06,2001-01-30,False,p206915,0,0,0,0,0,0,0,0,0,0,0,0,0,0.0,0.0,0.0,0.0,0,0,0,0,0,0.00,0.00,0.00,0.00,,,,,,,[],,640,279,646,281,633,274,645,280,0.0,0.0,0.0,0.0,0.0,0.0,137,82,642,281,645,281,566,236,0.0,0.0,0.0,Liverpool,LIV
True,True,100.0,100.0,158983,0,0,-1,1,-51.2,-1,"[{'offset': 0, 'projected_percent': '-52.6', 'likelihood': -3}, {'offset': 1, 'projected_percent': '-55.3', 'likelihood': -3}, {'offset': 2, 'projected_percent': '-58.0', 'likelihood': -3}]",,False,0,3,0.0,0.0,0,Endo,0.0,374,False,,2026-07-23T12:01:23.612529Z,4.9,158983.jpg,0.0,False,Wataru,0.1,False,,a,14,14,0,2273,110,4669,303,0.0,0.0,Endo,,108.0,2023-08-18,1993-02-09,False,p158983,0,0,0,0,0,0,0,0,0,0,0,0,0,0.0,0.0,0.0,0.0,0,0,0,0,0,0.00,0.00,0.00,0.00,,,,,,,[],,560,230,557,236,521,210,565,231,0.0,0.0,0.0,0.0,0.0,0.0,345,207,564,234,572,238,476,186,0.0,0.0,0.0,Liverpool,LIV
True,True,,,591386,0,0,-1,1,-76.7,0,"[{'offset': 0, 'projected_percent': '-76.7', 'likelihood': -3}, {'offset': 1, 'projected_percent': '-76.7', 'likelihood': -3}, {'offset': 2, 'projected_percent': '-76.7', 'likelihood': -3}]",,False,0,3,0.6,0.6,1,Trey,0.6,375,False,,,4.9,591386.jpg,1.0,False,Nyoni,0.0,False,,a,14,14,3,1310,53,2977,232,0.1,0.6,Nyoni,,241.0,2023-11-11,2007-06-30,False,p591386,38,0,0,0,0,0,0,0,0,0,0,0,9,16.2,2.9,0.0,1.9,6,2,2,10,0,0.00,0.00,0.00,0.36,,,,,,,[],,296,126,324,164,549,230,351,167,0.0,0.0,0.0,0.0,0.85,0.0,400,243,305,139,344,152,516,205,0.0,0.0,23.68,Liverpool,LIV
True,False,0.0,0.0,535928,0,0,0,0,0.0,0,"[{'offset': 0, 'projected_percent': '0.0', 'likelihood': 0}, {'offset': 1, 'projected_percent': '0.0', 'likelihood': 0}, {'offset': 2, 'projected_percent': '0.0', 'likelihood': 0}]",,False,0,3,0.0,0.0,0,Stefan,0.0,376,False,Has joined Celta Vigo permanently,2026-07-23T12:01:23.628373Z,5.0,535928.jpg,0.0,False,Bajčetić Maquieira,0.0,False,,u,14,14,0,19,0,105,1,0.0,0.0,Bajcetic,,200.0,2022-07-11,2004-10-22,False,p535928,0,0,0,0,0,0,0,0,0,0,0,0,0,0.0,0.0,0.0,0.0,0,0,0,0,0,0.00,0.00,0.00,0.00,,,,,,,[],https://www.liverpoolfc.com/news/liverpools-injury-list-suspensions-and-availability?utm_source=premier-league-web&utm_medium=referral&utm_campaign=pl-referral-always-on&utm_term=injuries&utm_content=club-injury-article,612,262,618,267,594,252,618,264,0.0,0.0,0.0,0.0,0.0,0.0,315,189,615,265,621,267,663,295,0.0,0.0,0.0,Liverpool,LIV
True,True,,,551499,0,0,0,0,6.8,-38,"[{'offset': 0, 'projected_percent': '6.6', 'likelihood': 1}, {'offset': 1, 'projected_percent': '6.0', 'likelihood': 1}, {'offset': 2, 'projected_percent': '5.5', 'likelihood': 1}]",,False,0,3,3.0,3.0,1,Victor,3.0,377,False,,,6.5,551499.jpg,3.0,False,Munoz,0.9,False,,a,14,14,15,116986,1003,99390,9048,0.5,2.3,Munoz,,200.0,2026-06-18,2003-07-13,False,p551499,257,1,1,1,2,0,0,0,1,0,0,0,60,56.2,42.4,86.0,18.5,5,8,3,16,3,0.52,0.31,0.83,4.63,,,,,,,[],,173,68,147,93,42,25,103,55,0.18,0.0,0.11,0.29,1.62,0.7,43,29,129,56,157,66,188,59,1.05,0.35,5.6,Liverpool,LIV
True,True,,,491501,0,0,-1,1,-0.3,0,"[{'offset': 0, 'projected_percent': '-0.3', 'likelihood': -1}, {'offset': 1, 'projected_percent': '-0.3', 'likelihood': -1}, {'offset': 2, 'projected_percent': '-0.3', 'likelihood': -1}]",,False,0,3,0.0,0.0,0,James,0.0,378,False,,,4.4,491501.jpg,0.0,False,McConnell,0.2,False,,a,14,14,0,6647,772,12489,1032,0.0,0.0,McConnell,,241.0,2023-07-18,2004-09-13,False,p491501,0,0,0,0,0,0,0,0,0,0,0,0,0,0.0,0.0,0.0,0.0,0,0,0,0,0,0.00,0.00,0.00,0.00,,,,,,,[],,471,194,463,200,413,172,476,195,0.0,0.0,0.0,0.0,0.0,0.0,570,295,474,198,485,202,315,111,0.0,0.0,0.0,Liverpool,LIV
True,True,,,219168,0,0,1,-1,5.5,230,"[{'offset': 0, 'projected_percent': '7.1', 'likelihood': 1}, {'offset': 1, 'projected_percent': '10.3', 'likelihood': 1}, {'offset': 2, 'projected_percent': '13.5', 'likelihood': 1}]",,False,1,4,6.6,6.6,8,Alexander,6.6,379,False,,,9.1,219168.jpg,6.6,False,Isak,22.3,False,,a,14,14,33,1208617,81455,710694,50725,0.7,3.6,Isak,,206.0,2025-09-01,1999-09-21,False,p219168,413,4,0,3,4,0,0,0,1,0,0,8,133,146.2,47.5,207.0,40.0,3,3,1,7,5,3.54,0.08,3.62,5.82,,,,,2.0,,[],,21,3,128,11,4,3,12,2,0.77,0.0,0.02,0.79,1.27,0.87,5,2,14,3,16,3,15,4,1.09,0.65,1.53,Liverpool,LIV
True,True,0.0,0.0,510663,0,0,-1,1,-23.5,-5,"[{'offset': 0, 'projected_percent': '-24.6', 'likelihood': -2}, {'offset': 1, 'projected_percent': '-26.8', 'likelihood': -2}, {'offset': 2, 'projected_percent': '-29.0', 'likelihood': -2}]",,False,0,4,0.0,0.0,0,Hugo,0.0,380,False,Achilles injury - Unknown return date,2026-07-23T12:01:23.643771Z,7.4,510663.jpg,0.0,False,Ekitiké,0.1,False,,i,14,14,0,2516,244,11036,573,0.0,0.0,Ekitiké,,73.0,2025-07-23,2002-06-20,False,p510663,0,0,0,0,0,0,0,0,0,0,0,0,0,0.0,0.0,0.0,0.0,0,0,0,0,0,0.00,0.00,0.00,0.00,,,,,,,[],https://www.liverpoolfc.com/news/lfc-fitness-update-bajcetic-bradley-ekitike-endo-and-leoni?utm_source=premier-league-web&utm_medium=referral&utm_campaign=pl-referral-always-on&utm_content=injuries-flag&utm_term=injury-news,665,78,665,78,665,78,665,78,0.0,0.0,0.0,0.0,0.0,0.0,20,7,664,78,664,78,405,61,0.0,0.0,0.0,Liverpool,LIV
True,True,,,514514,0,0,0,0,-89.2,-1,"[{'offset': 0, 'projected_percent': '-92.3', 'likelihood': -3}, {'offset': 1, 'projected_percent': '-98.2', 'likelihood': -4}, {'offset': 2, 'projected_percent': '-104.2', 'likelihood': -5}]",,False,0,3,0.6,0.6,1,Lewis,0.6,381,False,,,5.0,514514.jpg,1.0,False,Koumas,0.0,False,,a,14,14,3,775,96,1324,123,0.1,0.6,Koumas,,244.0,2026-08-22,2005-09-19,False,p514514,22,0,0,0,0,0,0,0,0,0,0,0,14,4.2,0.5,24.0,2.9,0,1,0,1,0,0.28,0.00,0.28,0.72,,,,,,,[],,368,172,373,186,172,93,323,150,1.15,0.0,0.0,1.15,2.95,0.0,311,187,309,142,353,158,546,224,0.0,0.0,4.09,Liverpool,LIV
True,True,100.0,100.0,500058,0,0,0,0,3.2,-9,"[{'offset': 0, 'projected_percent': '3.2', 'likelihood': 1}, {'offset': 1, 'projected_percent': '3.1', 'likelihood': 1}, {'offset': 2, 'projected_percent': '2.9', 'likelihood': 1}]",,False,0,4,0.0,0.0,0,Jayden,0.0,382,False,,2026-07-23T12:01:23.659279Z,4.5,500058.jpg,0.0,False,Danns,0.2,False,,a,14,14,0,22373,2566,8993,1714,0.0,0.0,Danns,,241.0,2024-02-20,2006-01-16,False,p500058,0,0,0,0,0,0,0,0,0,0,0,0,0,0.0,0.0,0.0,0.0,0,0,0,0,0,0.00,0.00,0.00,0.00,,,,,,,[],,505,46,502,51,459,45,510,50,0.0,0.0,0.0,0.0,0.0,0.0,491,67,509,48,519,52,320,50,0.0,0.0,0.0,Liverpool,LIV
True,False,0.0,0.0,444884,0,0,-1,1,0.0,0,"[{'offset': 0, 'projected_percent': '0.0', 'likelihood': 0}, {'offset': 1, 'projected_percent': '0.0', 'likelihood': 0}, {'offset': 2, 'projected_percent': '0.0', 'likelihood': 0}]",,False,0,3,0.0,0.0,0,Harvey,0.0,383,False,Has joined Valencia on loan for the rest of the season,2026-09-02T16:05:49.104326Z,5.4,444884.jpg,0.0,False,Elliott,0.0,False,,u,14,14,0,907,0,6076,156,0.0,0.0,Elliott,,241.0,2019-07-28,2003-04-04,False,p444884,0,0,0,0,0,0,0,0,0,0,0,0,0,0.0,0.0,0.0,0.0,0,0,0,0,0,0.00,0.00,0.00,0.00,,,,,,,[],,631,275,634,277,621,270,636,276,0.0,0.0,0.0,0.0,0.0,0.0,194,122,633,277,637,277,529,212,0.0,0.0,0.0,Liverpool,LIV
True,True,,,445087,0,0,-1,1,30.5,13,"[{'offset': 0, 'projected_percent': '30.6', 'likelihood': 2}, {'offset': 1, 'projected_percent': '30.8', 'likelihood': 2}, {'offset': 2, 'projected_percent': '31.0', 'likelihood': 2}]",,False,0,2,4.4,4.4,7,Ronald,4.4,579,False,,,5.4,445087.jpg,4.4,False,Araujo,3.0,False,,a,14,14,22,143655,11739,157027,7338,0.8,4.1,Araujo,,230.0,2026-08-10,1999-03-07,False,p445087,284,0,0,3,0,0,0,0,1,0,0,1,81,60.8,10.5,6.0,7.7,19,15,5,24,3,0.00,0.06,0.06,2.75,,,,,,,[],,162,69,275,99,290,103,239,89,0.0,0.0,0.02,0.02,0.87,0.0,195,25,62,27,74,34,105,39,0.95,0.95,7.61,Liverpool,LIV
True,True,,,482616,0,0,0,0,-63.0,-33,"[{'offset': 0, 'projected_percent': '-64.3', 'likelihood': -3}, {'offset': 1, 'projected_percent': '-66.8', 'likelihood': -3}, {'offset': 2, 'projected_percent': '-69.4', 'likelihood': -3}]",,False,0,3,2.3,2.3,3,Bradley,2.3,627,False,,,8.0,482616.jpg,2.3,False,Barcola,1.8,False,,a,14,14,7,283666,6204,125507,14261,0.3,0.9,Barcola,,73.0,2026-08-31,2002-09-02,False,p482616,168,0,0,2,0,0,0,0,0,0,0,0,22,10.8,27.4,31.0,7.0,0,5,3,8,2,0.26,0.13,0.39,1.43,,,,,,,[],,321,144,192,110,153,81,254,113,0.14,0.0,0.07,0.21,0.77,0.0,9,6,167,72,205,88,133,40,1.07,1.07,4.29,Liverpool,LIV
True,True,,,448047,0,0,-1,1,-2.5,79,"[{'offset': 0, 'projected_percent': '-0.8', 'likelihood': -1}, {'offset': 1, 'projected_percent': '0.8', 'likelihood': 1}, {'offset': 2, 'projected_percent': '1.9', 'likelihood': 1}]",,False,0,3,2.6,2.6,7,Enzo,2.6,155,False,,,6.9,448047.jpg,3.2,False,Fernández,3.6,False,,a,15,43,13,163504,21837,316660,9751,0.4,1.9,Enzo,,10.0,2026-09-01,2001-01-17,False,p448047,271,1,0,2,3,0,0,0,1,0,0,0,73,63.8,72.8,42.0,17.8,6,12,3,21,3,0.35,0.53,0.88,5.35,,,,,,,[],,152,56,68,55,116,66,110,59,0.12,0.0,0.18,0.3,1.78,1.0,30,19,147,64,133,53,91,32,1.0,0.66,6.97,Man City,MCI
True,True,,,440993,-1,1,-2,2,-14.5,-126,"[{'offset': 0, 'projected_percent': '-15.3', 'likelihood': -1}, {'offset': 1, 'projected_percent': '-16.9', 'likelihood': -1}, {'offset': 2, 'projected_percent': '-18.4', 'likelihood': -1}]",,False,0,3,3.2,3.2,5,Iliman,3.2,237,False,,,5.8,440993.jpg,4.4,False,Ndiaye,6.8,False,,a,15,43,22,295992,5123,1122728,54725,0.6,3.8,Ndiaye,Iliman Ndiaye,189.0,2026-09-01,2000-03-06,False,p440993,385,0,2,2,4,0,0,0,0,0,0,1,110,77.8,102.6,80.0,26.1,10,26,8,44,4,0.38,0.58,0.96,9.42,,,,,,,[],,116,37,41,34,48,30,48,35,0.09,0.0,0.14,0.23,2.2,0.94,103,66,106,42,78,32,55,18,0.94,0.47,10.29,Man City,MCI
True,True,,,204936,0,0,0,0,-44.7,-57,"[{'offset': 0, 'projected_percent': '-45.3', 'likelihood': -3}, {'offset': 1, 'projected_percent': '-46.4', 'likelihood': -3}, {'offset': 2, 'projected_percent': '-47.4', 'likelihood': -3}]",,False,0,1,3.8,3.8,2,Gianluigi,3.8,384,False,,,5.5,204936.jpg,3.8,False,Donnarumma,7.6,False,,a,15,43,19,204251,8060,307654,21738,0.7,3.5,Donnarumma,,106.0,2025-09-01,1999-02-25,False,p204936,450,0,0,2,5,1,0,0,0,0,14,0,84,112.6,0.0,0.0,11.4,4,32,0,0,5,0.00,0.00,0.00,7.25,,,,,,,[],,54,11,645,73,632,72,194,12,0.0,2.8,0.0,0.0,1.45,1.0,135,4,82,9,105,10,51,8,1.0,0.4,0.0,Man City,MCI
True,True,,,122074,0,0,0,0,-78.8,0,"[{'offset': 0, 'projected_percent': '-78.8', 'likelihood': -3}, {'offset': 1, 'projected_percent': '-78.8', 'likelihood': -3}, {'offset': 2, 'projected_percent': '-78.8', 'likelihood': -3}]",,False,0,1,0.0,0.0,0,Marcus,0.0,386,False,,,4.5,122074.jpg,0.0,False,Bettinelli,0.0,False,,a,15,43,0,550,35,1096,60,0.0,0.0,Bettinelli,,241.0,2025-06-10,1992-05-24,False,p122074,0,0,0,0,0,0,0,0,0,0,0,0,0,0.0,0.0,0.0,0.0,0,0,0,0,0,0.00,0.00,0.00,0.00,,,,,,,[],,483,56,478,41,428,36,488,56,0.0,0.0,0.0,0.0,0.0,0.0,438,29,487,56,497,56,551,64,0.0,0.0,0.0,Man City,MCI
True,True,100.0,100.0,472769,-1,1,-2,2,-0.5,-204,"[{'offset': 0, 'projected_percent': '-1.3', 'likelihood': -1}, {'offset': 1, 'projected_percent': '-2.9', 'likelihood': -1}, {'offset': 2, 'projected_percent': '-4.4', 'likelihood': -1}]",,False,0,2,1.2,1.2,1,Nico,1.2,387,False,,2026-09-05T18:00:06.379802Z,6.3,472769.jpg,1.5,False,O'Reilly,11.1,False,,a,15,43,6,190956,3612,1191343,54832,0.2,1.0,O'Reilly,,241.0,2022-12-16,2005-03-21,False,p472769,163,0,0,0,2,0,0,0,0,0,0,0,22,17.8,39.5,33.0,9.0,2,9,3,5,2,0.87,0.43,1.30,2.10,,,,,,,[],,290,115,158,42,145,40,224,82,0.48,0.0,0.24,0.72,1.16,1.1,50,4,256,92,275,99,36,12,1.1,0.0,2.76,Man City,MCI
True,True,,,209036,0,0,0,0,63.0,-54,"[{'offset': 0, 'projected_percent': '62.6', 'likelihood': 3}, {'offset': 1, 'projected_percent': '61.9', 'likelihood': 3}, {'offset': 2, 'projected_percent': '61.1', 'likelihood': 3}]",,False,0,2,6.0,6.0,4,Marc,6.0,388,False,,,6.0,209036.jpg,6.0,False,Guéhi,18.3,False,,a,15,43,30,499820,17900,447652,35676,1.0,5.0,Guéhi,,241.0,2026-01-19,2000-07-13,False,p209036,450,1,1,2,5,0,0,0,0,0,0,4,114,146.0,56.6,41.0,24.3,26,19,3,29,5,0.95,0.39,1.34,7.25,,,,,,,[],,22,5,101,24,121,31,55,9,0.19,0.0,0.08,0.27,1.45,1.0,66,6,21,8,31,13,21,6,1.0,0.4,5.8,Man City,MCI
True,True,100.0,100.0,465351,0,0,-1,1,-29.0,-9,"[{'offset': 0, 'projected_percent': '-29.6', 'likelihood': -2}, {'offset': 1, 'projected_percent': '-30.9', 'likelihood': -2}, {'offset': 2, 'projected_percent': '-32.2', 'likelihood': -2}]",,False,0,2,2.2,2.2,1,Matheus,2.2,389,False,,2026-08-27T11:30:08.171622Z,5.9,465351.jpg,3.7,False,Nunes,1.0,False,,a,15,43,11,14376,1221,73117,1976,0.4,1.9,Matheus N.,Matheus Nunes,173.0,2023-09-01,1998-08-27,False,p465351,213,0,0,1,3,0,0,0,0,0,0,1,38,60.0,6.3,4.0,7.0,18,10,3,21,2,0.00,0.06,0.06,4.67,,,,,4.0,,[],,165,70,293,106,312,116,253,96,0.0,0.0,0.03,0.03,1.97,1.27,89,9,179,67,109,45,181,69,0.85,0.42,8.87,Man City,MCI
True,True,,,171314,0,0,0,0,4.0,-21,"[{'offset': 0, 'projected_percent': '3.9', 'likelihood': 1}, {'offset': 1, 'projected_percent': '3.6', 'likelihood': 1}, {'offset': 2, 'projected_percent': '3.3', 'likelihood': 1}]",,False,0,2,3.4,3.4,1,Rúben,3.4,390,False,,,5.5,171314.jpg,3.4,False,dos Santos Gato Alves Dias,1.9,False,,a,15,43,17,65969,3381,71287,6485,0.6,3.1,Rúben,Rúben Dias,173.0,2020-09-29,1997-05-14,False,p171314,450,0,0,2,5,0,0,0,0,0,0,0,72,94.2,47.3,46.0,18.7,25,16,1,26,5,0.29,0.74,1.03,7.25,,,,,,,[],,87,39,130,35,104,23,101,32,0.06,0.0,0.15,0.21,1.45,1.0,129,13,97,38,122,50,128,52,1.0,0.4,5.2,Man City,MCI
True,True,,,477424,0,0,2,-2,68.6,164,"[{'offset': 0, 'projected_percent': '69.8', 'likelihood': 3}, {'offset': 1, 'projected_percent': '72.0', 'likelihood': 3}, {'offset': 2, 'projected_percent': '74.3', 'likelihood': 3}]",,False,0,2,7.4,7.4,4,Joško,7.4,391,True,,,5.7,477424.jpg,7.4,False,Gvardiol,26.5,False,,a,15,43,37,1791862,109830,395716,35500,1.3,6.5,Gvardiol,,97.0,2023-08-05,2002-01-23,False,p477424,434,1,3,2,5,0,0,0,1,0,0,6,135,144.4,63.5,32.0,24.0,20,21,11,31,5,0.22,0.74,0.96,7.25,,,,,,,[],,26,8,88,17,148,43,57,10,0.05,0.0,0.15,0.2,1.5,1.04,114,12,7,4,9,4,11,3,1.04,0.41,6.43,Man City,MCI
True,True,,,448514,0,0,-2,2,-85.3,-10,"[{'offset': 0, 'projected_percent': '-87.0', 'likelihood': -3}, {'offset': 1, 'projected_percent': '-90.4', 'likelihood': -3}, {'offset': 2, 'projected_percent': '-93.7', 'likelihood': -3}]",,False,0,2,0.0,0.0,0,Rayan,0.0,392,False,,,5.3,448514.jpg,0.0,False,Aït-Nouri,0.4,False,,a,15,43,0,7730,378,61008,1599,0.0,0.0,Aït-Nouri,,3.0,2025-06-09,2001-06-06,False,p448514,0,0,0,0,0,0,0,0,0,0,0,0,0,0.0,0.0,0.0,0.0,0,0,0,0,0,0.00,0.00,0.00,0.00,,,,,,,[],,623,214,629,214,609,211,629,214,0.0,0.0,0.0,0.0,0.0,0.0,224,31,626,212,632,213,263,97,0.0,0.0,0.0,Man City,MCI
True,True,,,578153,0,0,-1,1,-26.0,-32,"[{'offset': 0, 'projected_percent': '-27.7', 'likelihood': -2}, {'offset': 1, 'projected_percent': '-31.0', 'likelihood': -2}, {'offset': 2, 'projected_percent': '-34.4', 'likelihood': -2}]",,False,0,2,1.8,1.8,0,Abdukodir,1.8,393,False,,,5.4,578153.jpg,3.0,False,Khusanov,1.4,False,,a,15,43,9,26458,1022,78509,6863,0.3,1.7,Khusanov,,231.0,2025-01-20,2004-02-29,False,p578153,268,0,0,1,2,0,0,0,1,0,0,0,53,51.6,12.6,4.0,6.8,9,13,8,17,3,0.00,0.06,0.06,2.68,,,,,,,[],,188,78,260,95,311,115,256,97,0.0,0.0,0.02,0.02,0.9,0.67,213,29,212,76,148,62,156,63,1.01,0.34,5.71,Man City,MCI
True,False,0.0,0.0,494307,0,0,0,0,0.0,0,"[{'offset': 0, 'projected_percent': '0.0', 'likelihood': 0}, {'offset': 1, 'projected_percent': '0.0', 'likelihood': 0}, {'offset': 2, 'projected_percent': '0.0', 'likelihood': 0}]",,False,0,2,0.0,0.0,0,Max,0.0,394,False,Has joined Burnley on loan for the rest of the season,2026-08-18T14:11:56.324656Z,5.0,494307.jpg,0.0,False,Alleyne,0.0,False,,u,15,43,0,0,0,609,11,0.0,0.0,Alleyne,,241.0,2022-12-16,2005-07-21,False,p494307,0,0,0,0,0,0,0,0,0,0,0,0,0,0.0,0.0,0.0,0.0,0,0,0,0,0,0.00,0.00,0.00,0.00,,,,,,,[],,606,213,612,213,588,210,612,213,0.0,0.0,0.0,0.0,0.0,0.0,303,52,609,211,615,212,640,213,0.0,0.0,0.0,Man City,MCI
True,True,,,477064,0,0,-1,1,-54.4,-7,"[{'offset': 0, 'projected_percent': '-56.9', 'likelihood': -3}, {'offset': 1, 'projected_percent': '-62.0', 'likelihood': -3}, {'offset': 2, 'projected_percent': '-67.0', 'likelihood': -3}]",,False,0,2,0.2,0.2,0,Rico,0.2,395,False,,,4.4,477064.jpg,1.0,False,Lewis,0.2,False,,a,15,43,1,8168,212,15936,870,0.0,0.2,Lewis,,241.0,2022-07-16,2004-11-21,False,p477064,56,0,0,0,1,0,0,0,0,0,0,0,-1,3.8,3.8,39.0,4.7,2,0,0,2,1,0.17,0.02,0.19,0.55,,,,,,,[],,371,138,316,113,125,33,297,110,0.27,0.0,0.03,0.3,0.88,1.61,568,149,372,134,315,119,331,123,1.61,0.0,3.21,Man City,MCI
True,True,,,616222,0,0,0,0,-75.1,0,"[{'offset': 0, 'projected_percent': '-75.1', 'likelihood': -3}, {'offset': 1, 'projected_percent': '-75.1', 'likelihood': -3}, {'offset': 2, 'projected_percent': '-75.1', 'likelihood': -3}]",,False,0,2,0.2,0.2,0,Vitor,0.2,396,False,,,4.5,616222.jpg,1.0,False,de Oliveira Nunes dos Reis,0.0,False,,a,15,43,1,533,53,1132,109,0.0,0.2,Vitor Reis,Vitor Reis,30.0,2025-01-21,2006-01-12,False,p616222,1,0,0,0,0,0,0,0,0,0,0,0,3,1.2,0.9,0.0,0.2,0,0,0,0,0,0.00,0.00,0.00,0.00,,,,,,,[],,393,144,359,132,492,194,398,143,0.0,0.0,0.0,0.0,0.0,0.0,531,133,375,136,323,125,526,185,0.0,0.0,0.0,Man City,MCI
True,True,,,437730,0,0,-1,1,-34.9,387,"[{'offset': 0, 'projected_percent': '-33.0', 'likelihood': -2}, {'offset': 1, 'projected_percent': '-29.4', 'likelihood': -2}, {'offset': 2, 'projected_percent': '-25.8', 'likelihood': -2}]",,False,1,3,6.6,6.6,17,Antoine,6.6,397,True,,,8.4,437730.jpg,6.6,False,Semenyo,15.4,False,,a,15,43,33,286866,95963,1176615,33915,0.8,3.9,Semenyo,,81.0,2026-01-09,2000-01-07,False,p437730,450,2,3,2,5,0,0,0,0,0,0,2,147,155.4,148.1,130.0,43.4,2,14,6,22,5,0.33,1.16,1.49,7.25,,,,,2.0,,[],,14,9,15,14,16,9,10,9,0.07,0.0,0.23,0.3,1.45,1.0,6,4,13,6,15,6,28,10,1.0,0.4,4.4,Man City,MCI
True,True,0.0,0.0,209244,0,0,-1,1,-37.2,-94,"[{'offset': 0, 'projected_percent': '-38.5', 'likelihood': -2}, {'offset': 1, 'projected_percent': '-41.1', 'likelihood': -3}, {'offset': 2, 'projected_percent': '-43.7', 'likelihood': -3}]",,False,0,3,0.0,0.0,0,Phil,1.8,398,False,Suspended until 17 Oct,2026-09-13T17:00:09.433455Z,6.9,209244.jpg,2.2,False,Foden,1.9,False,,s,15,43,9,303367,121,559577,21855,0.3,1.3,Foden,,241.0,2016-12-05,2000-05-28,False,p209244,217,0,2,0,2,0,0,0,1,1,0,1,52,57.6,122.3,45.0,22.3,2,8,4,14,3,1.61,0.88,2.49,1.91,2.0,,2.0,,,,[],,170,66,29,25,107,61,69,43,0.67,0.0,0.36,1.03,0.79,0.83,29,18,217,99,221,98,132,39,1.24,0.0,5.81,Man City,MCI
True,True,,,466052,0,0,3,-3,-61.2,303,"[{'offset': 0, 'projected_percent': '-59.0', 'likelihood': -3}, {'offset': 1, 'projected_percent': '-54.9', 'likelihood': -3}, {'offset': 2, 'projected_percent': '-50.7', 'likelihood': -3}]",,False,1,3,6.8,6.8,8,Rayan,6.8,399,True,,,7.8,466052.jpg,6.8,False,Cherki,28.2,False,,a,15,43,34,2627922,80761,934459,67514,0.9,4.4,Cherki,,73.0,2025-06-10,2003-08-17,False,p466052,302,3,2,1,4,0,0,0,1,0,0,5,150,165.8,199.0,108.0,47.3,3,9,0,12,4,0.72,1.54,2.26,5.00,1.0,,1.0,,,,[],,6,3,4,4,30,17,4,4,0.21,0.0,0.46,0.67,1.49,1.19,13,9,11,5,14,5,8,4,1.19,0.3,3.58,Man City,MCI
True,True,100.0,75.0,248875,0,0,-1,1,-0.1,0,"[{'offset': 0, 'projected_percent': '-0.1', 'likelihood': -1}, {'offset': 1, 'projected_percent': '-0.1', 'likelihood': -1}, {'offset': 2, 'projected_percent': '-0.1', 'likelihood': -1}]",2026-09-26T13:30:09.795433Z,False,0,3,0.2,0.2,1,Jérémy,0.2,400,False,,2026-08-18T17:00:08.385597Z,7.4,248875.jpg,1.0,False,Doku,0.7,False,,a,15,43,1,3654,2187,127370,1284,0.0,0.1,Doku,,21.0,2023-08-24,2002-05-27,False,p248875,15,0,0,0,0,0,0,0,0,0,0,0,7,3.6,13.8,5.0,2.2,1,1,0,2,0,0.23,0.32,0.55,0.42,,,,,3.0,,[],,373,175,252,132,299,156,345,163,1.38,0.0,1.92,3.3,2.52,0.0,19,12,404,195,400,193,217,67,0.0,0.0,12.0,Man City,MCI
True,False,0.0,0.0,220566,0,0,0,0,0.0,0,"[{'offset': 0, 'projected_percent': '0.0', 'likelihood': 0}, {'offset': 1, 'projected_percent': '0.0', 'likelihood': 0}, {'offset': 2, 'projected_percent': '0.0', 'likelihood': 0}]",,False,0,3,0.0,0.0,0,Rodrigo 'Rodri',0.0,402,False,Has joined Barcelona permanently,2026-07-23T12:01:23.675537Z,6.5,220566.jpg,0.0,False,Hernandez Cascante,0.0,False,,u,15,43,0,0,0,1220,16,0.0,0.0,Rodrigo,Rodri,200.0,2019-07-04,1996-06-22,False,p220566,0,0,0,0,0,0,0,0,0,0,0,0,0,0.0,0.0,0.0,0.0,0,0,0,0,0,0.00,0.00,0.00,0.00,,,,,,,[],,662,296,663,296,661,296,663,296,0.0,0.0,0.0,0.0,0.0,0.0,36,24,662,296,662,296,607,256,0.0,0.0,0.0,Man City,MCI
True,False,0.0,0.0,433036,0,0,0,0,0.0,0,"[{'offset': 0, 'projected_percent': '0.0', 'likelihood': 0}, {'offset': 1, 'projected_percent': '0.0', 'likelihood': 0}, {'offset': 2, 'projected_percent': '0.0', 'likelihood': 0}]",,False,0,3,0.0,0.0,0,Tijjani,0.0,404,False,Has joined Al Qadsiah permanently,2026-08-20T14:02:58.154273Z,6.0,433036.jpg,0.0,False,Reijnders,0.0,False,,u,15,43,0,0,0,8148,63,0.0,0.0,Reijnders,,152.0,2025-06-10,1998-07-29,False,p433036,0,0,0,0,0,0,0,0,0,0,0,0,0,0.0,0.0,0.0,0.0,0,0,0,0,0,0.00,0.00,0.00,0.00,,,,,,,[],,657,292,660,293,654,291,660,293,0.0,0.0,0.0,0.0,0.0,0.0,70,48,658,293,659,293,524,209,0.0,0.0,0.0,Man City,MCI
True,True,,,91651,0,0,-1,1,-85.1,-2,"[{'offset': 0, 'projected_percent': '-87.3', 'likelihood': -3}, {'offset': 1, 'projected_percent': '-91.8', 'likelihood': -3}, {'offset': 2, 'projected_percent': '-96.3', 'likelihood': -4}]",,False,0,3,0.4,0.4,0,Mateo,0.4,406,False,,,5.4,91651.jpg,1.0,False,Kovačić,0.1,False,,a,15,43,2,2209,67,6175,346,0.1,0.4,Kovačić,,97.0,2023-06-27,1994-05-06,False,p91651,42,0,0,0,0,0,0,0,0,0,0,0,12,4.2,5.2,0.0,0.9,0,2,0,2,0,0.00,0.02,0.02,0.10,,,,,,,[],,369,173,302,153,616,266,378,178,0.0,0.0,0.04,0.04,0.21,0.0,168,106,355,167,373,172,446,171,0.0,0.0,4.29,Man City,MCI
True,False,0.0,0.0,575204,0,0,-1,1,0.0,0,"[{'offset': 0, 'projected_percent': '0.0', 'likelihood': 0}, {'offset': 1, 'projected_percent': '0.0', 'likelihood': 0}, {'offset': 2, 'projected_percent': '0.0', 'likelihood': 0}]",,False,0,3,0.0,0.0,0,Claudio,0.0,407,False,Has joined Benfica on loan for the rest of the season,2026-09-03T15:41:24.710479Z,4.9,575204.jpg,0.0,False,Echeverri,0.0,False,,u,15,43,0,250,0,1326,37,0.0,0.0,Echeverri,,10.0,2024-01-25,2006-01-02,False,p575204,0,0,0,0,0,0,0,0,0,0,0,0,0,0.0,0.0,0.0,0.0,0,0,0,0,0,0.00,0.00,0.00,0.00,,,,,,,[],,581,246,580,251,547,228,587,248,0.0,0.0,0.0,0.0,0.0,0.0,397,240,583,248,590,251,613,260,0.0,0.0,0.0,Man City,MCI
True,False,0.0,0.0,155405,0,0,0,0,0.0,0,"[{'offset': 0, 'projected_percent': '0.0', 'likelihood': 0}, {'offset': 1, 'projected_percent': '0.0', 'likelihood': 0}, {'offset': 2, 'projected_percent': '0.0', 'likelihood': 0}]",,False,0,3,0.0,0.0,0,Kalvin,0.0,408,False,Has joined Sheffield United on loan for the rest of the season,2026-08-18T14:11:56.348781Z,5.0,155405.jpg,0.0,False,Phillips,0.0,False,,u,15,43,0,0,0,567,8,0.0,0.0,Phillips,,241.0,2022-07-04,1995-12-02,False,p155405,0,0,0,0,0,0,0,0,0,0,0,0,0,0.0,0.0,0.0,0.0,0,0,0,0,0,0.00,0.00,0.00,0.00,,,,,,,[],,586,249,586,254,560,237,592,251,0.0,0.0,0.0,0.0,0.0,0.0,248,154,589,252,595,254,638,275,0.0,0.0,0.0,Man City,MCI
True,False,0.0,0.0,590039,0,0,0,0,0.0,-2,"[{'offset': 0, 'projected_percent': '0.0', 'likelihood': 0}, {'offset': 1, 'projected_percent': '0.0', 'likelihood': 0}, {'offset': 2, 'projected_percent': '0.0', 'likelihood': 0}]",,False,0,3,0.0,0.0,0,Divine,0.0,409,False,has joined West Ham on loan for the rest of the seaon.,2026-09-03T10:34:10.733520Z,4.5,590039.jpg,0.0,False,Mukasa,0.1,False,,u,15,43,0,1621,0,11994,427,0.0,0.0,Mukasa,,241.0,2025-08-07,2007-08-22,False,p590039,0,0,0,0,0,0,0,0,0,0,0,0,0,0.0,0.0,0.0,0.0,0,0,0,0,0,0.00,0.00,0.00,0.00,,,,,,,[],,527,209,523,215,481,187,532,210,0.0,0.0,0.0,0.0,0.0,0.0,518,271,531,213,540,217,434,164,0.0,0.0,0.0,Man City,MCI
True,False,0.0,0.0,649208,0,0,-1,1,0.0,0,"[{'offset': 0, 'projected_percent': '0.0', 'likelihood': 0}, {'offset': 1, 'projected_percent': '0.0', 'likelihood': 0}, {'offset': 2, 'projected_percent': '0.0', 'likelihood': 0}]",,False,0,3,0.0,0.0,0,Jeremy,0.0,410,False,Has joined Swansea City on loan for the rest of the season,2026-09-02T16:02:01.136760Z,4.9,649208.jpg,0.0,False,Monga,0.0,False,,u,15,43,0,219,0,1259,39,0.0,0.0,Monga,,241.0,2026-07-11,2009-07-10,False,p649208,0,0,0,0,0,0,0,0,0,0,0,0,0,0.0,0.0,0.0,0.0,0,0,0,0,0,0.00,0.00,0.00,0.00,,,,,,,[],,583,247,582,252,554,234,589,249,0.0,0.0,0.0,0.0,0.0,0.0,405,247,586,250,592,252,618,262,0.0,0.0,0.0,Man City,MCI
True,True,,,223094,0,0,1,-1,16.7,128,"[{'offset': 0, 'projected_percent': '17.6', 'likelihood': 1}, {'offset': 1, 'projected_percent': '19.3', 'likelihood': 1}, {'offset': 2, 'projected_percent': '21.1', 'likelihood': 2}]",,False,2,4,7.8,7.8,6,Erling,7.8,411,True,,,15.6,223094.jpg,7.8,False,Haaland,73.6,False,,a,15,43,39,900906,55629,315142,13484,0.5,2.5,Haaland,,161.0,2022-07-01,2000-07-21,False,p223094,450,5,0,2,5,0,0,0,0,0,0,9,167,184.2,22.5,258.0,46.5,10,10,0,20,5,4.42,0.53,4.95,7.25,,,,,1.0,,[],,3,1,209,23,1,1,5,1,0.88,0.0,0.11,0.99,1.45,1.0,1,1,5,1,7,2,1,1,1.0,0.4,4.0,Man City,MCI
True,True,100.0,100.0,215379,0,0,-2,2,-33.8,-66,"[{'offset': 0, 'projected_percent': '-34.9', 'likelihood': -2}, {'offset': 1, 'projected_percent': '-37.3', 'likelihood': -2}, {'offset': 2, 'projected_percent': '-39.7', 'likelihood': -2}]",,False,0,3,3.0,3.0,2,Elliot,3.0,481,False,,2026-08-23T17:00:07.952697Z,6.3,215379.jpg,3.0,False,Anderson,4.0,False,,a,15,43,15,103004,5565,438748,20908,0.5,2.4,Anderson,,241.0,2026-07-02,2002-11-06,False,p215379,413,0,0,2,5,0,0,0,1,0,0,0,95,87.4,77.1,19.0,18.4,18,23,13,54,5,0.11,0.67,0.78,7.15,3.0,,,,,,[],,102,30,64,53,199,110,105,56,0.02,0.0,0.15,0.17,1.56,1.09,45,31,128,55,156,65,82,28,1.09,0.44,11.77,Man City,MCI
True,True,,,106921,0,0,0,0,-83.4,0,"[{'offset': 0, 'projected_percent': '-83.4', 'likelihood': -3}, {'offset': 1, 'projected_percent': '-83.4', 'likelihood': -3}, {'offset': 2, 'projected_percent': '-83.4', 'likelihood': -3}]",,False,0,1,0.0,0.0,0,Gerónimo,0.0,587,False,,,5.0,106921.jpg,0.0,False,Rulli,0.0,False,,a,15,43,0,576,44,1080,69,0.0,0.0,Rulli,,10.0,2026-08-12,1992-05-20,False,p106921,0,0,0,0,0,0,0,0,0,0,0,0,0,0.0,0.0,0.0,0.0,0,0,0,0,0,0.00,0.00,0.00,0.00,,,,,,,[],,584,71,584,63,558,62,590,71,0.0,0.0,0.0,0.0,0.0,0.0,243,7,587,71,593,71,568,66,0.0,0.0,0.0,Man City,MCI
True,True,,,637238,0,0,0,0,-21.5,-5,"[{'offset': 0, 'projected_percent': '-23.4', 'likelihood': -2}, {'offset': 1, 'projected_percent': '-27.2', 'likelihood': -2}, {'offset': 2, 'projected_percent': '-31.0', 'likelihood': -2}]",,False,0,3,0.5,0.5,0,Ayyoub,0.5,616,False,,,5.5,637238.jpg,1.0,False,Bouaddi,0.2,False,,a,15,43,2,20807,608,13041,1602,0.1,0.4,Bouaddi,,145.0,2026-08-26,2007-10-02,False,p637238,22,0,0,0,0,0,0,0,0,0,0,0,8,13.0,4.8,0.0,1.8,3,3,0,6,0,0.00,0.12,0.12,0.37,,,,,,,[],,305,133,306,157,641,282,354,169,0.0,0.0,0.49,0.49,1.51,0.0,166,105,344,161,388,184,354,127,0.0,0.0,24.55,Man City,MCI
True,True,,,616288,0,0,0,0,-71.3,-2,"[{'offset': 0, 'projected_percent': '-72.7', 'likelihood': -3}, {'offset': 1, 'projected_percent': '-75.5', 'likelihood': -3}, {'offset': 2, 'projected_percent': '-78.2', 'likelihood': -3}]",,False,0,3,0.5,0.5,0,Ryan,0.5,621,False,,,4.5,616288.jpg,1.0,False,McAidoo,0.1,False,,a,15,43,2,11309,140,6829,806,0.1,0.4,McAidoo,,241.0,2025-09-26,2008-06-24,False,p616288,11,0,0,0,0,0,0,0,0,0,0,0,8,5.2,0.5,3.0,0.8,0,2,2,4,0,0.10,0.00,0.10,0.02,,,,,,,[],,358,166,371,184,314,158,380,179,0.82,0.0,0.0,0.82,0.16,0.0,532,278,326,150,324,139,406,148,0.0,0.0,32.73,Man City,MCI
True,True,,,554054,0,0,0,0,-26.4,-2,"[{'offset': 0, 'projected_percent': '-27.1', 'likelihood': -2}, {'offset': 1, 'projected_percent': '-28.6', 'likelihood': -2}, {'offset': 2, 'projected_percent': '-30.0', 'likelihood': -2}]",,False,0,2,0.2,0.2,0,Kaden,0.2,622,False,,,4.0,554054.jpg,1.0,False,Braithwaite,0.2,False,,a,15,43,1,16618,411,8733,1182,0.0,0.2,Braithwaite,,241.0,2024-09-23,2008-02-08,False,p554054,1,0,0,0,0,0,0,0,0,0,0,0,3,0.6,0.8,0.0,0.1,0,1,0,0,0,0.00,0.00,0.00,0.00,,,,,,,[],,399,145,361,133,387,153,403,145,0.0,0.0,0.0,0.0,0.0,0.0,644,195,367,130,303,110,355,134,0.0,0.0,0.0,Man City,MCI
True,True,,,624777,0,0,0,0,0.1,1,"[{'offset': 0, 'projected_percent': '0.1', 'likelihood': 1}, {'offset': 1, 'projected_percent': '0.1', 'likelihood': 1}, {'offset': 2, 'projected_percent': '0.1', 'likelihood': 1}]",,False,0,3,0.0,0.0,0,Allan,0.0,628,False,,,6.0,624777.jpg,0.0,False,Andrade Elias,0.0,False,,a,15,43,0,1127,164,631,110,0.0,0.0,Allan,Allan,30.0,2026-08-31,2004-04-19,False,p624777,0,0,0,0,0,0,0,0,0,0,0,0,0,0.0,0.0,0.0,0.0,0,0,0,0,0,0.00,0.00,0.00,0.00,,,,,,,[],,659,293,661,294,656,292,661,294,0.0,0.0,0.0,0.0,0.0,0.0,76,50,659,294,660,294,608,257,0.0,0.0,0.0,Man City,MCI
True,True,,,595480,0,0,0,0,-22.1,-1,"[{'offset': 0, 'projected_percent': '-24.5', 'likelihood': -2}, {'offset': 1, 'projected_percent': '-29.2', 'likelihood': -2}, {'offset': 2, 'projected_percent': '-33.8', 'likelihood': -2}]",,False,0,3,0.0,0.0,0,Floyd,0.0,653,False,,,4.5,595480.jpg,0.0,False,Samba,0.0,False,,a,15,43,0,3831,182,2019,336,0.0,0.0,Samba,Floyd Samba,241.0,2026-02-13,2009-01-15,False,p595480,0,0,0,0,0,0,0,0,0,0,0,0,0,0.0,0.0,0.0,0.0,0,0,0,0,0,0.00,0.00,0.00,0.00,,,,,,,[],,530,211,526,217,484,189,535,212,0.0,0.0,0.0,0.0,0.0,0.0,521,273,534,215,543,219,517,206,0.0,0.0,0.0,Man City,MCI
True,True,100.0,100.0,166989,0,0,-2,2,-29.2,-34,"[{'offset': 0, 'projected_percent': '-30.9', 'likelihood': -2}, {'offset': 1, 'projected_percent': '-34.2', 'likelihood': -2}, {'offset': 2, 'projected_percent': '-37.5', 'likelihood': -2}]",,False,0,3,3.0,3.0,4,Youri,3.0,43,False,,2026-07-23T12:01:23.321726Z,5.8,166989.jpg,2.8,False,Tielemans,1.5,False,,a,16,1,14,43509,2062,158710,8086,0.5,2.4,Tielemans,,21.0,2026-07-14,1997-05-07,False,p166989,402,0,0,0,8,0,0,0,0,0,0,0,93,87.2,112.6,43.0,24.4,11,25,7,43,5,0.65,0.52,1.17,6.16,,,,,3.0,,[],,103,31,34,29,112,63,54,36,0.15,0.0,0.12,0.27,1.38,1.79,98,62,125,53,173,74,151,47,1.12,0.0,9.63,Man Utd,MUN
True,True,100.0,50.0,535301,0,0,-1,1,0.0,0,"[{'offset': 0, 'projected_percent': '0.0', 'likelihood': 0}, {'offset': 1, 'projected_percent': '0.0', 'likelihood': 0}, {'offset': 2, 'projected_percent': '0.0', 'likelihood': 0}]",2026-09-26T13:30:09.440487Z,False,0,3,0.0,0.0,0,Carlos,0.0,131,False,,2026-08-06T16:00:10.997714Z,4.9,535301.jpg,0.0,False,Baleba,0.1,False,,a,16,1,0,6198,759,14180,539,0.0,0.0,Baleba,,38.0,2026-08-25,2004-01-03,False,p535301,0,0,0,0,0,0,0,0,0,0,0,0,0,0.0,0.0,0.0,0.0,0,0,0,0,0,0.00,0.00,0.00,0.00,,,,,,,[],,575,240,575,246,541,222,581,242,0.0,0.0,0.0,0.0,0.0,0.0,390,233,579,244,586,247,387,143,0.0,0.0,0.0,Man Utd,MUN
True,True,,,532605,0,0,-2,2,-38.1,-3,"[{'offset': 0, 'projected_percent': '-38.5', 'likelihood': -2}, {'offset': 1, 'projected_percent': '-39.2', 'likelihood': -2}, {'offset': 2, 'projected_percent': '-40.0', 'likelihood': -3}]",,False,0,3,0.5,0.5,0,Andrey,0.5,162,False,,,4.8,532605.jpg,1.3,False,Nascimento dos Santos,0.6,False,,a,16,1,4,21950,753,72360,3741,0.1,0.8,Andrey Santos,Andrey Santos,30.0,2026-07-13,2004-05-03,False,p532605,82,0,0,0,4,0,0,0,0,0,0,0,23,24.8,5.5,8.0,3.9,7,7,4,18,1,0.00,0.24,0.24,2.03,,,,,,,[],,267,112,299,150,269,138,309,140,0.0,0.0,0.26,0.26,2.23,4.39,419,256,329,152,281,127,238,75,1.1,0.0,19.76,Man Utd,MUN
True,True,75.0,100.0,59735,0,0,0,0,-15.1,-4,"[{'offset': 0, 'projected_percent': '-18.8', 'likelihood': -1}, {'offset': 1, 'projected_percent': '-26.1', 'likelihood': -2}, {'offset': 2, 'projected_percent': '-33.3', 'likelihood': -2}]",,False,0,1,0.0,0.0,0,Karl,0.0,325,False,Unspecified injury - 75% chance of playing,2026-09-21T13:30:08.885505Z,4.5,59735.jpg,0.0,False,Darlow,0.0,False,,d,16,1,0,1058,51,1504,123,0.0,0.0,Darlow,,244.0,2026-06-14,1990-10-08,False,p59735,0,0,0,0,0,0,0,0,0,0,0,0,0,0.0,0.0,0.0,0.0,0,0,0,0,0,0.00,0.00,0.00,0.00,,,,,,,[],https://www.manutd.com/en/news/darlow-mainoo-rashford-withdraw-from-international-duty,479,53,471,35,421,30,484,53,0.0,0.0,0.0,0.0,0.0,0.0,429,23,483,53,493,53,512,58,0.0,0.0,0.0,Man Utd,MUN
True,True,,,465247,0,0,-1,1,-13.7,-67,"[{'offset': 0, 'projected_percent': '-14.2', 'likelihood': -1}, {'offset': 1, 'projected_percent': '-15.2', 'likelihood': -1}, {'offset': 2, 'projected_percent': '-16.1', 'likelihood': -1}]",,False,0,1,2.5,2.5,4,Senne,2.5,412,False,,,4.9,465247.jpg,2.2,False,Lammens,10.0,False,,a,16,1,11,96917,4709,674478,36047,0.5,2.2,Lammens,,21.0,2025-09-01,2002-07-07,False,p465247,450,0,0,0,8,0,0,0,0,0,16,0,58,132.8,0.0,0.0,13.3,5,38,0,0,5,0.00,0.00,0.00,6.80,,,,,,,[],,29,5,571,60,536,58,167,5,0.0,3.2,0.0,0.0,1.36,1.6,375,20,152,15,212,16,39,6,1.0,0.0,0.0,Man Utd,MUN
True,False,0.0,0.0,451302,0,0,0,0,0.0,0,"[{'offset': 0, 'projected_percent': '0.0', 'likelihood': 0}, {'offset': 1, 'projected_percent': '0.0', 'likelihood': 0}, {'offset': 2, 'projected_percent': '0.0', 'likelihood': 0}]",,False,0,1,0.0,0.0,0,Altay,0.0,413,False,Has joined Celta Vigo on loan for the rest of the season,2026-08-10T14:02:28.608415Z,4.5,451302.jpg,0.0,False,Bayındır,0.0,False,,u,16,1,0,0,0,1136,26,0.0,0.0,Bayindir,,219.0,2023-09-01,1998-04-14,False,p451302,0,0,0,0,0,0,0,0,0,0,0,0,0,0.0,0.0,0.0,0.0,0,0,0,0,0,0.00,0.00,0.00,0.00,,,,,,,[],,499,63,495,49,449,44,504,63,0.0,0.0,0.0,0.0,0.0,0.0,477,37,503,63,513,63,604,71,0.0,0.0,0.0,Man Utd,MUN
True,True,0.0,0.0,21205,0,0,0,0,-32.0,0,"[{'offset': 0, 'projected_percent': '-32.0', 'likelihood': -2}, {'offset': 1, 'projected_percent': '-32.0', 'likelihood': -2}, {'offset': 2, 'projected_percent': '-32.0', 'likelihood': -2}]",,False,0,1,0.0,0.0,0,Tom,0.0,414,False,Hamstring injury - Unknown return date,2026-08-15T16:00:07.854151Z,4.0,21205.jpg,0.0,False,Heaton,0.1,False,,i,16,1,0,2066,148,3471,184,0.0,0.0,Heaton,,241.0,2021-07-02,1986-04-15,False,p21205,0,0,0,0,0,0,0,0,0,0,0,0,0,0.0,0.0,0.0,0.0,0,0,0,0,0,0.00,0.00,0.00,0.00,,,,,,,[],,410,25,398,6,342,1,414,25,0.0,0.0,0.0,0.0,0.0,0.0,587,49,410,25,424,25,441,49,0.0,0.0,0.0,Man Utd,MUN
True,True,,,596777,0,0,-2,2,-91.4,-14,"[{'offset': 0, 'projected_percent': '-93.3', 'likelihood': -3}, {'offset': 1, 'projected_percent': '-97.0', 'likelihood': -4}, {'offset': 2, 'projected_percent': '-100.7', 'likelihood': -5}]",,False,0,3,2.5,2.5,4,Patrick,2.5,415,False,,,5.8,596777.jpg,2.0,False,Dorgu,0.5,False,,a,16,1,10,13681,711,96454,2917,0.4,1.7,Dorgu,,58.0,2025-02-02,2004-10-26,False,p596777,171,0,1,0,6,0,0,0,1,0,0,0,27,49.2,44.1,72.0,15.6,8,4,8,20,2,0.78,0.09,0.87,3.38,,,,,,,[],,197,84,141,89,60,37,129,69,0.41,0.0,0.05,0.46,1.78,3.16,111,71,158,66,240,106,245,80,1.05,0.0,10.53,Man Utd,MUN
True,True,0.0,0.0,209365,0,0,0,0,-87.7,0,"[{'offset': 0, 'projected_percent': '-87.7', 'likelihood': -3}, {'offset': 1, 'projected_percent': '-87.7', 'likelihood': -3}, {'offset': 2, 'projected_percent': '-87.7', 'likelihood': -3}]",,False,0,2,0.0,0.0,0,Matthijs,0.0,416,False,Back injury - Unknown return date,2026-07-23T12:01:23.690880Z,5.0,209365.jpg,0.0,False,de Ligt,0.0,False,,i,16,1,0,429,50,1500,77,0.0,0.0,De Ligt,,152.0,2024-08-13,1999-08-12,False,p209365,0,0,0,0,0,0,0,0,0,0,0,0,0,0.0,0.0,0.0,0.0,0,0,0,0,0,0.00,0.00,0.00,0.00,,,,,,,[],https://www.manutd.com/en/news/team-news-for-man-utd-hull-opener-aug-2026,588,209,590,208,565,205,594,209,0.0,0.0,0.0,0.0,0.0,0.0,259,38,591,207,597,208,563,190,0.0,0.0,0.0,Man Utd,MUN
True,True,,,216051,0,0,-1,1,-67.1,-16,"[{'offset': 0, 'projected_percent': '-67.9', 'likelihood': -3}, {'offset': 1, 'projected_percent': '-69.3', 'likelihood': -3}, {'offset': 2, 'projected_percent': '-70.7', 'likelihood': -3}]",,False,0,2,1.8,1.8,2,Diogo,1.8,417,False,,,4.9,216051.jpg,1.6,False,Dalot Teixeira,1.6,False,,a,16,1,8,25622,843,133946,5451,0.4,1.6,Dalot,Diogo Dalot,173.0,2018-06-08,1999-03-18,False,p216051,346,0,0,0,4,0,0,0,1,0,0,0,46,43.6,107.7,49.0,20.2,10,21,6,16,4,0.24,0.23,0.47,4.70,,,,,,,[],,206,82,38,6,95,20,85,24,0.06,0.0,0.06,0.12,1.22,1.04,357,61,204,74,264,94,142,57,1.04,0.0,4.16,Man Utd,MUN
True,True,,,95658,0,0,-1,1,-99.6,-180,"[{'offset': 0, 'projected_percent': '-101.1', 'likelihood': -5}, {'offset': 1, 'projected_percent': '-104.1', 'likelihood': -5}, {'offset': 2, 'projected_percent': '-107.0', 'likelihood': -5}]",,False,0,2,2.2,2.2,2,Harry,2.2,418,False,,,4.9,95658.jpg,2.0,False,Maguire,8.8,False,,a,16,1,10,136856,2898,988491,58800,0.4,2.0,Maguire,,241.0,2019-08-05,1993-03-05,False,p95658,450,0,1,0,8,0,0,0,2,0,0,0,50,86.0,50.1,50.0,18.6,28,21,3,31,5,0.20,0.46,0.66,6.80,,,,,,,[],,104,47,119,30,92,18,102,33,0.04,0.0,0.09,0.13,1.36,1.6,340,57,170,65,227,87,44,15,1.0,0.0,6.2,Man Utd,MUN
True,True,100.0,100.0,221820,0,0,0,0,-87.0,-21,"[{'offset': 0, 'projected_percent': '-88.1', 'likelihood': -3}, {'offset': 1, 'projected_percent': '-90.5', 'likelihood': -3}, {'offset': 2, 'projected_percent': '-92.8', 'likelihood': -3}]",,False,0,2,1.5,1.5,0,Lisandro,1.5,419,False,,2026-07-24T20:00:10.337107Z,5.0,221820.jpg,1.5,False,Martínez,1.3,False,,a,16,1,6,35589,2663,65434,4581,0.3,1.2,Martinez,Lisandro Martínez,10.0,2022-07-17,1998-01-18,False,p221820,360,0,0,0,6,1,0,0,0,0,0,0,29,66.4,18.8,32.0,11.8,17,14,3,20,4,0.21,0.16,0.37,5.79,,,,,,,[],,142,64,221,75,147,42,184,66,0.05,0.0,0.04,0.09,1.45,1.5,267,42,234,84,272,98,161,64,1.0,0.0,5.0,Man Utd,MUN
True,True,,,550864,-1,1,-2,2,-7.3,-8,"[{'offset': 0, 'projected_percent': '-8.0', 'likelihood': -1}, {'offset': 1, 'projected_percent': '-9.5', 'likelihood': -1}, {'offset': 2, 'projected_percent': '-10.9', 'likelihood': -1}]",,False,0,2,0.5,0.5,0,Leny,0.5,420,False,,,4.8,550864.jpg,1.0,False,Yoro,0.5,False,,a,16,1,2,5143,361,35443,1601,0.1,0.4,Yoro,,73.0,2024-07-19,2005-11-13,False,p550864,22,0,0,0,2,0,0,0,0,0,0,0,-1,7.8,2.4,2.0,1.3,3,1,2,5,0,0.00,0.02,0.02,1.09,,,,,,,[],,341,126,327,117,324,123,368,129,0.0,0.0,0.08,0.08,4.46,8.18,420,78,330,119,330,128,258,95,0.0,0.0,20.45,Man Utd,MUN
True,True,,,606745,0,0,-1,1,-87.9,-8,"[{'offset': 0, 'projected_percent': '-90.1', 'likelihood': -3}, {'offset': 1, 'projected_percent': '-94.4', 'likelihood': -3}, {'offset': 2, 'projected_percent': '-98.8', 'likelihood': -4}]",,False,0,2,0.0,0.0,0,Ayden,0.0,421,False,,,4.4,606745.jpg,1.0,False,Heaven,0.3,False,,a,16,1,1,5930,160,23664,1078,0.0,0.2,Heaven,,241.0,2025-02-01,2006-09-22,False,p606745,90,0,0,0,2,0,0,0,0,0,0,0,5,6.8,2.6,11.0,2.0,1,4,1,2,1,0.12,0.04,0.16,1.01,,,,,,,[],,348,128,325,116,246,84,348,122,0.12,0.0,0.04,0.16,1.01,2.0,577,153,481,183,316,120,302,111,1.0,0.0,2.0,Man Utd,MUN
True,True,,,230001,0,0,-1,1,-63.0,-5,"[{'offset': 0, 'projected_percent': '-63.7', 'likelihood': -3}, {'offset': 1, 'projected_percent': '-65.2', 'likelihood': -3}, {'offset': 2, 'projected_percent': '-66.7', 'likelihood': -3}]",,False,0,2,0.5,0.5,0,Noussair,0.5,422,False,,,4.4,230001.jpg,1.0,False,Mazraoui,0.5,False,,a,16,1,3,14230,446,40244,2157,0.1,0.7,Mazraoui,,145.0,2024-08-13,1997-11-14,False,p230001,97,0,0,0,4,0,0,0,0,0,0,0,6,21.0,31.2,11.0,6.4,4,3,2,6,1,0.22,0.06,0.28,2.08,,,,,,,[],,283,114,183,57,245,83,264,100,0.2,0.0,0.06,0.26,1.93,3.71,560,143,321,114,311,116,249,94,0.93,0.0,5.57,Man Utd,MUN
True,True,100.0,50.0,106760,-1,1,-2,2,-2.7,-74,"[{'offset': 0, 'projected_percent': '-3.1', 'likelihood': -1}, {'offset': 1, 'projected_percent': '-3.9', 'likelihood': -1}, {'offset': 2, 'projected_percent': '-4.7', 'likelihood': -1}]",,False,0,2,2.0,1.0,2,Luke,2.0,423,False,,2026-09-11T13:00:09.030120Z,4.3,106760.jpg,2.2,False,Shaw,7.8,False,,a,16,1,9,99637,2153,1296253,64324,0.5,2.1,Shaw,,241.0,2014-07-01,1995-07-12,False,p106760,335,0,1,0,5,0,0,0,1,0,0,0,54,92.6,91.6,17.0,20.1,17,7,6,23,4,0.03,0.58,0.61,4.63,3.0,,,,,,[],,90,41,48,8,206,62,87,26,0.01,0.0,0.16,0.17,1.24,1.34,579,154,184,69,206,82,48,17,1.07,0.0,6.18,Man Utd,MUN
True,True,,,577974,0,0,0,0,-39.4,0,"[{'offset': 0, 'projected_percent': '-39.4', 'likelihood': -2}, {'offset': 1, 'projected_percent': '-39.4', 'likelihood': -2}, {'offset': 2, 'projected_percent': '-39.4', 'likelihood': -2}]",,False,0,2,0.0,0.0,0,Harry,0.0,424,False,,,4.0,577974.jpg,0.0,False,Amass,0.2,False,,a,16,1,0,6208,306,8573,543,0.0,0.0,Amass,,241.0,2024-04-06,2007-03-16,False,p577974,0,0,0,0,0,0,0,0,0,0,0,0,0,0.0,0.0,0.0,0.0,0,0,0,0,0,0.00,0.00,0.00,0.00,,,,,,,[],,455,172,446,171,391,157,460,172,0.0,0.0,0.0,0.0,0.0,0.0,650,201,457,168,469,172,332,124,0.0,0.0,0.0,Man Utd,MUN
True,False,0.0,0.0,547676,0,0,0,0,0.0,0,"[{'offset': 0, 'projected_percent': '0.0', 'likelihood': 0}, {'offset': 1, 'projected_percent': '0.0', 'likelihood': 0}, {'offset': 2, 'projected_percent': '0.0', 'likelihood': 0}]",,False,0,2,0.0,0.0,0,Tyler,0.0,425,False,Has joined Lausanne-Sport permanently,2026-08-18T14:12:31.904433Z,4.0,547676.jpg,0.0,False,Fredricson,0.0,False,,u,16,1,0,0,0,1299,31,0.0,0.0,Fredricson,,241.0,2022-09-07,2005-02-23,False,p547676,0,0,0,0,0,0,0,0,0,0,0,0,0,0.0,0.0,0.0,0.0,0,0,0,0,0,0.00,0.00,0.00,0.00,,,,,,,[],,448,165,439,164,383,149,453,165,0.0,0.0,0.0,0.0,0.0,0.0,640,191,450,161,462,165,601,203,0.0,0.0,0.0,Man Utd,MUN
True,True,,,141746,-1,1,-1,1,-0.2,-255,"[{'offset': 0, 'projected_percent': '-0.5', 'likelihood': -1}, {'offset': 1, 'projected_percent': '-1.1', 'likelihood': -1}, {'offset': 2, 'projected_percent': '-1.6', 'likelihood': -1}]",,False,1,3,7.2,7.2,2,Bruno,7.2,426,False,,,11.9,141746.jpg,6.2,False,Borges Fernandes,38.8,False,,a,16,1,31,637447,25847,1808259,155309,0.6,2.6,B.Fernandes,Bruno Fernandes,173.0,2020-01-30,1994-09-08,False,p141746,450,3,1,0,8,0,0,0,0,0,0,3,148,187.0,241.7,117.0,54.6,3,21,5,29,5,2.56,1.32,3.88,6.80,1.0,,1.0,,1.0,,[],,2,2,1,1,25,13,1,1,0.51,0.0,0.26,0.77,1.36,1.6,2,1,8,3,24,11,6,2,1.0,0.0,5.8,Man Utd,MUN
True,True,,,446008,0,0,-1,1,-67.1,-198,"[{'offset': 0, 'projected_percent': '-67.8', 'likelihood': -3}, {'offset': 1, 'projected_percent': '-69.2', 'likelihood': -3}, {'offset': 2, 'projected_percent': '-70.5', 'likelihood': -3}]",,False,0,3,5.8,5.8,2,Bryan,5.8,427,False,,,7.9,446008.jpg,5.0,False,Mbeumo,20.8,False,,a,16,1,25,450576,23597,1986565,100066,0.7,3.2,Mbeumo,,38.0,2025-07-21,1999-08-07,False,p446008,450,2,1,0,8,0,0,0,1,0,0,3,110,120.8,164.2,156.0,44.2,7,14,5,26,5,3.07,0.80,3.87,6.80,2.0,,2.0,,2.0,,[],,42,15,11,10,9,5,7,6,0.61,0.0,0.16,0.77,1.36,1.6,11,8,29,13,59,25,17,7,1.0,0.0,5.2,Man Utd,MUN
True,True,,,430871,0,0,-1,1,-92.2,44,"[{'offset': 0, 'projected_percent': '-91.7', 'likelihood': -3}, {'offset': 1, 'projected_percent': '-90.5', 'likelihood': -3}, {'offset': 2, 'projected_percent': '-89.4', 'likelihood': -3}]",,False,0,3,6.0,6.0,10,Matheus,6.0,428,False,,,7.9,430871.jpg,5.2,False,Santos Carneiro da Cunha,5.7,False,,a,16,1,26,86282,12536,504479,16448,0.8,3.3,Cunha,Matheus Cunha,30.0,2025-06-01,1999-05-27,False,p430871,407,1,2,1,5,0,0,0,0,0,0,4,95,73.0,111.5,114.0,30.0,1,9,3,13,5,0.63,0.83,1.46,5.44,,,,,,,[],,126,41,35,30,27,14,34,24,0.14,0.0,0.18,0.32,1.2,1.11,10,7,24,11,55,24,68,22,1.11,0.22,2.87,Man Utd,MUN
True,True,75.0,,176297,0,0,0,0,-61.9,-96,"[{'offset': 0, 'projected_percent': '-64.4', 'likelihood': -3}, {'offset': 1, 'projected_percent': '-69.3', 'likelihood': -3}, {'offset': 2, 'projected_percent': '-74.1', 'likelihood': -3}]",,False,0,3,1.7,2.2,2,Marcus,2.2,429,False,Unspecified injury - 75% chance of playing,2026-09-21T10:30:09.221479Z,7.0,176297.jpg,2.0,False,Rashford,1.5,False,,d,16,1,10,84802,3773,122104,11023,0.3,1.4,Rashford,,241.0,2015-07-01,1997-10-31,False,p176297,351,0,0,1,3,0,0,0,0,0,0,0,58,53.4,163.2,157.0,37.3,4,10,4,18,4,0.78,0.43,1.21,4.50,,,3.0,,,,[],https://www.manutd.com/en/news/carrick-reveals-rashford-picked-up-an-issue,179,71,12,11,8,4,14,12,0.2,0.0,0.11,0.31,1.15,0.77,25,16,182,83,244,108,149,46,1.03,0.26,4.62,Man Utd,MUN
True,True,100.0,100.0,184341,0,0,-1,1,0.1,0,"[{'offset': 0, 'projected_percent': '0.1', 'likelihood': 1}, {'offset': 1, 'projected_percent': '0.1', 'likelihood': 1}, {'offset': 2, 'projected_percent': '0.1', 'likelihood': 1}]",,False,0,3,0.2,0.2,1,Mason,0.2,430,False,,2026-08-15T16:00:07.879135Z,5.4,184341.jpg,1.0,False,Mount,0.0,False,,a,16,1,1,846,118,1911,135,0.0,0.2,Mount,,241.0,2023-07-05,1999-01-10,False,p184341,10,0,0,0,0,0,0,0,0,0,0,0,3,0.6,1.1,5.0,0.7,0,1,0,1,0,0.09,0.01,0.10,0.00,,,4.0,,,,[],,400,187,355,178,294,152,384,180,0.81,0.0,0.09,0.9,0.0,0.0,174,110,394,188,374,173,536,217,0.0,0.0,9.0,Man Utd,MUN
True,True,0.0,0.0,493250,0,0,-3,3,-12.7,-8,"[{'offset': 0, 'projected_percent': '-13.4', 'likelihood': -1}, {'offset': 1, 'projected_percent': '-14.8', 'likelihood': -1}, {'offset': 2, 'projected_percent': '-16.2', 'likelihood': -1}]",,False,0,3,0.0,0.0,0,Amad,0.0,431,False,Unspecified injury - Unknown return date,2026-08-22T11:00:08.617283Z,5.7,493250.jpg,0.0,False,Diallo,0.3,False,,i,16,1,0,2122,80,123044,1323,0.0,0.0,Amad,,54.0,2021-01-07,2002-07-11,False,p493250,0,0,0,0,0,0,0,0,0,0,0,0,0,0.0,0.0,0.0,0.0,0,0,0,0,0,0.00,0.00,0.00,0.00,4.0,,,,,,[],https://www.manutd.com/en/news/team-news-for-ipswich-visit-30-august,646,285,652,287,642,283,651,286,0.0,0.0,0.0,0.0,0.0,0.0,116,74,648,287,651,287,293,100,0.0,0.0,0.0,Man Utd,MUN
True,True,75.0,,516895,0,0,0,0,15.4,-80,"[{'offset': 0, 'projected_percent': '14.8', 'likelihood': 1}, {'offset': 1, 'projected_percent': '13.7', 'likelihood': 1}, {'offset': 2, 'projected_percent': '12.6', 'likelihood': 1}]",,False,0,3,3.9,5.2,4,Kobbie,5.2,432,False,Unspecified injury - 75% chance of playing,2026-09-21T13:00:09.169862Z,5.5,516895.jpg,4.4,False,Mainoo,1.6,False,,d,16,1,22,93592,6498,61199,8922,0.9,4.0,Mainoo,,241.0,2022-10-15,2005-04-19,False,p516895,354,0,1,0,4,0,0,0,0,0,0,2,102,83.2,88.8,21.0,19.3,10,40,6,56,4,0.30,0.52,0.82,4.77,,,,,,,[],https://www.manutd.com/en/news/darlow-mainoo-rashford-withdraw-from-international-duty,109,34,53,43,186,99,95,51,0.08,0.0,0.13,0.21,1.21,1.02,156,97,41,17,76,30,143,44,1.02,0.0,14.24,Man Utd,MUN
True,True,0.0,0.0,232112,0,0,0,0,-65.4,0,"[{'offset': 0, 'projected_percent': '-65.4', 'likelihood': -3}, {'offset': 1, 'projected_percent': '-65.4', 'likelihood': -3}, {'offset': 2, 'projected_percent': '-65.4', 'likelihood': -3}]",,False,0,3,0.0,0.0,0,Manuel,0.0,433,False,Knee injury - Unknown return date,2026-07-23T12:01:23.706702Z,5.0,232112.jpg,0.0,False,Ugarte Ribeiro,0.0,False,,i,16,1,0,113,17,260,20,0.0,0.0,Ugarte,,230.0,2024-08-30,2001-04-11,False,p232112,0,0,0,0,0,0,0,0,0,0,0,0,0,0.0,0.0,0.0,0.0,0,0,0,0,0,0.00,0.00,0.00,0.00,,,,,,,[],https://www.manutd.com/en/news/an-official-update-on-manuel-ugarte,594,253,596,258,571,242,600,255,0.0,0.0,0.0,0.0,0.0,0.0,272,167,597,256,603,258,642,278,0.0,0.0,0.0,Man Utd,MUN
True,True,,,547037,0,0,-1,1,-38.4,0,"[{'offset': 0, 'projected_percent': '-38.4', 'likelihood': -2}, {'offset': 1, 'projected_percent': '-38.4', 'likelihood': -2}, {'offset': 2, 'projected_percent': '-38.4', 'likelihood': -2}]",,False,0,3,0.0,0.0,0,Jack,0.0,434,False,,,4.9,547037.jpg,0.0,False,Fletcher,0.0,False,,a,16,1,0,306,26,693,45,0.0,0.0,J.Fletcher,Jack Fletcher,241.0,2024-07-12,2007-03-19,False,p547037,0,0,0,0,0,0,0,0,0,0,0,0,0,0.0,0.0,0.0,0.0,0,0,0,0,0,0.00,0.00,0.00,0.00,,,,,,,[],,578,243,578,249,544,225,584,245,0.0,0.0,0.0,0.0,0.0,0.0,393,236,582,247,589,250,606,255,0.0,0.0,0.0,Man Utd,MUN
True,True,,,576628,0,0,-1,1,-4.6,2,"[{'offset': 0, 'projected_percent': '-2.6', 'likelihood': -1}, {'offset': 1, 'projected_percent': '0.0', 'likelihood': 0}, {'offset': 2, 'projected_percent': '0.0', 'likelihood': 0}]",,False,0,3,0.0,0.0,0,Shea,0.0,435,False,,,4.9,576628.jpg,1.0,False,Lacey,0.1,False,,a,16,1,1,1639,286,3205,240,0.0,0.2,Lacey,,241.0,2025-05-26,2007-04-14,False,p576628,10,0,0,0,0,0,0,0,0,0,0,0,3,0.2,0.6,0.0,0.1,0,1,0,1,0,0.00,0.00,0.00,0.00,,,,,,,[],,404,190,368,183,548,229,404,189,0.0,0.0,0.0,0.0,0.0,0.0,398,241,584,249,343,151,489,191,0.0,0.0,9.0,Man Utd,MUN
True,False,0.0,0.0,490881,0,0,0,0,0.0,0,"[{'offset': 0, 'projected_percent': '0.0', 'likelihood': 0}, {'offset': 1, 'projected_percent': '0.0', 'likelihood': 0}, {'offset': 2, 'projected_percent': '0.0', 'likelihood': 0}]",,False,0,3,0.0,0.0,0,Toby,0.0,436,False,Has joined West Brom permanently,2026-09-01T13:16:48.584385Z,5.0,490881.jpg,0.0,False,Collyer,0.0,False,,u,16,1,0,150,0,1042,35,0.0,0.0,Collyer,,241.0,2023-07-01,2004-01-03,False,p490881,0,0,0,0,0,0,0,0,0,0,0,0,0,0.0,0.0,0.0,0.0,0,0,0,0,0,0.00,0.00,0.00,0.00,,,,,,,[],,603,258,609,263,585,248,609,260,0.0,0.0,0.0,0.0,0.0,0.0,298,180,606,261,612,263,609,258,0.0,0.0,0.0,Man Utd,MUN
True,True,,,576620,0,0,0,0,-98.8,-4,"[{'offset': 0, 'projected_percent': '-100.3', 'likelihood': -5}, {'offset': 1, 'projected_percent': '-103.4', 'likelihood': -5}, {'offset': 2, 'projected_percent': '-106.4', 'likelihood': -5}]",,False,0,3,0.0,0.0,0,Bendito,0.0,437,False,,,4.5,576620.jpg,0.0,False,Mantato,0.2,False,,a,16,1,0,4826,162,9369,588,0.0,0.0,Bendito Mantato,,,,,False,p576620,0,0,0,0,0,0,0,0,0,0,0,0,0,0.0,0.0,0.0,0.0,0,0,0,0,0,0.00,0.00,0.00,0.00,,,,,,,[],,525,208,521,214,479,186,530,209,0.0,0.0,0.0,0.0,0.0,0.0,514,269,529,212,538,216,358,129,0.0,0.0,0.0,Man Utd,MUN
True,True,,,519913,0,0,-1,1,0.3,0,"[{'offset': 0, 'projected_percent': '0.3', 'likelihood': 1}, {'offset': 1, 'projected_percent': '0.3', 'likelihood': 1}, {'offset': 2, 'projected_percent': '0.3', 'likelihood': 1}]",,False,0,3,0.0,0.0,0,Tyler,0.0,438,False,,,4.4,519913.jpg,0.0,False,Fletcher,0.3,False,,a,16,1,0,9939,1870,16229,1460,0.0,0.0,Fletcher,Tyler Fletcher,243.0,2025-05-26,2007-03-19,False,p519913,0,0,0,0,0,0,0,0,0,0,0,0,0,0.0,0.0,0.0,0.0,0,0,0,0,0,0.00,0.00,0.00,0.00,,,,,,,[],,474,196,466,202,416,174,479,197,0.0,0.0,0.0,0.0,0.0,0.0,573,297,477,200,488,204,282,95,0.0,0.0,0.0,Man Utd,MUN
True,True,75.0,100.0,485711,0,0,0,0,-24.7,-107,"[{'offset': 0, 'projected_percent': '-27.2', 'likelihood': -2}, {'offset': 1, 'projected_percent': '-32.2', 'likelihood': -2}, {'offset': 2, 'projected_percent': '-37.1', 'likelihood': -2}]",,False,0,4,1.4,1.8,0,Benjamin,1.8,439,False,Shin injury - 75% chance of playing,2026-09-20T19:30:08.505755Z,7.0,485711.jpg,2.0,False,Sesko,1.7,False,,d,16,1,8,103664,6225,126322,16649,0.3,1.1,Šeško,,195.0,2025-08-09,2003-05-31,False,p485711,76,1,0,0,3,0,0,0,0,0,0,0,39,34.6,11.9,36.0,8.2,0,5,0,5,0,0.39,0.01,0.40,2.00,,,,,,,[],https://www.manutd.com/en/news/sesko-withdraws-from-slovenia-squad,239,21,266,33,137,27,235,24,0.46,0.0,0.01,0.47,2.37,3.55,28,10,218,24,246,28,139,22,0.0,0.0,5.92,Man Utd,MUN
True,True,,,458249,-1,1,-2,2,-6.5,-6,"[{'offset': 0, 'projected_percent': '-7.1', 'likelihood': -1}, {'offset': 1, 'projected_percent': '-8.4', 'likelihood': -1}, {'offset': 2, 'projected_percent': '-9.7', 'likelihood': -1}]",,False,0,4,0.5,0.5,1,Joshua,0.5,440,False,,,5.3,458249.jpg,1.0,False,Zirkzee,0.4,False,,a,16,1,2,15115,1235,42786,2233,0.1,0.4,Zirkzee,,152.0,2024-07-17,2001-05-22,False,p458249,20,0,0,0,0,0,0,0,0,0,0,0,8,7.6,14.9,0.0,2.2,2,2,0,4,0,0.00,0.01,0.01,0.02,,,,,,,[],,343,35,239,27,610,68,343,39,0.0,0.0,0.04,0.04,0.09,0.0,225,49,338,39,363,40,266,47,0.0,0.0,18.0,Man Utd,MUN
True,False,0.0,0.0,596047,0,0,0,0,0.0,-37,"[{'offset': 0, 'projected_percent': '0.0', 'likelihood': 0}, {'offset': 1, 'projected_percent': '0.0', 'likelihood': 0}, {'offset': 2, 'projected_percent': '0.0', 'likelihood': 0}]",,False,0,4,0.0,0.0,0,Chido,0.0,441,False,Has joined Willem II on loan for the rest of the season,2026-09-14T16:12:42.090874Z,4.5,596047.jpg,0.0,False,Obi,1.0,False,,u,16,1,0,45543,0,71508,8566,0.0,0.0,Obi,,58.0,2025-02-15,2007-11-29,False,p596047,0,0,0,0,0,0,0,0,0,0,0,0,0,0.0,0.0,0.0,0.0,0,0,0,0,0,0.00,0.00,0.00,0.00,,,,,,,[],,531,54,527,58,485,53,536,58,0.0,0.0,0.0,0.0,0.0,0.0,522,75,535,56,544,59,184,29,0.0,0.0,0.0,Man Utd,MUN
True,True,100.0,0.0,465694,0,0,0,0,0.8,0,"[{'offset': 0, 'projected_percent': '0.8', 'likelihood': 1}, {'offset': 1, 'projected_percent': '0.8', 'likelihood': 1}, {'offset': 2, 'projected_percent': '0.8', 'likelihood': 1}]",2026-09-27T16:30:09.285267Z,False,0,3,1.0,0.0,0,Nico,1.0,405,False,,2026-09-14T21:30:07.343728Z,5.5,465694.jpg,1.7,False,González Iglesias,0.2,False,,a,17,4,5,17809,346,16741,1572,0.2,0.9,N.Gonzalez,,200.0,2026-08-26,2002-01-03,False,p465694,164,0,0,1,2,0,0,0,1,0,0,0,23,13.4,42.0,2.0,5.8,3,9,0,12,3,0.00,0.21,0.21,2.34,,,,,,,[],,304,132,149,95,334,167,276,123,0.0,0.0,0.12,0.12,1.28,1.1,148,90,274,126,262,116,336,118,1.65,0.55,6.59,Newcastle,NEW
True,True,,,98747,0,0,-1,1,-38.2,-2,"[{'offset': 0, 'projected_percent': '-38.4', 'likelihood': -2}, {'offset': 1, 'projected_percent': '-38.7', 'likelihood': -2}, {'offset': 2, 'projected_percent': '-39.1', 'likelihood': -2}]",,False,0,1,0.0,0.0,0,Nick,0.0,442,False,,,4.9,98747.jpg,0.0,False,Pope,1.0,False,,a,17,4,0,13107,614,53032,2309,0.0,0.0,Pope,,241.0,2022-06-23,1992-04-19,False,p98747,0,0,0,0,0,0,0,0,0,0,0,0,0,0.0,0.0,0.0,0.0,0,0,0,0,0,0.00,0.00,0.00,0.00,,,,,,,[],,557,67,554,55,517,53,562,67,0.0,0.0,0.0,0.0,0.0,0.0,341,15,561,67,569,67,186,29,0.0,0.0,0.0,Newcastle,NEW
True,True,,,81441,0,0,0,0,-34.5,0,"[{'offset': 0, 'projected_percent': '-34.5', 'likelihood': -2}, {'offset': 1, 'projected_percent': '-34.5', 'likelihood': -2}, {'offset': 2, 'projected_percent': '-34.5', 'likelihood': -2}]",,False,0,1,0.0,0.0,0,Mark,0.0,443,False,,,4.5,81441.jpg,0.0,False,Gillespie,0.0,False,,a,17,4,0,752,27,1175,55,0.0,0.0,Gillespie,,241.0,2020-07-27,1992-03-27,False,p81441,0,0,0,0,0,0,0,0,0,0,0,0,0,0.0,0.0,0.0,0.0,0,0,0,0,0,0.00,0.00,0.00,0.00,,,,,,,[],,480,54,474,38,424,33,485,54,0.0,0.0,0.0,0.0,0.0,0.0,432,26,484,54,494,54,527,61,0.0,0.0,0.0,Newcastle,NEW
True,True,50.0,50.0,554578,-1,1,-1,1,-4.6,-1,"[{'offset': 0, 'projected_percent': '-5.9', 'likelihood': -1}, {'offset': 1, 'projected_percent': '-8.5', 'likelihood': -1}, {'offset': 2, 'projected_percent': '-11.1', 'likelihood': -1}]",,False,0,1,0.0,0.0,0,Ewen,0.0,444,False,Ankle injury - 50% chance of playing,2026-09-10T16:00:09.127466Z,4.4,554578.jpg,0.0,False,Jaouen,0.0,False,,d,17,4,0,448,15,1492,87,0.0,0.0,Jaouen,,73.0,2026-06-15,2005-12-29,False,p554578,0,0,0,0,0,0,0,0,0,0,0,0,0,0.0,0.0,0.0,0.0,0,0,0,0,0,0.00,0.00,0.00,0.00,,,,,,,[],https://www.newcastleunited.com/en/video/1001979?utm_source=premier-league-web&utm_medium=referral&utm_campaign=pl-referral-always-on&utm_term=injury-news,476,52,468,34,418,29,481,52,0.0,0.0,0.0,0.0,0.0,0.0,575,48,479,52,490,52,569,67,0.0,0.0,0.0,Newcastle,NEW
True,True,,,465642,0,0,0,0,16.6,1,"[{'offset': 0, 'projected_percent': '16.6', 'likelihood': 1}, {'offset': 1, 'projected_percent': '16.6', 'likelihood': 1}, {'offset': 2, 'projected_percent': '16.6', 'likelihood': 1}]",,False,0,2,2.8,2.8,4,Malick,2.8,445,False,,,5.0,465642.jpg,2.8,False,Thiaw,2.2,False,,a,17,4,14,175445,6144,120076,7065,0.6,2.8,Thiaw,,80.0,2025-08-12,2001-08-08,False,p465642,450,0,0,1,9,1,0,0,0,0,0,0,32,106.2,16.3,4.0,12.7,45,10,0,45,5,0.00,0.08,0.08,9.14,,,,,,,[],,64,28,233,81,309,113,174,62,0.0,0.0,0.02,0.02,1.83,1.8,287,47,132,49,166,69,123,49,1.0,0.2,9.0,Newcastle,NEW
True,True,100.0,100.0,119471,0,0,-1,1,-9.9,-3,"[{'offset': 0, 'projected_percent': '-10.9', 'likelihood': -1}, {'offset': 1, 'projected_percent': '-12.9', 'likelihood': -1}, {'offset': 2, 'projected_percent': '-14.9', 'likelihood': -1}]",,False,0,2,0.4,0.4,1,Fabian,0.4,446,False,,2026-08-15T16:30:07.209742Z,4.9,119471.jpg,1.0,False,Schär,0.2,False,,a,17,4,2,6915,404,13640,694,0.1,0.4,Schär,,207.0,2018-07-26,1991-12-20,False,p119471,25,0,0,0,2,0,0,0,0,0,0,0,0,25.0,10.5,0.0,3.6,7,0,0,7,0,0.00,0.01,0.01,1.87,,,2.0,,,,[],,266,108,273,98,519,200,314,117,0.0,0.0,0.04,0.04,6.73,7.2,343,58,349,121,331,129,326,121,0.0,0.0,25.2,Newcastle,NEW
True,True,,,220237,0,0,0,0,8.8,5,"[{'offset': 0, 'projected_percent': '8.9', 'likelihood': 1}, {'offset': 1, 'projected_percent': '8.9', 'likelihood': 1}, {'offset': 2, 'projected_percent': '9.0', 'likelihood': 1}]",,False,0,2,3.0,3.0,4,Sven,3.0,447,False,,,5.0,220237.jpg,3.0,False,Botman,0.7,False,,a,17,4,15,46068,3394,27292,1998,0.6,3.0,Botman,,152.0,2022-06-28,2000-01-12,False,p220237,450,0,0,1,9,0,0,0,1,0,0,0,43,136.0,4.1,23.0,16.4,54,14,5,59,5,0.06,0.17,0.23,9.14,,,,,,,[],,27,9,315,112,174,52,118,39,0.01,0.0,0.03,0.04,1.83,1.8,264,40,116,47,140,60,212,82,1.0,0.2,11.8,Newcastle,NEW
True,True,0.0,0.0,78916,-1,1,-2,2,-1.5,-25,"[{'offset': 0, 'projected_percent': '-2.0', 'likelihood': -1}, {'offset': 1, 'projected_percent': '-3.0', 'likelihood': -1}, {'offset': 2, 'projected_percent': '-4.0', 'likelihood': -1}]",,False,0,2,0.0,0.0,0,Dan,0.0,448,False,Ankle injury - Expected back 12 Oct,2026-08-23T18:00:08.367241Z,4.8,78916.jpg,0.0,False,Burn,0.7,False,,i,17,4,0,7282,67,159221,4313,0.0,0.0,Burn,,241.0,2022-01-31,1992-05-09,False,p78916,0,0,0,0,0,0,0,0,0,0,0,0,0,0.0,0.0,0.0,0.0,0,0,0,0,0,0.00,0.00,0.00,0.00,,,,,,,[],https://www.newcastleunited.com/en/news/confimed-line-up-opening-day-debuts-for-hornicek-dedic-and-steur-against-liverpool,550,202,547,201,508,196,555,202,0.0,0.0,0.0,0.0,0.0,0.0,407,73,554,200,563,202,207,80,0.0,0.0,0.0,Newcastle,NEW
True,True,,,487838,1,-1,3,-3,1.0,483,"[{'offset': 0, 'projected_percent': '2.2', 'likelihood': 1}, {'offset': 1, 'projected_percent': '4.7', 'likelihood': 1}, {'offset': 2, 'projected_percent': '7.1', 'likelihood': 1}]",,False,2,2,6.2,6.2,13,Lewis,6.2,449,False,,,5.3,487838.jpg,6.2,False,Hall,16.7,False,,a,17,4,31,1604451,190949,339334,11501,1.2,5.8,Hall,,241.0,2024-07-01,2004-09-08,False,p487838,449,1,1,1,9,0,0,0,0,0,0,6,127,175.6,89.0,38.0,30.2,33,38,13,46,5,0.25,0.79,1.04,9.12,1.0,,1.0,,,,[],,4,1,52,9,129,36,33,4,0.05,0.0,0.16,0.21,1.83,1.8,230,32,18,7,22,9,24,7,1.0,0.2,9.22,Newcastle,NEW
True,True,75.0,100.0,441191,0,0,-1,1,1.6,-2,"[{'offset': 0, 'projected_percent': '1.6', 'likelihood': 1}, {'offset': 1, 'projected_percent': '1.5', 'likelihood': 1}, {'offset': 2, 'projected_percent': '1.5', 'likelihood': 1}]",,False,0,2,0.6,0.8,0,Tino,0.8,450,False,Unspecified injury - 75% chance of playing,2026-09-19T14:00:09.046677Z,4.9,441191.jpg,2.0,False,Livramento,0.1,False,,d,17,4,4,10181,385,5601,1161,0.2,0.8,Livramento,,241.0,2023-08-08,2002-11-12,False,p441191,33,0,1,0,1,0,0,0,1,0,0,0,12,5.0,3.8,4.0,1.3,1,4,2,3,0,0.00,0.01,0.01,0.18,,,,,,,[],,360,135,317,114,306,111,369,130,0.0,0.0,0.03,0.03,0.49,2.73,369,65,282,104,229,88,410,151,0.0,0.0,8.18,Newcastle,NEW
True,False,0.0,0.0,545477,0,0,0,0,0.0,0,"[{'offset': 0, 'projected_percent': '0.0', 'likelihood': 0}, {'offset': 1, 'projected_percent': '0.0', 'likelihood': 0}, {'offset': 2, 'projected_percent': '0.0', 'likelihood': 0}]",,False,0,2,0.0,0.0,0,Alex,0.0,451,False,Has joined FC Kaiserslautern on loan for the rest of the season,2026-08-12T14:05:29.224600Z,4.0,545477.jpg,0.0,False,Murphy,0.1,False,,u,17,4,0,0,0,6860,209,0.0,0.0,A.Murphy,,104.0,2023-07-19,2004-06-25,False,p545477,0,0,0,0,0,0,0,0,0,0,0,0,0,0.0,0.0,0.0,0.0,0,0,0,0,0,0.00,0.00,0.00,0.00,,,,,,,[],,447,164,438,163,382,148,452,164,0.0,0.0,0.0,0.0,0.0,0.0,639,190,449,160,461,164,488,174,0.0,0.0,0.0,Newcastle,NEW
True,True,,,201666,1,-1,1,-1,11.5,285,"[{'offset': 0, 'projected_percent': '12.2', 'likelihood': 1}, {'offset': 1, 'projected_percent': '13.7', 'likelihood': 1}, {'offset': 2, 'projected_percent': '15.1', 'likelihood': 1}]",,False,1,3,5.6,5.6,9,Harvey,5.6,453,False,,,6.1,201666.jpg,5.6,False,Barnes,5.4,False,,a,17,4,28,593448,122345,141381,9473,0.9,4.6,Barnes,,241.0,2023-07-23,1997-12-09,False,p201666,450,1,3,1,9,0,0,0,0,0,0,3,105,105.2,80.9,96.0,28.2,14,16,3,33,5,0.62,0.48,1.10,9.14,3.0,,,,,,[],,67,22,62,51,39,22,39,28,0.12,0.0,0.1,0.22,1.83,1.8,62,43,32,15,41,20,72,24,1.0,0.2,6.6,Newcastle,NEW
True,True,0.0,0.0,449434,-1,1,1,-1,-29.6,-359,"[{'offset': 0, 'projected_percent': '-30.7', 'likelihood': -2}, {'offset': 1, 'projected_percent': '-33.0', 'likelihood': -2}, {'offset': 2, 'projected_percent': '-35.2', 'likelihood': -2}]",,False,0,3,0.0,0.0,0,Anthony,3.6,454,False,Unspecified injury - Unknown return date,2026-09-14T20:00:09.505598Z,6.1,449434.jpg,6.0,False,Elanga,4.8,False,,i,17,4,18,1286073,236,1061367,141406,0.6,3.0,Elanga,,206.0,2025-07-11,2002-04-27,False,p449434,232,2,0,1,3,0,0,0,1,0,0,2,71,82.6,50.6,61.0,19.4,2,3,4,9,3,0.42,0.34,0.76,4.01,2.0,,,,,,[],https://www.newcastleunited.com/en/news/matthias-jaissles-team-news-update-elanga-latest-ahead-of-hull-visit,113,35,115,77,71,43,94,50,0.16,0.0,0.13,0.29,1.56,1.16,63,44,85,34,33,15,77,27,1.16,0.39,3.49,Newcastle,NEW
True,True,0.0,0.0,232653,0,0,-1,1,-75.0,-7,"[{'offset': 0, 'projected_percent': '-75.8', 'likelihood': -3}, {'offset': 1, 'projected_percent': '-77.2', 'likelihood': -3}, {'offset': 2, 'projected_percent': '-78.6', 'likelihood': -3}]",,False,0,3,0.0,0.0,0,Jacob,1.4,456,False,Thigh injury - Unknown return date,2026-09-15T09:00:08.191022Z,4.9,232653.jpg,2.3,False,Ramsey,0.3,False,,i,17,4,7,16569,23,29941,3738,0.3,1.4,J.Ramsey,,241.0,2025-08-17,2001-05-28,False,p232653,69,1,0,0,1,0,0,0,1,0,0,0,26,40.4,6.3,21.0,6.7,3,6,2,11,0,0.17,0.16,0.33,1.92,,,,,,,[],https://www.newcastleunited.com/en/news/matthias-jaissles-team-news-update-elanga-latest-ahead-of-hull-visit,215,92,291,146,181,96,257,114,0.22,0.0,0.21,0.43,2.5,1.3,362,217,245,113,202,87,310,108,0.0,0.0,14.35,Newcastle,NEW
True,True,,,114243,0,0,-1,1,-22.8,2,"[{'offset': 0, 'projected_percent': '-21.7', 'likelihood': -2}, {'offset': 1, 'projected_percent': '-19.6', 'likelihood': -1}, {'offset': 2, 'projected_percent': '-17.5', 'likelihood': -1}]",,False,0,3,0.6,0.6,1,Jacob,0.6,457,False,,,5.9,114243.jpg,0.6,False,Murphy,0.1,False,,a,17,4,3,5748,645,10738,559,0.1,0.5,J.Murphy,Jacob Murphy,241.0,2017-07-19,1995-02-24,False,p114243,181,0,0,0,5,0,0,0,3,0,0,0,21,13.0,26.9,10.0,4.9,4,10,4,18,2,0.03,0.41,0.44,4.96,4.0,,,,,,[],,306,134,193,111,257,133,294,132,0.01,0.0,0.2,0.21,2.47,2.49,79,52,317,147,413,197,375,136,0.99,0.0,8.95,Newcastle,NEW
True,True,0.0,0.0,180974,0,0,-1,1,-55.9,0,"[{'offset': 0, 'projected_percent': '-55.9', 'likelihood': -3}, {'offset': 1, 'projected_percent': '-55.9', 'likelihood': -3}, {'offset': 2, 'projected_percent': '-55.9', 'likelihood': -3}]",,False,0,3,0.0,0.0,0,Joelinton Cássio,0.0,458,False,Unspecified injury - Unknown return date,2026-08-16T08:00:08.074045Z,5.4,180974.jpg,0.0,False,Apolinário de Lira,0.0,False,,i,17,4,0,220,9,2218,56,0.0,0.0,Joelinton,Joelinton,30.0,2019-07-24,1996-08-14,False,p180974,0,0,0,0,0,0,0,0,0,0,0,0,0,0.0,0.0,0.0,0.0,0,0,0,0,0,0.00,0.00,0.00,0.00,,,,,,,[],https://www.newcastleunited.com/en/news/matthias-jaissles-team-news-update-livramento-and-joelinton-latest-ahead-of-premier-league-opener,629,273,632,275,618,267,634,274,0.0,0.0,0.0,0.0,0.0,0.0,173,109,630,274,635,275,576,237,0.0,0.0,0.0,Newcastle,NEW
True,True,100.0,100.0,547719,0,0,0,0,0.6,1,"[{'offset': 0, 'projected_percent': '0.6', 'likelihood': 1}, {'offset': 1, 'projected_percent': '0.6', 'likelihood': 1}, {'offset': 2, 'projected_percent': '0.6', 'likelihood': 1}]",,False,0,3,2.4,2.4,4,Lewis,2.4,459,False,,2026-07-23T12:01:23.785456Z,5.5,547719.jpg,2.4,False,Miley,0.1,False,,a,17,4,12,6203,339,5326,319,0.4,2.2,L.Miley,,241.0,2023-02-01,2006-05-01,False,p547719,396,0,0,1,8,1,0,0,1,0,0,0,68,58.4,57.3,5.0,12.0,20,26,6,52,5,0.05,0.14,0.19,7.95,5.0,,,,,,[],,167,64,100,69,297,154,182,89,0.01,0.0,0.03,0.04,1.81,1.82,159,99,166,71,198,86,440,169,1.14,0.23,11.82,Newcastle,NEW
True,True,,,200089,0,0,0,0,13.6,29,"[{'offset': 0, 'projected_percent': '13.8', 'likelihood': 1}, {'offset': 1, 'projected_percent': '14.2', 'likelihood': 1}, {'offset': 2, 'projected_percent': '14.6', 'likelihood': 1}]",,False,0,3,4.4,4.4,10,Joe,4.4,460,False,,,5.0,200089.jpg,4.4,False,Willock,0.5,False,,a,17,4,22,62176,7356,29758,1773,0.9,4.4,Willock,,241.0,2021-08-13,1999-08-20,False,p200089,284,2,0,1,5,0,0,0,0,0,0,3,80,92.2,41.0,68.0,19.4,4,9,5,18,3,0.81,0.30,1.11,5.19,,,,,,,[],,93,27,153,98,64,39,93,49,0.26,0.0,0.1,0.36,1.64,1.58,254,158,61,23,73,28,243,78,0.95,0.32,5.7,Newcastle,NEW
True,True,,,611665,0,0,-2,2,-5.0,0,"[{'offset': 0, 'projected_percent': '-5.0', 'likelihood': -1}, {'offset': 1, 'projected_percent': '-5.0', 'likelihood': -1}, {'offset': 2, 'projected_percent': '-5.0', 'likelihood': -1}]",,False,0,3,1.6,1.6,1,Bazoumana,1.6,461,False,,,5.8,611665.jpg,2.7,False,Touré,0.1,False,,a,17,4,8,3621,238,16232,625,0.3,1.4,Touré,,54.0,2026-07-05,2006-03-02,False,p611665,50,1,0,0,1,0,0,0,0,0,0,0,29,37.6,5.3,21.0,6.4,1,3,0,4,0,0.28,0.01,0.29,0.76,,,,,,,[],,227,98,301,152,187,100,265,118,0.5,0.0,0.02,0.52,1.37,1.8,112,72,225,103,177,76,381,138,0.0,0.0,7.2,Newcastle,NEW
True,True,,,636852,0,0,-1,1,-49.2,0,"[{'offset': 0, 'projected_percent': '-49.2', 'likelihood': -3}, {'offset': 1, 'projected_percent': '-49.2', 'likelihood': -3}, {'offset': 2, 'projected_percent': '-49.2', 'likelihood': -3}]",,False,0,3,1.6,1.6,3,Sean,1.6,462,False,,,4.9,636852.jpg,1.6,False,Steur,0.1,False,,a,17,4,8,2331,175,6082,285,0.3,1.6,Steur,,152.0,2026-07-09,2008-01-11,False,p636852,223,0,0,1,5,0,0,0,0,0,0,0,42,35.4,52.2,0.0,8.8,9,8,4,21,2,0.00,0.06,0.06,4.23,,,,,,,[],,235,101,112,74,553,233,225,103,0.0,0.0,0.02,0.02,1.71,2.02,404,246,221,100,265,117,453,177,0.81,0.4,8.48,Newcastle,NEW
True,False,0.0,0.0,470313,0,0,-1,1,0.0,-9,"[{'offset': 0, 'projected_percent': '0.0', 'likelihood': 0}, {'offset': 1, 'projected_percent': '0.0', 'likelihood': 0}, {'offset': 2, 'projected_percent': '0.0', 'likelihood': 0}]",,False,0,4,0.0,0.0,0,Nick,0.8,463,False,Has joined Juventus on loan for the rest of the season,2026-09-02T16:07:16.549304Z,5.9,470313.jpg,4.0,False,Woltemade,0.5,False,,u,17,4,4,14520,0,141081,2646,0.1,0.7,Woltemade,,80.0,2025-08-30,2002-02-14,False,p470313,19,0,1,0,0,0,0,0,0,0,0,0,18,18.2,10.5,11.0,4.0,0,0,0,0,0,0.02,0.01,0.03,0.38,,,,,,,[],,288,28,276,36,252,36,308,34,0.09,0.0,0.05,0.14,1.8,0.0,90,23,296,34,97,10,251,41,0.0,0.0,0.0,Newcastle,NEW
True,True,,,216646,0,0,2,-2,59.0,-197,"[{'offset': 0, 'projected_percent': '57.6', 'likelihood': 3}, {'offset': 1, 'projected_percent': '54.9', 'likelihood': 3}, {'offset': 2, 'projected_percent': '52.1', 'likelihood': 3}]",,False,0,4,3.0,3.0,0,Yoane,3.0,464,False,,,6.2,216646.jpg,3.0,False,Wissa,18.7,False,,a,17,4,15,2257273,61761,697605,110595,0.5,2.4,Wissa,,50.0,2025-09-01,1996-09-03,False,p216646,441,1,1,1,8,0,0,1,2,0,0,2,54,66.6,60.6,106.0,23.3,6,15,6,27,5,2.35,0.06,2.41,7.97,,,,,2.0,,[],,141,11,92,8,31,12,62,12,0.48,0.0,0.01,0.49,1.63,1.63,55,13,127,13,155,15,20,5,1.02,0.2,5.51,Newcastle,NEW
True,True,0.0,0.0,538207,-1,1,-2,2,-5.3,-16,"[{'offset': 0, 'projected_percent': '-6.1', 'likelihood': -1}, {'offset': 1, 'projected_percent': '-7.7', 'likelihood': -1}, {'offset': 2, 'projected_percent': '-9.2', 'likelihood': -1}]",,False,0,4,0.0,0.0,0,William,0.8,465,False,Foot injury - Unknown return date,2026-08-25T19:00:08.004915Z,5.8,538207.jpg,4.0,False,Osula,0.3,False,,i,17,4,4,21400,77,86038,1733,0.1,0.7,Osula,,58.0,2024-08-08,2003-08-04,False,p538207,55,0,1,0,1,0,0,0,0,0,0,0,18,28.2,13.7,8.0,5.0,2,2,1,5,1,0.06,0.14,0.20,1.48,,,4.0,,1.0,,[],,260,25,254,29,273,38,292,33,0.1,0.0,0.23,0.33,2.42,1.64,109,28,294,32,96,9,286,48,1.64,0.0,8.18,Newcastle,NEW
True,False,0.0,0.0,599303,0,0,0,0,0.0,-13,"[{'offset': 0, 'projected_percent': '0.0', 'likelihood': 0}, {'offset': 1, 'projected_percent': '0.0', 'likelihood': 0}, {'offset': 2, 'projected_percent': '0.0', 'likelihood': 0}]",,False,0,4,0.0,0.0,0,Sean,0.0,466,False,Has joined Wolves on loan for the rest of the season,2026-09-04T12:37:43.515176Z,4.5,599303.jpg,0.0,False,Neave,0.5,False,,u,17,4,0,23805,0,51508,2886,0.0,0.0,Neave,,241.0,2025-02-07,2007-05-27,False,p599303,0,0,0,0,0,0,0,0,0,0,0,0,0,0.0,0.0,0.0,0.0,0,0,0,0,0,0.00,0.00,0.00,0.00,,,,,,,[],,533,55,529,59,487,54,538,59,0.0,0.0,0.0,0.0,0.0,0.0,524,76,537,57,546,60,246,39,0.0,0.0,0.0,Newcastle,NEW
True,True,,,632794,0,0,-1,1,-59.2,-1,"[{'offset': 0, 'projected_percent': '-60.1', 'likelihood': -3}, {'offset': 1, 'projected_percent': '-61.9', 'likelihood': -3}, {'offset': 2, 'projected_percent': '-63.6', 'likelihood': -3}]",,False,0,3,0.6,0.6,1,Aladji,0.6,559,False,,,4.9,632794.jpg,1.0,False,Bamba,0.1,False,,a,17,4,3,2529,89,7429,345,0.1,0.6,Bamba,,73.0,2026-07-24,2006-07-14,False,p632794,27,0,0,0,1,0,0,0,0,0,0,0,12,11.6,0.4,0.0,1.2,3,2,3,8,0,0.00,0.00,0.00,1.29,,,,,,,[],,314,140,378,188,552,232,373,176,0.0,0.0,0.0,0.0,4.3,3.33,403,245,306,140,346,154,421,158,0.0,0.0,26.67,Newcastle,NEW
True,True,,,470551,0,0,0,0,21.9,15,"[{'offset': 0, 'projected_percent': '22.0', 'likelihood': 2}, {'offset': 1, 'projected_percent': '22.2', 'likelihood': 2}, {'offset': 2, 'projected_percent': '22.4', 'likelihood': 2}]",,False,0,1,2.8,2.8,3,Lukás,2.8,567,False,,,5.0,470551.jpg,2.8,False,Hornícek,1.5,False,,a,17,4,14,149840,5190,69914,3361,0.6,2.8,Horníček,,57.0,2026-08-03,2002-07-13,False,p470551,450,0,0,1,9,0,0,0,1,0,19,0,72,155.6,0.0,0.0,15.5,11,31,0,0,5,0.00,0.00,0.00,9.14,,,,,,,[],,12,1,603,69,579,68,133,2,0.0,3.8,0.0,0.0,1.83,1.8,290,13,133,14,167,15,150,22,1.0,0.2,0.0,Newcastle,NEW
True,True,0.0,0.0,463726,0,0,0,0,-4.7,-92,"[{'offset': 0, 'projected_percent': '-5.9', 'likelihood': -1}, {'offset': 1, 'projected_percent': '-8.5', 'likelihood': -1}, {'offset': 2, 'projected_percent': '-11.0', 'likelihood': -1}]",,False,1,2,0.0,0.0,0,Amar,2.6,593,False,Unspecified injury - Unknown return date,2026-09-17T14:30:09.823731Z,4.5,463726.jpg,3.2,False,Dedic,1.9,False,,i,17,4,13,447806,184,301285,31235,0.6,2.9,Dedić,,27.0,2026-08-18,2002-08-18,False,p463726,327,0,1,1,7,0,0,0,0,0,0,2,36,70.0,40.7,15.0,12.6,16,15,8,24,4,0.14,0.08,0.22,7.38,,,3.0,,,,[],https://www.newcastleunited.com/en/news/matthias-jaissles-team-news-update-elanga-latest-ahead-of-hull-visit,133,59,155,41,217,69,175,63,0.04,0.0,0.02,0.06,2.03,1.93,480,117,141,52,126,54,130,53,1.1,0.28,6.61,Newcastle,NEW
True,False,0.0,0.0,553746,0,0,0,0,0.0,-4,"[{'offset': 0, 'projected_percent': '0.0', 'likelihood': 0}, {'offset': 1, 'projected_percent': '0.0', 'likelihood': 0}, {'offset': 2, 'projected_percent': '0.0', 'likelihood': 0}]",,False,0,2,0.0,0.0,0,Leo,0.0,609,False,has joined Arouca on loan for the rest of the seaon.,2026-09-11T14:41:57.406766Z,4.0,553746.jpg,0.0,False,Shahar,0.2,False,,u,17,4,0,18236,0,15258,1360,0.0,0.0,Shahar,,241.0,2024-08-08,2007-03-18,False,p553746,0,0,0,0,0,0,0,0,0,0,0,0,0,0.0,0.0,0.0,0.0,0,0,0,0,0,0.00,0.00,0.00,0.00,,,,,,,[],,451,168,442,167,386,152,456,168,0.0,0.0,0.0,0.0,0.0,0.0,643,194,453,164,465,168,348,132,0.0,0.0,0.0,Newcastle,NEW
True,True,,,613221,0,0,0,0,0.5,9,"[{'offset': 0, 'projected_percent': '0.6', 'likelihood': 1}, {'offset': 1, 'projected_percent': '0.7', 'likelihood': 1}, {'offset': 2, 'projected_percent': '0.8', 'likelihood': 1}]",,False,0,4,1.3,1.3,2,Matias,1.3,634,False,,,6.0,613221.jpg,1.3,False,Fernandez-Pardo,0.1,False,,a,17,4,4,16300,1229,5939,1039,0.2,0.7,Fernandez-Pardo,,21.0,2026-09-01,2005-02-03,False,p613221,157,0,0,0,4,0,0,0,0,0,0,0,16,3.4,12.5,15.0,3.1,0,3,2,5,2,0.05,0.01,0.06,2.94,,,,,,,[],,374,37,261,30,223,33,319,35,0.03,0.0,0.01,0.04,1.69,2.29,75,19,248,28,288,35,393,58,1.15,0.0,2.87,Newcastle,NEW
True,True,,,665243,0,0,0,0,0.0,0,"[{'offset': 0, 'projected_percent': '0.0', 'likelihood': 0}, {'offset': 1, 'projected_percent': '0.0', 'likelihood': 0}, {'offset': 2, 'projected_percent': '0.0', 'likelihood': 0}]",2026-09-27T21:39:41.033165Z,False,0,3,0.0,0.0,0,Mason,0.0,659,False,,,4.5,665243.jpg,0.0,False,Miley,0.0,False,,a,17,4,0,4535,1097,1060,458,0.0,0.0,Miley,,241.0,2026-07-24,2008-09-29,False,p665243,0,0,0,0,0,0,0,0,0,0,0,0,0,0.0,0.0,0.0,0.0,0,0,0,0,0,0.00,0.00,0.00,0.00,,,,,,,[],,546,221,542,227,503,200,551,222,0.0,0.0,0.0,0.0,0.0,0.0,544,286,550,225,559,229,511,203,0.0,0.0,0.0,Newcastle,NEW
True,True,,,578512,0,0,0,0,0.0,0,"[{'offset': 0, 'projected_percent': '0.0', 'likelihood': 0}, {'offset': 1, 'projected_percent': '0.0', 'likelihood': 0}, {'offset': 2, 'projected_percent': '0.0', 'likelihood': 0}]",2026-10-02T19:10:51.639791Z,False,0,2,1.1,1.1,0,Miodrag,0.0,663,False,,,4.0,578512.jpg,0.0,False,Pivas,0.0,False,,a,17,4,0,244,244,28,28,0.0,0.0,Pivas,,190.0,2026-07-24,2005-05-17,False,p578512,0,0,0,0,0,0,0,0,0,0,0,0,0,0.0,0.0,0.0,0.0,0,0,0,0,0,0.00,0.00,0.00,0.00,,,,,,,[],,456,173,447,172,392,158,461,173,0.0,0.0,0.0,0.0,0.0,0.0,651,202,458,169,470,173,645,214,0.0,0.0,0.0,Newcastle,NEW
True,True,,,601767,0,0,0,0,0.0,0,"[{'offset': 0, 'projected_percent': '0.0', 'likelihood': 0}, {'offset': 1, 'projected_percent': '0.0', 'likelihood': 0}, {'offset': 2, 'projected_percent': '0.0', 'likelihood': 0}]",2026-10-02T19:11:17.402697Z,False,0,4,1.0,1.0,0,Vakhtang,0.0,664,False,,,4.5,601767.jpg,0.0,False,Salia,0.1,False,,a,17,4,0,6031,6031,824,824,0.0,0.0,Salia,,79.0,2026-07-24,2007-08-30,False,p601767,0,0,0,0,0,0,0,0,0,0,0,0,0,0.0,0.0,0.0,0.0,0,0,0,0,0,0.00,0.00,0.00,0.00,,,,,,,[],,534,56,530,60,488,55,539,60,0.0,0.0,0.0,0.0,0.0,0.0,525,77,538,58,547,61,448,65,0.0,0.0,0.0,Newcastle,NEW
True,True,,,655585,0,0,0,0,0.0,0,"[{'offset': 0, 'projected_percent': '0.0', 'likelihood': 0}, {'offset': 1, 'projected_percent': '0.0', 'likelihood': 0}, {'offset': 2, 'projected_percent': '0.0', 'likelihood': 0}]",2026-10-02T19:11:39.931907Z,False,0,3,1.1,1.1,0,Michael,0.0,665,False,,,4.5,655585.jpg,0.0,False,Mills,0.0,False,,a,17,4,0,117,117,18,18,0.0,0.0,Mills,,241.0,2026-09-18,2009-02-18,False,p655585,0,0,0,0,0,0,0,0,0,0,0,0,0,0.0,0.0,0.0,0.0,0,0,0,0,0,0.00,0.00,0.00,0.00,,,,,,,[],,543,219,539,225,500,198,548,220,0.0,0.0,0.0,0.0,0.0,0.0,541,284,547,223,556,227,659,292,0.0,0.0,0.0,Newcastle,NEW
True,True,,,671875,0,0,0,0,0.0,0,"[{'offset': 0, 'projected_percent': '0.0', 'likelihood': 0}, {'offset': 1, 'projected_percent': '0.0', 'likelihood': 0}, {'offset': 2, 'projected_percent': '0.0', 'likelihood': 0}]",2026-10-02T19:12:09.032926Z,False,0,3,1.1,1.1,0,Kyran,0.0,666,False,,,4.5,671875.jpg,0.0,False,Thompson,0.0,False,,a,17,4,0,140,140,11,11,0.0,0.0,Thompson,,241.0,2026-09-18,2009-09-06,False,p671875,0,0,0,0,0,0,0,0,0,0,0,0,0,0.0,0.0,0.0,0.0,0,0,0,0,0,0.00,0.00,0.00,0.00,,,,,,,[],,547,222,543,228,504,201,552,223,0.0,0.0,0.0,0.0,0.0,0.0,545,287,551,226,560,230,654,287,0.0,0.0,0.0,Newcastle,NEW
True,True,,,463034,1,-1,1,-1,-17.9,-29,"[{'offset': 0, 'projected_percent': '-18.7', 'likelihood': -1}, {'offset': 1, 'projected_percent': '-20.2', 'likelihood': -2}, {'offset': 2, 'projected_percent': '-21.6', 'likelihood': -2}]",,False,0,4,1.8,1.8,1,Liam,1.8,167,False,,,5.6,463034.jpg,2.2,False,Delap,2.8,False,,a,18,17,9,309439,22263,75554,21982,0.3,1.6,Delap,,241.0,2026-08-27,2003-02-08,False,p463034,277,1,0,1,3,0,0,0,2,0,0,0,49,40.0,68.6,71.0,17.9,5,10,2,17,3,0.89,0.35,1.24,2.62,,,,,3.0,,[],,217,18,79,7,61,18,109,16,0.29,0.0,0.11,0.4,0.85,0.97,120,30,214,23,219,22,108,17,0.97,0.32,5.52,Nott'm Forest,NFO
True,True,,,247348,0,0,-1,1,-40.4,-35,"[{'offset': 0, 'projected_percent': '-40.8', 'likelihood': -3}, {'offset': 1, 'projected_percent': '-41.7', 'likelihood': -3}, {'offset': 2, 'projected_percent': '-42.6', 'likelihood': -3}]",,False,0,2,1.2,1.2,2,Daniel,1.2,201,False,,,5.4,247348.jpg,1.2,False,Muñoz Mejía,5.8,False,,a,18,17,5,156592,6034,476698,22522,0.2,0.9,Muñoz,,48.0,2026-08-31,1996-05-26,False,p247348,257,0,0,0,4,0,0,0,0,0,0,0,29,39.2,62.3,79.0,18.1,8,8,7,15,3,0.60,0.21,0.81,2.59,,,,,,,[],,220,88,90,19,49,4,106,35,0.21,0.0,0.07,0.28,0.91,1.4,188,22,255,91,293,102,67,28,1.05,0.0,5.25,Nott'm Forest,NFO
True,True,,,85633,0,0,0,0,4.5,-22,"[{'offset': 0, 'projected_percent': '4.3', 'likelihood': 1}, {'offset': 1, 'projected_percent': '4.0', 'likelihood': 1}, {'offset': 2, 'projected_percent': '3.7', 'likelihood': 1}]",,False,0,1,3.0,3.0,2,Matz,3.0,467,False,,,5.0,85633.jpg,2.8,False,Sels,1.6,False,,a,18,17,14,67669,1416,60317,4255,0.6,2.8,Sels,,21.0,2024-02-01,1992-02-26,False,p85633,450,0,0,1,5,0,0,0,0,0,11,0,67,82.0,0.0,0.0,8.2,6,46,0,0,5,0.00,0.01,0.01,4.77,,,,,,,[],,114,19,583,62,556,60,234,19,0.0,2.2,0.0,0.0,0.95,1.0,240,5,114,13,163,14,144,21,1.0,0.2,0.0,Nott'm Forest,NFO
True,True,,,221389,0,0,0,0,-67.1,-1,"[{'offset': 0, 'projected_percent': '-68.6', 'likelihood': -3}, {'offset': 1, 'projected_percent': '-71.5', 'likelihood': -3}, {'offset': 2, 'projected_percent': '-74.5', 'likelihood': -3}]",,False,0,1,0.0,0.0,0,John Victor,0.0,468,False,,,4.5,221389.jpg,0.0,False,Maciel Furtado,0.1,False,,a,18,17,0,848,41,1971,111,0.0,0.0,John,John Victor,30.0,2025-08-31,1996-02-13,False,p221389,0,0,0,0,0,0,0,0,0,0,0,0,0,0.0,0.0,0.0,0.0,0,0,0,0,0,0.00,0.00,0.00,0.00,,,,,,,[],,490,60,485,45,436,40,495,60,0.0,0.0,0.0,0.0,0.0,0.0,457,33,494,60,504,60,484,56,0.0,0.0,0.0,Nott'm Forest,NFO
True,True,,,215136,0,0,0,0,24.1,-47,"[{'offset': 0, 'projected_percent': '23.8', 'likelihood': 2}, {'offset': 1, 'projected_percent': '23.1', 'likelihood': 2}, {'offset': 2, 'projected_percent': '22.4', 'likelihood': 2}]",,False,0,2,4.2,4.2,2,Neco,4.2,469,False,,,5.0,215136.jpg,3.8,False,Williams,8.9,False,,a,18,17,19,322730,8244,337917,32659,0.8,3.8,N.Williams,,244.0,2022-07-11,2001-04-13,False,p215136,450,0,1,1,5,0,0,0,0,0,0,1,85,90.4,123.7,42.0,25.6,15,28,14,29,5,0.41,0.61,1.02,4.77,2.0,,3.0,,,,[],,97,45,28,4,114,27,50,7,0.08,0.0,0.12,0.2,0.95,1.0,262,39,63,28,102,43,43,14,1.0,0.2,5.8,Nott'm Forest,NFO
True,False,0.0,0.0,485047,0,0,0,0,0.0,0,"[{'offset': 0, 'projected_percent': '0.0', 'likelihood': 0}, {'offset': 1, 'projected_percent': '0.0', 'likelihood': 0}, {'offset': 2, 'projected_percent': '0.0', 'likelihood': 0}]",,False,0,2,0.0,0.0,0,Felipe,0.0,470,False,Has joined West Ham on loan for the rest of the season,2026-09-02T16:19:54.503286Z,5.0,485047.jpg,0.0,False,Rodrigues da Silva,0.0,False,,u,18,17,0,424,0,3665,85,0.0,0.0,Morato,Morato,30.0,2024-08-30,2001-06-30,False,p485047,0,0,0,0,0,0,0,0,0,0,0,0,0,0.0,0.0,0.0,0.0,0,0,0,0,0,0.00,0.00,0.00,0.00,,,,,,,[],,598,211,604,211,580,208,604,211,0.0,0.0,0.0,0.0,0.0,0.0,292,49,601,209,607,210,575,196,0.0,0.0,0.0,Nott'm Forest,NFO
True,True,0.0,0.0,227444,-1,1,-1,1,-9.0,-56,"[{'offset': 0, 'projected_percent': '-9.8', 'likelihood': -1}, {'offset': 1, 'projected_percent': '-11.4', 'likelihood': -1}, {'offset': 2, 'projected_percent': '-13.0', 'likelihood': -1}]",,False,0,2,0.0,0.0,0,Nikola,2.5,471,False,Hamstring injury - Expected back 11 Oct,2026-09-12T14:00:09.705107Z,5.4,227444.jpg,4.0,False,Milenković,1.0,False,,i,18,17,12,17975,43,104420,9263,0.5,2.2,Milenković,,190.0,2024-07-18,1997-10-12,False,p227444,270,0,0,1,3,0,0,0,1,0,0,0,34,53.2,1.4,16.0,7.0,26,12,5,31,3,0.11,0.03,0.14,3.28,,,,,,,[],https://www.nottinghamforest.co.uk/news/2026/september/14/glasner-s-update-on-milenkovi----jair-cunha/,180,76,347,126,212,66,250,95,0.04,0.0,0.01,0.05,1.09,1.0,184,21,154,60,94,41,173,67,1.0,0.33,10.33,Nott'm Forest,NFO
True,True,100.0,100.0,575476,0,0,0,0,22.2,0,"[{'offset': 0, 'projected_percent': '22.2', 'likelihood': 2}, {'offset': 1, 'projected_percent': '22.2', 'likelihood': 2}, {'offset': 2, 'projected_percent': '22.2', 'likelihood': 2}]",,False,0,2,4.8,4.8,4,Murillo,4.8,472,False,,2026-07-23T12:01:23.801183Z,5.5,575476.jpg,4.6,False,Costa dos Santos,2.1,False,,a,18,17,23,101259,5762,58816,5555,0.9,4.2,Murillo,Murillo,30.0,2023-08-31,2002-07-04,False,p575476,449,0,1,1,5,0,0,0,1,0,0,0,76,124.2,62.6,27.0,21.4,44,18,9,53,5,0.42,0.37,0.79,4.77,,,2.0,,,,[],,38,17,89,18,160,48,80,21,0.08,0.0,0.07,0.15,0.96,1.0,163,18,51,22,72,33,125,50,1.0,0.2,10.62,Nott'm Forest,NFO
True,True,,,159506,-1,1,-1,1,-0.5,-36,"[{'offset': 0, 'projected_percent': '-1.1', 'likelihood': -1}, {'offset': 1, 'projected_percent': '-2.4', 'likelihood': -1}, {'offset': 2, 'projected_percent': '-3.6', 'likelihood': -1}]",,False,0,2,0.8,0.8,0,Ola,0.8,473,False,,,4.4,159506.jpg,2.0,False,Aina,2.4,False,,a,18,17,8,68937,824,166300,16513,0.2,1.8,Aina,,157.0,2023-07-22,1996-10-08,False,p159506,306,0,0,1,3,0,0,0,2,0,0,0,45,58.2,53.3,15.0,12.7,12,14,10,22,4,0.04,0.53,0.57,3.72,,,,,,,[],,168,72,105,26,216,68,173,61,0.01,0.0,0.16,0.17,1.09,0.88,555,138,278,101,224,85,118,46,1.18,0.29,6.47,Nott'm Forest,NFO
True,True,100.0,75.0,575458,0,0,0,0,-43.2,0,"[{'offset': 0, 'projected_percent': '-43.2', 'likelihood': -3}, {'offset': 1, 'projected_percent': '-43.2', 'likelihood': -3}, {'offset': 2, 'projected_percent': '-43.2', 'likelihood': -3}]",,False,0,2,2.5,1.9,1,Jair,2.5,474,False,,2026-09-12T14:00:09.724349Z,4.5,575458.jpg,2.8,False,Paula da Cunha Filho,0.2,False,,a,18,17,11,9667,161,13012,486,0.6,2.4,Jair Cunha,Jair Cunha,30.0,2025-07-11,2005-03-07,False,p575458,360,0,0,1,4,0,0,0,2,0,0,0,40,69.6,14.2,2.0,8.6,29,8,7,36,4,0.05,0.02,0.07,3.95,,,,,,,[],,134,60,248,88,321,121,226,83,0.01,0.0,0.0,0.01,0.99,1.0,513,128,150,58,161,66,341,128,1.0,0.25,9.0,Nott'm Forest,NFO
True,True,0.0,0.0,500151,0,0,0,0,-18.3,0,"[{'offset': 0, 'projected_percent': '-18.3', 'likelihood': -1}, {'offset': 1, 'projected_percent': '-18.3', 'likelihood': -1}, {'offset': 2, 'projected_percent': '-18.3', 'likelihood': -1}]",,False,0,2,0.0,0.0,0,Nicolò,0.0,475,False,Knee injury - Unknown return date,2026-07-23T12:01:23.816304Z,4.5,500151.jpg,0.0,False,Savona,0.0,False,,i,18,17,0,234,14,271,13,0.0,0.0,Savona,,106.0,2025-08-30,2003-03-19,False,p500151,0,0,0,0,0,0,0,0,0,0,0,0,0,0.0,0.0,0.0,0.0,0,0,0,0,0,0.00,0.00,0.00,0.00,,,,,,,[],https://www.nottinghamforest.co.uk/news/2026/september/10/live-blog---pre-aston-villa-press-conference/,506,194,503,193,460,186,511,194,0.0,0.0,0.0,0.0,0.0,0.0,492,120,510,192,520,194,651,215,0.0,0.0,0.0,Nott'm Forest,NFO
True,True,,,204822,0,0,0,0,-60.5,-3,"[{'offset': 0, 'projected_percent': '-61.4', 'likelihood': -3}, {'offset': 1, 'projected_percent': '-63.1', 'likelihood': -3}, {'offset': 2, 'projected_percent': '-64.9', 'likelihood': -3}]",,False,0,2,0.0,0.0,0,Omar,0.0,476,False,,,4.0,204822.jpg,0.0,False,Richards,0.2,False,,a,18,17,0,3906,206,8078,527,0.0,0.0,O.Richards,,241.0,2022-07-10,1998-02-15,False,p204822,0,0,0,0,0,0,0,0,0,0,0,0,0,0.0,0.0,0.0,0.0,0,0,0,0,0,0.00,0.00,0.00,0.00,,,,,,,[],,425,153,416,152,360,137,430,153,0.0,0.0,0.0,0.0,0.0,0.0,607,169,427,149,439,153,325,120,0.0,0.0,0.0,Nott'm Forest,NFO
True,False,0.0,0.0,549067,0,0,0,0,0.0,-3,"[{'offset': 0, 'projected_percent': '0.0', 'likelihood': 0}, {'offset': 1, 'projected_percent': '0.0', 'likelihood': 0}, {'offset': 2, 'projected_percent': '0.0', 'likelihood': 0}]",,False,0,2,0.0,0.0,0,Zach,0.0,477,False,Has joined Southampton on loan for the rest of the season,2026-09-02T16:19:54.536676Z,4.0,549067.jpg,0.0,False,Abbott,0.1,False,,u,18,17,0,2459,0,13646,573,0.0,0.0,Abbott,,241.0,2022-08-22,2006-05-13,False,p549067,0,0,0,0,0,0,0,0,0,0,0,0,0,0.0,0.0,0.0,0.0,0,0,0,0,0,0.00,0.00,0.00,0.00,,,,,,,[],,450,167,441,166,385,151,455,167,0.0,0.0,0.0,0.0,0.0,0.0,642,193,452,163,464,167,371,143,0.0,0.0,0.0,Nott'm Forest,NFO
True,True,,,470315,0,0,-1,1,-4.4,0,"[{'offset': 0, 'projected_percent': '-4.4', 'likelihood': -1}, {'offset': 1, 'projected_percent': '-4.4', 'likelihood': -1}, {'offset': 2, 'projected_percent': '-4.4', 'likelihood': -1}]",,False,0,2,0.5,0.5,1,Luca,0.5,478,False,,,4.4,470315.jpg,1.0,False,Netz,0.0,False,,a,18,17,3,671,41,1557,86,0.1,0.7,Netz,,80.0,2026-02-02,2003-05-15,False,p470315,27,0,0,0,1,0,0,0,0,0,0,0,8,6.0,17.5,2.0,2.6,0,1,1,1,0,0.00,0.02,0.02,0.13,,,,,,,[],,355,132,226,77,318,118,333,120,0.0,0.0,0.07,0.07,0.43,3.33,567,148,324,116,314,118,538,187,0.0,0.0,3.33,Nott'm Forest,NFO
True,False,0.0,0.0,538638,0,0,0,0,0.0,-4,"[{'offset': 0, 'projected_percent': '0.0', 'likelihood': 0}, {'offset': 1, 'projected_percent': '0.0', 'likelihood': 0}, {'offset': 2, 'projected_percent': '0.0', 'likelihood': 0}]",,False,0,2,0.0,0.0,0,Tyler,0.0,479,False,Has joined Charlton Athletic on loan for the rest of the season,2026-09-01T13:16:05.383880Z,4.0,538638.jpg,0.0,False,Bindon,0.1,False,,u,18,17,0,799,0,8521,391,0.0,0.0,Bindon,,154.0,2025-02-03,2005-01-27,False,p538638,0,0,0,0,0,0,0,0,0,0,0,0,0,0.0,0.0,0.0,0.0,0,0,0,0,0,0.00,0.00,0.00,0.00,,,,,,,[],,446,163,437,162,381,147,451,163,0.0,0.0,0.0,0.0,0.0,0.0,637,188,448,159,460,163,402,150,0.0,0.0,0.0,Nott'm Forest,NFO
True,True,100.0,100.0,222531,0,0,0,0,47.1,-23,"[{'offset': 0, 'projected_percent': '46.9', 'likelihood': 3}, {'offset': 1, 'projected_percent': '46.6', 'likelihood': 3}, {'offset': 2, 'projected_percent': '46.3', 'likelihood': 3}]",,False,1,3,6.5,6.5,2,Morgan,6.5,480,False,,2026-08-24T15:30:08.350159Z,8.0,222531.jpg,5.6,False,Gibbs-White,15.7,False,,a,18,17,28,1188682,45000,644016,61322,0.8,3.5,Gibbs-White,,241.0,2022-08-19,2000-01-27,False,p222531,450,1,2,1,5,0,0,0,0,0,0,6,116,123.4,204.7,78.0,40.6,2,14,5,21,5,1.56,1.42,2.98,4.77,,,1.0,,1.0,,[],,39,13,3,3,51,31,11,10,0.31,0.0,0.28,0.59,0.95,1.0,7,5,15,7,42,21,26,9,1.0,0.2,4.2,Nott'm Forest,NFO
True,True,100.0,100.0,209046,0,0,-2,2,-28.3,-1,"[{'offset': 0, 'projected_percent': '-28.9', 'likelihood': -2}, {'offset': 1, 'projected_percent': '-30.0', 'likelihood': -2}, {'offset': 2, 'projected_percent': '-31.2', 'likelihood': -2}]",,False,0,3,0.2,0.2,0,Callum,0.2,482,False,,2026-07-23T12:01:23.832709Z,5.8,209046.jpg,1.0,False,Hudson-Odoi,0.1,False,,a,18,17,1,5203,192,17290,890,0.0,0.2,Hudson-Odoi,,241.0,2023-09-01,2000-11-07,False,p209046,1,0,0,0,0,0,0,0,0,0,0,0,2,0.0,0.3,0.0,0.0,0,0,0,0,0,0.00,0.00,0.00,0.00,,,4.0,,,,[],,647,286,385,193,643,284,652,287,0.0,0.0,0.0,0.0,0.0,0.0,100,64,399,192,390,185,367,131,0.0,0.0,0.0,Nott'm Forest,NFO
True,True,,,456512,0,0,0,0,12.8,-21,"[{'offset': 0, 'projected_percent': '12.7', 'likelihood': 1}, {'offset': 1, 'projected_percent': '12.4', 'likelihood': 1}, {'offset': 2, 'projected_percent': '12.1', 'likelihood': 1}]",,False,0,3,3.0,3.0,1,Dan,3.0,483,False,,,5.5,456512.jpg,3.0,False,Ndoye,0.7,False,,a,18,17,15,72120,524,47751,6588,0.5,2.7,Ndoye,,207.0,2025-07-31,2000-10-25,False,p456512,316,1,0,1,3,0,0,0,1,0,0,2,44,39.0,63.6,90.0,19.0,3,15,2,20,5,1.25,0.93,2.18,3.84,,,,,,,[],,221,95,87,64,41,24,98,53,0.36,0.0,0.26,0.62,1.09,0.85,146,89,123,52,151,62,211,66,1.42,0.28,5.7,Nott'm Forest,NFO
True,False,0.0,0.0,503301,0,0,-1,1,0.0,-2,"[{'offset': 0, 'projected_percent': '0.0', 'likelihood': 0}, {'offset': 1, 'projected_percent': '0.0', 'likelihood': 0}, {'offset': 2, 'projected_percent': '0.0', 'likelihood': 0}]",,False,0,3,0.0,0.0,0,Omari,0.0,484,False,Has joined AC Milan on loan for the rest of the season,2026-09-01T13:23:52.340206Z,5.4,503301.jpg,0.0,False,Hutchinson,0.1,False,,u,18,17,0,427,0,10878,250,0.0,0.0,Hutchinson,,241.0,2025-08-16,2003-10-30,False,p503301,0,0,0,0,0,0,0,0,0,0,0,0,0,0.0,0.0,0.0,0.0,0,0,0,0,0,0.00,0.00,0.00,0.00,,,,,,,[],,634,277,637,279,624,272,639,278,0.0,0.0,0.0,0.0,0.0,0.0,205,129,636,279,639,279,454,178,0.0,0.0,0.0,Nott'm Forest,NFO
True,False,0.0,0.0,476887,0,0,0,0,0.0,0,"[{'offset': 0, 'projected_percent': '0.0', 'likelihood': 0}, {'offset': 1, 'projected_percent': '0.0', 'likelihood': 0}, {'offset': 2, 'projected_percent': '0.0', 'likelihood': 0}]",,False,0,3,0.0,0.0,0,Dilane,0.0,485,False,Has joined Lille on loan for the rest of the season,2026-08-27T14:53:03.381941Z,5.5,476887.jpg,0.0,False,Bakwa,0.0,False,,u,18,17,0,107,0,1166,24,0.0,0.0,Bakwa,,73.0,2025-09-01,2002-08-26,False,p476887,0,0,0,0,0,0,0,0,0,0,0,0,0,0.0,0.0,0.0,0.0,0,0,0,0,0,0.00,0.00,0.00,0.00,,,,,,,[],,644,283,650,285,638,279,649,284,0.0,0.0,0.0,0.0,0.0,0.0,151,93,646,285,649,285,633,272,0.0,0.0,0.0,Nott'm Forest,NFO
True,True,,,432714,0,0,0,0,2.1,-1,"[{'offset': 0, 'projected_percent': '2.1', 'likelihood': 1}, {'offset': 1, 'projected_percent': '2.1', 'likelihood': 1}, {'offset': 2, 'projected_percent': '2.1', 'likelihood': 1}]",,False,0,3,2.2,2.2,2,James,2.2,486,False,,,5.5,432714.jpg,2.4,False,McAtee,0.1,False,,a,18,17,12,9906,261,5739,693,0.4,2.2,McAtee,,241.0,2025-08-16,2002-10-18,False,p432714,416,0,0,2,4,0,0,0,2,0,0,0,91,62.4,174.8,38.0,27.6,9,21,9,39,5,0.37,0.96,1.33,4.55,1.0,,,,,,[],,157,59,7,7,130,71,43,32,0.08,0.0,0.21,0.29,0.98,0.87,142,86,178,80,195,84,408,150,1.08,0.43,8.44,Nott'm Forest,NFO
True,True,,,250199,0,0,-1,1,-57.6,-1,"[{'offset': 0, 'projected_percent': '-59.1', 'likelihood': -3}, {'offset': 1, 'projected_percent': '-62.0', 'likelihood': -3}, {'offset': 2, 'projected_percent': '-65.0', 'likelihood': -3}]",,False,0,3,0.2,0.2,0,Nicolás,0.2,487,False,,,4.9,250199.jpg,1.0,False,Domínguez,0.1,False,,a,18,17,1,1181,43,4029,227,0.0,0.2,Dominguez,,10.0,2023-09-01,1998-06-28,False,p250199,1,0,0,0,0,0,0,0,0,0,0,0,3,0.2,0.0,0.0,0.0,0,0,0,0,0,0.00,0.00,0.00,0.00,,,,,,,[],,403,189,565,241,530,216,573,237,0.0,0.0,0.0,0.0,0.0,0.0,366,220,379,176,335,145,486,189,0.0,0.0,0.0,Nott'm Forest,NFO
True,True,100.0,100.0,210462,0,0,-1,1,-84.5,-9,"[{'offset': 0, 'projected_percent': '-86.0', 'likelihood': -3}, {'offset': 1, 'projected_percent': '-88.9', 'likelihood': -3}, {'offset': 2, 'projected_percent': '-91.7', 'likelihood': -3}]",,False,0,3,0.5,0.5,1,Ibrahim,0.5,488,False,,2026-08-28T09:30:07.471668Z,4.9,210462.jpg,1.3,False,Sangaré,0.4,False,,a,18,17,4,9123,224,67867,2288,0.1,0.8,I.Sangaré,,54.0,2023-09-01,1997-12-02,False,p210462,105,0,0,0,1,0,0,0,0,0,0,0,15,21.6,13.7,5.0,4.1,4,3,1,8,1,0.09,0.02,0.11,0.56,,,,,,,[],,278,118,253,133,293,151,305,138,0.08,0.0,0.02,0.1,0.48,0.86,353,214,331,153,282,128,261,86,0.86,0.0,6.86,Nott'm Forest,NFO
True,True,100.0,100.0,204968,0,0,0,0,-75.4,-16,"[{'offset': 0, 'projected_percent': '-76.4', 'likelihood': -3}, {'offset': 1, 'projected_percent': '-78.4', 'likelihood': -3}, {'offset': 2, 'projected_percent': '-80.3', 'likelihood': -3}]",,False,0,3,0.0,0.0,0,Ryan,0.0,489,False,,2026-08-17T20:30:08.195072Z,4.5,204968.jpg,0.0,False,Yates,1.2,False,,a,18,17,0,30077,431,91985,5630,0.0,0.0,Yates,,241.0,2018-08-01,1997-11-21,False,p204968,0,0,0,0,0,0,0,0,0,0,0,0,0,0.0,0.0,0.0,0.0,0,0,0,0,0,0.00,0.00,0.00,0.00,,,,,,,[],,488,199,483,205,433,177,493,200,0.0,0.0,0.0,0.0,0.0,0.0,452,259,492,203,502,207,166,51,0.0,0.0,0.0,Nott'm Forest,NFO
True,True,,,60689,0,0,-2,2,-31.1,-14,"[{'offset': 0, 'projected_percent': '-32.2', 'likelihood': -2}, {'offset': 1, 'projected_percent': '-34.4', 'likelihood': -2}, {'offset': 2, 'projected_percent': '-36.6', 'likelihood': -2}]",,False,0,4,0.8,0.8,1,Chris,0.8,490,False,,,5.8,60689.jpg,1.0,False,Wood,0.9,False,,a,18,17,4,23880,1301,114627,4780,0.1,0.7,Wood,,154.0,2023-07-01,1991-12-07,False,p60689,62,0,0,0,1,0,0,0,0,0,0,0,13,1.2,4.8,3.0,0.7,0,1,0,1,0,0.12,0.01,0.13,0.53,,,,,2.0,,[],,395,43,307,39,316,41,385,44,0.17,0.0,0.01,0.18,0.77,1.45,96,25,292,31,389,45,193,31,0.0,0.0,1.45,Nott'm Forest,NFO
True,True,,,482973,0,0,-2,2,1.1,-55,"[{'offset': 0, 'projected_percent': '0.7', 'likelihood': 1}, {'offset': 1, 'projected_percent': '-0.3', 'likelihood': -1}, {'offset': 2, 'projected_percent': '-3.3', 'likelihood': -1}]",,False,0,4,2.5,2.5,1,Igor Jesus,2.5,491,False,,,5.8,482973.jpg,2.4,False,Maciel da Cruz,2.7,False,,a,18,17,12,124164,5164,265255,17910,0.4,2.1,Igor Jesus,Igor Jesus,30.0,2025-07-05,2001-02-25,False,p482973,257,1,0,0,3,0,0,0,1,0,0,2,53,54.8,40.7,100.0,19.6,5,8,2,15,2,1.25,0.08,1.33,2.61,,,,,4.0,,[],,177,13,156,16,36,14,90,15,0.44,0.0,0.03,0.47,0.91,1.05,107,27,157,15,199,20,110,18,0.7,0.0,5.25,Nott'm Forest,NFO
True,True,,,465680,0,0,-1,1,0.0,-1,"[{'offset': 0, 'projected_percent': '0.0', 'likelihood': 0}, {'offset': 1, 'projected_percent': '0.0', 'likelihood': 0}, {'offset': 2, 'projected_percent': '0.0', 'likelihood': 0}]",,False,0,4,0.0,0.0,0,Arnaud,0.0,493,False,,,5.4,465680.jpg,1.0,False,Kalimuendo,0.1,False,,a,18,17,1,2961,151,4000,300,0.0,0.2,Kalimuendo,,73.0,2025-08-18,2002-01-20,False,p465680,1,0,0,0,0,0,0,0,0,0,0,0,3,0.0,0.0,0.0,0.0,0,0,0,0,0,0.00,0.00,0.00,0.00,,,,,,,[],,632,69,635,73,622,70,637,73,0.0,0.0,0.0,0.0,0.0,0.0,196,45,634,71,378,42,496,71,0.0,0.0,0.0,Nott'm Forest,NFO
True,True,,,204561,0,0,0,0,0.5,0,"[{'offset': 0, 'projected_percent': '0.5', 'likelihood': 1}, {'offset': 1, 'projected_percent': '0.5', 'likelihood': 1}, {'offset': 2, 'projected_percent': '0.5', 'likelihood': 1}]",,False,0,3,3.0,3.0,2,Xaver,3.0,558,False,,,5.0,204561.jpg,2.6,False,Schlager,0.1,False,,a,18,17,13,5828,148,5596,579,0.6,2.6,Schlager,Xaver Schlager,14.0,2026-07-23,1997-09-28,False,p204561,376,0,0,1,5,0,0,0,1,0,0,0,70,68.4,25.0,31.0,12.5,11,21,17,49,4,0.19,0.18,0.37,4.43,3.0,,,,,,[],,137,45,198,112,152,80,177,87,0.05,0.0,0.04,0.09,1.06,1.2,257,160,115,45,180,79,401,147,0.96,0.24,11.73,Nott'm Forest,NFO
True,True,,,568420,0,0,-1,1,-45.5,2,"[{'offset': 0, 'projected_percent': '-45.3', 'likelihood': -3}, {'offset': 1, 'projected_percent': '-44.7', 'likelihood': -3}, {'offset': 2, 'projected_percent': '-44.2', 'likelihood': -3}]",,False,0,2,1.8,1.8,2,Ousmane,1.8,581,False,,,5.4,568420.jpg,2.3,False,Diomande,0.5,False,,a,18,17,7,13187,1065,41063,1598,0.3,1.3,Diomande,,54.0,2026-08-11,2003-12-04,False,p568420,163,0,0,0,2,0,0,0,0,0,0,0,17,32.4,1.0,19.0,5.2,18,10,1,19,2,0.16,0.01,0.17,1.45,,,,,,,[],,245,100,357,131,196,58,288,108,0.09,0.0,0.01,0.1,0.8,1.1,211,28,211,75,204,81,242,92,1.1,0.0,10.49,Nott'm Forest,NFO
True,True,,,428971,0,0,0,0,0.0,0,"[{'offset': 0, 'projected_percent': '0.0', 'likelihood': 0}, {'offset': 1, 'projected_percent': '0.0', 'likelihood': 0}, {'offset': 2, 'projected_percent': '0.0', 'likelihood': 0}]",,False,0,1,0.0,0.0,0,Steven,0.0,590,False,,,4.5,428971.jpg,0.0,False,Benda,0.1,False,,a,18,17,0,2635,95,2771,170,0.0,0.0,Benda,,80.0,2026-08-15,1998-10-01,False,p428971,0,0,0,0,0,0,0,0,0,0,0,0,0,0.0,0.0,0.0,0.0,0,0,0,0,0,0.00,0.00,0.00,0.00,,,,,,,[],,497,62,493,48,445,43,502,62,0.0,0.0,0.0,0.0,0.0,0.0,472,36,501,62,511,62,461,52,0.0,0.0,0.0,Nott'm Forest,NFO
True,True,,,469142,0,0,-1,1,-24.4,-16,"[{'offset': 0, 'projected_percent': '-24.6', 'likelihood': -2}, {'offset': 1, 'projected_percent': '-24.9', 'likelihood': -2}, {'offset': 2, 'projected_percent': '-25.3', 'likelihood': -2}]",,False,0,2,5.8,5.8,6,Jan Paul,5.8,112,False,,,4.9,469142.jpg,4.8,False,van Hecke,6.6,False,,a,19,6,24,147422,11253,464752,19357,1.2,4.9,Van Hecke,,152.0,2026-06-18,2000-06-08,False,p469142,450,1,0,2,8,0,0,0,1,0,0,2,85,171.8,74.9,70.0,31.6,33,17,10,43,5,0.69,0.42,1.11,7.78,,,,,,,[],,5,2,67,11,62,7,27,3,0.14,0.0,0.08,0.22,1.56,1.6,378,69,27,11,64,29,60,24,1.0,0.4,8.6,Spurs,TOT
True,True,,,109646,0,0,-1,1,-32.3,-2,"[{'offset': 0, 'projected_percent': '-33.3', 'likelihood': -2}, {'offset': 1, 'projected_percent': '-35.2', 'likelihood': -2}, {'offset': 2, 'projected_percent': '-37.1', 'likelihood': -2}]",,False,0,2,0.2,0.2,0,Tosin,0.2,147,False,,,4.4,109646.jpg,1.0,False,Adarabioyo,0.1,False,,a,19,6,1,1969,77,7760,408,0.0,0.2,Tosin,,241.0,2026-09-01,1997-09-24,False,p109646,5,0,0,0,0,0,0,0,0,0,0,0,5,9.0,0.2,0.0,0.9,2,1,2,4,0,0.00,0.00,0.00,0.03,,,,,,,[],,330,124,386,142,406,168,377,134,0.0,0.0,0.0,0.0,0.54,0.0,551,136,370,132,309,114,365,140,0.0,0.0,72.0,Spurs,TOT
True,True,,,438234,0,0,0,0,35.2,-42,"[{'offset': 0, 'projected_percent': '34.9', 'likelihood': 2}, {'offset': 1, 'projected_percent': '34.4', 'likelihood': 2}, {'offset': 2, 'projected_percent': '33.8', 'likelihood': 2}]",,False,0,4,1.6,1.6,2,Omar,1.6,401,False,,,7.0,438234.jpg,2.0,False,Marmoush,2.1,False,,a,19,6,8,229457,6978,157687,16554,0.2,1.1,Marmoush,Omar Marmoush,63.0,2026-08-27,1999-02-07,False,p438234,339,0,0,2,5,0,0,0,0,0,0,0,37,18.0,55.5,58.0,12.9,0,11,2,13,4,0.38,0.15,0.53,3.84,,,5.0,,2.0,,"[{'property': 'loan_ineligible', 'notes': 'This player will not be available to face their parent club in Gameweek 25 as part of their loan conditions.', 'gameweek': 25, 'url': None}, {'property': 'loan_ineligible', 'notes': 'This player will not be available to face their parent club in Gameweek 19 as part of their loan conditions.', 'gameweek': 19, 'url': None}]",,289,29,103,9,77,20,170,21,0.1,0.0,0.04,0.14,1.02,1.33,27,9,227,25,245,27,124,20,1.06,0.53,3.45,Spurs,TOT
True,True,100.0,100.0,510281,0,0,0,0,10.2,-6,"[{'offset': 0, 'projected_percent': '10.2', 'likelihood': 1}, {'offset': 1, 'projected_percent': '10.1', 'likelihood': 1}, {'offset': 2, 'projected_percent': '10.0', 'likelihood': 1}]",,False,0,3,1.6,1.6,2,Sávio,1.6,403,False,,2026-08-29T16:30:08.380416Z,6.5,510281.jpg,2.7,False,Moreira de Oliveira,0.7,False,,a,19,6,8,98840,1928,77941,5178,0.2,1.2,Sávio,Sávio,30.0,2026-08-25,2004-04-10,False,p510281,240,0,0,2,3,0,0,0,0,0,0,0,66,51.4,130.0,96.0,27.8,3,8,0,11,3,0.41,0.70,1.11,2.76,4.0,,,,,,[],,191,79,25,23,40,23,41,30,0.15,0.0,0.26,0.41,1.04,1.12,41,28,226,104,178,77,221,69,1.12,0.75,4.12,Spurs,TOT
True,True,100.0,100.0,432422,-1,1,-2,2,-14.2,-30,"[{'offset': 0, 'projected_percent': '-14.9', 'likelihood': -1}, {'offset': 1, 'projected_percent': '-16.2', 'likelihood': -1}, {'offset': 2, 'projected_percent': '-17.6', 'likelihood': -1}]",,False,0,3,3.0,3.0,2,Sandro,3.0,455,False,,2026-09-14T14:30:07.387706Z,5.3,432422.jpg,2.8,False,Tonali,1.9,False,,a,19,6,14,47170,1581,266385,11778,0.6,2.6,Tonali,,106.0,2026-07-06,2000-05-08,False,p432422,427,0,0,2,8,0,0,0,0,0,0,0,86,63.0,89.0,28.0,18.0,11,20,11,42,5,0.24,0.61,0.85,7.72,,,,,,,[],,153,57,51,42,157,83,107,57,0.05,0.0,0.13,0.18,1.63,1.69,222,140,119,48,169,70,131,38,1.05,0.42,8.85,Spurs,TOT
True,False,0.0,0.0,184254,0,0,0,0,0.0,-4,"[{'offset': 0, 'projected_percent': '0.0', 'likelihood': 0}, {'offset': 1, 'projected_percent': '0.0', 'likelihood': 0}, {'offset': 2, 'projected_percent': '0.0', 'likelihood': 0}]",,False,0,1,0.0,0.0,0,Guglielmo,0.0,494,False,Has joined Juventus on loan for the rest of the season,2026-08-19T13:55:33.193962Z,4.5,184254.jpg,0.0,False,Vicario,0.1,False,,u,19,6,0,0,0,21912,529,0.0,0.0,Vicario,,106.0,2023-07-01,1996-10-07,False,p184254,0,0,0,0,0,0,0,0,0,0,0,0,0,0.0,0.0,0.0,0.0,0,0,0,0,0,0.00,0.00,0.00,0.00,,,,,,,[],,486,58,481,43,431,38,491,58,0.0,0.0,0.0,0.0,0.0,0.0,447,31,490,58,500,58,379,41,0.0,0.0,0.0,Spurs,TOT
True,True,,,214572,0,0,0,0,2.0,-1,"[{'offset': 0, 'projected_percent': '2.0', 'likelihood': 1}, {'offset': 1, 'projected_percent': '2.0', 'likelihood': 1}, {'offset': 2, 'projected_percent': '2.0', 'likelihood': 1}]",,False,0,1,0.0,0.0,0,Brandon,0.0,495,False,,,4.0,214572.jpg,0.0,False,Austin,1.0,False,,a,19,6,0,29030,1379,21231,1546,0.0,0.0,Austin,,241.0,2017-07-22,1999-01-08,False,p214572,0,0,0,0,0,0,0,0,0,0,0,0,0,0.0,0.0,0.0,0.0,0,0,0,0,0,0.00,0.00,0.00,0.00,,,,,,,[],,426,38,417,19,361,14,431,38,0.0,0.0,0.0,0.0,0.0,0.0,608,62,428,38,440,38,178,28,0.0,0.0,0.0,Spurs,TOT
True,True,,,485055,0,0,0,0,-44.8,-100,"[{'offset': 0, 'projected_percent': '-45.2', 'likelihood': -3}, {'offset': 1, 'projected_percent': '-46.0', 'likelihood': -3}, {'offset': 2, 'projected_percent': '-46.8', 'likelihood': -3}]",,False,0,1,4.0,4.0,2,Antonín,4.0,496,False,,,4.5,485055.jpg,3.6,False,Kinský,17.5,False,,a,19,6,18,340373,11219,767943,85716,0.9,4.0,Kinsky,,57.0,2025-01-05,2003-03-13,False,p485055,450,0,0,2,8,0,0,0,0,0,12,0,77,104.8,10.0,0.0,11.5,10,34,0,0,5,0.00,0.00,0.00,7.78,,,,,,,[],,68,12,282,3,454,47,190,11,0.0,2.4,0.0,0.0,1.56,1.6,485,40,71,7,111,12,22,3,1.0,0.4,0.0,Spurs,TOT
True,True,,,67089,0,0,0,0,-21.7,-44,"[{'offset': 0, 'projected_percent': '-21.9', 'likelihood': -2}, {'offset': 1, 'projected_percent': '-22.3', 'likelihood': -2}, {'offset': 2, 'projected_percent': '-22.6', 'likelihood': -2}]",,False,0,1,0.0,0.0,0,Martin,0.0,497,False,,,4.0,67089.jpg,0.0,False,Dubravka,17.2,False,,a,19,6,0,388967,18328,426869,34219,0.0,0.0,Dubravka,,194.0,2026-07-01,1989-01-15,False,p67089,0,0,0,0,0,0,0,0,0,0,0,0,0,0.0,0.0,0.0,0.0,0,0,0,0,0,0.00,0.00,0.00,0.00,,,,,,,[],,414,29,402,10,346,5,418,29,0.0,0.0,0.0,0.0,0.0,0.0,591,53,414,29,428,29,23,4,0.0,0.0,0.0,Spurs,TOT
True,True,,,221466,0,0,-2,2,-43.7,-58,"[{'offset': 0, 'projected_percent': '-44.9', 'likelihood': -3}, {'offset': 1, 'projected_percent': '-47.2', 'likelihood': -3}, {'offset': 2, 'projected_percent': '-49.6', 'likelihood': -3}]",,False,0,2,0.0,0.0,0,Marcos,0.0,498,False,,,5.8,221466.jpg,3.0,False,Senesi Barón,3.6,False,,a,19,6,3,28951,807,452568,16105,0.0,0.5,Senesi,,10.0,2026-07-01,1997-05-10,False,p221466,90,0,0,0,3,0,0,0,0,0,0,0,10,36.6,2.2,0.0,3.9,11,2,5,16,1,0.00,0.02,0.02,3.87,,,,,,,[],,231,92,328,118,644,215,310,116,0.0,0.0,0.02,0.02,3.87,3.0,101,10,649,215,153,63,92,35,1.0,0.0,16.0,Spurs,TOT
True,True,75.0,100.0,441164,0,0,-1,1,-21.3,-273,"[{'offset': 0, 'projected_percent': '-22.7', 'likelihood': -2}, {'offset': 1, 'projected_percent': '-25.4', 'likelihood': -2}, {'offset': 2, 'projected_percent': '-28.1', 'likelihood': -2}]",,False,0,2,1.7,2.2,1,Pedro,2.2,499,False,Hamstring injury - 75% chance of playing,2026-09-19T12:00:08.823872Z,5.4,441164.jpg,3.0,False,Porro Sauceda,7.8,False,,d,19,6,9,124230,1456,973372,55624,0.4,1.7,Pedro Porro,,200.0,2023-07-01,1999-09-13,False,p441164,198,0,0,1,2,0,0,0,0,0,0,1,33,22.6,47.6,28.0,9.8,6,5,3,9,3,0.37,0.16,0.53,1.68,3.0,,1.0,,,,[],,276,113,127,33,158,47,213,75,0.17,0.0,0.07,0.24,0.76,0.91,192,24,177,66,146,61,49,18,1.36,0.45,4.09,Spurs,TOT
True,False,0.0,0.0,221632,0,0,0,0,0.0,-1,"[{'offset': 0, 'projected_percent': '0.0', 'likelihood': 0}, {'offset': 1, 'projected_percent': '0.0', 'likelihood': 0}, {'offset': 2, 'projected_percent': '0.0', 'likelihood': 0}]",,False,0,2,0.0,0.0,0,Cristian,0.0,500,False,Has joined Atletico Madrid permanently,2026-08-17T13:49:05.465401Z,5.0,221632.jpg,0.0,False,Romero,0.1,False,,u,19,6,0,0,0,16713,199,0.0,0.0,Romero,,10.0,2022-08-30,1998-04-27,False,p221632,0,0,0,0,0,0,0,0,0,0,0,0,0,0.0,0.0,0.0,0.0,0,0,0,0,0,0.00,0.00,0.00,0.00,,,,,,,[],,591,210,593,209,568,206,597,210,0.0,0.0,0.0,0.0,0.0,0.0,266,41,594,208,600,209,435,160,0.0,0.0,0.0,Spurs,TOT
True,True,,,122798,0,0,-1,1,0.6,-10,"[{'offset': 0, 'projected_percent': '0.6', 'likelihood': 1}, {'offset': 1, 'projected_percent': '0.4', 'likelihood': 1}, {'offset': 2, 'projected_percent': '0.3', 'likelihood': 1}]",,False,0,2,3.5,3.5,4,Andrew,3.5,502,False,,,4.4,122798.jpg,3.4,False,Robertson,2.6,False,,a,19,6,17,65579,3907,180030,9354,0.8,3.9,Robertson,,243.0,2026-07-01,1994-03-11,False,p122798,366,0,1,1,7,0,0,0,0,0,0,1,68,89.6,123.9,41.0,25.4,15,15,5,20,4,0.13,0.43,0.56,7.05,1.0,,,,,,[],,98,46,27,3,117,28,51,8,0.03,0.0,0.11,0.14,1.73,1.72,553,137,87,34,120,49,111,43,0.98,0.25,4.92,Spurs,TOT
True,True,100.0,100.0,491279,0,0,0,0,-17.2,-49,"[{'offset': 0, 'projected_percent': '-18.2', 'likelihood': -1}, {'offset': 1, 'projected_percent': '-20.0', 'likelihood': -2}, {'offset': 2, 'projected_percent': '-21.8', 'likelihood': -2}]",,False,0,2,4.0,4.0,1,Micky,4.0,503,False,,2026-08-21T15:00:07.610517Z,5.0,491279.jpg,4.0,False,van de Ven,3.8,False,,a,19,6,16,92364,3908,262288,15047,0.8,3.2,Van de Ven,,152.0,2023-08-08,2001-04-19,False,p491279,360,0,0,2,5,0,0,0,1,0,0,3,69,75.8,8.7,18.0,10.3,24,17,5,29,4,0.59,0.05,0.64,3.91,,,,,,,[],,121,54,283,102,203,61,206,73,0.15,0.0,0.01,0.16,0.98,1.25,300,50,73,32,93,40,88,34,1.0,0.5,7.25,Spurs,TOT
True,False,0.0,0.0,232859,0,0,0,0,0.0,-4,"[{'offset': 0, 'projected_percent': '0.0', 'likelihood': 0}, {'offset': 1, 'projected_percent': '0.0', 'likelihood': 0}, {'offset': 2, 'projected_percent': '0.0', 'likelihood': 0}]",,False,0,2,0.0,0.0,0,Djed,0.0,505,False,Has joined Internazionale permanently,2026-08-18T14:13:08.454214Z,4.5,232859.jpg,0.0,False,Spence,0.2,False,,u,19,6,0,0,0,68911,825,0.0,0.0,Spence,,241.0,2022-07-19,2000-08-09,False,p232859,0,0,0,0,0,0,0,0,0,0,0,0,0,0.0,0.0,0.0,0.0,0,0,0,0,0,0.00,0.00,0.00,0.00,,,,,,,[],,493,189,488,188,439,178,498,189,0.0,0.0,0.0,0.0,0.0,0.0,461,103,497,187,507,189,317,118,0.0,0.0,0.0,Spurs,TOT
True,True,100.0,100.0,487053,0,0,-1,1,-15.7,0,"[{'offset': 0, 'projected_percent': '-15.7', 'likelihood': -1}, {'offset': 1, 'projected_percent': '-15.7', 'likelihood': -1}, {'offset': 2, 'projected_percent': '-15.7', 'likelihood': -1}]",,False,0,2,1.5,1.5,0,Destiny,1.5,506,False,,2026-09-11T18:00:09.092110Z,4.4,487053.jpg,2.3,False,Udogie,0.3,False,,a,19,6,7,5481,242,22049,1219,0.3,1.6,Udogie,,106.0,2022-08-16,2002-11-28,False,p487053,86,0,0,1,1,0,0,0,1,0,0,0,21,9.8,13.5,4.0,2.7,3,4,1,4,1,0.00,0.23,0.23,1.17,,,,,,,[],,326,123,256,93,303,108,328,118,0.0,0.0,0.24,0.24,1.22,1.05,569,150,230,82,200,79,281,103,1.05,1.05,4.19,Spurs,TOT
True,False,0.0,0.0,548308,0,0,0,0,0.0,0,"[{'offset': 0, 'projected_percent': '0.0', 'likelihood': 0}, {'offset': 1, 'projected_percent': '0.0', 'likelihood': 0}, {'offset': 2, 'projected_percent': '0.0', 'likelihood': 0}]",,False,0,2,0.0,0.0,0,Ashley,0.0,507,False,Has joined Middlesbrough permanently,2026-08-18T14:13:08.474144Z,4.5,548308.jpg,0.0,False,Phillips,0.0,False,,u,19,6,0,0,0,1258,43,0.0,0.0,Phillips,,241.0,2023-08-05,2005-06-26,False,p548308,0,0,0,0,0,0,0,0,0,0,0,0,0,0.0,0.0,0.0,0.0,0,0,0,0,0,0.00,0.00,0.00,0.00,,,,,,,[],,515,197,512,196,469,189,520,197,0.0,0.0,0.0,0.0,0.0,0.0,502,124,519,195,529,197,598,202,0.0,0.0,0.0,Spurs,TOT
True,True,,,115556,-1,1,-1,1,1.0,1,"[{'offset': 0, 'projected_percent': '1.0', 'likelihood': 1}, {'offset': 1, 'projected_percent': '1.0', 'likelihood': 1}, {'offset': 2, 'projected_percent': '1.1', 'likelihood': 1}]",,False,0,2,0.0,0.0,0,Ben,0.0,508,False,,,3.9,115556.jpg,0.0,False,Davies,0.9,False,,a,19,6,0,16933,5137,40047,2604,0.0,0.0,Davies,,244.0,2014-07-23,1993-04-24,False,p115556,0,0,0,0,0,0,0,0,0,0,0,0,0,0.0,0.0,0.0,0.0,0,0,0,0,0,0.00,0.00,0.00,0.00,,,,,,,[],,406,147,394,143,337,127,410,146,0.0,0.0,0.0,0.0,0.0,0.0,662,212,405,140,420,147,196,74,0.0,0.0,0.0,Spurs,TOT
True,True,,,640419,0,0,0,0,-0.5,0,"[{'offset': 0, 'projected_percent': '-0.5', 'likelihood': -1}, {'offset': 1, 'projected_percent': '-0.5', 'likelihood': -1}, {'offset': 2, 'projected_percent': '-0.5', 'likelihood': -1}]",,False,0,2,0.0,0.0,0,Jun'ai,0.0,509,False,,,4.0,640419.jpg,0.0,False,Byfield,0.1,False,,a,19,6,0,2307,92,2518,174,0.0,0.0,Byfield,,,,,False,p640419,0,0,0,0,0,0,0,0,0,0,0,0,0,0.0,0.0,0.0,0.0,0,0,0,0,0,0.00,0.00,0.00,0.00,,,,,,,[],,462,178,453,177,398,163,467,178,0.0,0.0,0.0,0.0,0.0,0.0,658,208,464,174,476,178,481,172,0.0,0.0,0.0,Spurs,TOT
True,True,,,499716,0,0,0,0,-13.0,-1,"[{'offset': 0, 'projected_percent': '-14.0', 'likelihood': -1}, {'offset': 1, 'projected_percent': '-15.9', 'likelihood': -1}, {'offset': 2, 'projected_percent': '-17.8', 'likelihood': -1}]",,False,0,2,0.0,0.0,0,James,0.0,510,False,,,4.0,499716.jpg,0.0,False,Rowswell,0.1,False,,a,19,6,0,2839,110,3370,242,0.0,0.0,Rowswell,,,,,False,p499716,0,0,0,0,0,0,0,0,0,0,0,0,0,0.0,0.0,0.0,0.0,0,0,0,0,0,0.00,0.00,0.00,0.00,,,,,,,[],,443,161,434,160,378,145,448,161,0.0,0.0,0.0,0.0,0.0,0.0,634,186,445,157,457,161,433,159,0.0,0.0,0.0,Spurs,TOT
True,False,0.0,0.0,616221,0,0,0,0,0.0,-3,"[{'offset': 0, 'projected_percent': '0.0', 'likelihood': 0}, {'offset': 1, 'projected_percent': '0.0', 'likelihood': 0}, {'offset': 2, 'projected_percent': '0.0', 'likelihood': 0}]",,False,0,2,0.0,0.0,0,João Victor,0.0,511,False,Has joined FC Porto on loan for the rest of the season,2026-09-01T13:24:26.858636Z,4.0,616221.jpg,0.0,False,de Souza Menezes,0.2,False,,u,19,6,0,2555,0,16622,636,0.0,0.0,Souza,Souza,30.0,2026-01-22,2006-06-16,False,p616221,0,0,0,0,0,0,0,0,0,0,0,0,0,0.0,0.0,0.0,0.0,0,0,0,0,0,0.00,0.00,0.00,0.00,,,,,,,[],,461,177,452,176,397,162,466,177,0.0,0.0,0.0,0.0,0.0,0.0,657,207,463,173,475,177,360,136,0.0,0.0,0.0,Spurs,TOT
True,True,100.0,100.0,460842,0,0,0,0,1.8,3,"[{'offset': 0, 'projected_percent': '1.8', 'likelihood': 1}, {'offset': 1, 'projected_percent': '1.9', 'likelihood': 1}, {'offset': 2, 'projected_percent': '1.9', 'likelihood': 1}]",,False,0,3,1.8,1.8,4,Mohammed,1.8,512,False,,2026-07-23T12:01:23.848657Z,6.5,460842.jpg,1.8,False,Kudus,0.1,False,,a,19,6,7,12352,1558,10719,764,0.3,1.1,Kudus,,81.0,2025-07-10,2000-08-02,False,p460842,123,0,1,0,3,0,0,0,0,0,0,0,49,37.2,48.7,26.0,11.2,0,11,3,14,0,0.11,0.42,0.53,1.46,6.0,,3.0,,3.0,,[],,229,99,123,82,165,88,196,93,0.08,0.0,0.31,0.39,1.07,2.2,40,27,216,98,259,115,368,132,0.0,0.0,10.24,Spurs,TOT
True,True,0.0,0.0,493362,0,0,-1,1,-14.6,0,"[{'offset': 0, 'projected_percent': '-14.6', 'likelihood': -1}, {'offset': 1, 'projected_percent': '-14.6', 'likelihood': -1}, {'offset': 2, 'projected_percent': '-14.6', 'likelihood': -1}]",,False,0,3,0.0,0.0,0,Xavi,0.0,513,False,Knee injury - Unknown return date,2026-07-23T12:01:23.864304Z,5.9,493362.jpg,0.0,False,Simons,0.0,False,,i,19,6,0,324,32,1091,50,0.0,0.0,Xavi,,152.0,2025-08-29,2003-04-21,False,p493362,0,0,0,0,0,0,0,0,0,0,0,0,0,0.0,0.0,0.0,0.0,0,0,0,0,0,0.00,0.00,0.00,0.00,,,2.0,,4.0,,[],,655,291,659,292,653,290,659,292,0.0,0.0,0.0,0.0,0.0,0.0,91,58,657,292,658,292,599,251,0.0,0.0,0.0,Spurs,TOT
True,True,,,511499,-1,1,-3,3,-19.2,-5,"[{'offset': 0, 'projected_percent': '-20.3', 'likelihood': -2}, {'offset': 1, 'projected_percent': '-22.3', 'likelihood': -2}, {'offset': 2, 'projected_percent': '-24.4', 'likelihood': -2}]",,False,0,3,1.5,1.5,0,Mathys,1.5,514,False,,,5.7,511499.jpg,2.0,False,Tel,0.2,False,,a,19,6,8,9069,137,46360,1543,0.3,1.4,Tel,,73.0,2025-07-01,2005-04-27,False,p511499,257,0,0,1,4,0,0,0,0,0,0,0,41,21.6,52.7,72.0,14.6,1,11,1,13,3,0.21,0.23,0.44,5.55,5.0,,4.0,,,,[],,280,120,109,72,59,36,150,77,0.07,0.0,0.08,0.15,1.94,1.4,117,75,241,111,239,105,337,119,1.05,0.35,4.55,Spurs,TOT
True,True,100.0,100.0,172780,0,0,-2,2,-61.9,-12,"[{'offset': 0, 'projected_percent': '-64.1', 'likelihood': -3}, {'offset': 1, 'projected_percent': '-68.4', 'likelihood': -3}, {'offset': 2, 'projected_percent': '-72.7', 'likelihood': -3}]",,False,0,3,0.5,0.5,1,James,0.5,515,False,,2026-08-25T14:30:07.623508Z,6.3,172780.jpg,1.0,False,Maddison,0.4,False,,a,19,6,3,5546,497,95687,1434,0.1,0.5,Maddison,,241.0,2023-06-28,1996-11-23,False,p172780,59,0,0,0,2,0,0,0,0,0,0,0,18,21.8,14.5,19.0,5.6,3,4,4,11,0,0.06,0.04,0.10,1.03,,,,,,,[],,277,117,247,131,198,109,280,126,0.09,0.0,0.06,0.15,1.57,3.05,44,30,346,163,396,190,267,88,0.0,0.0,16.78,Spurs,TOT
True,True,,,202993,0,0,0,0,-65.2,-6,"[{'offset': 0, 'projected_percent': '-67.5', 'likelihood': -3}, {'offset': 1, 'projected_percent': '-72.0', 'likelihood': -3}, {'offset': 2, 'projected_percent': '-76.5', 'likelihood': -3}]",,False,0,3,3.5,3.5,4,Rodrigo,3.5,516,False,,,5.5,202993.jpg,3.0,False,Bentancur,0.2,False,,a,19,6,15,5010,246,8128,471,0.6,2.7,Bentancur,,230.0,2022-01-31,1997-06-25,False,p202993,370,0,0,2,6,0,0,0,0,0,0,0,69,77.4,39.3,8.0,12.6,22,23,15,60,4,0.02,0.12,0.14,5.59,,,,,,,[],,117,38,159,101,272,140,176,86,0.0,0.0,0.03,0.03,1.36,1.46,134,81,92,37,149,61,351,125,0.97,0.49,14.59,Spurs,TOT
True,True,0.0,0.0,550839,0,0,0,0,0.0,0,"[{'offset': 0, 'projected_percent': '0.0', 'likelihood': 0}, {'offset': 1, 'projected_percent': '0.0', 'likelihood': 0}, {'offset': 2, 'projected_percent': '0.0', 'likelihood': 0}]",,False,0,3,0.0,0.0,0,Wilson,0.0,517,False,Knee injury - Unknown return date,2026-07-23T12:01:23.879434Z,5.5,550839.jpg,0.0,False,Odobert,0.0,False,,i,19,6,0,115,13,105,10,0.0,0.0,Odobert,,73.0,2024-08-16,2004-11-28,False,p550839,0,0,0,0,0,0,0,0,0,0,0,0,0,0.0,0.0,0.0,0.0,0,0,0,0,0,0.00,0.00,0.00,0.00,,,,,,,[],https://www.tottenhamhotspur.com/news/1008505/odobert-suffers-acl-injury,645,284,651,286,640,281,650,285,0.0,0.0,0.0,0.0,0.0,0.0,162,102,647,286,650,286,661,294,0.0,0.0,0.0,Spurs,TOT
True,False,0.0,0.0,482442,0,0,-1,1,0.0,0,"[{'offset': 0, 'projected_percent': '0.0', 'likelihood': 0}, {'offset': 1, 'projected_percent': '0.0', 'likelihood': 0}, {'offset': 2, 'projected_percent': '0.0', 'likelihood': 0}]",,False,0,3,0.0,0.0,0,Pape Matar,0.0,518,False,Has joined Juventus on loan for the rest of the season,2026-09-02T16:02:43.386849Z,4.9,482442.jpg,0.0,False,Sarr,0.1,False,,u,19,6,0,4138,0,23575,508,0.0,0.0,P.M.Sarr,Pape Matar Sarr,189.0,2021-08-27,2002-09-14,False,p482442,0,0,0,0,0,0,0,0,0,0,0,0,0,0.0,0.0,0.0,0.0,0,0,0,0,0,0.00,0.00,0.00,0.00,,,,,,,[],,573,238,572,244,537,219,579,240,0.0,0.0,0.0,0.0,0.0,0.0,380,226,576,241,584,245,447,172,0.0,0.0,0.0,Spurs,TOT
True,True,,,232787,0,0,-2,2,0.1,2,"[{'offset': 0, 'projected_percent': '0.1', 'likelihood': 1}, {'offset': 1, 'projected_percent': '0.1', 'likelihood': 1}, {'offset': 2, 'projected_percent': '0.1', 'likelihood': 1}]",,False,0,3,2.2,2.2,6,Conor,2.2,519,False,,,5.3,232787.jpg,3.0,False,Gallagher,0.2,False,,a,19,6,9,4457,601,16840,452,0.4,1.7,Gallagher,,241.0,2026-01-14,2000-02-06,False,p232787,134,1,0,1,2,0,0,0,1,0,0,0,48,48.6,12.2,36.0,9.6,1,9,8,18,2,0.37,0.12,0.49,2.65,,,,,,,[],,199,85,263,136,135,73,216,101,0.25,0.0,0.08,0.33,1.78,1.34,219,137,175,78,144,59,340,121,1.34,0.67,12.09,Spurs,TOT
True,True,,,570526,-1,1,-2,2,-0.2,-1,"[{'offset': 0, 'projected_percent': '-0.3', 'likelihood': -1}, {'offset': 1, 'projected_percent': '-0.6', 'likelihood': -1}, {'offset': 2, 'projected_percent': '-0.9', 'likelihood': -1}]",,False,0,3,0.5,0.5,1,Lucas,0.5,520,False,,,5.3,570526.jpg,1.0,False,Bergvall,0.1,False,,a,19,6,3,1848,68,9387,454,0.1,0.6,Bergvall,,206.0,2024-07-01,2006-02-02,False,p570526,78,0,0,0,2,0,0,0,0,0,0,0,13,11.0,10.8,11.0,2.9,1,9,3,13,1,0.06,0.27,0.33,2.21,,,,,,,[],,320,143,272,139,249,129,324,151,0.07,0.0,0.31,0.38,2.55,2.31,234,147,339,158,369,169,374,135,1.15,0.0,15.0,Spurs,TOT
True,True,0.0,0.0,445044,0,0,0,0,-83.3,0,"[{'offset': 0, 'projected_percent': '-83.3', 'likelihood': -3}, {'offset': 1, 'projected_percent': '-83.3', 'likelihood': -3}, {'offset': 2, 'projected_percent': '-83.3', 'likelihood': -3}]",,False,0,3,0.0,0.0,0,Dejan,0.0,521,False,Knee injury - Unknown return date,2026-07-23T12:01:23.895175Z,6.5,445044.jpg,0.0,False,Kulusevski,0.0,False,,i,19,6,0,345,39,705,40,0.0,0.0,Kulusevski,,206.0,2023-07-01,2000-04-25,False,p445044,0,0,0,0,0,0,0,0,0,0,0,0,0,0.0,0.0,0.0,0.0,0,0,0,0,0,0.00,0.00,0.00,0.00,,,,,,,[],https://www.tottenhamhotspur.com/news/1089549/team-news-mudryk-injured-kulusevski-still-out,663,297,664,297,662,297,664,297,0.0,0.0,0.0,0.0,0.0,0.0,38,26,663,297,663,297,614,261,0.0,0.0,0.0,Spurs,TOT
True,True,,,547701,0,0,-1,1,-17.0,2,"[{'offset': 0, 'projected_percent': '-16.3', 'likelihood': -1}, {'offset': 1, 'projected_percent': '-14.9', 'likelihood': -1}, {'offset': 2, 'projected_percent': '-13.6', 'likelihood': -1}]",,False,0,3,1.8,1.8,2,Archie,1.8,522,False,,,4.9,547701.jpg,2.2,False,Gray,0.2,False,,a,19,6,9,6723,346,13053,882,0.4,1.8,Gray,,241.0,2024-07-02,2006-03-12,False,p547701,307,0,0,1,7,0,0,0,0,0,0,0,51,28.4,14.6,27.0,7.0,10,12,5,27,3,0.23,0.05,0.28,6.11,,,,,,,[],,258,107,245,130,159,84,248,110,0.07,0.0,0.01,0.08,1.79,2.05,394,237,206,95,214,93,347,123,0.88,0.29,7.92,Spurs,TOT
True,False,0.0,0.0,499721,0,0,0,0,0.0,-2,"[{'offset': 0, 'projected_percent': '0.0', 'likelihood': 0}, {'offset': 1, 'projected_percent': '0.0', 'likelihood': 0}, {'offset': 2, 'projected_percent': '0.0', 'likelihood': 0}]",,False,0,3,0.0,0.0,0,Mikey,0.2,523,False,Has joined FC Köln on loan for the rest of the season,2026-09-04T12:39:48.098158Z,5.0,499721.jpg,1.5,False,Moore,0.1,False,,u,19,6,3,3258,0,16907,422,0.0,0.6,Moore,,241.0,2024-05-01,2007-08-11,False,p499721,89,0,0,0,4,0,0,0,0,0,0,0,11,14.2,6.3,56.0,7.5,0,2,1,3,1,0.40,0.02,0.42,3.26,,,,,,,[],,301,130,292,147,83,49,243,108,0.4,0.0,0.02,0.42,3.3,4.04,305,183,388,184,273,121,487,190,1.01,0.0,3.03,Spurs,TOT
True,True,,,499726,0,0,-1,1,7.4,-12,"[{'offset': 0, 'projected_percent': '7.3', 'likelihood': 1}, {'offset': 1, 'projected_percent': '7.1', 'likelihood': 1}, {'offset': 2, 'projected_percent': '6.9', 'likelihood': 1}]",,False,0,3,0.0,0.0,0,Callum,0.0,524,False,,,4.4,499726.jpg,0.0,False,Olusesi,1.0,False,,a,19,6,0,54073,4457,47598,5753,0.0,0.0,Olusesi,,,,,False,p499726,0,0,0,0,0,0,0,0,0,0,0,0,0,0.0,0.0,0.0,0.0,0,0,0,0,0,0.00,0.00,0.00,0.00,,,,,,,[],,473,195,465,201,415,173,478,196,0.0,0.0,0.0,0.0,0.0,0.0,572,296,476,199,487,203,182,57,0.0,0.0,0.0,Spurs,TOT
True,True,,,551226,-1,1,-3,3,-4.5,-15,"[{'offset': 0, 'projected_percent': '-5.3', 'likelihood': -1}, {'offset': 1, 'projected_percent': '-6.9', 'likelihood': -1}, {'offset': 2, 'projected_percent': '-8.5', 'likelihood': -1}]",,False,0,3,1.5,1.5,1,Mateus,1.5,525,False,,,5.7,551226.jpg,1.4,False,Fernandes,0.8,False,,a,19,6,7,14298,317,123239,5152,0.3,1.2,Fernandes,Mateus Fernandes,173.0,2026-07-02,2004-07-10,False,p551226,249,0,0,1,4,0,0,0,1,0,0,0,50,24.2,92.6,34.0,14.6,2,12,7,21,3,0.19,0.28,0.47,4.43,2.0,,,,,,[],,271,114,46,39,142,75,151,78,0.07,0.0,0.1,0.17,1.6,1.45,118,76,242,112,278,125,203,64,1.08,0.36,7.59,Spurs,TOT
True,True,,,154566,0,0,-2,2,-22.8,-18,"[{'offset': 0, 'projected_percent': '-24.4', 'likelihood': -2}, {'offset': 1, 'projected_percent': '-27.6', 'likelihood': -2}, {'offset': 2, 'projected_percent': '-30.7', 'likelihood': -2}]",,False,0,4,1.5,1.5,2,Dominic,1.5,526,False,,,5.8,154566.jpg,1.4,False,Solanke-Mitchell,0.8,False,,a,19,6,7,28770,1223,93186,4135,0.3,1.2,Solanke,,241.0,2024-08-10,1997-09-14,False,p154566,170,0,0,1,1,0,0,0,0,0,0,0,21,8.4,17.5,37.0,6.1,2,5,2,9,2,0.56,0.01,0.57,2.57,,,,,1.0,,[],,336,33,227,26,134,25,268,29,0.3,0.0,0.01,0.31,1.36,0.53,97,26,243,27,279,32,200,32,1.06,0.53,4.76,Spurs,TOT
True,False,0.0,0.0,212319,0,0,-1,1,0.0,-15,"[{'offset': 0, 'projected_percent': '0.0', 'likelihood': 0}, {'offset': 1, 'projected_percent': '0.0', 'likelihood': 0}, {'offset': 2, 'projected_percent': '0.0', 'likelihood': 0}]",,False,0,4,0.0,0.0,0,Richarlison,0.0,527,False,not included in squad.,2026-09-04T12:32:39.183614Z,5.9,212319.jpg,2.0,False,de Andrade,0.7,False,,u,19,6,2,21439,0,266644,4161,0.0,0.3,Richarlison,Richarlison,30.0,2022-07-01,1997-05-10,False,p212319,67,0,0,0,3,0,0,0,0,0,0,0,6,0.0,2.2,0.0,0.2,1,0,0,1,1,0.00,0.00,0.00,3.02,,,,,,,[],,652,74,329,43,650,75,402,46,0.0,0.0,0.0,0.0,4.06,4.03,83,22,654,76,241,25,223,35,1.34,0.0,1.34,Spurs,TOT
True,False,0.0,0.0,490145,0,0,0,0,0.0,-18,"[{'offset': 0, 'projected_percent': '0.0', 'likelihood': 0}, {'offset': 1, 'projected_percent': '0.0', 'likelihood': 0}, {'offset': 2, 'projected_percent': '0.0', 'likelihood': 0}]",,False,0,4,0.0,0.0,0,Dane,0.0,528,False,Has joined Leyton Orient permanently,2026-09-02T16:02:43.413625Z,4.5,490145.jpg,0.0,False,Scarlett,1.1,False,,u,19,6,0,42525,0,107657,6090,0.0,0.0,Scarlett,,241.0,2020-08-21,2004-03-24,False,p490145,0,0,0,0,0,0,0,0,0,0,0,0,0,0.0,0.0,0.0,0.0,0,0,0,0,0,0.00,0.00,0.00,0.00,,,,,,,[],,502,45,499,50,456,44,507,49,0.0,0.0,0.0,0.0,0.0,0.0,488,66,506,47,516,51,169,27,0.0,0.0,0.0,Spurs,TOT
True,True,0.0,0.0,465920,-1,1,-2,2,-6.9,0,"[{'offset': 0, 'projected_percent': '-6.9', 'likelihood': -1}, {'offset': 1, 'projected_percent': '-6.9', 'likelihood': -1}, {'offset': 2, 'projected_percent': '-6.9', 'likelihood': -1}]",,False,0,3,0.0,0.0,0,Mykhailo,0.2,578,False,Ankle injury - Unknown return date,2026-09-11T18:00:09.154412Z,5.3,465920.jpg,1.0,False,Mudryk,0.0,False,,i,19,6,1,5435,15,7473,425,0.0,0.2,Mudryk,,225.0,2026-09-01,2001-01-05,False,p465920,16,0,0,0,0,0,0,0,0,0,0,0,3,0.0,0.1,2.0,0.1,0,0,0,0,0,0.00,0.00,0.00,0.16,,,,,,,"[{'property': 'loan_ineligible', 'notes': 'This player will not be available to face their parent club in Gameweek 35 as part of their loan conditions.', 'gameweek': 35, 'url': None}, {'property': 'loan_ineligible', 'notes': 'This player will not be available to face their parent club in Gameweek 8 as part of their loan conditions.', 'gameweek': 8, 'url': None}]",https://www.tottenhamhotspur.com/news/1089549/team-news-mudryk-injured-kulusevski-still-out,624,270,392,196,330,164,407,191,0.0,0.0,0.0,0.0,0.9,0.0,227,142,391,185,364,164,509,201,0.0,0.0,0.0,Spurs,TOT
True,True,,,611917,0,0,0,0,-42.9,-4,"[{'offset': 0, 'projected_percent': '-45.2', 'likelihood': -3}, {'offset': 1, 'projected_percent': '-49.9', 'likelihood': -3}, {'offset': 2, 'projected_percent': '-54.5', 'likelihood': -3}]",,False,0,3,0.0,0.0,0,Luca,0.0,601,False,,,4.5,611917.jpg,0.0,False,Williams-Barnett,0.1,False,,a,19,6,0,10204,122,6845,562,0.0,0.0,Williams-Barnett,,241.0,2025-07-25,2008-10-01,False,p611917,0,0,0,0,0,0,0,0,0,0,0,0,0,0.0,0.0,0.0,0.0,0,0,0,0,0,0.00,0.00,0.00,0.00,,,,,,,[],,535,213,531,219,489,191,540,214,0.0,0.0,0.0,0.0,0.0,0.0,528,276,539,217,548,221,384,141,0.0,0.0,0.0,Spurs,TOT
True,True,,,135720,0,0,0,0,-79.1,3,"[{'offset': 0, 'projected_percent': '-77.8', 'likelihood': -3}, {'offset': 1, 'projected_percent': '-75.1', 'likelihood': -3}, {'offset': 2, 'projected_percent': '-72.5', 'likelihood': -3}]",,False,0,2,0.8,0.8,0,Kevin,0.8,501,False,,,5.0,135720.jpg,1.0,False,Danso,0.2,False,,a,20,56,3,6281,856,9614,577,0.2,0.6,Danso,,14.0,2026-09-01,1998-09-19,False,p135720,270,0,0,0,8,0,0,0,0,0,0,0,7,55.2,32.9,21.0,11.0,19,11,1,20,3,0.07,0.17,0.24,5.91,,,,,,,"[{'property': 'loan_ineligible', 'notes': 'This player will not be available to face their parent club in Gameweek 23 as part of their loan conditions.', 'gameweek': 23, 'url': None}, {'property': 'loan_ineligible', 'notes': 'This player will not be available to face their parent club in Gameweek 12 as part of their loan conditions.', 'gameweek': 12, 'url': None}]",,176,74,176,55,183,57,198,71,0.02,0.0,0.06,0.08,1.97,2.67,245,36,286,106,348,133,362,138,1.0,0.0,6.67,Sunderland,SUN
True,True,,,498016,0,0,-1,1,-13.2,-9,"[{'offset': 0, 'projected_percent': '-13.5', 'likelihood': -1}, {'offset': 1, 'projected_percent': '-14.0', 'likelihood': -1}, {'offset': 2, 'projected_percent': '-14.5', 'likelihood': -1}]",,False,0,1,2.5,2.5,0,Robin,2.5,529,False,,,4.9,498016.jpg,2.2,False,Roefs,2.5,False,,a,20,56,11,21390,1541,174574,8449,0.5,2.2,Roefs,,152.0,2025-08-01,2003-01-17,False,p498016,450,0,0,1,10,0,0,0,0,0,6,0,41,73.4,0.0,0.0,7.3,7,35,0,0,5,0.00,0.01,0.01,8.66,,,,,,,[],,124,20,574,61,539,59,245,20,0.0,1.2,0.0,0.0,1.73,2.0,384,21,153,16,213,17,117,18,1.0,0.2,0.0,Sunderland,SUN
True,False,0.0,0.0,232571,0,0,0,0,0.0,0,"[{'offset': 0, 'projected_percent': '0.0', 'likelihood': 0}, {'offset': 1, 'projected_percent': '0.0', 'likelihood': 0}, {'offset': 2, 'projected_percent': '0.0', 'likelihood': 0}]",,False,0,1,0.0,0.0,0,Anthony,0.0,530,False,Has joined Wrexham permanently,2026-08-12T14:08:03.064533Z,4.0,232571.jpg,0.0,False,Patterson,0.1,False,,u,20,56,0,0,0,5907,255,0.0,0.0,Patterson,,241.0,2018-10-09,2000-05-10,False,p232571,0,0,0,0,0,0,0,0,0,0,0,0,0,0.0,0.0,0.0,0.0,0,0,0,0,0,0.00,0.00,0.00,0.00,,,,,,,[],,429,39,420,20,364,15,434,39,0.0,0.0,0.0,0.0,0.0,0.0,614,63,431,39,443,39,394,44,0.0,0.0,0.0,Sunderland,SUN
True,True,,,515046,0,0,0,0,-94.7,0,"[{'offset': 0, 'projected_percent': '-94.7', 'likelihood': -3}, {'offset': 1, 'projected_percent': '-94.7', 'likelihood': -3}, {'offset': 2, 'projected_percent': '-94.7', 'likelihood': -3}]",,False,0,1,0.0,0.0,0,Melker,0.0,531,False,,,4.5,515046.jpg,0.0,False,Ellborg,0.1,False,,a,20,56,0,1125,86,3265,184,0.0,0.0,Ellborg,,206.0,2026-02-01,2003-05-22,False,p515046,0,0,0,0,0,0,0,0,0,0,0,0,0,0.0,0.0,0.0,0.0,0,0,0,0,0,0.00,0.00,0.00,0.00,,,,,,,[],,510,65,507,52,464,50,515,65,0.0,0.0,0.0,0.0,0.0,0.0,497,43,514,65,524,65,444,50,0.0,0.0,0.0,Sunderland,SUN
True,True,,,223827,0,0,-1,1,-84.6,-11,"[{'offset': 0, 'projected_percent': '-84.9', 'likelihood': -3}, {'offset': 1, 'projected_percent': '-85.5', 'likelihood': -3}, {'offset': 2, 'projected_percent': '-86.2', 'likelihood': -3}]",,False,0,2,3.5,3.5,2,Daniel,3.5,532,False,,,4.9,223827.jpg,2.8,False,Ballard,2.6,False,,a,20,56,14,44687,2788,311905,11337,0.7,2.9,Ballard,,242.0,2022-07-01,1999-09-22,False,p223827,450,0,0,1,10,0,0,0,2,0,0,0,31,104.2,23.8,35.0,16.3,39,12,10,49,5,0.31,0.16,0.47,8.66,,,,,,,[],,72,33,203,67,139,39,119,40,0.06,0.0,0.03,0.09,1.73,2.0,360,63,90,37,162,67,112,44,1.0,0.2,9.8,Sunderland,SUN
True,True,100.0,100.0,200834,0,0,-1,1,-13.8,-8,"[{'offset': 0, 'projected_percent': '-14.1', 'likelihood': -1}, {'offset': 1, 'projected_percent': '-14.7', 'likelihood': -1}, {'offset': 2, 'projected_percent': '-15.3', 'likelihood': -1}]",,False,0,2,3.2,3.2,0,Nordi,3.2,533,False,,2026-08-09T08:30:05.954750Z,5.4,200834.jpg,3.2,False,Mukiele,1.9,False,,a,20,56,13,43243,3912,127547,6442,0.6,2.4,Mukiele,,73.0,2025-08-17,1997-11-01,False,p200834,360,0,0,1,8,0,0,0,1,0,0,1,44,115.6,48.4,59.0,22.3,35,16,13,48,4,0.75,0.28,1.03,6.86,,,,,,,[],,51,22,124,32,73,10,68,13,0.19,0.0,0.07,0.26,1.72,2.0,177,19,104,43,130,55,126,51,1.0,0.25,12.0,Sunderland,SUN
True,True,,,487676,-1,1,-2,2,-5.6,-21,"[{'offset': 0, 'projected_percent': '-5.9', 'likelihood': -1}, {'offset': 1, 'projected_percent': '-6.5', 'likelihood': -1}, {'offset': 2, 'projected_percent': '-7.1', 'likelihood': -1}]",,False,0,2,2.0,2.0,1,Trai,2.0,534,False,,,4.3,487676.jpg,2.5,False,Hume,2.9,False,,a,20,56,10,37591,965,391625,23950,0.5,2.3,Hume,,242.0,2022-01-04,2002-03-18,False,p487676,206,0,0,1,2,0,0,0,0,0,0,0,44,32.2,59.0,23.0,11.5,3,12,10,13,2,0.14,0.29,0.43,4.57,3.0,,,,,,[],,246,101,96,21,173,51,189,67,0.06,0.0,0.13,0.19,2.0,0.87,582,157,185,70,187,73,107,41,0.87,0.44,5.68,Sunderland,SUN
True,True,100.0,100.0,201895,-1,1,-2,2,-4.2,-3,"[{'offset': 0, 'projected_percent': '-4.8', 'likelihood': -1}, {'offset': 1, 'projected_percent': '-6.0', 'likelihood': -1}, {'offset': 2, 'projected_percent': '-7.2', 'likelihood': -1}]",,False,0,2,0.0,0.0,0,Omar,0.0,535,False,,2026-08-09T08:30:05.962393Z,4.8,201895.jpg,1.0,False,Alderete,0.2,False,,a,20,56,1,4924,170,27075,799,0.0,0.2,Alderete,,168.0,2025-08-12,1996-12-26,False,p201895,23,0,0,0,1,0,0,0,0,0,0,0,2,0.0,0.6,0.0,0.0,0,2,0,0,0,0.00,0.01,0.01,0.10,,,,,,,[],,552,204,367,136,510,198,557,204,0.0,0.0,0.04,0.04,0.39,3.91,410,75,556,202,326,126,314,117,0.0,0.0,0.0,Sunderland,SUN
True,True,100.0,0.0,434399,-1,1,-1,1,-0.0,0,"[{'offset': 0, 'projected_percent': '-0.0', 'likelihood': 0}, {'offset': 1, 'projected_percent': '-0.0', 'likelihood': 0}, {'offset': 2, 'projected_percent': '-0.0', 'likelihood': 0}]",2026-09-28T16:00:10.163369Z,False,0,2,1.5,0.0,0,Reinildo,1.5,536,False,,2026-09-12T21:30:09.421687Z,4.4,434399.jpg,1.8,False,Mandava,0.3,False,,a,20,56,7,3987,124,24146,1346,0.3,1.6,Reinildo,Reinildo Mandava,146.0,2025-07-08,1994-01-21,False,p434399,360,0,0,1,5,0,0,0,0,1,0,0,37,53.8,36.4,6.0,9.5,21,18,8,29,4,0.00,0.32,0.32,5.05,,,,,,,[],,178,75,166,46,283,100,217,77,0.0,0.0,0.08,0.08,1.26,1.25,564,146,229,81,248,91,307,114,1.0,0.25,7.25,Sunderland,SUN
True,False,0.0,0.0,519634,0,0,0,0,0.0,0,"[{'offset': 0, 'projected_percent': '0.0', 'likelihood': 0}, {'offset': 1, 'projected_percent': '0.0', 'likelihood': 0}, {'offset': 2, 'projected_percent': '0.0', 'likelihood': 0}]",,False,0,2,0.0,0.0,0,Jenson,0.0,537,False,Has joined Swansea City on loan for the rest of the season,2026-08-29T00:34:52.425076Z,4.5,519634.jpg,0.0,False,Seelt,0.0,False,,u,20,56,0,61,0,657,15,0.0,0.0,Seelt,,152.0,2023-07-01,2003-05-23,False,p519634,0,0,0,0,0,0,0,0,0,0,0,0,0,0.0,0.0,0.0,0.0,0,0,0,0,0,0.00,0.00,0.00,0.00,,,,,,,[],,511,196,508,195,465,188,516,196,0.0,0.0,0.0,0.0,0.0,0.0,498,123,515,194,525,196,635,211,0.0,0.0,0.0,Sunderland,SUN
True,False,0.0,0.0,477547,0,0,0,0,0.0,0,"[{'offset': 0, 'projected_percent': '0.0', 'likelihood': 0}, {'offset': 1, 'projected_percent': '0.0', 'likelihood': 0}, {'offset': 2, 'projected_percent': '0.0', 'likelihood': 0}]",,False,0,2,0.0,0.0,0,Leo Fuhr,0.0,538,False,Has joined KV Mechelen on loan for the rest of the season,2026-08-12T14:08:03.081789Z,4.0,477547.jpg,0.0,False,Hjelde,0.0,False,,u,20,56,0,0,0,2487,116,0.0,0.0,Hjelde,,161.0,2024-01-30,2003-08-26,False,p477547,0,0,0,0,0,0,0,0,0,0,0,0,0,0.0,0.0,0.0,0.0,0,0,0,0,0,0.00,0.00,0.00,0.00,,,,,,,[],,437,158,428,157,372,142,442,158,0.0,0.0,0.0,0.0,0.0,0.0,627,182,439,154,451,158,521,184,0.0,0.0,0.0,Sunderland,SUN
True,True,,,167512,-1,1,-1,1,2.9,17,"[{'offset': 0, 'projected_percent': '3.0', 'likelihood': 1}, {'offset': 1, 'projected_percent': '3.2', 'likelihood': 1}, {'offset': 2, 'projected_percent': '3.5', 'likelihood': 1}]",,False,0,2,0.0,0.0,0,Luke,0.0,539,False,,,3.9,167512.jpg,1.0,False,O'Nien,2.5,False,,a,20,56,1,27567,12824,118200,8300,0.0,0.3,O'Nien,,241.0,2018-07-30,1994-11-21,False,p167512,66,0,0,0,1,0,0,0,1,0,0,0,1,11.4,1.4,4.0,1.7,4,4,1,5,1,0.01,0.01,0.02,1.69,,,,,,,[],,316,120,345,124,300,105,355,124,0.01,0.0,0.01,0.02,2.3,1.36,663,213,406,141,296,103,116,45,1.36,0.0,6.82,Sunderland,SUN
True,False,0.0,0.0,105717,0,0,0,0,0.0,-1,"[{'offset': 0, 'projected_percent': '0.0', 'likelihood': 0}, {'offset': 1, 'projected_percent': '0.0', 'likelihood': 0}, {'offset': 2, 'projected_percent': '0.0', 'likelihood': 0}]",,False,0,2,0.0,0.0,0,Arthur,0.0,540,False,Has joined Konyaspor permanently,2026-08-12T14:08:03.097784Z,4.0,105717.jpg,0.0,False,Masuaku,0.1,False,,u,20,56,0,0,0,11416,483,0.0,0.0,Masuaku,,50.0,2025-08-10,1993-11-07,False,p105717,0,0,0,0,0,0,0,0,0,0,0,0,0,0.0,0.0,0.0,0.0,0,0,0,0,0,0.00,0.00,0.00,0.00,,,,,,,[],,419,152,407,148,351,133,423,151,0.0,0.0,0.0,0.0,0.0,0.0,596,163,419,146,433,152,377,144,0.0,0.0,0.0,Sunderland,SUN
True,True,100.0,100.0,93605,0,0,0,0,-31.4,4,"[{'offset': 0, 'projected_percent': '-30.4', 'likelihood': -2}, {'offset': 1, 'projected_percent': '-28.2', 'likelihood': -2}, {'offset': 2, 'projected_percent': '-26.1', 'likelihood': -2}]",,False,0,2,3.2,3.2,3,Thomas,3.2,541,False,,2026-08-16T08:30:07.830062Z,4.5,93605.jpg,2.8,False,Meunier,0.3,False,,a,20,56,14,6615,1214,9307,555,0.7,3.1,Meunier,,21.0,2026-07-15,1991-09-12,False,p93605,396,0,1,1,8,0,0,0,0,0,0,0,42,70.2,41.4,43.0,15.6,16,15,4,20,5,0.34,0.58,0.92,5.94,,,,,,,[],,132,58,151,40,109,24,127,42,0.08,0.0,0.13,0.21,1.35,1.82,434,86,99,40,160,65,300,109,1.14,0.23,4.55,Sunderland,SUN
True,True,,,484420,-1,1,-3,3,-3.8,-3,"[{'offset': 0, 'projected_percent': '-3.9', 'likelihood': -1}, {'offset': 1, 'projected_percent': '-3.9', 'likelihood': -1}, {'offset': 2, 'projected_percent': '-4.0', 'likelihood': -1}]",,False,0,3,4.0,4.0,5,Enzo,4.0,542,False,,,5.7,484420.jpg,3.6,False,Le Fée,3.4,False,,a,20,56,18,41481,7909,645160,18585,0.7,3.2,E.Le Fée,,73.0,2025-07-01,2000-02-03,False,p484420,438,1,1,1,9,0,0,1,0,0,0,1,90,88.6,137.3,82.0,31.0,3,11,7,21,5,2.06,1.34,3.40,8.46,1.0,,3.0,,2.0,,[],,101,29,22,21,45,27,30,21,0.42,0.0,0.28,0.7,1.74,1.85,115,73,77,31,112,44,98,33,1.03,0.21,4.32,Sunderland,SUN
True,True,0.0,0.0,547027,0,0,-1,1,-89.2,0,"[{'offset': 0, 'projected_percent': '-89.2', 'likelihood': -3}, {'offset': 1, 'projected_percent': '-89.2', 'likelihood': -3}, {'offset': 2, 'projected_percent': '-89.2', 'likelihood': -3}]",,False,0,3,0.0,0.0,0,Habib,1.0,543,False,Hamstring injury - Unknown return date,2026-08-30T16:30:08.428960Z,5.4,547027.jpg,2.5,False,Diarra,0.0,False,,i,20,56,5,544,6,5830,147,0.2,0.9,Diarra,,189.0,2025-07-01,2004-01-03,False,p547027,28,0,1,0,1,0,0,0,0,0,0,0,18,15.6,10.9,2.0,2.9,0,0,0,0,0,0.03,0.16,0.19,0.12,,,,,1.0,,[],https://www.safc.com/news/2026/september/10/le-bris-on-mundle-and-diarra-injuries/,297,127,271,138,332,166,325,152,0.1,0.0,0.51,0.61,0.39,3.21,210,133,273,125,190,82,559,232,0.0,0.0,0.0,Sunderland,SUN
True,True,,,84450,0,0,0,0,-64.0,-42,"[{'offset': 0, 'projected_percent': '-64.9', 'likelihood': -3}, {'offset': 1, 'projected_percent': '-66.5', 'likelihood': -3}, {'offset': 2, 'projected_percent': '-68.1', 'likelihood': -3}]",,False,0,3,3.0,3.0,2,Granit,3.0,544,False,,,5.5,84450.jpg,4.2,False,Xhaka,3.7,False,,a,20,56,21,129055,4523,203130,18041,0.5,3.8,Xhaka,,207.0,2025-07-30,1992-09-27,False,p84450,450,0,1,1,10,0,0,0,2,0,0,5,116,93.6,191.1,3.0,28.8,12,33,9,54,5,0.06,1.32,1.38,8.66,2.0,,2.0,,,,[],,89,26,5,5,315,159,37,27,0.01,0.0,0.26,0.27,1.73,2.0,124,79,121,50,83,35,90,31,1.0,0.2,10.8,Sunderland,SUN
True,True,,,577669,0,0,-1,1,-64.0,-4,"[{'offset': 0, 'projected_percent': '-65.3', 'likelihood': -3}, {'offset': 1, 'projected_percent': '-67.9', 'likelihood': -3}, {'offset': 2, 'projected_percent': '-70.5', 'likelihood': -3}]",,False,0,3,2.0,2.0,2,Noah,2.0,545,False,,,4.9,577669.jpg,2.0,False,Sadiki,0.2,False,,a,20,56,10,5617,304,18049,1024,0.4,2.0,Sadiki,,50.0,2025-07-04,2004-12-17,False,p577669,410,0,0,1,9,0,0,0,1,0,0,0,75,52.8,59.5,81.0,19.2,11,12,6,29,5,0.44,0.24,0.68,6.47,,,,,,,[],,183,73,94,66,46,28,96,52,0.1,0.0,0.05,0.15,1.42,1.98,399,242,190,86,231,101,321,114,1.1,0.22,6.37,Sunderland,SUN
True,False,0.0,0.0,535818,0,0,-1,1,0.0,-1,"[{'offset': 0, 'projected_percent': '0.0', 'likelihood': 0}, {'offset': 1, 'projected_percent': '0.0', 'likelihood': 0}, {'offset': 2, 'projected_percent': '0.0', 'likelihood': 0}]",,False,0,3,0.0,0.0,0,Simon,0.0,546,False,Has joined Ajax on loan for the rest of the season,2026-08-20T14:00:08.416985Z,4.9,535818.jpg,0.0,False,Adingra,0.0,False,,u,20,56,0,240,0,7387,159,0.0,0.0,Adingra,,54.0,2025-07-10,2002-01-01,False,p535818,0,0,0,0,0,0,0,0,0,0,0,0,0,0.0,0.0,0.0,0.0,0,0,0,0,0,0.00,0.00,0.00,0.00,,,,,,,[],https://www.safc.com/news/2026/august/20/le-bris-provides-latest-team-news-ahead-of-ipswich/,576,241,576,247,542,223,582,243,0.0,0.0,0.0,0.0,0.0,0.0,391,234,580,245,587,248,557,230,0.0,0.0,0.0,Sunderland,SUN
True,True,0.0,0.0,461199,0,0,-1,1,-68.4,0,"[{'offset': 0, 'projected_percent': '-68.4', 'likelihood': -3}, {'offset': 1, 'projected_percent': '-68.4', 'likelihood': -3}, {'offset': 2, 'projected_percent': '-68.4', 'likelihood': -3}]",,False,0,3,0.0,0.0,0,Romaine,0.2,547,False,Knee injury - Unknown return date,2026-09-09T14:00:08.462705Z,4.9,461199.jpg,1.0,False,Mundle,0.0,False,,i,20,56,1,197,6,660,42,0.0,0.2,Mundle,,241.0,2024-02-01,2003-04-24,False,p461199,1,0,0,0,0,0,0,0,0,0,0,0,2,8.0,0.1,17.0,2.5,1,0,0,1,0,0.17,0.00,0.17,0.09,,,,,,,[],https://www.safc.com/news/2026/september/10/le-bris-on-mundle-and-diarra-injuries/,340,158,391,195,208,114,336,157,15.3,0.0,0.0,15.3,8.1,0.0,374,224,380,177,336,146,634,273,0.0,0.0,90.0,Sunderland,SUN
True,True,,,554197,0,0,-1,1,-66.2,-1,"[{'offset': 0, 'projected_percent': '-68.1', 'likelihood': -3}, {'offset': 1, 'projected_percent': '-71.9', 'likelihood': -3}, {'offset': 2, 'projected_percent': '-75.6', 'likelihood': -3}]",,False,0,3,0.2,0.2,0,Chris,0.2,548,False,,,4.9,554197.jpg,1.0,False,Rigg,0.0,False,,a,20,56,2,456,19,2789,169,0.0,0.4,Rigg,,241.0,2022-12-31,2007-06-18,False,p554197,17,0,0,0,1,0,0,0,0,0,0,0,6,0.0,0.3,0.0,0.0,0,1,0,1,0,0.00,0.00,0.00,0.44,,,,,,,[],,580,245,380,189,546,227,586,247,0.0,0.0,0.0,0.0,2.33,5.29,396,239,383,180,342,150,500,197,0.0,0.0,5.29,Sunderland,SUN
True,True,,,549912,0,0,-2,2,-23.3,0,"[{'offset': 0, 'projected_percent': '-23.3', 'likelihood': -2}, {'offset': 1, 'projected_percent': '-23.3', 'likelihood': -2}, {'offset': 2, 'projected_percent': '-23.3', 'likelihood': -2}]",,False,0,3,0.0,0.0,0,Chemsdine,0.0,549,False,,,5.3,549912.jpg,1.0,False,Talbi,0.1,False,,a,20,56,1,1316,83,11652,432,0.0,0.2,Talbi,,145.0,2025-07-09,2005-05-09,False,p549912,31,0,0,0,1,0,0,0,0,0,0,0,1,0.0,0.9,0.0,0.0,0,2,0,2,0,0.00,0.00,0.00,0.14,,,,,,,[],,626,272,360,179,613,264,631,273,0.0,0.0,0.0,0.0,0.41,2.9,232,145,627,273,367,167,382,139,0.0,0.0,5.81,Sunderland,SUN
True,True,,,699989,0,0,0,0,-88.7,0,"[{'offset': 0, 'projected_percent': '-88.7', 'likelihood': -3}, {'offset': 1, 'projected_percent': '-88.7', 'likelihood': -3}, {'offset': 2, 'projected_percent': '-88.7', 'likelihood': -3}]",,False,0,3,0.0,0.0,0,Djiamgone Jocelin Ta,0.0,550,False,,,5.0,699989.jpg,0.0,False,Bi,0.0,False,,a,20,56,0,295,21,412,31,0.0,0.0,Jocelin.T,,54.0,2026-01-16,2005-02-09,False,p699989,0,0,0,0,0,0,0,0,0,0,0,0,0,0.0,0.0,0.0,0.0,0,0,0,0,0,0.00,0.00,0.00,0.00,,,,,,,[],,621,268,627,273,606,260,627,270,0.0,0.0,0.0,0.0,0.0,0.0,337,203,624,271,630,273,630,269,0.0,0.0,0.0,Sunderland,SUN
True,True,,,536661,0,0,0,0,1.3,2,"[{'offset': 0, 'projected_percent': '1.3', 'likelihood': 1}, {'offset': 1, 'projected_percent': '1.3', 'likelihood': 1}, {'offset': 2, 'projected_percent': '1.3', 'likelihood': 1}]",,False,0,3,2.8,2.8,4,Nilson,2.8,551,False,,,5.0,536661.jpg,3.2,False,Angulo,0.1,False,,a,20,56,16,12650,371,10367,579,0.6,3.2,N.Angulo,,62.0,2026-02-02,2003-06-19,False,p536661,313,1,1,1,7,0,0,0,1,0,0,0,67,72.2,38.3,47.0,15.7,5,14,5,24,5,0.60,0.13,0.73,4.56,,,1.0,,,,[],,128,43,162,102,101,56,126,67,0.17,0.0,0.04,0.21,1.31,2.01,316,190,134,58,128,49,392,145,1.44,0.29,6.9,Sunderland,SUN
True,True,,,441264,-1,1,-3,3,64.7,764,"[{'offset': 0, 'projected_percent': '70.0', 'likelihood': 3}, {'offset': 1, 'projected_percent': '80.6', 'likelihood': 3}, {'offset': 2, 'projected_percent': '91.1', 'likelihood': 3}]",,False,1,4,5.5,5.5,17,Brian,5.5,552,False,,,5.7,441264.jpg,4.8,False,Brobbey,6.8,False,,a,20,56,24,247427,155969,906925,20753,1.0,4.2,Brobbey,,152.0,2025-09-01,2002-02-01,False,p441264,399,3,0,1,9,0,0,0,1,0,0,3,113,108.4,69.0,142.0,31.7,1,10,0,11,5,2.94,0.11,3.05,8.18,,,,,,,[],,62,4,77,6,14,7,26,6,0.66,0.0,0.02,0.68,1.85,2.03,113,29,34,5,68,6,57,9,1.13,0.23,2.48,Sunderland,SUN
True,True,,,437505,0,0,0,0,3.5,-25,"[{'offset': 0, 'projected_percent': '3.3', 'likelihood': 1}, {'offset': 1, 'projected_percent': '3.0', 'likelihood': 1}, {'offset': 2, 'projected_percent': '2.6', 'likelihood': 1}]",,False,0,4,3.5,3.5,1,Wilson,3.5,553,False,,,5.5,437505.jpg,3.0,False,Isidor,1.3,False,,a,20,56,15,94193,1891,84195,9041,0.6,2.7,Isidor,,92.0,2025-02-01,2000-08-27,False,p437505,117,1,1,0,3,0,0,0,0,0,0,3,51,30.8,1.0,35.0,6.7,0,3,2,5,0,1.49,0.01,1.50,3.78,,,,,,,[],,253,23,358,45,140,28,259,27,1.15,0.0,0.01,1.16,2.91,2.31,143,38,93,9,150,14,162,25,0.0,0.0,3.85,Sunderland,SUN
True,True,100.0,100.0,638411,0,0,0,0,0.0,1,"[{'offset': 0, 'projected_percent': '0.0', 'likelihood': 0}, {'offset': 1, 'projected_percent': '0.0', 'likelihood': 0}, {'offset': 2, 'projected_percent': '0.1', 'likelihood': 1}]",,False,0,2,-0.2,-0.2,-1,Dayann,-0.2,612,False,,2026-08-28T13:00:08.950445Z,4.5,638411.jpg,-1.0,False,Méthalie,0.0,False,,a,20,56,-1,868,79,474,48,0.0,-0.2,Methalie,,73.0,2026-08-21,2006-02-15,False,p638411,90,0,0,0,5,0,0,0,1,0,0,0,-8,8.0,2.0,2.0,1.2,2,4,1,3,1,0.03,0.01,0.04,2.82,,,,,,,[],,339,125,333,119,322,122,372,132,0.03,0.0,0.01,0.04,2.82,5.0,539,135,667,217,667,217,615,207,1.0,0.0,3.0,Sunderland,SUN
True,True,,,696104,0,0,0,0,-37.5,-6,"[{'offset': 0, 'projected_percent': '-39.2', 'likelihood': -2}, {'offset': 1, 'projected_percent': '-42.6', 'likelihood': -3}, {'offset': 2, 'projected_percent': '-46.0', 'likelihood': -3}]",,False,0,3,0.0,0.0,0,Jules,0.0,613,False,,,4.5,696104.jpg,0.0,False,Ahoka,0.2,False,,a,20,56,0,25220,425,13895,1197,0.0,0.0,Ahoka,,50.0,2026-08-24,2006-05-08,False,p696104,0,0,0,0,0,0,0,0,0,0,0,0,0,0.0,0.0,0.0,0.0,0,0,0,0,0,0.00,0.00,0.00,0.00,,,,,,,[],,549,224,545,230,506,203,554,225,0.0,0.0,0.0,0.0,0.0,0.0,547,289,553,228,562,232,316,112,0.0,0.0,0.0,Sunderland,SUN
True,True,,,549940,0,0,0,0,-16.6,-2,"[{'offset': 0, 'projected_percent': '-20.3', 'likelihood': -2}, {'offset': 1, 'projected_percent': '-27.6', 'likelihood': -2}, {'offset': 2, 'projected_percent': '-34.8', 'likelihood': -2}]",,False,0,3,1.0,1.0,1,Malick,1.0,646,False,,,5.5,549940.jpg,1.0,False,Fofana,0.0,False,,a,20,56,3,3977,241,1661,233,0.2,0.5,Fofana,,21.0,2026-09-01,2005-03-31,False,p549940,60,0,0,0,2,0,0,0,0,0,0,0,11,12.4,2.1,44.0,5.8,0,2,1,3,0,0.39,0.01,0.40,3.25,,,,,,,[],,310,137,332,167,108,62,277,124,0.58,0.0,0.02,0.6,4.88,3.0,160,100,275,127,387,183,540,219,0.0,0.0,4.5,Sunderland,SUN
True,True,,,661313,0,0,0,0,4.5,20,"[{'offset': 0, 'projected_percent': '4.7', 'likelihood': 1}, {'offset': 1, 'projected_percent': '4.9', 'likelihood': 1}, {'offset': 2, 'projected_percent': '5.2', 'likelihood': 1}]",,False,0,4,0.0,0.0,0,Juan,0.0,651,False,,,4.5,661313.jpg,0.0,False,Angulo,0.7,False,,a,20,56,0,88530,6662,28373,5358,0.0,0.0,J.Angulo,,62.0,2026-09-01,2008-01-12,False,p661313,0,0,0,0,0,0,0,0,0,0,0,0,0,0.0,0.0,0.0,0.0,0,0,0,0,0,0.00,0.00,0.00,0.00,,,,,,,[],,545,58,541,62,502,57,550,62,0.0,0.0,0.0,0.0,0.0,0.0,543,79,549,60,558,63,210,34,0.0,0.0,0.0,Sunderland,SUN
