can_transact,can_select,chance_of_playing_next_round,chance_of_playing_this_round,code,cost_change_event,cost_change_event_fall,cost_change_start,cost_change_start_fall,price_change_percent,price_change_hourly_rate,price_change_projections,price_change_locked_until,price_change_calibrating,dreamteam_count,element_type,ep_next,ep_this,event_points,first_name,form,id,in_dreamteam,news,news_added,now_cost,photo,points_per_game,removed,second_name,selected_by_percent,special,squad_number,status,team,team_code,total_points,transfers_in,transfers_in_event,transfers_out,transfers_out_event,value_form,value_season,web_name,known_name,region,team_join_date,birth_date,has_temporary_code,opta_code,minutes,goals_scored,assists,clean_sheets,goals_conceded,own_goals,penalties_saved,penalties_missed,yellow_cards,red_cards,saves,bonus,bps,influence,creativity,threat,ict_index,clearances_blocks_interceptions,recoveries,tackles,defensive_contribution,starts,expected_goals,expected_assists,expected_goal_involvements,expected_goals_conceded,corners_and_indirect_freekicks_order,corners_and_indirect_freekicks_text,direct_freekicks_order,direct_freekicks_text,penalties_order,penalties_text,scout_risks,scout_news_link,influence_rank,influence_rank_type,creativity_rank,creativity_rank_type,threat_rank,threat_rank_type,ict_index_rank,ict_index_rank_type,expected_goals_per_90,saves_per_90,expected_assists_per_90,expected_goal_involvements_per_90,expected_goals_conceded_per_90,goals_conceded_per_90,now_cost_rank,now_cost_rank_type,form_rank,form_rank_type,points_per_game_rank,points_per_game_rank_type,selected_rank,selected_rank_type,starts_per_90,clean_sheets_per_90,defensive_contribution_per_90,team_name,team_short_name
True,True,,,154561,0,0,0,0,7.6,514,"[{'offset': 0, 'projected_percent': '8.7', 'likelihood': 1}, {'offset': 1, 'projected_percent': '15.5', 'likelihood': 1}, {'offset': 2, 'projected_percent': '22.3', 'likelihood': 2}]",,False,0,1,5.0,5.0,3,David,5.0,1,False,,,6.0,154561.jpg,5.0,False,Raya Martín,38.6,False,,a,1,3,15,370493,58811,352468,41762,0.8,2.5,Raya,,200.0,2024-07-04,1995-09-15,False,p154561,270,0,0,2,1,0,0,0,0,0,5,0,60,17.4,0.0,0.0,1.8,4,30,0,0,3,0.00,0.00,0.00,0.88,,,,,,,[],,194,20,635,71,630,71,267,20,0.0,1.67,0.0,0.0,0.29,0.33,61,1,50,3,55,4,6,1,1.0,0.67,0.0,Arsenal,ARS
True,True,,,109745,-1,1,-1,1,-3.2,-14,"[{'offset': 0, 'projected_percent': '-5.8', 'likelihood': -1}, {'offset': 1, 'projected_percent': '-21.0', 'likelihood': -2}, {'offset': 2, 'projected_percent': '-36.1', 'likelihood': -2}]",,False,0,1,0.0,0.0,0,Kepa,0.0,2,False,,,4.9,109745.jpg,0.0,False,Arrizabalaga Revuelta,0.1,False,,a,1,3,0,1053,132,2868,265,0.0,0.0,Arrizabalaga,,200.0,2025-07-01,1994-10-03,False,p109745,0,0,0,0,0,0,0,0,0,0,0,0,0,0.0,0.0,0.0,0.0,0,0,0,0,0,0.00,0.00,0.00,0.00,,,,,,,[],,493,65,494,52,439,51,502,65,0.0,0.0,0.0,0.0,0.0,0.0,380,18,531,65,531,65,461,52,0.0,0.0,0.0,Arsenal,ARS
True,True,,,437495,-1,1,-1,1,-3.7,-8,"[{'offset': 0, 'projected_percent': '-7.3', 'likelihood': -1}, {'offset': 1, 'projected_percent': '-27.9', 'likelihood': -2}, {'offset': 2, 'projected_percent': '-48.5', 'likelihood': -3}]",,False,0,1,0.0,0.0,0,Illan,0.0,3,False,,,4.9,437495.jpg,0.0,False,Meslier,0.0,False,,a,1,3,0,327,54,1066,115,0.0,0.0,Meslier,,73.0,2026-07-09,2000-03-02,False,p437495,0,0,0,0,0,0,0,0,0,0,0,0,0,0.0,0.0,0.0,0.0,0,0,0,0,0,0.00,0.00,0.00,0.00,,,,,,,[],,502,66,503,54,451,53,512,66,0.0,0.0,0.0,0.0,0.0,0.0,395,20,538,66,538,66,539,61,0.0,0.0,0.0,Arsenal,ARS
True,True,,,226597,0,0,0,0,-46.4,-1861,"[{'offset': 0, 'projected_percent': '-48.2', 'likelihood': -3}, {'offset': 1, 'projected_percent': '-58.3', 'likelihood': -3}, {'offset': 2, 'projected_percent': '-68.4', 'likelihood': -3}]",,False,0,2,5.0,5.0,2,Gabriel,5.0,4,False,,,8.0,226597.jpg,5.0,False,dos Santos Magalhães,25.3,False,,a,1,3,15,119958,14310,530315,60565,0.6,1.9,Gabriel,Gabriel Magalhães,30.0,2020-09-01,1997-12-19,False,p226597,270,0,0,2,1,0,0,0,1,0,0,0,54,24.8,5.0,7.0,3.6,19,11,2,21,3,0.49,0.05,0.54,0.88,,,,,,,[],,154,69,210,67,182,61,207,81,0.16,0.0,0.02,0.18,0.29,0.33,7,1,54,21,59,23,10,2,1.0,0.67,7.0,Arsenal,ARS
True,True,25.0,25.0,445122,0,0,0,0,-0.2,0,"[{'offset': 0, 'projected_percent': '-0.2', 'likelihood': -1}, {'offset': 1, 'projected_percent': '-0.2', 'likelihood': -1}, {'offset': 2, 'projected_percent': '-0.2', 'likelihood': -1}]",2026-09-12T14:30:08.374304Z,False,0,2,0.0,0.0,0,Jurriën,0.0,5,False,Groin injury - 25% chance of playing,2026-07-23T12:01:23.272929Z,6.5,445122.jpg,0.0,False,Timber,0.1,False,,d,1,3,0,1217,267,6039,494,0.0,0.0,J.Timber,Jurriën Timber,152.0,2023-07-14,2001-06-17,False,p445122,0,0,0,0,0,0,0,0,0,0,0,0,0,0.0,0.0,0.0,0.0,0,0,0,0,0,0.00,0.00,0.00,0.00,,,,,,,[],https://www.arsenal.com/news/every-word-from-artetas-pre-chelsea-presser-avVsQ4u1mzAa,647,214,647,214,646,214,647,214,0.0,0.0,0.0,0.0,0.0,0.0,40,3,649,214,649,214,452,160,0.0,0.0,0.0,Arsenal,ARS
True,True,0.0,0.0,462424,0,0,0,0,-92.9,-47,"[{'offset': 0, 'projected_percent': '-94.6', 'likelihood': -3}, {'offset': 1, 'projected_percent': '-104.9', 'likelihood': -5}, {'offset': 2, 'projected_percent': '-115.2', 'likelihood': -5}]",,False,0,2,0.0,0.0,0,William,0.0,6,False,Back injury - Unknown return date,2026-07-23T12:01:23.289376Z,6.0,462424.jpg,0.0,False,Saliba,0.2,False,,i,1,3,0,2291,343,13628,1330,0.0,0.0,Saliba,,73.0,2019-07-25,2001-03-24,False,p462424,0,0,0,0,0,0,0,0,0,0,0,0,0,0.0,0.0,0.0,0.0,0,0,0,0,0,0.00,0.00,0.00,0.00,,,,,,,[],https://www.arsenal.com/news/arteta-issues-update-on-bruno-timber-and-saliba-aKfIr6V2lm7B?utm_source=premier-league-web&utm_medium=referral&utm_campaign=pl-referral-always-on&utm_content=home&utm_term=live-bar,636,213,637,213,632,213,637,213,0.0,0.0,0.0,0.0,0.0,0.0,74,8,641,213,641,213,325,118,0.0,0.0,0.0,Arsenal,ARS
True,True,,,499169,0,0,0,0,-9.0,-73,"[{'offset': 0, 'projected_percent': '-11.5', 'likelihood': -1}, {'offset': 1, 'projected_percent': '-25.8', 'likelihood': -2}, {'offset': 2, 'projected_percent': '-40.1', 'likelihood': -3}]",,False,0,3,2.7,2.7,2,Myles,2.7,7,False,,,5.5,499169.jpg,2.7,False,Lewis-Skelly,0.7,False,,a,1,3,8,21026,2484,25212,2671,0.5,1.5,Lewis-Skelly,,241.0,2022-12-04,2006-09-26,False,p499169,226,0,0,2,1,0,0,0,0,0,0,0,35,21.6,26.1,12.0,6.0,5,8,1,14,3,0.16,0.23,0.39,0.77,,,,,,,[],,171,64,99,61,133,68,146,71,0.06,0.0,0.09,0.15,0.31,0.4,175,107,138,59,153,64,227,74,1.19,0.8,5.58,Arsenal,ARS
True,True,,,466075,0,0,2,-2,47.2,4210,"[{'offset': 0, 'projected_percent': '56.8', 'likelihood': 3}, {'offset': 1, 'projected_percent': '112.5', 'likelihood': 5}, {'offset': 2, 'projected_percent': '168.2', 'likelihood': 5}]",,False,1,2,7.3,7.3,2,Riccardo,7.3,8,False,,,5.7,466075.jpg,7.3,False,Calafiori,46.6,False,,a,1,3,22,954134,128550,179149,18960,1.3,3.9,Calafiori,,106.0,2024-07-29,2002-05-19,False,p466075,236,0,2,2,1,0,0,0,0,0,0,2,61,47.2,24.1,13.0,8.4,6,6,3,9,3,0.59,0.58,1.17,0.63,,,,,,,[],,69,28,110,34,126,40,89,28,0.22,0.0,0.22,0.44,0.24,0.38,117,11,14,6,15,6,4,1,1.14,0.76,3.43,Arsenal,ARS
True,True,,,448104,-1,1,-2,2,-8.7,-264,"[{'offset': 0, 'projected_percent': '-12.0', 'likelihood': -1}, {'offset': 1, 'projected_percent': '-30.8', 'likelihood': -2}, {'offset': 2, 'projected_percent': '-49.6', 'likelihood': -3}]",,False,0,2,0.7,0.7,1,Piero,0.7,9,False,,,5.3,448104.jpg,1.0,False,Hincapié,1.1,False,,a,1,3,2,9710,1375,82597,5910,0.1,0.4,Hincapie,,62.0,2026-07-01,2002-01-09,False,p448104,32,0,0,0,0,0,0,0,0,0,0,0,6,0.4,0.5,0.0,0.1,2,0,1,3,0,0.00,0.00,0.00,0.26,,,,,,,[],,333,124,310,116,560,205,346,123,0.0,0.0,0.0,0.0,0.73,0.0,236,34,313,115,327,126,179,71,0.0,0.0,8.44,Arsenal,ARS
True,True,100.0,100.0,198869,0,0,0,0,71.1,281,"[{'offset': 0, 'projected_percent': '71.7', 'likelihood': 3}, {'offset': 1, 'projected_percent': '75.4', 'likelihood': 3}, {'offset': 2, 'projected_percent': '79.2', 'likelihood': 3}]",,False,0,2,6.7,6.7,2,Benjamin,6.7,10,False,,2026-07-23T12:01:23.305229Z,5.5,198869.jpg,6.7,False,White,7.7,False,,a,1,3,20,346883,38647,169482,27051,1.2,3.6,White,,241.0,2021-07-30,1997-10-08,False,p198869,270,0,1,2,1,0,0,0,0,0,0,3,74,49.6,47.1,13.0,11.0,11,9,4,15,3,0.18,0.29,0.47,0.88,,,,,,,[],,59,22,35,7,124,39,56,12,0.06,0.0,0.1,0.16,0.29,0.33,134,15,26,12,27,12,56,22,1.0,0.67,5.0,Arsenal,ARS
True,True,75.0,75.0,500040,0,0,0,0,-104.2,-3110,"[{'offset': 0, 'projected_percent': '-114.3', 'likelihood': -5}, {'offset': 1, 'projected_percent': '-172.2', 'likelihood': -5}, {'offset': 2, 'projected_percent': '-230.2', 'likelihood': -5}]",,False,0,2,3.0,3.0,0,Cristhian,4.0,11,False,Unspecified injury - 75% chance of playing,2026-09-04T14:00:08.080310Z,5.5,500040.jpg,6.0,False,Mosquera,4.0,False,,d,1,3,12,29371,415,217932,43615,0.7,2.2,Mosquera,,200.0,2025-07-24,2004-06-27,False,p500040,168,0,0,2,0,0,0,0,0,0,0,0,52,24.6,2.0,0.0,2.7,10,3,0,10,2,0.00,0.01,0.01,0.53,,,,,,,[],,157,71,250,85,608,211,227,88,0.0,0.0,0.01,0.01,0.28,0.0,176,23,79,33,39,17,86,33,1.07,1.07,5.36,Arsenal,ARS
True,True,,,223340,0,0,0,0,26.1,-319,"[{'offset': 0, 'projected_percent': '25.3', 'likelihood': 2}, {'offset': 1, 'projected_percent': '21.1', 'likelihood': 2}, {'offset': 2, 'projected_percent': '16.9', 'likelihood': 1}]",,False,0,3,7.3,7.3,2,Bukayo,7.3,12,False,,,9.5,223340.jpg,7.3,False,Saka,11.2,False,,a,1,3,22,299931,54641,161411,24895,0.8,2.3,Saka,,241.0,2018-11-28,2001-09-05,False,p223340,246,2,0,2,1,0,0,0,0,0,0,4,95,83.8,34.1,77.0,19.5,6,12,4,22,3,1.53,0.35,1.88,0.74,2.0,,2.0,,1.0,,[],,6,5,66,45,10,6,7,6,0.56,0.0,0.13,0.69,0.27,0.37,4,3,15,6,16,7,38,14,1.1,0.73,8.05,Arsenal,ARS
True,True,,,204480,-1,1,-1,1,-1.9,-1405,"[{'offset': 0, 'projected_percent': '-3.3', 'likelihood': -1}, {'offset': 1, 'projected_percent': '-11.4', 'likelihood': -1}, {'offset': 2, 'projected_percent': '-19.5', 'likelihood': -1}]",,False,0,3,4.3,4.3,5,Declan,4.3,13,False,,,7.4,204480.jpg,4.3,False,Rice,14.0,False,,a,1,3,13,64876,7604,445071,38458,0.6,1.8,Rice,,241.0,2023-07-15,1999-01-14,False,p204480,241,0,1,2,1,0,0,0,0,0,0,0,51,30.8,34.0,2.0,6.7,10,11,3,24,3,0.11,0.33,0.44,0.74,1.0,,1.0,,,,[],,134,49,67,46,246,120,128,64,0.04,0.0,0.12,0.16,0.28,0.37,19,11,71,34,76,35,29,11,1.12,0.75,8.96,Arsenal,ARS
True,True,,,232413,0,0,-1,1,-48.0,-596,"[{'offset': 0, 'projected_percent': '-58.4', 'likelihood': -3}, {'offset': 1, 'projected_percent': '-118.4', 'likelihood': -5}, {'offset': 2, 'projected_percent': '-178.4', 'likelihood': -5}]",,False,0,3,0.7,0.7,0,Eberechi,0.7,14,False,,,6.4,232413.jpg,1.0,False,Eze,1.4,False,,a,1,3,2,15687,1700,92808,7744,0.1,0.3,Eze,,241.0,2025-08-23,1998-06-29,False,p232413,59,0,0,0,0,0,0,0,0,0,0,0,10,1.6,3.8,3.0,0.7,0,5,0,5,0,0.04,0.07,0.11,0.39,,,3.0,,,,[],,316,142,220,120,215,104,307,140,0.06,0.0,0.11,0.17,0.59,0.0,51,35,330,152,365,170,155,48,0.0,0.0,7.63,Arsenal,ARS
True,True,,,184029,0,0,1,-1,1.8,7212,"[{'offset': 0, 'projected_percent': '18.3', 'likelihood': 1}, {'offset': 1, 'projected_percent': '113.7', 'likelihood': 5}, {'offset': 2, 'projected_percent': '209.0', 'likelihood': 5}]",,False,1,3,8.0,8.0,10,Martin,8.0,15,True,,,6.6,184029.jpg,8.0,False,Ødegaard,11.6,False,,a,1,3,24,479236,70024,236810,27348,1.2,3.6,Ødegaard,,161.0,2021-08-20,1998-12-17,False,p184029,221,2,0,2,1,0,0,0,0,0,0,6,101,57.4,48.3,36.0,14.2,3,8,5,16,3,0.99,1.05,2.04,0.65,4.0,,4.0,,3.0,,[],,37,17,33,27,53,31,29,23,0.4,0.0,0.43,0.83,0.26,0.41,32,21,8,5,9,6,35,13,1.22,0.81,6.52,Arsenal,ARS
True,True,,,248857,0,0,-2,2,-16.3,-74,"[{'offset': 0, 'projected_percent': '-23.6', 'likelihood': -2}, {'offset': 1, 'projected_percent': '-65.7', 'likelihood': -3}, {'offset': 2, 'projected_percent': '-107.8', 'likelihood': -5}]",,False,0,3,0.7,0.7,1,Noni,0.7,16,False,,,6.3,248857.jpg,1.0,False,Madueke,0.2,False,,a,1,3,2,3378,690,17585,1281,0.1,0.3,Madueke,,241.0,2025-07-18,2002-03-10,False,p248857,23,0,0,0,0,0,0,0,0,0,0,0,11,9.4,43.1,0.0,5.3,0,2,1,3,0,0.00,0.05,0.05,0.15,6.0,,,,,,[],,237,99,44,35,640,281,163,77,0.0,0.0,0.2,0.2,0.59,0.0,55,39,328,151,363,168,318,113,0.0,0.0,11.74,Arsenal,ARS
True,True,,,195384,0,0,-1,1,-47.7,-222,"[{'offset': 0, 'projected_percent': '-58.6', 'likelihood': -3}, {'offset': 1, 'projected_percent': '-121.7', 'likelihood': -5}, {'offset': 2, 'projected_percent': '-184.8', 'likelihood': -5}]",,False,0,3,0.7,0.7,0,Mikel,0.7,17,False,,,5.9,195384.jpg,0.7,False,Merino Zazón,0.5,False,,a,1,3,2,6237,754,32255,3129,0.1,0.3,Merino,,200.0,2024-08-27,1996-06-22,False,p195384,46,0,0,0,0,0,0,0,1,0,0,0,12,6.4,2.2,14.0,2.3,0,6,0,6,0,0.14,0.02,0.16,0.24,,,,,,,[],,258,115,241,128,121,61,244,109,0.27,0.0,0.04,0.31,0.47,0.0,91,59,325,149,380,179,255,84,0.0,0.0,11.74,Arsenal,ARS
True,False,0.0,0.0,444145,0,0,-2,2,0.0,-97,"[{'offset': 0, 'projected_percent': '0.0', 'likelihood': 0}, {'offset': 1, 'projected_percent': '0.0', 'likelihood': 0}, {'offset': 2, 'projected_percent': '0.0', 'likelihood': 0}]",,False,0,3,0.0,0.0,0,Gabriel,0.0,18,False,Has joined Al Hilal permanently,2026-09-04T12:34:46.738449Z,6.3,444145.jpg,0.0,False,Martinelli Silva,0.1,False,,u,1,3,0,2483,0,16755,3113,0.0,0.0,Martinelli,Gabriel Martinelli,30.0,2019-07-15,2001-06-18,False,p444145,0,0,0,0,0,0,0,0,0,0,0,0,0,0.0,0.0,0.0,0.0,0,0,0,0,0,0.00,0.00,0.00,0.00,,,,,,,[],,644,285,644,285,641,282,644,285,0.0,0.0,0.0,0.0,0.0,0.0,56,40,646,286,646,286,409,157,0.0,0.0,0.0,Arsenal,ARS
True,True,,,481655,0,0,-1,1,-40.5,-188,"[{'offset': 0, 'projected_percent': '-46.5', 'likelihood': -3}, {'offset': 1, 'projected_percent': '-80.7', 'likelihood': -3}, {'offset': 2, 'projected_percent': '-114.9', 'likelihood': -5}]",,False,0,3,1.0,1.0,1,Martín,1.0,19,False,,,5.4,481655.jpg,1.0,False,Zubimendi Ibáñez,0.8,False,,a,1,3,3,5759,695,44022,3413,0.2,0.6,Zubimendi,,200.0,2025-07-06,1999-02-02,False,p481655,50,0,0,0,0,0,0,0,0,0,0,0,9,8.6,3.2,0.0,1.2,4,2,3,9,0,0.08,0.05,0.13,0.26,,,,,,,[],,241,101,226,123,576,238,288,129,0.14,0.0,0.09,0.23,0.47,0.0,221,137,267,120,333,150,220,72,0.0,0.0,16.2,Arsenal,ARS
True,True,,,616077,0,0,-1,1,-108.4,-27,"[{'offset': 0, 'projected_percent': '-117.7', 'likelihood': -5}, {'offset': 1, 'projected_percent': '-171.2', 'likelihood': -5}, {'offset': 2, 'projected_percent': '-224.6', 'likelihood': -5}]",,False,0,3,0.0,0.0,0,Max,0.0,20,False,,,5.4,616077.jpg,0.0,False,Dowman,0.1,False,,a,1,3,0,1265,184,4755,428,0.0,0.0,Dowman,,241.0,2025-07-22,2009-12-31,False,p616077,0,0,0,0,0,0,0,0,0,0,0,0,0,0.0,0.0,0.0,0.0,0,0,0,0,0,0.00,0.00,0.00,0.00,,,,,,,[],,602,259,604,260,584,245,608,260,0.0,0.0,0.0,0.0,0.0,0.0,234,148,619,266,619,266,471,185,0.0,0.0,0.0,Arsenal,ARS
True,False,0.0,0.0,499175,0,0,-1,1,0.0,0,"[{'offset': 0, 'projected_percent': '0.0', 'likelihood': 0}, {'offset': 1, 'projected_percent': '0.0', 'likelihood': 0}, {'offset': 2, 'projected_percent': '0.0', 'likelihood': 0}]",,False,0,3,0.0,0.0,0,Ethan,0.0,22,False,Has joined Borussia Dortmund on loan for the rest of the season,2026-09-02T16:01:07.058827Z,5.4,499175.jpg,0.0,False,Nwaneri,0.0,False,,u,1,3,0,233,0,914,163,0.0,0.0,Nwaneri,,241.0,2022-09-17,2007-03-21,False,p499175,0,0,0,0,0,0,0,0,0,0,0,0,0,0.0,0.0,0.0,0.0,0,0,0,0,0,0.00,0.00,0.00,0.00,,,,,,,[],,596,254,601,258,579,241,603,256,0.0,0.0,0.0,0.0,0.0,0.0,225,140,617,264,617,264,605,256,0.0,0.0,0.0,Arsenal,ARS
True,False,0.0,0.0,438098,0,0,0,0,0.0,-2,"[{'offset': 0, 'projected_percent': '0.0', 'likelihood': 0}, {'offset': 1, 'projected_percent': '0.0', 'likelihood': 0}, {'offset': 2, 'projected_percent': '0.0', 'likelihood': 0}]",,False,0,3,0.0,0.0,0,Fábio,0.0,23,False,Has joined Hamburger SV permanently,2026-09-02T16:00:28.446370Z,5.5,438098.jpg,0.0,False,Ferreira Vieira,0.0,False,,u,1,3,0,255,0,647,121,0.0,0.0,Fábio Vieira,Fábio Vieira,173.0,2022-06-21,2000-05-30,False,p438098,0,0,0,0,0,0,0,0,0,0,0,0,0,0.0,0.0,0.0,0.0,0,0,0,0,0,0.00,0.00,0.00,0.00,,,,,,,[],,612,264,616,265,602,255,617,265,0.0,0.0,0.0,0.0,0.0,0.0,155,93,626,270,626,270,611,260,0.0,0.0,0.0,Arsenal,ARS
True,False,0.0,0.0,200641,0,0,0,0,0.0,0,"[{'offset': 0, 'projected_percent': '0.0', 'likelihood': 0}, {'offset': 1, 'projected_percent': '0.0', 'likelihood': 0}, {'offset': 2, 'projected_percent': '0.0', 'likelihood': 0}]",,False,0,3,0.0,0.0,0,Reiss,0.0,24,False,has departed the club as a free agent.,2026-08-29T00:33:08.556767Z,5.5,200641.jpg,0.0,False,Nelson,0.0,False,,u,1,3,0,68,0,516,41,0.0,0.0,Nelson,,241.0,2017-07-12,1999-12-10,False,p200641,0,0,0,0,0,0,0,0,0,0,0,0,0,0.0,0.0,0.0,0.0,0,0,0,0,0,0.00,0.00,0.00,0.00,,,,,,,[],,607,260,610,261,593,248,612,261,0.0,0.0,0.0,0.0,0.0,0.0,136,83,623,267,623,267,619,265,0.0,0.0,0.0,Arsenal,ARS
True,True,,,224117,0,0,-2,2,-51.2,-1685,"[{'offset': 0, 'projected_percent': '-60.5', 'likelihood': -3}, {'offset': 1, 'projected_percent': '-113.9', 'likelihood': -5}, {'offset': 2, 'projected_percent': '-167.4', 'likelihood': -5}]",,False,0,4,0.3,0.3,1,Viktor,0.3,25,False,,,7.3,224117.jpg,1.0,False,Gyökeres,4.3,False,,a,1,3,1,19629,2692,465133,26013,0.0,0.1,Gyökeres,,206.0,2025-07-26,1998-06-04,False,p224117,12,0,0,0,0,0,0,0,0,0,0,0,2,0.0,0.0,0.0,0.0,0,1,0,1,0,0.00,0.00,0.00,0.09,,,,,2.0,,[],,649,76,649,76,649,76,649,76,0.0,0.0,0.0,0.0,0.68,0.0,23,8,386,47,370,46,82,12,0.0,0.0,7.5,Arsenal,ARS
True,True,,,219847,0,0,0,0,57.8,2873,"[{'offset': 0, 'projected_percent': '64.4', 'likelihood': 3}, {'offset': 1, 'projected_percent': '102.4', 'likelihood': 5}, {'offset': 2, 'projected_percent': '140.4', 'likelihood': 5}]",,False,0,4,5.3,5.3,8,Kai,5.3,26,False,,,7.5,219847.jpg,5.3,False,Havertz,6.9,False,,a,1,3,16,294877,34750,202950,22736,0.7,2.1,Havertz,,80.0,2023-06-28,1999-06-11,False,p219847,257,2,0,2,1,0,0,0,0,0,0,2,77,39.6,16.6,48.0,10.4,3,5,0,8,3,0.54,0.40,0.94,0.79,,,,,,,[],,94,8,140,13,36,11,65,9,0.19,0.0,0.14,0.33,0.28,0.35,16,6,45,4,49,4,59,8,1.05,0.7,2.8,Arsenal,ARS
True,False,0.0,0.0,205651,0,0,-1,1,0.0,-123,"[{'offset': 0, 'projected_percent': '0.0', 'likelihood': 0}, {'offset': 1, 'projected_percent': '0.0', 'likelihood': 0}, {'offset': 2, 'projected_percent': '0.0', 'likelihood': 0}]",,False,0,4,0.0,0.0,0,Gabriel,0.0,27,False,Has joined FC Barcelona permanently,2026-09-02T16:00:28.475184Z,5.9,205651.jpg,0.0,False,Fernando de Jesus,0.2,False,,u,1,3,0,4164,0,22163,3876,0.0,0.0,G.Jesus,Gabriel Jesus,30.0,2022-07-04,1997-04-03,False,p205651,0,0,0,0,0,0,0,0,0,0,0,0,0,0.0,0.0,0.0,0.0,0,0,0,0,0,0.00,0.00,0.00,0.00,,,,,,,[],,625,70,628,73,618,71,628,73,0.0,0.0,0.0,0.0,0.0,0.0,92,24,634,76,634,76,333,54,0.0,0.0,0.0,Arsenal,ARS
True,True,,,199798,0,0,-1,1,17.6,6243,"[{'offset': 0, 'projected_percent': '31.9', 'likelihood': 2}, {'offset': 1, 'projected_percent': '114.5', 'likelihood': 5}, {'offset': 2, 'projected_percent': '197.0', 'likelihood': 5}]",,False,0,2,1.7,1.7,4,Ezri,1.7,31,False,,,4.4,199798.jpg,2.5,False,Konsa Ngoyo,11.9,False,,a,1,3,5,430988,110295,457196,28463,0.4,1.1,Konsa,,241.0,2026-08-21,1997-10-23,False,p199798,101,0,0,0,1,0,0,0,0,0,0,0,18,3.2,0.1,0.0,0.3,8,5,3,11,1,0.00,0.01,0.01,0.35,,,,,,,[],,299,113,324,119,319,136,323,116,0.0,0.0,0.01,0.01,0.31,0.89,570,153,198,74,159,61,33,11,0.89,0.0,9.8,Arsenal,ARS
True,True,100.0,75.0,208706,0,0,-2,2,-35.5,-665,"[{'offset': 0, 'projected_percent': '-43.7', 'likelihood': -3}, {'offset': 1, 'projected_percent': '-90.7', 'likelihood': -3}, {'offset': 2, 'projected_percent': '-137.8', 'likelihood': -5}]",,False,0,3,0.3,0.2,0,Bruno,0.3,452,False,,2026-09-04T14:00:08.328779Z,6.8,208706.jpg,1.0,False,Guimarães Rodriguez Moura,1.9,False,,a,1,3,1,6940,544,200851,11514,0.0,0.1,Bruno G.,Bruno Guimarães,30.0,2026-08-08,1997-11-16,False,p208706,19,0,0,0,0,0,0,0,0,0,0,0,4,1.4,0.8,2.0,0.4,0,3,0,3,0,0.00,0.01,0.01,0.00,5.0,,,,4.0,,[],,320,145,294,149,245,119,322,147,0.0,0.0,0.05,0.05,0.0,0.0,31,20,385,181,369,174,128,39,0.0,0.0,14.21,Arsenal,ARS
True,True,,,439509,0,0,0,0,-92.6,-2635,"[{'offset': 0, 'projected_percent': '-96.1', 'likelihood': -4}, {'offset': 1, 'projected_percent': '-115.8', 'likelihood': -5}, {'offset': 2, 'projected_percent': '-135.5', 'likelihood': -5}]",,False,0,3,3.7,3.7,5,Christos,3.7,557,False,,,6.5,439509.jpg,3.7,False,Tzolis,18.4,False,,a,1,3,11,345543,17472,856827,107803,0.6,1.7,Tzolis,,83.0,2026-07-23,2002-01-30,False,p439509,210,0,2,1,1,0,0,0,2,0,0,1,62,17.0,51.6,34.0,10.3,5,10,2,17,3,0.19,0.37,0.56,0.51,3.0,,,,,,[],,195,76,30,25,56,32,67,41,0.08,0.0,0.16,0.24,0.22,0.43,38,26,93,44,101,46,18,8,1.29,0.43,7.29,Arsenal,ARS
True,True,,,72147,0,0,0,0,-3.0,-16,"[{'offset': 0, 'projected_percent': '-5.7', 'likelihood': -1}, {'offset': 1, 'projected_percent': '-21.4', 'likelihood': -2}, {'offset': 2, 'projected_percent': '-37.1', 'likelihood': -2}]",,False,0,1,0.3,0.3,0,Marco,0.3,29,False,,,4.5,72147.jpg,1.0,False,Bizot,0.1,False,,a,2,7,1,3470,319,3747,491,0.1,0.2,M.Bizot,,152.0,2025-07-15,1991-03-10,False,p72147,90,0,0,0,4,0,0,0,0,0,3,0,1,28.2,0.0,0.0,2.8,2,6,0,0,1,0.00,0.00,0.00,3.77,,,,,,,[],,138,15,392,26,324,25,223,15,0.0,3.0,0.0,0.0,3.77,4.0,426,24,341,22,276,22,384,45,1.0,0.0,0.0,Aston Villa,AVL
True,False,0.0,0.0,101188,0,0,0,0,0.0,-17,"[{'offset': 0, 'projected_percent': '0.0', 'likelihood': 0}, {'offset': 1, 'projected_percent': '0.0', 'likelihood': 0}, {'offset': 2, 'projected_percent': '0.0', 'likelihood': 0}]",,False,0,2,0.0,0.0,0,Lucas,0.0,30,False,Has joined Paris Saint-Germain permanently,2026-08-10T14:03:30.089007Z,4.5,101188.jpg,0.0,False,Digne,0.1,False,,u,2,7,0,0,0,7433,385,0.0,0.0,Digne,,73.0,2022-01-13,1993-07-20,False,p101188,0,0,0,0,0,0,0,0,0,0,0,0,0,0.0,0.0,0.0,0.0,0,0,0,0,0,0.00,0.00,0.00,0.00,,,,,,,[],,401,161,395,159,328,141,411,161,0.0,0.0,0.0,0.0,0.0,0.0,431,84,447,172,447,172,480,169,0.0,0.0,0.0,Aston Villa,AVL
True,True,,,199796,0,0,0,0,-53.8,115,"[{'offset': 0, 'projected_percent': '-53.4', 'likelihood': -3}, {'offset': 1, 'projected_percent': '-51.1', 'likelihood': -3}, {'offset': 2, 'projected_percent': '-48.8', 'likelihood': -3}]",,False,0,2,2.3,2.3,6,Matty,2.3,32,False,,,4.5,199796.jpg,2.3,False,Cash,6.9,False,,a,2,7,7,76748,8142,196644,13010,0.5,1.6,Cash,,172.0,2020-09-03,1997-08-07,False,p199796,251,0,0,1,5,0,0,0,1,0,0,0,23,26.0,2.9,7.0,3.6,8,2,6,14,3,0.15,0.04,0.19,5.03,1.0,,,,,,[],,149,67,230,73,165,57,206,80,0.05,0.0,0.01,0.06,1.8,1.79,457,99,150,60,168,66,60,24,1.08,0.36,5.02,Aston Villa,AVL
True,True,,,149484,0,0,0,0,-12.5,8,"[{'offset': 0, 'projected_percent': '-12.0', 'likelihood': -1}, {'offset': 1, 'projected_percent': '-9.0', 'likelihood': -1}, {'offset': 2, 'projected_percent': '-6.0', 'likelihood': -1}]",,False,0,2,2.3,2.3,6,Tyrone,2.3,33,False,,,4.5,149484.jpg,3.5,False,Mings,0.4,False,,a,2,7,7,6641,766,9023,680,0.5,1.6,Mings,,241.0,2019-07-08,1993-03-13,False,p149484,106,0,0,1,0,0,0,0,0,0,0,0,33,2.0,0.0,0.0,0.2,4,2,2,6,1,0.11,0.02,0.13,0.79,,,,,,,[],,311,116,403,160,337,142,332,119,0.09,0.0,0.02,0.11,0.67,0.0,442,87,149,59,104,39,276,102,0.85,0.85,5.09,Aston Villa,AVL
True,True,,,244954,0,0,0,0,-26.0,-60,"[{'offset': 0, 'projected_percent': '-29.4', 'likelihood': -2}, {'offset': 1, 'projected_percent': '-49.3', 'likelihood': -3}, {'offset': 2, 'projected_percent': '-69.2', 'likelihood': -3}]",,False,0,2,0.7,0.7,0,Pau,0.7,34,False,,,4.5,244954.jpg,1.0,False,Torres,0.4,False,,a,2,7,2,7536,450,10942,1546,0.2,0.4,Pau,,200.0,2023-07-12,1997-01-16,False,p244954,163,0,0,0,5,0,0,0,0,0,0,0,-8,11.0,1.5,0.0,1.2,8,9,1,9,2,0.00,0.01,0.01,4.59,,,,,,,[],,229,94,265,91,361,157,286,103,0.0,0.0,0.01,0.01,2.53,2.76,482,117,293,107,284,111,265,97,1.1,0.0,4.97,Aston Villa,AVL
True,True,,,515597,0,0,0,0,-30.7,-8,"[{'offset': 0, 'projected_percent': '-33.5', 'likelihood': -2}, {'offset': 1, 'projected_percent': '-49.5', 'likelihood': -3}, {'offset': 2, 'projected_percent': '-65.4', 'likelihood': -3}]",,False,0,3,0.3,0.3,0,Lamare,0.3,35,False,,,5.0,515597.jpg,1.0,False,Bogarde,0.1,False,,a,2,7,1,1825,244,2608,367,0.1,0.2,Bogarde,,152.0,2021-01-07,2004-01-05,False,p515597,16,0,0,0,0,0,0,0,0,0,0,0,3,2.2,0.5,0.0,0.3,1,0,0,1,0,0.00,0.00,0.00,0.22,,,,,,,[],,307,138,309,156,536,210,327,150,0.0,0.0,0.0,0.0,1.24,0.0,341,204,364,168,319,139,472,186,0.0,0.0,5.62,Aston Villa,AVL
True,True,,,441302,0,0,0,0,-9.7,64,"[{'offset': 0, 'projected_percent': '-7.7', 'likelihood': -1}, {'offset': 1, 'projected_percent': '0.3', 'likelihood': 1}, {'offset': 2, 'projected_percent': '1.1', 'likelihood': 1}]",,False,0,2,2.7,2.7,7,Ian,2.7,36,False,,,4.5,441302.jpg,2.7,False,Maatsen,0.8,False,,a,2,7,8,16214,2376,18991,1508,0.6,1.8,Maatsen,,152.0,2024-06-28,2002-03-10,False,p441302,245,0,0,1,5,0,0,0,1,0,0,1,15,14.0,1.3,15.0,3.0,14,4,6,20,3,0.10,0.42,0.52,4.88,,,,,,,[],,212,89,271,97,112,33,217,84,0.04,0.0,0.15,0.19,1.79,1.84,490,124,127,51,144,58,221,82,1.1,0.37,7.35,Aston Villa,AVL
True,True,,,184667,0,0,0,0,-19.2,21,"[{'offset': 0, 'projected_percent': '-17.5', 'likelihood': -1}, {'offset': 1, 'projected_percent': '-7.3', 'likelihood': -1}, {'offset': 2, 'projected_percent': '0.1', 'likelihood': 1}]",,False,0,2,2.0,2.0,6,Victor,2.0,37,False,,,4.5,184667.jpg,2.0,False,Lindelöf,0.3,False,,a,2,7,6,5696,710,7508,502,0.4,1.3,Lindelöf,,206.0,2025-09-01,1994-07-17,False,p184667,270,0,0,1,5,1,0,0,0,0,0,0,25,16.8,1.3,0.0,1.8,13,5,1,14,3,0.00,0.16,0.16,5.38,,,,,,,[],,196,83,270,96,344,146,264,97,0.0,0.0,0.05,0.05,1.79,1.67,454,96,173,69,191,74,305,112,1.0,0.33,4.67,Aston Villa,AVL
True,True,,,606798,0,0,0,0,-4.0,-59,"[{'offset': 0, 'projected_percent': '-4.8', 'likelihood': -1}, {'offset': 1, 'projected_percent': '-9.7', 'likelihood': -1}, {'offset': 2, 'projected_percent': '-14.5', 'likelihood': -1}]",,False,0,2,0.0,0.0,0,Andrés,0.0,38,False,,,4.0,606798.jpg,0.0,False,García,1.7,False,,a,2,7,0,28137,4627,35978,5378,0.0,0.0,A.García,,,,,False,p606798,0,0,0,0,0,0,0,0,0,0,0,0,0,0.0,0.0,0.0,0.0,0,0,0,0,0,0.00,0.00,0.00,0.00,,,,,,,[],,392,154,384,152,312,129,402,154,0.0,0.0,0.0,0.0,0.0,0.0,648,208,438,165,438,165,139,58,0.0,0.0,0.0,Aston Villa,AVL
True,False,0.0,0.0,578545,0,0,0,0,0.0,-26,"[{'offset': 0, 'projected_percent': '0.0', 'likelihood': 0}, {'offset': 1, 'projected_percent': '0.0', 'likelihood': 0}, {'offset': 2, 'projected_percent': '0.0', 'likelihood': 0}]",,False,0,2,0.0,0.0,0,Kosta,0.0,39,False,Has joined Rangers on loan for the rest of the season,2026-08-19T13:56:46.385411Z,4.0,578545.jpg,0.0,False,Nedeljkovic,0.2,False,,u,2,7,0,0,0,11914,688,0.0,0.0,Nedeljkovic,,190.0,2024-01-22,2005-12-16,False,p578545,0,0,0,0,0,0,0,0,0,0,0,0,0,0.0,0.0,0.0,0.0,0,0,0,0,0,0.00,0.00,0.00,0.00,,,,,,,[],,390,153,382,151,309,127,400,153,0.0,0.0,0.0,0.0,0.0,0.0,645,206,436,164,436,164,355,132,0.0,0.0,0.0,Aston Villa,AVL
True,True,,,195546,0,0,0,0,-90.4,-195,"[{'offset': 0, 'projected_percent': '-94.8', 'likelihood': -3}, {'offset': 1, 'projected_percent': '-119.8', 'likelihood': -5}, {'offset': 2, 'projected_percent': '-144.7', 'likelihood': -5}]",,False,0,3,2.3,2.3,3,Emiliano,2.3,41,False,,,6.0,195546.jpg,2.3,False,Buendía Stati,1.1,False,,a,2,7,7,28079,2461,51822,5819,0.4,1.2,Buendía,,10.0,2021-06-10,1996-12-25,False,p195546,249,0,0,1,5,0,0,0,0,0,0,0,15,5.0,29.5,17.0,4.9,3,9,2,14,3,0.78,0.16,0.94,4.88,3.0,,1.0,,1.0,,[],,277,127,85,53,105,54,176,84,0.28,0.0,0.06,0.34,1.76,1.81,63,43,166,74,183,80,186,57,1.08,0.36,5.06,Aston Villa,AVL
True,False,0.0,0.0,215711,0,0,-1,1,0.0,-61,"[{'offset': 0, 'projected_percent': '0.0', 'likelihood': 0}, {'offset': 1, 'projected_percent': '0.0', 'likelihood': 0}, {'offset': 2, 'projected_percent': '0.0', 'likelihood': 0}]",,False,0,3,0.0,0.0,0,Leon,0.0,44,False,Has joined Olympiakos permanently,2026-09-04T12:35:14.472260Z,5.4,215711.jpg,0.0,False,Bailey,0.1,False,,u,2,7,0,2096,0,8531,2150,0.0,0.0,Bailey,,107.0,2021-08-04,1997-08-09,False,p215711,0,0,0,0,0,0,0,0,0,0,0,0,0,0.0,0.0,0.0,0.0,0,0,0,0,0,0.00,0.00,0.00,0.00,,,,,,,[],,585,246,592,252,565,231,593,249,0.0,0.0,0.0,0.0,0.0,0.0,202,125,610,259,610,259,428,170,0.0,0.0,0.0,Aston Villa,AVL
True,True,,,122806,0,0,-1,1,-8.5,-238,"[{'offset': 0, 'projected_percent': '-10.9', 'likelihood': -1}, {'offset': 1, 'projected_percent': '-24.7', 'likelihood': -2}, {'offset': 2, 'projected_percent': '-38.4', 'likelihood': -2}]",,False,0,3,1.7,1.7,3,John,1.7,45,False,,,5.4,122806.jpg,1.7,False,McGinn,2.4,False,,a,2,7,5,28081,3584,98094,8959,0.3,0.9,McGinn,,243.0,2018-08-08,1994-10-18,False,p122806,261,0,0,1,5,0,0,0,2,0,0,0,16,1.6,14.4,11.0,2.2,4,7,4,15,3,0.77,0.09,0.86,5.23,2.0,,,,,,[],,315,141,152,91,139,69,248,112,0.27,0.0,0.03,0.3,1.8,1.72,197,121,207,94,234,103,116,36,1.03,0.34,5.17,Aston Villa,AVL
True,True,,,88894,0,0,0,0,0.9,20,"[{'offset': 0, 'projected_percent': '0.9', 'likelihood': 1}, {'offset': 1, 'projected_percent': '1.2', 'likelihood': 1}, {'offset': 2, 'projected_percent': '1.5', 'likelihood': 1}]",,False,0,3,2.3,2.3,3,Ross,2.3,46,False,,,5.0,88894.jpg,2.3,False,Barkley,0.3,False,,a,2,7,7,8976,1357,7650,925,0.5,1.4,Barkley,,241.0,2024-07-01,1993-12-05,False,p88894,240,0,0,1,5,0,0,0,0,0,0,0,49,22.2,44.7,9.0,7.6,4,10,3,17,3,0.35,0.13,0.48,5.16,4.0,,,,,,[],,166,59,42,34,153,75,107,55,0.13,0.0,0.05,0.18,1.94,1.88,241,151,155,67,173,73,310,109,1.12,0.38,6.38,Aston Villa,AVL
True,True,100.0,100.0,226944,0,0,0,0,-24.8,-14,"[{'offset': 0, 'projected_percent': '-25.8', 'likelihood': -2}, {'offset': 1, 'projected_percent': '-31.5', 'likelihood': -2}, {'offset': 2, 'projected_percent': '-37.2', 'likelihood': -2}]",,False,0,3,2.3,2.3,3,Boubacar,2.3,47,False,,2026-07-23T12:01:23.337269Z,5.0,226944.jpg,2.3,False,Kamara,0.3,False,,a,2,7,7,8746,1196,11848,1328,0.5,1.4,Kamara,,73.0,2022-06-11,1999-11-23,False,p226944,270,0,0,1,5,0,0,0,0,0,0,0,42,21.8,17.0,0.0,3.9,9,12,4,25,3,0.00,0.10,0.10,5.38,,,,,,,[],,170,63,137,83,496,190,196,88,0.0,0.0,0.03,0.03,1.79,1.67,283,172,158,69,176,75,282,94,1.0,0.33,8.33,Aston Villa,AVL
True,True,0.0,0.0,449871,0,0,0,0,-87.0,-7,"[{'offset': 0, 'projected_percent': '-90.4', 'likelihood': -3}, {'offset': 1, 'projected_percent': '-109.8', 'likelihood': -5}, {'offset': 2, 'projected_percent': '-129.3', 'likelihood': -5}]",,False,0,3,0.0,0.0,0,Amadou,0.0,48,False,Knee injury - Unknown return date,2026-07-23T12:01:23.352497Z,5.0,449871.jpg,0.0,False,Onana,0.0,False,,i,2,7,0,341,44,1208,109,0.0,0.0,Onana,,21.0,2024-07-22,2001-08-16,False,p449871,0,0,0,0,0,0,0,0,0,0,0,0,0,0.0,0.0,0.0,0.0,0,0,0,0,0,0.00,0.00,0.00,0.00,,,,,,,[],,542,219,547,226,508,196,550,222,0.0,0.0,0.0,0.0,0.0,0.0,299,179,571,236,571,236,577,238,0.0,0.0,0.0,Aston Villa,AVL
True,False,0.0,0.0,469247,0,0,0,0,0.0,0,"[{'offset': 0, 'projected_percent': '0.0', 'likelihood': 0}, {'offset': 1, 'projected_percent': '0.0', 'likelihood': 0}, {'offset': 2, 'projected_percent': '0.0', 'likelihood': 0}]",,False,0,3,0.0,0.0,0,Samuel,0.0,49,False,Has joined Bolton Wanderers on loan for the rest of the season,2026-08-17T13:52:28.532616Z,5.0,469247.jpg,0.0,False,Iling-Junior,0.0,False,,u,2,7,0,0,0,192,9,0.0,0.0,Iling Jr,,241.0,2024-07-01,2003-10-04,False,p469247,0,0,0,0,0,0,0,0,0,0,0,0,0,0.0,0.0,0.0,0.0,0,0,0,0,0,0.00,0.00,0.00,0.00,,,,,,,[],,548,223,554,230,516,200,556,226,0.0,0.0,0.0,0.0,0.0,0.0,310,185,576,239,576,239,646,285,0.0,0.0,0.0,Aston Villa,AVL
True,True,,,645618,0,0,0,0,-8.6,-31,"[{'offset': 0, 'projected_percent': '-9.8', 'likelihood': -1}, {'offset': 1, 'projected_percent': '-16.2', 'likelihood': -1}, {'offset': 2, 'projected_percent': '-22.6', 'likelihood': -2}]",,False,0,3,0.0,0.0,0,Bradley,0.0,50,False,,,4.5,645618.jpg,0.0,False,Burrowes,0.7,False,,a,2,7,0,14586,2368,18213,2332,0.0,0.0,Burrowes,,241.0,2025-01-09,2008-03-04,False,p645618,0,0,0,0,0,0,0,0,0,0,0,0,0,0.0,0.0,0.0,0.0,0,0,0,0,0,0.00,0.00,0.00,0.00,,,,,,,[],,486,185,486,193,431,151,495,189,0.0,0.0,0.0,0.0,0.0,0.0,564,288,524,206,524,206,234,79,0.0,0.0,0.0,Aston Villa,AVL
True,True,,,577285,0,0,0,0,10.3,240,"[{'offset': 0, 'projected_percent': '10.8', 'likelihood': 1}, {'offset': 1, 'projected_percent': '14.0', 'likelihood': 1}, {'offset': 2, 'projected_percent': '17.1', 'likelihood': 1}]",,False,0,3,2.3,2.3,3,George,2.3,51,False,,,4.5,577285.jpg,2.3,False,Hemmings,1.1,False,,a,2,7,7,57587,12439,24417,4498,0.5,1.6,George Hemmings,,241.0,2025-08-05,2007-03-04,False,p577285,234,0,0,1,5,0,0,0,0,0,0,0,29,12.4,15.9,2.0,3.0,2,10,6,18,3,0.07,0.15,0.22,5.00,,,,,,,[],,222,91,144,86,224,106,218,96,0.03,0.0,0.06,0.09,1.92,1.92,543,277,153,65,171,71,188,59,1.15,0.38,6.92,Aston Villa,AVL
True,True,,,653481,0,0,0,0,-26.1,-8,"[{'offset': 0, 'projected_percent': '-30.4', 'likelihood': -2}, {'offset': 1, 'projected_percent': '-54.9', 'likelihood': -3}, {'offset': 2, 'projected_percent': '-79.4', 'likelihood': -3}]",,False,0,3,0.7,0.7,1,Alysson Edward Franco,0.7,52,False,,,5.0,653481.jpg,0.7,False,da Rocha dos Santos,0.0,False,,a,2,7,2,1305,135,1727,202,0.1,0.4,Alysson,Alysson,30.0,2026-01-01,2006-05-05,False,p653481,42,0,0,0,0,0,0,0,1,0,0,0,10,5.2,0.8,2.0,0.8,1,3,2,6,0,0.00,0.00,0.00,0.51,,,,,,,[],,270,122,293,148,236,112,301,135,0.0,0.0,0.0,0.0,1.09,0.0,374,227,312,142,377,177,501,204,0.0,0.0,12.86,Aston Villa,AVL
True,True,0.0,0.0,614071,0,0,-1,1,-19.2,-20,"[{'offset': 0, 'projected_percent': '-20.5', 'likelihood': -2}, {'offset': 1, 'projected_percent': '-28.0', 'likelihood': -2}, {'offset': 2, 'projected_percent': '-35.4', 'likelihood': -2}]",,False,0,3,0.0,0.0,0,Johan,0.0,53,False,Knee injury - Expected back 12 Sep,2026-08-15T15:30:06.388335Z,5.9,614071.jpg,0.0,False,Manzambi,0.1,False,,i,2,7,0,724,151,14525,686,0.0,0.0,Manzambi,,207.0,2026-07-17,2005-10-14,False,p614071,0,0,0,0,0,0,0,0,0,0,0,0,0,0.0,0.0,0.0,0.0,0,0,0,0,0,0.00,0.00,0.00,0.00,,,,,,,[],https://www.avfc.co.uk/news/2026/september/04/prematch-team-news-for-hull-clash/,633,278,633,278,628,274,634,278,0.0,0.0,0.0,0.0,0.0,0.0,115,75,638,279,638,279,390,144,0.0,0.0,0.0,Aston Villa,AVL
True,True,0.0,0.0,448089,0,0,0,0,-32.8,-2,"[{'offset': 0, 'projected_percent': '-33.3', 'likelihood': -2}, {'offset': 1, 'projected_percent': '-36.3', 'likelihood': -2}, {'offset': 2, 'projected_percent': '-39.3', 'likelihood': -2}]",,False,0,3,0.0,0.0,0,Joao,-0.7,54,False,Suspended until 19 Sep,2026-08-23T17:30:08.367415Z,5.5,448089.jpg,-2.0,False,Gomes,0.0,False,,s,2,7,-2,267,23,3229,161,-0.1,-0.4,Gomes,João Gomes,30.0,2026-07-20,2001-02-12,False,p448089,39,0,0,0,4,0,0,0,0,1,0,0,-2,1.0,11.0,0.0,1.2,1,2,4,7,1,0.00,0.01,0.01,2.58,,,,,,,[],,327,149,179,102,603,256,289,130,0.0,0.0,0.02,0.02,5.95,9.23,159,96,654,291,654,291,519,214,2.31,0.0,16.15,Aston Villa,AVL
True,False,0.0,0.0,178301,0,0,-2,2,0.0,-1804,"[{'offset': 0, 'projected_percent': '0.0', 'likelihood': 0}, {'offset': 1, 'projected_percent': '0.0', 'likelihood': 0}, {'offset': 2, 'projected_percent': '0.0', 'likelihood': 0}]",,False,0,4,0.0,0.0,0,Ollie,0.0,55,False,Has joined Al Hilal permanently,2026-09-01T13:15:16.698799Z,7.8,178301.jpg,0.0,False,Watkins,3.7,False,,u,2,7,0,14882,0,641342,55503,0.0,0.0,Watkins,,241.0,2020-09-09,1995-12-30,False,p178301,0,0,0,0,0,0,0,0,0,0,0,0,0,0.0,0.0,0.0,0.0,0,0,0,0,0,0.00,0.00,0.00,0.00,,,,,,,[],,653,78,653,78,653,78,653,78,0.0,0.0,0.0,0.0,0.0,0.0,13,4,653,78,653,78,90,13,0.0,0.0,0.0,Aston Villa,AVL
True,True,100.0,100.0,173879,0,0,0,0,2.0,9,"[{'offset': 0, 'projected_percent': '2.0', 'likelihood': 1}, {'offset': 1, 'projected_percent': '2.1', 'likelihood': 1}, {'offset': 2, 'projected_percent': '2.3', 'likelihood': 1}]",,False,0,4,0.7,0.7,1,Tammy,0.7,56,False,,2026-08-15T16:00:07.558543Z,5.5,173879.jpg,1.0,False,Abraham,0.2,False,,a,2,7,2,7076,1554,6228,794,0.1,0.4,Abraham,,241.0,2026-01-27,1997-10-02,False,p173879,24,0,0,0,0,0,0,0,0,0,0,0,6,0.0,1.3,0.0,0.1,0,0,1,1,0,0.00,0.00,0.00,0.37,,,,,,,[],,605,64,276,36,590,66,347,40,0.0,0.0,0.0,0.0,1.39,0.0,130,34,320,37,342,38,366,56,0.0,0.0,3.75,Aston Villa,AVL
True,True,,,493105,0,0,-1,1,-42.9,-84,"[{'offset': 0, 'projected_percent': '-47.6', 'likelihood': -3}, {'offset': 1, 'projected_percent': '-74.8', 'likelihood': -3}, {'offset': 2, 'projected_percent': '-101.9', 'likelihood': -5}]",,False,0,3,1.0,1.0,1,Alejandro,1.0,160,False,,,5.9,493105.jpg,1.0,False,Garnacho Ferreyra,0.4,False,,a,2,7,3,5128,550,25409,2753,0.2,0.5,Garnacho,,10.0,2026-07-23,2004-07-01,False,p493105,31,0,0,0,0,0,0,0,0,0,0,0,9,0.2,2.0,0.0,0.2,0,2,0,2,0,0.00,0.00,0.00,0.49,,,,,,,"[{'property': 'loan_ineligible', 'notes': 'This player will not be available to face their parent club in Gameweek 16 as part of their loan conditions.', 'gameweek': 16, 'url': None}, {'property': 'loan_ineligible', 'notes': 'This player will not be available to face their parent club in Gameweek 27 as part of their loan conditions.', 'gameweek': 27, 'url': None}]",,338,157,251,131,625,271,338,157,0.0,0.0,0.0,0.0,1.42,0.0,107,68,279,127,358,165,263,88,0.0,0.0,5.81,Aston Villa,AVL
True,True,,,517052,0,0,0,0,28.7,65,"[{'offset': 0, 'projected_percent': '28.9', 'likelihood': 2}, {'offset': 1, 'projected_percent': '29.7', 'likelihood': 2}, {'offset': 2, 'projected_percent': '30.6', 'likelihood': 2}]",,False,0,4,1.3,1.3,2,Nicolas,1.3,166,False,,,6.5,517052.jpg,2.0,False,Jackson,1.0,False,,a,2,7,4,87579,8374,27251,4816,0.2,0.6,N.Jackson,,189.0,2026-08-28,2001-06-20,False,p517052,154,0,0,1,1,0,0,0,0,0,0,0,21,4.2,5.9,2.0,1.2,0,5,0,5,2,0.24,0.54,0.78,1.23,,,,,,,[],,285,27,204,26,244,37,290,34,0.14,0.0,0.32,0.46,0.72,0.58,45,11,240,26,223,24,190,30,1.17,0.58,2.92,Aston Villa,AVL
True,True,0.0,0.0,690838,0,0,0,0,-68.1,-83,"[{'offset': 0, 'projected_percent': '-70.5', 'likelihood': -3}, {'offset': 1, 'projected_percent': '-84.3', 'likelihood': -3}, {'offset': 2, 'projected_percent': '-98.1', 'likelihood': -4}]",,False,0,4,0.0,0.0,0,Brian,0.0,582,False,Unspecified injury - Unknown return date,2026-08-15T16:00:07.974271Z,5.5,690838.jpg,0.0,False,Madjo,0.3,False,,i,2,7,0,2204,144,19958,1678,0.0,0.0,Madjo,,241.0,2026-01-12,2009-01-12,False,p690838,0,0,0,0,0,0,0,0,0,0,0,0,0,0.0,0.0,0.0,0.0,0,0,0,0,0,0.00,0.00,0.00,0.00,,,,,,,[],,621,67,625,71,615,69,625,71,0.0,0.0,0.0,0.0,0.0,0.0,195,46,632,75,632,75,299,50,0.0,0.0,0.0,Aston Villa,AVL
True,True,,,487992,0,0,0,0,-31.1,-14,"[{'offset': 0, 'projected_percent': '-34.6', 'likelihood': -2}, {'offset': 1, 'projected_percent': '-54.3', 'likelihood': -3}, {'offset': 2, 'projected_percent': '-74.1', 'likelihood': -3}]",,False,0,2,0.7,0.7,1,Matteo,0.7,596,False,,,4.5,487992.jpg,1.0,False,Ruggeri,0.1,False,,a,2,7,2,1666,74,3208,383,0.2,0.4,Ruggeri,,106.0,2026-08-19,2002-07-11,False,p487992,23,0,0,0,0,0,0,0,0,0,0,0,6,4.0,0.0,0.0,0.4,1,2,2,3,0,0.00,0.01,0.01,0.49,,,,,,,[],,287,107,436,177,378,166,316,114,0.0,0.0,0.04,0.04,1.92,0.0,506,133,296,110,289,115,429,150,0.0,0.0,11.74,Aston Villa,AVL
True,True,,,433969,0,0,0,0,7.8,697,"[{'offset': 0, 'projected_percent': '9.4', 'likelihood': 1}, {'offset': 1, 'projected_percent': '18.6', 'likelihood': 1}, {'offset': 2, 'projected_percent': '27.8', 'likelihood': 2}]",,False,1,1,4.0,4.0,10,Zion,4.0,597,False,,,5.0,433969.jpg,6.0,False,Suzuki,1.3,False,,a,2,7,12,52819,15496,20676,2631,0.8,2.4,Suzuki,,108.0,2026-08-19,2002-08-21,False,p433969,180,0,0,1,1,0,0,0,0,0,5,3,46,13.6,0.0,0.0,1.4,3,22,0,0,2,0.00,0.00,0.00,1.61,,,,,,,[],,215,22,546,63,505,63,282,22,0.0,2.5,0.0,0.0,0.8,0.5,295,13,75,4,33,2,161,24,1.0,0.5,0.0,Aston Villa,AVL
True,True,,,569577,0,0,0,0,0.0,4,"[{'offset': 0, 'projected_percent': '0.0', 'likelihood': 0}, {'offset': 1, 'projected_percent': '0.1', 'likelihood': 1}, {'offset': 2, 'projected_percent': '0.1', 'likelihood': 1}]",,False,0,2,0.0,0.0,0,Triston,0.0,606,False,,,4.0,569577.jpg,0.0,False,Rowe,0.1,False,,a,2,7,0,8930,970,2476,547,0.0,0.0,Rowe,,241.0,2026-07-01,2006-10-02,False,p569577,0,0,0,0,0,0,0,0,0,0,0,0,0,0.0,0.0,0.0,0.0,0,0,0,0,0,0.00,0.00,0.00,0.00,,,,,,,[],,386,149,378,147,304,122,396,149,0.0,0.0,0.0,0.0,0.0,0.0,640,201,432,160,432,160,369,138,0.0,0.0,0.0,Aston Villa,AVL
True,False,0.0,0.0,571380,0,0,0,0,0.0,-43,"[{'offset': 0, 'projected_percent': '0.0', 'likelihood': 0}, {'offset': 1, 'projected_percent': '0.0', 'likelihood': 0}, {'offset': 2, 'projected_percent': '0.0', 'likelihood': 0}]",,False,0,3,0.0,0.0,0,Luka,0.0,607,False,Has joined Oxford United on loan until January,2026-09-04T12:35:39.820426Z,4.5,571380.jpg,0.0,False,Lynch,0.1,False,,u,2,7,0,7103,0,4510,1355,0.0,0.0,Lynch,,241.0,2026-07-01,2007-01-11,False,p571380,0,0,0,0,0,0,0,0,0,0,0,0,0,0.0,0.0,0.0,0.0,0,0,0,0,0,0.00,0.00,0.00,0.00,,,,,,,[],,465,174,466,183,409,141,475,179,0.0,0.0,0.0,0.0,0.0,0.0,538,275,504,196,504,196,422,166,0.0,0.0,0.0,Aston Villa,AVL
True,True,,,214590,0,0,0,0,0.0,0,"[{'offset': 0, 'projected_percent': '0.0', 'likelihood': 0}, {'offset': 1, 'projected_percent': '0.0', 'likelihood': 0}, {'offset': 2, 'projected_percent': '0.0', 'likelihood': 0}]",2026-09-07T14:00:13.698490Z,False,0,2,1.0,1.0,1,Aaron,1.0,611,False,,,4.5,214590.jpg,1.0,False,Wan-Bissaka,0.2,False,,a,2,7,2,9013,831,2385,598,0.2,0.4,Wan-Bissaka,,50.0,2026-08-21,1997-11-26,False,p214590,17,0,0,0,0,0,0,0,0,0,0,0,7,3.6,0.8,0.0,0.4,1,0,2,3,0,0.00,0.00,0.00,0.35,,,,,,,[],,294,111,289,106,348,148,315,113,0.0,0.0,0.0,0.0,1.85,0.0,461,101,248,91,280,107,361,136,0.0,0.0,15.88,Aston Villa,AVL
True,True,,,119090,0,0,0,0,0.0,0,"[{'offset': 0, 'projected_percent': '0.0', 'likelihood': 0}, {'offset': 1, 'projected_percent': '0.0', 'likelihood': 0}, {'offset': 2, 'projected_percent': '0.0', 'likelihood': 0}]",2026-09-10T13:59:31.002497Z,False,0,3,0.0,0.0,0,Leon,0.0,618,False,,,6.0,119090.jpg,0.0,False,Goretzka,0.1,False,,a,2,7,0,4166,505,1356,508,0.0,0.0,Goretzka,,80.0,2026-08-27,1995-02-06,False,p119090,0,0,0,0,0,0,0,0,0,0,0,0,0,0.0,0.0,0.0,0.0,0,0,0,0,0,0.00,0.00,0.00,0.00,,,,,,,[],,634,279,634,279,629,275,635,279,0.0,0.0,0.0,0.0,0.0,0.0,60,42,639,280,639,280,496,200,0.0,0.0,0.0,Aston Villa,AVL
True,True,,,245719,0,0,0,0,0.0,0,"[{'offset': 0, 'projected_percent': '0.0', 'likelihood': 0}, {'offset': 1, 'projected_percent': '0.0', 'likelihood': 0}, {'offset': 2, 'projected_percent': '0.0', 'likelihood': 0}]",2026-09-15T14:48:43.905410Z,False,0,2,1.8,1.8,0,Taylor,0.0,630,False,,,4.5,245719.jpg,0.0,False,Harwood-Bellis,0.0,False,,a,2,7,0,1206,261,281,91,0.0,0.0,Harwood-Bellis,,241.0,2026-09-01,2002-01-30,False,p245719,0,0,0,0,0,0,0,0,0,0,0,0,0,0.0,0.0,0.0,0.0,0,0,0,0,0,0.00,0.00,0.00,0.00,,,,,,,[],,427,172,424,172,362,158,437,172,0.0,0.0,0.0,0.0,0.0,0.0,483,118,468,179,468,179,597,202,0.0,0.0,0.0,Aston Villa,AVL
True,True,,,638987,0,0,0,0,0.0,0,"[{'offset': 0, 'projected_percent': '0.0', 'likelihood': 0}, {'offset': 1, 'projected_percent': '0.0', 'likelihood': 0}, {'offset': 2, 'projected_percent': '0.0', 'likelihood': 0}]",2026-09-15T14:49:20.018135Z,False,0,3,2.2,2.2,0,Ibrahim,0.0,631,False,,,6.0,638987.jpg,0.0,False,Mbaye,0.0,False,,a,2,7,0,5365,1309,1050,420,0.0,0.0,Mbaye,,189.0,2026-09-01,2008-01-24,False,p638987,0,0,0,0,0,0,0,0,0,0,0,0,0,0.0,0.0,0.0,0.0,0,0,0,0,0,0.00,0.00,0.00,0.00,,,,,,,[],,642,283,642,283,638,279,642,283,0.0,0.0,0.0,0.0,0.0,0.0,85,56,644,284,644,284,497,201,0.0,0.0,0.0,Aston Villa,AVL
True,True,,,457569,0,0,0,0,7.9,-34,"[{'offset': 0, 'projected_percent': '7.8', 'likelihood': 1}, {'offset': 1, 'projected_percent': '7.4', 'likelihood': 1}, {'offset': 2, 'projected_percent': '6.9', 'likelihood': 1}]",,False,0,1,2.0,2.0,1,Đorđe,2.0,57,False,,,4.5,457569.jpg,2.0,False,Petrović,3.4,False,,a,3,91,6,79456,8096,57497,8492,0.4,1.3,Petrović,,190.0,2025-07-16,1999-10-08,False,p457569,270,0,0,0,5,0,0,0,0,0,9,0,33,70.6,0.0,0.0,7.1,6,21,0,0,3,0.00,0.00,0.00,4.80,,,,,,,[],,16,2,431,42,370,41,120,2,0.0,3.0,0.0,0.0,1.6,1.67,494,40,175,16,196,17,95,15,1.0,0.0,0.0,Bournemouth,BOU
True,True,,,40383,0,0,0,0,2.8,21,"[{'offset': 0, 'projected_percent': '2.8', 'likelihood': 1}, {'offset': 1, 'projected_percent': '3.1', 'likelihood': 1}, {'offset': 2, 'projected_percent': '3.4', 'likelihood': 1}]",,False,0,1,0.0,0.0,0,Fraser,0.0,58,False,,,4.0,40383.jpg,0.0,False,Forster,3.4,False,,a,3,91,0,56977,9067,36196,4218,0.0,0.0,Forster,,241.0,2026-01-02,1988-03-17,False,p40383,0,0,0,0,0,0,0,0,0,0,0,0,0,0.0,0.0,0.0,0.0,0,0,0,0,0,0.00,0.00,0.00,0.00,,,,,,,[],,341,24,331,3,253,2,350,24,0.0,0.0,0.0,0.0,0.0,0.0,578,50,388,24,388,24,96,16,0.0,0.0,0.0,Bournemouth,BOU
True,False,0.0,0.0,444172,0,0,0,0,0.0,-9,"[{'offset': 0, 'projected_percent': '0.0', 'likelihood': 0}, {'offset': 1, 'projected_percent': '0.0', 'likelihood': 0}, {'offset': 2, 'projected_percent': '0.0', 'likelihood': 0}]",,False,0,1,0.0,0.0,0,Will,0.0,59,False,Has joined MK Dons permanently,2026-08-27T14:53:48.692835Z,4.0,444172.jpg,0.0,False,Dennis,0.1,False,,u,3,91,0,1133,0,4791,490,0.0,0.0,Dennis,,241.0,2019-08-01,2000-07-10,False,p444172,0,0,0,0,0,0,0,0,0,0,0,0,0,0.0,0.0,0.0,0.0,0,0,0,0,0,0.00,0.00,0.00,0.00,,,,,,,[],,365,39,357,18,281,17,375,39,0.0,0.0,0.0,0.0,0.0,0.0,613,65,412,39,412,39,370,42,0.0,0.0,0.0,Bournemouth,BOU
True,True,,,463981,0,0,0,0,0.4,-24,"[{'offset': 0, 'projected_percent': '0.4', 'likelihood': 1}, {'offset': 1, 'projected_percent': '0.1', 'likelihood': 1}, {'offset': 2, 'projected_percent': '-3.1', 'likelihood': -1}]",,False,0,2,2.0,2.0,1,James,2.0,60,False,,,5.5,463981.jpg,2.0,False,Hill,0.8,False,,a,3,91,6,17913,1666,21295,2886,0.4,1.1,Hill,,241.0,2022-01-05,2002-01-10,False,p463981,270,0,0,0,5,0,0,0,0,0,0,0,23,37.2,21.3,4.0,6.3,20,5,4,24,3,0.00,0.76,0.76,4.80,,,,,,,[],,109,48,122,38,202,72,140,52,0.0,0.0,0.25,0.25,1.6,1.67,163,20,191,71,214,81,208,80,1.0,0.0,8.0,Bournemouth,BOU
True,True,,,494521,0,0,0,0,-30.0,-383,"[{'offset': 0, 'projected_percent': '-32.5', 'likelihood': -2}, {'offset': 1, 'projected_percent': '-47.0', 'likelihood': -3}, {'offset': 2, 'projected_percent': '-61.4', 'likelihood': -3}]",,False,0,2,1.7,1.7,0,Adrien,1.7,61,False,,,5.5,494521.jpg,1.7,False,Truffert,3.6,False,,a,3,91,5,35160,2680,81285,13380,0.3,0.9,Truffert,,73.0,2025-06-16,2001-11-20,False,p494521,270,0,0,0,5,0,0,0,1,0,0,2,24,43.2,25.0,4.0,7.3,15,18,7,22,3,0.01,0.13,0.14,4.80,,,,,,,[],,80,34,105,33,203,73,115,41,0.0,0.0,0.04,0.04,1.6,1.67,173,22,214,77,238,86,91,36,1.0,0.0,7.33,Bournemouth,BOU
True,True,,,242882,0,0,0,0,-38.2,-31,"[{'offset': 0, 'projected_percent': '-42.4', 'likelihood': -3}, {'offset': 1, 'projected_percent': '-66.4', 'likelihood': -3}, {'offset': 2, 'projected_percent': '-90.5', 'likelihood': -3}]",,False,0,2,0.0,0.0,0,Bafodé,0.0,62,False,,,5.0,242882.jpg,0.0,False,Diakité,0.2,False,,a,3,91,0,4801,369,7120,936,0.0,0.0,Diakité,,73.0,2025-08-13,2001-01-06,False,p242882,0,0,0,0,0,0,0,0,0,0,0,0,0,0.0,0.0,0.0,0.0,0,0,0,0,0,0.00,0.00,0.00,0.00,,,,,,,[],,540,203,543,203,501,196,548,203,0.0,0.0,0.0,0.0,0.0,0.0,290,49,569,204,569,204,348,128,0.0,0.0,0.0,Bournemouth,BOU
True,True,0.0,0.0,620487,0,0,0,0,-78.9,0,"[{'offset': 0, 'projected_percent': '-78.9', 'likelihood': -3}, {'offset': 1, 'projected_percent': '-78.9', 'likelihood': -3}, {'offset': 2, 'projected_percent': '-78.9', 'likelihood': -3}]",,False,0,2,0.0,0.0,0,Veljko,0.0,63,False,Unspecified injury - Unknown return date,2026-08-06T10:00:10.456051Z,5.0,620487.jpg,0.0,False,Milosavljevic,0.0,False,,i,3,91,0,187,25,588,50,0.0,0.0,Milosavljević,,190.0,2025-09-01,2007-06-28,False,p620487,0,0,0,0,0,0,0,0,0,0,0,0,0,0.0,0.0,0.0,0.0,0,0,0,0,0,0.00,0.00,0.00,0.00,,,,,,,[],,575,208,582,208,553,204,583,208,0.0,0.0,0.0,0.0,0.0,0.0,369,66,600,209,600,209,609,205,0.0,0.0,0.0,Bournemouth,BOU
True,True,,,54469,0,0,0,0,0.8,-12,"[{'offset': 0, 'projected_percent': '0.7', 'likelihood': 1}, {'offset': 1, 'projected_percent': '0.6', 'likelihood': 1}, {'offset': 2, 'projected_percent': '0.4', 'likelihood': 1}]",,False,0,2,0.7,0.7,0,Adam,0.7,64,False,,,4.5,54469.jpg,0.7,False,Smith,0.1,False,,a,3,91,2,4788,313,3562,453,0.2,0.4,Smith,,241.0,2014-01-28,1991-04-29,False,p54469,270,0,0,0,5,0,0,0,2,0,0,0,12,22.6,16.3,0.0,3.9,11,9,4,15,3,0.01,0.06,0.07,4.80,,,,,,,[],,165,77,142,44,322,139,195,73,0.0,0.0,0.02,0.02,1.6,1.67,424,81,289,104,373,130,389,144,1.0,0.0,5.0,Bournemouth,BOU
True,True,0.0,0.0,436893,0,0,0,0,-103.1,-2,"[{'offset': 0, 'projected_percent': '-104.3', 'likelihood': -5}, {'offset': 1, 'projected_percent': '-111.7', 'likelihood': -5}, {'offset': 2, 'projected_percent': '-119.0', 'likelihood': -5}]",,False,0,2,0.0,0.0,0,Julián,0.0,65,False,Thigh injury - Unknown return date,2026-08-09T08:00:05.645826Z,4.5,436893.jpg,0.0,False,Araujo Zúñiga,0.0,False,,i,3,91,0,219,35,946,74,0.0,0.0,J.Araujo,,139.0,2024-08-13,2001-08-13,False,p436893,0,0,0,0,0,0,0,0,0,0,0,0,0,0.0,0.0,0.0,0.0,0,0,0,0,0,0.00,0.00,0.00,0.00,,,,,,,[],https://www.afcb.co.uk/news/2026/august/06/araujo-undergoes-successful-surgery/,429,173,426,173,365,160,439,173,0.0,0.0,0.0,0.0,0.0,0.0,487,121,470,180,470,180,590,200,0.0,0.0,0.0,Bournemouth,BOU
True,True,100.0,100.0,575901,0,0,0,0,0.9,27,"[{'offset': 0, 'projected_percent': '0.9', 'likelihood': 1}, {'offset': 1, 'projected_percent': '1.3', 'likelihood': 1}, {'offset': 2, 'projected_percent': '1.6', 'likelihood': 1}]",,False,0,2,0.0,0.0,0,Julio,0.0,66,False,,2026-08-15T16:30:07.021055Z,4.0,575901.jpg,0.0,False,Soler Barreto,0.3,False,,a,3,91,0,7772,1310,5567,785,0.0,0.0,Soler,,10.0,2025-01-07,2005-02-16,False,p575901,0,0,0,0,0,0,0,0,0,0,0,0,0,0.0,0.0,0.0,0.0,0,0,0,0,0,0.00,0.00,0.00,0.00,,,,,,,[],,387,150,379,148,306,124,397,150,0.0,0.0,0.0,0.0,0.0,0.0,642,203,433,161,433,161,315,114,0.0,0.0,0.0,Bournemouth,BOU
True,True,,,499604,0,0,0,0,-103.6,-537,"[{'offset': 0, 'projected_percent': '-109.6', 'likelihood': -5}, {'offset': 1, 'projected_percent': '-144.2', 'likelihood': -5}, {'offset': 2, 'projected_percent': '-178.7', 'likelihood': -5}]",,False,0,3,2.0,2.0,2,Rayan Vitor,2.0,67,False,,,6.5,499604.jpg,2.0,False,Simplício Rocha,2.1,False,,a,3,91,6,37569,2181,95204,13001,0.3,0.9,Rayan,Rayan,30.0,2026-01-27,2006-08-03,False,p499604,266,0,0,0,4,0,0,0,0,0,0,0,21,14.8,14.8,61.0,9.1,3,3,2,8,3,0.48,0.06,0.54,4.56,,,,,,,[],,208,82,150,90,22,13,79,45,0.16,0.0,0.02,0.18,1.54,1.35,43,29,195,90,222,98,123,38,1.02,0.0,2.71,Bournemouth,BOU
True,True,,,201658,0,0,0,0,40.8,1271,"[{'offset': 0, 'projected_percent': '43.8', 'likelihood': 3}, {'offset': 1, 'projected_percent': '60.6', 'likelihood': 3}, {'offset': 2, 'projected_percent': '77.4', 'likelihood': 3}]",,False,1,3,7.0,7.0,10,Marcus,7.0,68,False,,,6.0,201658.jpg,7.0,False,Tavernier,2.8,False,,a,3,91,21,162769,47299,71029,8750,1.2,3.5,Tavernier,,241.0,2022-08-01,1999-03-22,False,p201658,268,2,0,0,5,0,0,0,1,0,0,6,95,55.0,55.5,29.0,13.9,3,18,7,28,3,1.50,0.34,1.84,4.75,1.0,,1.0,,3.0,,[],,44,21,25,22,65,39,30,24,0.5,0.0,0.11,0.61,1.6,1.68,64,44,21,8,22,9,110,33,1.01,0.0,9.4,Bournemouth,BOU
True,True,,,503139,0,0,0,0,52.8,4275,"[{'offset': 0, 'projected_percent': '62.6', 'likelihood': 3}, {'offset': 1, 'projected_percent': '119.1', 'likelihood': 5}, {'offset': 2, 'projected_percent': '175.7', 'likelihood': 5}]",,False,1,3,8.0,8.0,10,Alex,8.0,69,True,,,6.0,503139.jpg,8.0,False,Scott,3.2,False,,a,3,91,24,167120,101715,39166,8509,1.3,4.0,Scott,,241.0,2023-08-10,2003-08-21,False,p503139,266,1,2,1,4,0,0,0,1,0,0,5,93,59.0,36.9,21.0,11.7,9,21,7,37,3,0.33,0.30,0.63,4.67,2.0,,4.0,,,,[],,33,16,55,42,89,48,47,33,0.11,0.0,0.1,0.21,1.58,1.35,77,52,7,4,8,5,101,31,1.02,0.34,12.52,Bournemouth,BOU
True,True,,,222683,0,0,0,0,-22.6,-138,"[{'offset': 0, 'projected_percent': '-25.6', 'likelihood': -2}, {'offset': 1, 'projected_percent': '-43.4', 'likelihood': -3}, {'offset': 2, 'projected_percent': '-61.2', 'likelihood': -3}]",,False,0,3,2.3,2.3,1,Justin,2.3,70,False,,,6.0,222683.jpg,2.3,False,Kluivert,1.1,False,,a,3,91,7,29454,2303,39196,6084,0.4,1.2,Kluivert,,152.0,2023-07-01,1999-05-05,False,p222683,229,0,0,2,1,0,0,0,1,0,0,0,33,22.2,41.2,74.0,13.7,1,13,4,18,3,0.78,0.06,0.84,4.09,3.0,,2.0,,2.0,,[],,168,61,47,37,11,7,32,25,0.31,0.0,0.02,0.33,1.61,0.39,67,46,167,75,184,81,187,58,1.18,0.79,7.07,Bournemouth,BOU
True,True,,,155408,0,0,0,0,1.9,-26,"[{'offset': 0, 'projected_percent': '1.9', 'likelihood': 1}, {'offset': 1, 'projected_percent': '1.5', 'likelihood': 1}, {'offset': 2, 'projected_percent': '1.2', 'likelihood': 1}]",,False,0,3,2.3,2.3,1,Lewis,2.3,71,False,,,5.0,155408.jpg,2.3,False,Cook,0.2,False,,a,3,91,7,10677,818,6554,1004,0.5,1.4,Cook,,241.0,2016-07-08,1997-02-03,False,p155408,157,0,0,2,1,0,0,0,0,0,0,0,23,8.4,14.9,0.0,2.4,4,5,1,10,2,0.00,0.01,0.01,3.84,5.0,,,,,,[],,242,102,148,89,481,182,238,106,0.0,0.0,0.01,0.01,2.2,0.57,252,155,157,68,175,74,331,119,1.15,1.15,5.73,Bournemouth,BOU
True,True,,,496208,0,0,0,0,-106.2,-11,"[{'offset': 0, 'projected_percent': '-110.1', 'likelihood': -5}, {'offset': 1, 'projected_percent': '-132.6', 'likelihood': -5}, {'offset': 2, 'projected_percent': '-155.1', 'likelihood': -5}]",,False,0,3,0.7,0.7,1,Ben,0.7,72,False,,,5.0,496208.jpg,1.0,False,Gannon-Doak,0.1,False,,a,3,91,2,848,99,2692,310,0.1,0.4,Gannon-Doak,,243.0,2025-08-18,2005-11-11,False,p496208,2,0,0,0,1,0,0,0,0,0,0,0,6,0.2,0.1,2.0,0.2,0,2,1,3,0,0.02,0.00,0.02,0.24,,,,,,,[],,336,155,328,166,233,110,335,155,0.9,0.0,0.0,0.9,10.8,45.0,328,195,307,138,317,137,474,187,0.0,0.0,135.0,Bournemouth,BOU
True,True,100.0,100.0,200785,0,0,0,0,1.3,48,"[{'offset': 0, 'projected_percent': '1.4', 'likelihood': 1}, {'offset': 1, 'projected_percent': '2.0', 'likelihood': 1}, {'offset': 2, 'projected_percent': '2.6', 'likelihood': 1}]",,False,0,3,2.0,2.0,4,Tyler,2.0,73,False,,2026-08-15T16:30:07.029928Z,5.0,200785.jpg,2.0,False,Adams,0.3,False,,a,3,91,6,10496,1876,8609,1063,0.4,1.2,Adams,,229.0,2023-08-20,1999-02-14,False,p200785,111,0,0,0,4,0,0,0,0,0,0,0,23,5.2,1.9,0.0,0.7,4,11,3,18,1,0.00,0.01,0.01,0.95,,,,,,,[],,269,121,252,132,489,187,306,139,0.0,0.0,0.01,0.01,0.77,3.24,264,163,179,78,201,85,311,110,0.81,0.0,14.59,Bournemouth,BOU
True,True,100.0,100.0,111317,0,0,0,0,0.2,0,"[{'offset': 0, 'projected_percent': '0.2', 'likelihood': 1}, {'offset': 1, 'projected_percent': '0.2', 'likelihood': 1}, {'offset': 2, 'projected_percent': '0.2', 'likelihood': 1}]",,False,0,3,0.7,0.7,1,David,0.7,74,False,,2026-08-15T16:30:07.037929Z,5.0,111317.jpg,1.0,False,Brooks,0.1,False,,a,3,91,2,2143,245,1919,220,0.1,0.4,Brooks,,244.0,2018-07-01,1997-07-08,False,p111317,23,0,0,0,2,0,0,0,0,0,0,0,5,0.0,1.6,0.0,0.1,0,0,0,0,0,0.00,0.01,0.01,0.39,4.0,,3.0,,,,[],,520,207,263,137,476,179,343,160,0.0,0.0,0.04,0.04,1.53,7.83,246,152,303,136,305,130,488,195,0.0,0.0,0.0,Bournemouth,BOU
True,True,100.0,100.0,158499,0,0,0,0,0.1,3,"[{'offset': 0, 'projected_percent': '0.1', 'likelihood': 1}, {'offset': 1, 'projected_percent': '0.2', 'likelihood': 1}, {'offset': 2, 'projected_percent': '0.2', 'likelihood': 1}]",,False,0,3,0.7,0.7,1,Ryan,0.7,75,False,,2026-07-24T17:30:10.035483Z,5.0,158499.jpg,1.0,False,Christie,0.0,False,,a,3,91,2,1767,169,875,163,0.1,0.4,Christie,,243.0,2021-08-31,1995-02-22,False,p158499,4,0,0,0,1,0,0,0,0,0,0,0,8,2.8,0.3,0.0,0.3,0,1,1,2,0,0.00,0.00,0.00,0.13,6.0,,,,,,[],,303,136,313,158,482,183,326,149,0.0,0.0,0.0,0.0,2.92,22.5,253,156,305,137,307,131,547,222,0.0,0.0,45.0,Bournemouth,BOU
True,True,,,614574,0,0,0,0,-48.4,1,"[{'offset': 0, 'projected_percent': '-46.5', 'likelihood': -3}, {'offset': 1, 'projected_percent': '-35.7', 'likelihood': -2}, {'offset': 2, 'projected_percent': '-24.8', 'likelihood': -2}]",,False,0,3,0.3,0.3,0,Alex,0.3,76,False,,,5.0,614574.jpg,1.0,False,Tóth,0.0,False,,a,3,91,1,250,27,444,67,0.1,0.2,Tóth.A,,98.0,2026-01-20,2005-10-23,False,p614574,15,0,0,0,2,0,0,0,0,0,0,0,5,2.8,0.6,0.0,0.3,0,1,1,2,0,0.00,0.00,0.00,0.31,,,,,,,[],,304,137,300,151,552,225,329,152,0.0,0.0,0.0,0.0,1.86,12.0,368,225,367,171,326,145,581,241,0.0,0.0,12.0,Bournemouth,BOU
True,True,0.0,0.0,489888,0,0,-1,1,-13.6,-6,"[{'offset': 0, 'projected_percent': '-16.5', 'likelihood': -1}, {'offset': 1, 'projected_percent': '-33.3', 'likelihood': -2}, {'offset': 2, 'projected_percent': '-50.1', 'likelihood': -3}]",,False,0,3,0.0,0.0,0,Amine,0.0,77,False,Unspecified injury - Unknown return date,2026-08-15T16:00:07.590566Z,4.9,489888.jpg,0.0,False,Adli,0.0,False,,i,3,91,0,211,21,1698,95,0.0,0.0,Adli,,145.0,2025-08-21,2000-05-10,False,p489888,0,0,0,0,0,0,0,0,0,0,0,0,0,0.0,0.0,0.0,0.0,0,0,0,0,0,0.00,0.00,0.00,0.00,,,,,,,[],,509,199,510,207,458,167,519,204,0.0,0.0,0.0,0.0,0.0,0.0,404,244,544,219,544,219,578,239,0.0,0.0,0.0,Bournemouth,BOU
True,True,0.0,0.0,560262,0,0,-1,1,-18.6,-51,"[{'offset': 0, 'projected_percent': '-20.7', 'likelihood': -2}, {'offset': 1, 'projected_percent': '-32.3', 'likelihood': -2}, {'offset': 2, 'projected_percent': '-43.9', 'likelihood': -3}]",,False,0,3,0.0,0.0,0,Junior,0.0,78,False,Foot injury - Unknown return date,2026-07-29T17:30:09.796802Z,7.4,560262.jpg,0.0,False,Kroupi,0.2,False,,i,3,91,0,775,67,22619,1251,0.0,0.0,Kroupi.Jr,,73.0,2025-02-02,2006-06-23,False,p560262,0,0,0,0,0,0,0,0,0,0,0,0,0,0.0,0.0,0.0,0.0,0,0,0,0,0,0.00,0.00,0.00,0.00,,,,,1.0,,[],https://www.afcb.co.uk/news/2026/july/29/junior-kroupi-undergoes-successful-surgery-after-foot-injury/,651,290,651,290,651,290,651,290,0.0,0.0,0.0,0.0,0.0,0.0,22,14,651,290,651,290,330,118,0.0,0.0,0.0,Bournemouth,BOU
True,True,,,444102,0,0,0,0,42.2,204,"[{'offset': 0, 'projected_percent': '42.7', 'likelihood': 3}, {'offset': 1, 'projected_percent': '45.4', 'likelihood': 3}, {'offset': 2, 'projected_percent': '48.1', 'likelihood': 3}]",,False,0,4,3.7,3.7,2,Francisco Evanilson,3.7,79,False,,,6.0,444102.jpg,3.7,False,de Lima Barbosa,3.3,False,,a,3,91,11,155660,13464,74754,12276,0.6,1.8,Evanilson,Evanilson,30.0,2024-08-16,1999-10-06,False,p444102,244,0,2,2,2,0,0,0,1,0,0,0,32,34.4,34.1,24.0,9.2,9,8,1,18,3,0.71,0.26,0.97,4.32,,,,,,,[],,120,11,65,6,80,18,77,12,0.26,0.0,0.1,0.36,1.59,0.74,72,16,92,9,100,12,100,15,1.11,0.74,6.64,Bournemouth,BOU
True,False,0.0,0.0,168636,0,0,0,0,0.0,-8,"[{'offset': 0, 'projected_percent': '0.0', 'likelihood': 0}, {'offset': 1, 'projected_percent': '0.0', 'likelihood': 0}, {'offset': 2, 'projected_percent': '0.0', 'likelihood': 0}]",,False,0,4,0.0,0.0,0,Enes,0.0,80,False,Has joined Getafe permanently,2026-08-14T14:14:21.881112Z,5.5,168636.jpg,0.0,False,Ünal,0.0,False,,u,3,91,0,0,0,1678,86,0.0,0.0,Enes Ünal,,219.0,2024-07-01,1997-05-10,False,p168636,0,0,0,0,0,0,0,0,0,0,0,0,0,0.0,0.0,0.0,0.0,0,0,0,0,0,0.00,0.00,0.00,0.00,,,,,,,[],,604,63,608,68,589,65,610,68,0.0,0.0,0.0,0.0,0.0,0.0,127,32,621,73,621,73,574,75,0.0,0.0,0.0,Bournemouth,BOU
True,True,100.0,100.0,561245,0,0,0,0,-12.1,-12,"[{'offset': 0, 'projected_percent': '-14.4', 'likelihood': -1}, {'offset': 1, 'projected_percent': '-27.8', 'likelihood': -2}, {'offset': 2, 'projected_percent': '-41.1', 'likelihood': -3}]",,False,0,4,0.3,0.3,0,Álvaro,0.3,81,False,,2026-08-15T16:30:07.054142Z,6.0,561245.jpg,1.0,False,Rodríguez,0.1,False,,a,3,91,1,2943,422,3636,535,0.0,0.2,Rodríguez,,230.0,2026-07-14,2004-07-14,False,p561245,9,0,0,0,1,0,0,0,0,0,0,0,4,0.0,0.0,0.0,0.0,0,1,0,1,0,0.00,0.00,0.00,0.16,,,,,,,[],,639,74,639,74,635,74,639,74,0.0,0.0,0.0,0.0,1.6,10.0,82,19,383,46,361,44,406,57,0.0,0.0,10.0,Bournemouth,BOU
True,True,,,483067,0,0,0,0,3.1,-16,"[{'offset': 0, 'projected_percent': '3.1', 'likelihood': 1}, {'offset': 1, 'projected_percent': '2.9', 'likelihood': 1}, {'offset': 2, 'projected_percent': '2.7', 'likelihood': 1}]",,False,0,2,2.3,2.3,1,António João,2.3,566,False,,,5.0,483067.jpg,2.3,False,Pereira de Albuquerque Tavares da Silva,0.4,False,,a,3,91,7,18072,985,10205,1341,0.5,1.4,Silva,António Silva,173.0,2026-08-01,2003-10-30,False,p483067,270,0,0,0,5,0,0,0,1,0,0,0,24,50.0,2.1,13.0,6.5,28,7,3,31,3,0.27,0.04,0.31,4.80,,,,,,,[],,56,19,245,82,123,38,134,48,0.09,0.0,0.01,0.1,1.6,1.67,315,57,160,65,177,70,269,99,1.0,0.0,10.33,Bournemouth,BOU
True,True,,,494928,0,0,0,0,-68.4,-28,"[{'offset': 0, 'projected_percent': '-72.0', 'likelihood': -3}, {'offset': 1, 'projected_percent': '-92.4', 'likelihood': -3}, {'offset': 2, 'projected_percent': '-112.9', 'likelihood': -5}]",,False,0,2,0.0,0.0,0,Juanlu,0.0,573,False,,,4.5,494928.jpg,0.0,False,Sánchez,0.2,False,,a,3,91,0,903,82,4199,445,0.0,0.0,Sanchez,,200.0,2026-08-06,2003-08-15,False,p494928,0,0,0,0,0,0,0,0,0,0,0,0,0,0.0,0.0,0.0,0.0,0,0,0,0,0,0.00,0.00,0.00,0.00,,,,,,,[],,440,177,442,178,384,167,450,177,0.0,0.0,0.0,0.0,0.0,0.0,512,134,481,184,481,184,344,127,0.0,0.0,0.0,Bournemouth,BOU
True,True,,,523700,0,0,0,0,0.2,35,"[{'offset': 0, 'projected_percent': '0.2', 'likelihood': 1}, {'offset': 1, 'projected_percent': '0.7', 'likelihood': 1}, {'offset': 2, 'projected_percent': '1.2', 'likelihood': 1}]",,False,0,4,0.7,0.7,1,Daniel,0.7,608,False,,,5.0,523700.jpg,1.0,False,Jebbison,0.1,False,,a,3,91,2,8147,1160,2914,495,0.1,0.4,Jebbison,,39.0,2024-07-10,2003-08-13,False,p523700,16,0,0,0,2,0,0,0,0,0,0,0,10,3.4,0.8,17.0,2.1,0,1,0,1,0,0.10,0.00,0.10,0.36,,,,,,,[],,297,29,292,37,103,21,254,29,0.56,0.0,0.0,0.56,2.02,11.25,344,60,309,35,320,34,432,62,0.0,0.0,5.62,Bournemouth,BOU
True,True,,,230650,0,0,0,0,0.0,0,"[{'offset': 0, 'projected_percent': '0.0', 'likelihood': 0}, {'offset': 1, 'projected_percent': '0.0', 'likelihood': 0}, {'offset': 2, 'projected_percent': '0.0', 'likelihood': 0}]",2026-09-09T14:56:25.380082Z,False,0,1,0.0,0.0,0,Michele,0.0,615,False,,,4.5,230650.jpg,0.0,False,Di Gregorio,0.0,False,,a,3,91,0,1905,260,642,160,0.0,0.0,Di Gregorio,,106.0,2026-08-25,1997-07-27,False,p230650,0,0,0,0,0,0,0,0,0,0,0,0,0,0.0,0.0,0.0,0.0,0,0,0,0,0,0.00,0.00,0.00,0.00,,,,,,,[],,421,57,417,38,353,37,431,57,0.0,0.0,0.0,0.0,0.0,0.0,471,36,463,57,463,57,537,60,0.0,0.0,0.0,Bournemouth,BOU
True,True,,,200720,0,0,0,0,38.6,-183,"[{'offset': 0, 'projected_percent': '38.2', 'likelihood': 2}, {'offset': 1, 'projected_percent': '35.8', 'likelihood': 2}, {'offset': 2, 'projected_percent': '33.4', 'likelihood': 2}]",,False,0,1,3.7,3.7,2,Caoimhín,3.7,82,False,,,5.0,200720.jpg,3.7,False,Kelleher,6.9,False,,a,4,94,11,197833,9696,93033,14164,0.7,2.2,Kelleher,,104.0,2025-06-03,1998-11-23,False,p200720,270,0,0,1,2,0,0,0,0,0,7,0,51,40.8,0.0,0.0,4.0,4,15,0,0,3,0.00,0.01,0.01,3.74,,,,,,,[],,87,11,532,60,488,60,191,12,0.0,2.33,0.0,0.0,1.25,0.67,263,10,86,5,94,5,61,9,1.0,0.33,0.0,Brentford,BRE
True,True,,,507433,0,0,0,0,-29.5,0,"[{'offset': 0, 'projected_percent': '-29.5', 'likelihood': -2}, {'offset': 1, 'projected_percent': '-29.5', 'likelihood': -2}, {'offset': 2, 'projected_percent': '-29.5', 'likelihood': -2}]",,False,0,1,0.0,0.0,0,Hákon Rafn,0.0,83,False,,,4.5,507433.jpg,0.0,False,Valdimarsson,0.1,False,,a,4,94,0,1778,161,2564,267,0.0,0.0,Valdimarsson,,99.0,2024-01-26,2001-10-13,False,p507433,0,0,0,0,0,0,0,0,0,0,0,0,0,0.0,0.0,0.0,0.0,0,0,0,0,0,0.00,0.00,0.00,0.00,,,,,,,[],,445,60,447,46,389,45,455,60,0.0,0.0,0.0,0.0,0.0,0.0,517,44,486,60,486,60,417,48,0.0,0.0,0.0,Brentford,BRE
True,True,25.0,,432830,0,0,0,0,6.1,-1321,"[{'offset': 0, 'projected_percent': '3.1', 'likelihood': 1}, {'offset': 1, 'projected_percent': '-40.6', 'likelihood': -3}, {'offset': 2, 'projected_percent': '-89.9', 'likelihood': -3}]",,False,0,2,0.8,3.3,1,Nathan,3.3,84,False,Calf injury - 25% chance of playing,2026-09-05T18:00:06.182495Z,5.5,432830.jpg,3.3,False,Collins,2.0,False,,d,4,94,10,58380,1116,48631,18674,0.6,1.8,Collins,,104.0,2023-07-04,2001-04-30,False,p432830,196,0,0,1,1,0,0,0,1,0,0,0,39,39.6,22.4,51.0,11.3,15,11,2,17,3,0.51,0.05,0.56,2.13,,,,,,,[],https://www.brentfordfc.com/en/news/article/first-team-nathan-collins-injury-update-brentford-v-sunderland-premier-league?utm_source=chatgpt.com,93,42,115,35,32,2,52,10,0.23,0.0,0.02,0.25,0.98,0.46,153,18,104,39,115,45,127,52,1.38,0.46,7.81,Brentford,BRE
True,True,0.0,0.0,444765,0,0,-1,1,-15.2,-12,"[{'offset': 0, 'projected_percent': '-16.5', 'likelihood': -1}, {'offset': 1, 'projected_percent': '-24.1', 'likelihood': -2}, {'offset': 2, 'projected_percent': '-31.7', 'likelihood': -2}]",,False,0,2,0.0,0.0,0,Sepp,0.0,85,False,Groin injury - Unknown return date,2026-08-15T15:30:06.416627Z,4.9,444765.jpg,0.0,False,van den Berg,0.1,False,,i,4,94,0,287,21,7034,448,0.0,0.0,Van den Berg,,152.0,2024-08-22,2001-12-20,False,p444765,0,0,0,0,0,0,0,0,0,0,0,0,0,0.0,0.0,0.0,0.0,0,0,0,0,0,0.00,0.00,0.00,0.00,,,,,,,[],https://www.brentfordfc.com/en/news/article/first-team-brentford-v-tottenham-hotspur-premier-league-team-news-mamadou-sangar%C3%A9,506,195,507,195,455,187,516,195,0.0,0.0,0.0,0.0,0.0,0.0,399,72,541,199,541,199,460,163,0.0,0.0,0.0,Brentford,BRE
True,True,,,249231,0,0,0,0,50.9,-115,"[{'offset': 0, 'projected_percent': '50.6', 'likelihood': 3}, {'offset': 1, 'projected_percent': '49.1', 'likelihood': 3}, {'offset': 2, 'projected_percent': '47.6', 'likelihood': 3}]",,False,0,3,6.0,6.0,2,Keane,6.0,86,False,,,5.5,249231.jpg,6.0,False,Lewis-Potter,2.2,False,,a,4,94,18,163409,9658,41244,8201,1.1,3.3,Lewis-Potter,,241.0,2022-07-12,2001-02-22,False,p249231,267,1,1,1,2,0,0,0,0,0,0,3,70,85.6,47.5,21.0,15.4,11,12,4,27,3,1.03,0.65,1.68,3.74,,,1.0,,,,[],,5,4,34,28,86,47,24,18,0.35,0.0,0.22,0.57,1.26,0.67,150,91,34,15,38,17,119,37,1.01,0.34,9.1,Brentford,BRE
True,True,,,191866,0,0,0,0,58.7,-223,"[{'offset': 0, 'projected_percent': '58.1', 'likelihood': 3}, {'offset': 1, 'projected_percent': '55.2', 'likelihood': 3}, {'offset': 2, 'projected_percent': '52.2', 'likelihood': 3}]",,False,0,2,4.3,4.3,2,Kristoffer,4.3,87,False,,,4.5,191866.jpg,4.3,False,Ajer,5.1,False,,a,4,94,13,260155,15724,95718,19886,1.0,2.9,Ajer,,161.0,2021-07-21,1998-04-17,False,p191866,270,0,0,1,2,0,0,0,1,0,0,0,44,57.8,21.9,37.0,11.7,30,7,2,32,3,0.11,0.03,0.14,3.74,,,,,,,[],,35,11,117,36,49,8,46,8,0.04,0.0,0.01,0.05,1.25,0.67,455,97,60,24,66,27,73,31,1.0,0.33,10.67,Brentford,BRE
True,True,,,607464,0,0,1,-1,38.2,-858,"[{'offset': 0, 'projected_percent': '36.2', 'likelihood': 2}, {'offset': 1, 'projected_percent': '24.9', 'likelihood': 2}, {'offset': 2, 'projected_percent': '13.6', 'likelihood': 1}]",,False,1,2,5.3,5.3,1,Michael,5.3,88,False,,,4.6,607464.jpg,5.3,False,Kayode,9.4,False,,a,4,94,16,528142,15826,132300,31530,1.2,3.5,Kayode,,106.0,2025-07-01,2004-07-10,False,p607464,207,1,0,1,1,0,0,0,0,0,0,1,47,48.2,17.5,54.0,11.9,12,11,1,13,3,0.55,0.21,0.76,2.28,,,,,,,[],,63,25,134,39,29,1,45,7,0.24,0.0,0.09,0.33,0.99,0.43,423,80,41,18,46,20,44,17,1.3,0.43,5.65,Brentford,BRE
True,True,,,194010,0,0,0,0,-62.8,-13,"[{'offset': 0, 'projected_percent': '-64.3', 'likelihood': -3}, {'offset': 1, 'projected_percent': '-72.6', 'likelihood': -3}, {'offset': 2, 'projected_percent': '-80.9', 'likelihood': -3}]",,False,0,2,0.3,0.3,0,Rico,0.3,89,False,,,4.5,194010.jpg,1.0,False,Henry,0.2,False,,a,4,94,1,1209,104,4908,560,0.1,0.2,Henry,,107.0,2016-08-31,1997-07-08,False,p194010,2,0,0,0,0,0,0,0,0,0,0,0,3,0.0,0.0,0.0,0.0,0,0,0,0,0,0.00,0.00,0.00,0.00,,,,,,,[],,415,165,410,164,345,147,425,165,0.0,0.0,0.0,0.0,0.0,0.0,456,98,343,124,279,106,332,122,0.0,0.0,0.0,Brentford,BRE
True,True,,,472713,0,0,0,0,0.0,-2,"[{'offset': 0, 'projected_percent': '0.0', 'likelihood': 0}, {'offset': 1, 'projected_percent': '-2.9', 'likelihood': -1}, {'offset': 2, 'projected_percent': '-6.0', 'likelihood': -1}]",,False,0,2,1.0,1.0,1,Aaron,1.0,90,False,,,4.5,472713.jpg,1.0,False,Hickey,0.1,False,,a,4,94,3,1375,99,1621,189,0.2,0.7,Hickey,,243.0,2022-07-09,2002-06-10,False,p472713,61,0,0,0,1,0,0,0,0,0,0,0,8,4.0,4.4,0.0,0.8,4,4,2,6,0,0.00,0.02,0.02,1.46,,,,,,,[],,286,106,214,68,375,165,300,109,0.0,0.0,0.03,0.03,2.15,1.48,500,129,253,95,287,113,465,164,0.0,0.0,8.85,Brentford,BRE
True,True,,,570241,0,0,0,0,-52.2,-2,"[{'offset': 0, 'projected_percent': '-54.8', 'likelihood': -3}, {'offset': 1, 'projected_percent': '-69.9', 'likelihood': -3}, {'offset': 2, 'projected_percent': '-85.0', 'likelihood': -3}]",,False,0,2,0.0,0.0,0,Kim,0.0,92,False,,,4.5,570241.jpg,0.0,False,Ji-soo,0.0,False,,a,4,94,0,294,31,557,75,0.0,0.0,Ji-soo,Kim Ji-Soo,114.0,2023-07-20,2004-12-24,False,p570241,0,0,0,0,0,0,0,0,0,0,0,0,0,0.0,0.0,0.0,0.0,0,0,0,0,0,0.00,0.00,0.00,0.00,,,,,,,[],,464,184,465,185,408,174,474,184,0.0,0.0,0.0,0.0,0.0,0.0,537,142,503,190,503,190,573,196,0.0,0.0,0.0,Brentford,BRE
True,True,,,513086,0,0,0,0,-66.4,-7,"[{'offset': 0, 'projected_percent': '-67.5', 'likelihood': -3}, {'offset': 1, 'projected_percent': '-74.0', 'likelihood': -3}, {'offset': 2, 'projected_percent': '-80.5', 'likelihood': -3}]",,False,0,2,1.3,1.3,4,Jannik,1.3,93,False,,,4.5,513086.jpg,4.0,False,Schuster,0.1,False,,a,4,94,4,368,60,2867,189,0.3,0.9,Schuster,,14.0,2026-06-15,2006-05-16,False,p513086,73,0,0,0,1,0,0,0,0,0,0,0,11,0.0,0.0,0.0,0.0,10,0,0,10,0,0.10,0.01,0.11,1.61,,,,,,,[],,447,180,449,181,391,170,457,180,0.12,0.0,0.01,0.13,1.98,1.23,519,137,220,82,79,32,375,140,0.0,0.0,12.33,Brentford,BRE
True,True,,,513418,0,0,0,0,41.3,-434,"[{'offset': 0, 'projected_percent': '40.3', 'likelihood': 3}, {'offset': 1, 'projected_percent': '34.5', 'likelihood': 2}, {'offset': 2, 'projected_percent': '28.8', 'likelihood': 2}]",,False,0,3,5.0,5.0,2,Kevin,5.0,94,False,,,6.0,513418.jpg,5.0,False,Schade,4.1,False,,a,4,94,15,175067,9781,93226,19931,0.8,2.5,Schade,,80.0,2023-07-01,2001-11-27,False,p513418,267,1,0,1,2,0,0,0,0,0,0,3,62,60.0,22.9,93.0,17.6,4,14,5,23,3,0.77,0.20,0.97,3.74,,,,,2.0,,[],,30,15,111,67,4,1,15,11,0.26,0.0,0.07,0.33,1.26,0.67,78,53,51,24,56,25,85,28,1.01,0.34,7.75,Brentford,BRE
True,True,,,533463,-1,1,-1,1,-14.7,-269,"[{'offset': 0, 'projected_percent': '-19.5', 'likelihood': -1}, {'offset': 1, 'projected_percent': '-47.3', 'likelihood': -3}, {'offset': 2, 'projected_percent': '-75.1', 'likelihood': -3}]",,False,0,3,1.7,1.7,1,Dango,1.7,95,False,,,6.4,533463.jpg,1.7,False,Ouattara,0.8,False,,a,4,94,5,12375,420,46899,6366,0.3,0.8,O.Dango,,35.0,2025-08-16,2002-02-11,False,p533463,140,0,0,1,1,0,0,0,0,0,0,0,28,16.4,46.3,17.0,8.0,8,14,2,24,2,0.07,0.38,0.45,2.18,4.0,,,,,,[],,201,80,38,31,106,55,100,52,0.04,0.0,0.24,0.28,1.4,0.64,52,36,215,98,239,106,218,71,1.29,0.64,15.43,Brentford,BRE
True,True,,,440089,0,0,0,0,-65.5,46,"[{'offset': 0, 'projected_percent': '-63.2', 'likelihood': -3}, {'offset': 1, 'projected_percent': '-50.1', 'likelihood': -3}, {'offset': 2, 'projected_percent': '-37.0', 'likelihood': -2}]",,False,0,3,4.0,4.0,8,Mikkel,4.0,96,False,,,5.5,440089.jpg,4.0,False,Damsgaard,0.5,False,,a,4,94,12,7646,1395,16229,1018,0.7,2.2,Damsgaard,,58.0,2022-08-10,2000-07-03,False,p440089,167,0,1,1,1,0,0,0,0,0,0,3,56,24.2,58.7,25.0,10.8,3,11,3,17,2,0.03,0.45,0.48,1.86,2.0,,3.0,,,,[],,159,58,20,18,77,43,59,39,0.02,0.0,0.24,0.26,1.0,0.54,156,94,78,36,83,37,256,85,1.08,0.54,9.16,Brentford,BRE
True,True,0.0,0.0,207283,0,0,0,0,-57.7,-42,"[{'offset': 0, 'projected_percent': '-60.2', 'likelihood': -3}, {'offset': 1, 'projected_percent': '-74.3', 'likelihood': -3}, {'offset': 2, 'projected_percent': '-88.5', 'likelihood': -3}]",,False,0,3,0.0,0.0,0,Mathias,2.0,97,False,Unspecified injury - Expected back 18 Sep,2026-08-30T12:30:08.176795Z,5.5,207283.jpg,6.0,False,Jensen,0.1,False,,i,4,94,6,4440,13,9656,1410,0.4,1.1,Jensen,,58.0,2019-07-10,1996-01-01,False,p207283,66,0,1,1,0,0,0,0,0,0,0,0,22,12.6,46.2,13.0,7.2,0,3,2,5,1,0.08,0.34,0.42,0.47,1.0,,2.0,,3.0,,[],https://www.brentfordfc.com/en/news/article/first-team-brentford-v-sunderland-premier-league-team-news-mathias-jensen,221,90,39,32,125,63,118,60,0.11,0.0,0.46,0.57,0.64,0.0,142,86,190,88,37,16,371,135,1.36,1.36,6.82,Brentford,BRE
True,True,,,204580,0,0,0,0,29.9,1442,"[{'offset': 0, 'projected_percent': '33.3', 'likelihood': 2}, {'offset': 1, 'projected_percent': '52.3', 'likelihood': 3}, {'offset': 2, 'projected_percent': '71.4', 'likelihood': 3}]",,False,1,3,7.0,7.0,11,Vitaly,7.0,98,False,,,5.0,204580.jpg,7.0,False,Janelt,1.1,False,,a,4,94,21,98014,34650,23321,5446,1.4,4.2,Janelt,,80.0,2020-10-03,1998-05-10,False,p204580,270,2,0,1,2,0,0,0,3,0,0,3,76,69.6,74.2,28.0,17.2,14,10,11,35,3,0.50,0.32,0.82,3.74,3.0,,,,,,[],,18,11,10,10,66,40,16,12,0.17,0.0,0.11,0.28,1.25,0.67,266,165,19,7,20,8,189,60,1.0,0.33,11.67,Brentford,BRE
True,True,0.0,0.0,543295,0,0,0,0,-28.2,-2,"[{'offset': 0, 'projected_percent': '-39.1', 'likelihood': -2}, {'offset': 1, 'projected_percent': '-102.3', 'likelihood': -5}, {'offset': 2, 'projected_percent': '-165.5', 'likelihood': -5}]",,False,0,3,0.0,0.0,0,Antoni,0.0,99,False,Knee injury - Unknown return date,2026-07-23T12:01:23.384798Z,5.0,543295.jpg,0.0,False,Milambo,0.0,False,,i,4,94,0,71,9,100,13,0.0,0.0,Milambo,,152.0,2025-07-03,2005-04-03,False,p543295,0,0,0,0,0,0,0,0,0,0,0,0,0,0.0,0.0,0.0,0.0,0,0,0,0,0,0.00,0.00,0.00,0.00,,,,,,,[],https://www.brentfordfc.com/en/news/video/first-team-fabio-carvalho-brentford-injury-return-keith-andrews?utm_source=chatgpt.com,567,235,575,242,541,215,575,238,0.0,0.0,0.0,0.0,0.0,0.0,350,211,594,250,594,250,647,286,0.0,0.0,0.0,Brentford,BRE
True,True,100.0,100.0,244858,0,0,0,0,0.1,-4,"[{'offset': 0, 'projected_percent': '0.1', 'likelihood': 1}, {'offset': 1, 'projected_percent': '0.0', 'likelihood': 0}, {'offset': 2, 'projected_percent': '-14.4', 'likelihood': -1}]",,False,0,3,0.0,0.0,0,Fábio,0.0,100,False,,2026-08-18T13:58:17.442072Z,5.0,244858.jpg,0.0,False,Freitas Gouveia Carvalho,0.0,False,,a,4,94,0,843,145,714,110,0.0,0.0,Carvalho,Fábio Carvalho,173.0,2024-08-12,2002-08-30,False,p244858,0,0,0,0,0,0,0,0,0,0,0,0,0,0.0,0.0,0.0,0.0,0,0,0,0,0,0.00,0.00,0.00,0.00,,,,,,,[],,541,218,544,225,502,193,549,221,0.0,0.0,0.0,0.0,0.0,0.0,291,176,570,235,570,235,564,232,0.0,0.0,0.0,Brentford,BRE
True,True,,,508395,0,0,-1,1,-20.9,-178,"[{'offset': 0, 'projected_percent': '-25.8', 'likelihood': -2}, {'offset': 1, 'projected_percent': '-54.1', 'likelihood': -3}, {'offset': 2, 'projected_percent': '-82.4', 'likelihood': -3}]",,False,0,3,0.7,0.7,0,Yehor,0.7,102,False,,,4.9,508395.jpg,0.7,False,Yarmoliuk,0.9,False,,a,4,94,2,2120,299,36621,4136,0.1,0.4,Yarmoliuk,,225.0,2022-10-28,2004-03-01,False,p508395,89,0,0,0,2,0,0,0,1,0,0,0,12,5.2,13.3,7.0,2.6,2,6,3,11,0,0.07,0.03,0.10,2.78,,,,,,,[],,268,120,159,96,168,81,228,101,0.07,0.0,0.03,0.1,2.81,2.02,407,246,299,134,375,176,206,65,0.0,0.0,11.12,Brentford,BRE
True,True,0.0,0.0,183656,0,0,0,0,-63.1,-4,"[{'offset': 0, 'projected_percent': '-64.8', 'likelihood': -3}, {'offset': 1, 'projected_percent': '-74.9', 'likelihood': -3}, {'offset': 2, 'projected_percent': '-84.9', 'likelihood': -3}]",,False,0,3,0.0,0.0,0,Josh,0.0,103,False,Hamstring injury - Expected back 10 Oct,2026-09-04T13:30:08.371955Z,5.0,183656.jpg,0.0,False,Dasilva,0.0,False,,i,4,94,0,355,11,1142,240,0.0,0.0,Dasilva,,241.0,2025-10-23,1998-10-23,False,p183656,0,0,0,0,0,0,0,0,0,0,0,0,0,0.0,0.0,0.0,0.0,0,0,0,0,0,0.00,0.00,0.00,0.00,,,,,,,[],https://www.brentfordfc.com/en/news/article/first-team-brentford-v-sunderland-premier-league-team-news-mathias-jensen,528,212,531,220,487,186,537,216,0.0,0.0,0.0,0.0,0.0,0.0,260,160,559,230,559,230,569,235,0.0,0.0,0.0,Brentford,BRE
True,True,,,444180,0,0,0,0,-59.7,-22,"[{'offset': 0, 'projected_percent': '-63.2', 'likelihood': -3}, {'offset': 1, 'projected_percent': '-83.4', 'likelihood': -3}, {'offset': 2, 'projected_percent': '-103.6', 'likelihood': -5}]",,False,0,3,1.3,1.3,1,Jaidon,1.3,105,False,,,6.0,444180.jpg,1.3,False,Anthony,0.2,False,,a,4,94,4,3811,209,6469,727,0.2,0.7,Anthony,,241.0,2026-07-07,1999-12-01,False,p444180,128,0,0,1,1,0,0,0,1,0,0,0,16,13.8,60.8,16.0,9.1,0,11,2,13,1,0.19,0.42,0.61,1.55,,,,,,,[],,214,86,19,17,109,58,78,44,0.13,0.0,0.3,0.43,1.09,0.7,73,49,237,107,260,117,367,134,0.7,0.7,9.14,Brentford,BRE
True,True,,,502500,0,0,0,0,-109.6,-4096,"[{'offset': 0, 'projected_percent': '-117.3', 'likelihood': -5}, {'offset': 1, 'projected_percent': '-161.5', 'likelihood': -5}, {'offset': 2, 'projected_percent': '-205.7', 'likelihood': -5}]",,False,0,4,1.3,1.3,2,Igor Thiago,1.3,106,False,,,8.0,502500.jpg,1.3,False,Nascimento Rodrigues,12.7,False,,a,4,94,4,170275,6445,548912,94957,0.2,0.5,Thiago,Igor Thiago,30.0,2024-07-01,2001-06-26,False,p502500,262,0,0,1,2,0,0,1,0,0,0,0,8,4.6,10.2,63.0,7.8,4,9,2,15,3,2.30,0.10,2.40,3.67,,,,,1.0,,[],,279,26,186,23,19,9,105,15,0.79,0.0,0.03,0.82,1.26,0.69,9,3,243,28,262,32,32,6,1.03,0.34,5.15,Brentford,BRE
True,True,,,593174,0,0,0,0,7.3,89,"[{'offset': 0, 'projected_percent': '7.5', 'likelihood': 1}, {'offset': 1, 'projected_percent': '8.7', 'likelihood': 1}, {'offset': 2, 'projected_percent': '9.9', 'likelihood': 1}]",,False,0,4,0.0,0.0,0,Kaye,0.0,107,False,,,4.5,593174.jpg,0.0,False,Furo,1.1,False,,a,4,94,0,41995,6524,25973,3745,0.0,0.0,Furo,,21.0,2026-01-11,2007-02-06,False,p593174,0,0,0,0,0,0,0,0,0,0,0,0,0,0.0,0.0,0.0,0.0,0,0,0,0,0,0.00,0.00,0.00,0.00,,,,,,,[],,471,44,472,49,416,46,481,49,0.0,0.0,0.0,0.0,0.0,0.0,547,74,510,55,510,55,183,29,0.0,0.0,0.0,Brentford,BRE
True,True,,,75115,0,0,0,0,-16.2,-22,"[{'offset': 0, 'projected_percent': '-17.6', 'likelihood': -1}, {'offset': 1, 'projected_percent': '-25.9', 'likelihood': -2}, {'offset': 2, 'projected_percent': '-34.3', 'likelihood': -2}]",,False,0,4,1.0,1.0,1,Callum,1.0,108,False,,,5.5,75115.jpg,1.0,False,Wilson,0.4,False,,a,4,94,3,10889,978,13822,1730,0.2,0.5,Wilson,,241.0,2026-07-09,1992-02-27,False,p75115,13,0,0,0,0,0,0,0,0,0,0,0,9,2.2,10.4,12.0,2.5,1,1,0,2,0,0.07,0.04,0.11,0.15,,,,,,,[],,308,33,185,22,131,24,234,25,0.48,0.0,0.28,0.76,1.04,0.0,122,31,268,30,341,37,277,48,0.0,0.0,13.85,Brentford,BRE
True,True,,,513545,0,0,2,-2,15.2,-2823,"[{'offset': 0, 'projected_percent': '8.7', 'likelihood': 1}, {'offset': 1, 'projected_percent': '-28.6', 'likelihood': -2}, {'offset': 2, 'projected_percent': '-65.9', 'likelihood': -3}]",,False,1,3,6.0,6.0,0,Mamadou,6.0,565,False,,,5.7,513545.jpg,6.0,False,Sangaré,14.8,False,,a,4,94,18,1130462,47232,229768,76356,1.1,3.2,M.Sangaré,,132.0,2026-08-01,2002-06-26,False,p513545,210,0,2,1,1,0,0,0,1,0,0,3,57,56.0,47.1,32.0,13.5,10,15,7,32,3,0.41,0.37,0.78,2.28,,,,,,,[],,41,19,36,29,59,34,33,26,0.18,0.0,0.16,0.34,0.98,0.43,118,77,35,16,40,18,28,10,1.29,0.43,13.71,Brentford,BRE
True,True,,,613804,0,0,0,0,0.0,0,"[{'offset': 0, 'projected_percent': '0.0', 'likelihood': 0}, {'offset': 1, 'projected_percent': '0.0', 'likelihood': 0}, {'offset': 2, 'projected_percent': '0.0', 'likelihood': 0}]",2026-09-10T14:57:43.968027Z,False,0,2,0.0,0.0,0,El Hadji Malick,0.0,620,False,,,4.5,613804.jpg,0.0,False,Diouf,0.1,False,,a,4,94,0,10760,618,3742,723,0.0,0.0,Diouf,El Hadji Malick Diouf,189.0,2026-08-28,2004-12-29,False,p613804,0,0,0,0,0,0,0,0,0,0,0,0,0,0.0,0.0,0.0,0.0,0,0,0,0,0,0.00,0.00,0.00,0.00,,,,,,,[],,478,188,479,189,423,179,488,188,0.0,0.0,0.0,0.0,0.0,0.0,555,148,517,194,517,194,434,152,0.0,0.0,0.0,Brentford,BRE
True,True,,,489639,0,0,0,0,49.9,486,"[{'offset': 0, 'projected_percent': '51.0', 'likelihood': 3}, {'offset': 1, 'projected_percent': '57.5', 'likelihood': 3}, {'offset': 2, 'projected_percent': '63.9', 'likelihood': 3}]",,False,0,1,3.0,3.0,3,Bart,3.0,109,False,,,4.5,489639.jpg,3.0,False,Verbruggen,22.1,False,,a,5,36,9,403838,48134,242271,39893,0.7,2.0,Verbruggen,,152.0,2023-07-03,2002-08-18,False,p489639,270,0,0,1,5,0,0,0,0,0,4,0,41,16.8,0.0,0.0,1.7,0,23,0,0,3,0.00,0.20,0.20,5.71,,,,,,,[],,197,21,437,45,379,44,269,21,0.0,1.33,0.07,0.07,1.9,1.67,507,43,113,11,125,11,12,2,1.0,0.33,0.0,Brighton,BHA
True,True,,,49262,0,0,0,0,3.0,34,"[{'offset': 0, 'projected_percent': '3.1', 'likelihood': 1}, {'offset': 1, 'projected_percent': '3.6', 'likelihood': 1}, {'offset': 2, 'projected_percent': '4.0', 'likelihood': 1}]",,False,0,1,0.0,0.0,0,Jason,0.0,111,False,,,4.0,49262.jpg,0.0,False,Steele,4.3,False,,a,5,36,0,85522,12715,55128,6825,0.0,0.0,Steele,,241.0,2018-07-01,1990-08-18,False,p49262,0,0,0,0,0,0,0,0,0,0,0,0,0,0.0,0.0,0.0,0.0,0,0,0,0,0,0.00,0.00,0.00,0.00,,,,,,,[],,342,25,332,4,254,3,351,25,0.0,0.0,0.0,0.0,0.0,0.0,579,51,389,25,389,25,84,13,0.0,0.0,0.0,Brighton,BHA
True,True,100.0,100.0,231416,0,0,-1,1,-12.1,-114,"[{'offset': 0, 'projected_percent': '-13.5', 'likelihood': -1}, {'offset': 1, 'projected_percent': '-21.7', 'likelihood': -2}, {'offset': 2, 'projected_percent': '-29.9', 'likelihood': -2}]",,False,0,2,0.7,0.7,2,Ferdi,0.7,113,False,,2026-08-23T13:00:07.595211Z,4.4,231416.jpg,1.0,False,Kadıoğlu,1.9,False,,a,5,36,2,17081,1777,90348,6311,0.2,0.5,F.Kadıoğlu,,219.0,2024-08-27,1999-10-07,False,p231416,167,0,0,0,5,0,0,0,0,0,0,0,4,2.8,16.7,8.0,2.8,4,4,1,5,2,0.08,0.02,0.10,5.33,3.0,,,,,,[],,302,114,138,42,158,53,222,86,0.04,0.0,0.01,0.05,2.87,2.69,572,155,287,102,272,101,130,54,1.08,0.0,2.69,Brighton,BHA
True,True,,,204120,0,0,0,0,2.2,0,"[{'offset': 0, 'projected_percent': '2.2', 'likelihood': 1}, {'offset': 1, 'projected_percent': '2.2', 'likelihood': 1}, {'offset': 2, 'projected_percent': '2.2', 'likelihood': 1}]",,False,0,2,2.3,2.3,2,Olivier,2.3,114,False,,,4.5,204120.jpg,2.3,False,Boscagli,0.3,False,,a,5,36,7,10971,575,6240,686,0.5,1.6,Boscagli,,73.0,2025-07-02,1997-11-18,False,p204120,270,0,0,1,5,0,0,0,1,0,0,0,44,32.0,33.9,17.0,8.3,12,10,1,13,3,0.05,0.48,0.53,5.71,,,,,,,[],,130,58,68,16,99,28,91,29,0.02,0.0,0.16,0.18,1.9,1.67,459,100,151,61,169,67,304,111,1.0,0.33,4.33,Brighton,BHA
True,True,,,465730,0,0,2,-2,76.6,3739,"[{'offset': 0, 'projected_percent': '85.2', 'likelihood': 3}, {'offset': 1, 'projected_percent': '134.6', 'likelihood': 5}, {'offset': 2, 'projected_percent': '184.1', 'likelihood': 5}]",,False,1,2,7.0,7.0,4,Maxim,7.0,115,False,,,4.7,465730.jpg,7.0,False,De Cuyper,18.4,False,,a,5,36,21,1503124,136285,157105,26137,1.5,4.5,De Cuyper,,21.0,2025-07-05,2000-12-22,False,p465730,243,1,2,1,5,0,0,0,1,0,0,2,61,49.4,69.0,48.0,16.7,4,10,4,8,3,1.50,0.40,1.90,5.62,2.0,,4.0,,,,[],,60,23,14,1,35,4,19,1,0.56,0.0,0.15,0.71,2.08,1.85,421,79,18,9,19,9,19,5,1.11,0.37,2.96,Brighton,BHA
True,True,,,83299,0,0,0,0,8.2,104,"[{'offset': 0, 'projected_percent': '8.5', 'likelihood': 1}, {'offset': 1, 'projected_percent': '9.9', 'likelihood': 1}, {'offset': 2, 'projected_percent': '11.2', 'likelihood': 1}]",,False,0,2,3.3,3.3,5,Lewis,3.3,116,False,,,4.5,83299.jpg,3.3,False,Dunk,1.3,False,,a,5,36,10,37685,4016,21095,2027,0.7,2.2,Dunk,,241.0,2009-07-01,1991-11-21,False,p83299,270,0,0,1,5,0,0,0,1,0,0,1,40,28.2,8.4,0.0,3.7,15,11,2,17,3,0.00,0.06,0.06,5.71,,,3.0,,,,[],,139,62,193,61,327,140,202,78,0.0,0.0,0.02,0.02,1.9,1.67,429,82,95,35,106,41,159,64,1.0,0.33,5.67,Brighton,BHA
True,True,,,550090,0,0,0,0,-12.3,-1,"[{'offset': 0, 'projected_percent': '-13.1', 'likelihood': -1}, {'offset': 1, 'projected_percent': '-17.9', 'likelihood': -1}, {'offset': 2, 'projected_percent': '-22.7', 'likelihood': -2}]",,False,0,2,0.0,0.0,0,Diego,0.0,117,False,,,4.5,550090.jpg,0.0,False,Coppola,0.0,False,,a,5,36,0,495,43,596,76,0.0,0.0,Coppola,,,,,False,p550090,0,0,0,0,0,0,0,0,0,0,0,0,0,0.0,0.0,0.0,0.0,0,0,0,0,0,0.00,0.00,0.00,0.00,,,,,,,[],,457,183,459,184,401,173,467,183,0.0,0.0,0.0,0.0,0.0,0.0,529,140,497,189,497,189,572,195,0.0,0.0,0.0,Brighton,BHA
True,False,0.0,0.0,223434,0,0,0,0,0.0,-33,"[{'offset': 0, 'projected_percent': '0.0', 'likelihood': 0}, {'offset': 1, 'projected_percent': '0.0', 'likelihood': 0}, {'offset': 2, 'projected_percent': '0.0', 'likelihood': 0}]",,False,0,2,0.0,0.0,0,Igor Julio,0.0,118,False,Has joined Burnley permanently,2026-09-02T15:38:15.529699Z,4.5,223434.jpg,0.0,False,dos Santos de Paulo,0.1,False,,u,5,36,0,915,0,3584,814,0.0,0.0,Igor,Igor Julio,30.0,2023-07-26,1998-02-07,False,p223434,0,0,0,0,0,0,0,0,0,0,0,0,0,0.0,0.0,0.0,0.0,0,0,0,0,0,0.00,0.00,0.00,0.00,,,,,,,[],,420,167,416,167,352,151,430,167,0.0,0.0,0.0,0.0,0.0,0.0,466,105,462,175,462,175,482,170,0.0,0.0,0.0,Brighton,BHA
True,True,,,451490,0,0,0,0,0.0,0,"[{'offset': 0, 'projected_percent': '0.0', 'likelihood': 0}, {'offset': 1, 'projected_percent': '0.0', 'likelihood': 0}, {'offset': 2, 'projected_percent': '0.0', 'likelihood': 0}]",,False,0,2,0.7,0.7,1,João Pedro,0.7,119,False,,,4.5,451490.jpg,0.7,False,Loureiro da Costa,0.0,False,,a,5,36,2,743,58,767,69,0.2,0.4,Costinha,Costinha,173.0,2026-06-15,2000-03-26,False,p451490,48,0,0,0,0,0,0,0,1,0,0,0,13,8.2,2.2,18.0,2.8,4,0,1,5,0,0.12,0.16,0.28,0.24,,,,,,,[],,244,98,239,79,95,26,224,87,0.22,0.0,0.3,0.52,0.45,0.0,493,126,294,108,374,131,523,181,0.0,0.0,9.38,Brighton,BHA
True,True,,,454490,0,0,0,0,0.1,1,"[{'offset': 0, 'projected_percent': '0.1', 'likelihood': 1}, {'offset': 1, 'projected_percent': '0.1', 'likelihood': 1}, {'offset': 2, 'projected_percent': '0.1', 'likelihood': 1}]",,False,0,2,0.0,0.0,0,Michael,0.0,120,False,,,5.0,454490.jpg,0.0,False,Svoboda,0.1,False,,a,5,36,0,1850,219,1929,258,0.0,0.0,Svoboda,,14.0,2026-07-02,1998-10-15,False,p454490,0,0,0,0,0,0,0,0,0,0,0,0,0,0.0,0.0,0.0,0.0,0,0,0,0,0,0.00,0.00,0.00,0.00,,,,,,,[],,545,204,550,204,511,198,553,204,0.0,0.0,0.0,0.0,0.0,0.0,302,53,573,205,573,205,492,173,0.0,0.0,0.0,Brighton,BHA
True,True,0.0,0.0,451340,-1,1,-1,1,-4.0,-4,"[{'offset': 0, 'projected_percent': '-4.6', 'likelihood': -1}, {'offset': 1, 'projected_percent': '-8.1', 'likelihood': -1}, {'offset': 2, 'projected_percent': '-11.7', 'likelihood': -1}]",,False,0,3,0.0,0.0,0,Mitoma,0.0,121,False,Hamstring injury - Unknown return date,2026-07-24T18:30:10.661894Z,5.9,451340.jpg,0.0,False,Kaoru,0.0,False,,i,5,36,0,308,19,2357,169,0.0,0.0,Mitoma,,108.0,2021-08-09,1997-05-20,False,p451340,0,0,0,0,0,0,0,0,0,0,0,0,0,0.0,0.0,0.0,0.0,0,0,0,0,0,0.00,0.00,0.00,0.00,,,,,,,[],https://www.brightonandhovealbion.com/media-article/mft-match-preview-bha-leeds-united-pl-september-2026,629,274,629,274,623,269,630,274,0.0,0.0,0.0,0.0,0.0,0.0,101,65,635,276,635,276,529,217,0.0,0.0,0.0,Brighton,BHA
True,True,0.0,0.0,592031,0,0,-1,1,-32.2,-11,"[{'offset': 0, 'projected_percent': '-34.4', 'likelihood': -2}, {'offset': 1, 'projected_percent': '-47.2', 'likelihood': -3}, {'offset': 2, 'projected_percent': '-60.1', 'likelihood': -3}]",,False,0,3,0.0,0.0,0,Yankuba,0.0,122,False,Leg injury - Expected back 28 Nov,2026-08-14T18:00:06.418033Z,5.9,592031.jpg,0.0,False,Minteh,0.0,False,,i,5,36,0,243,16,5727,280,0.0,0.0,Minteh,,78.0,2024-07-01,2004-07-22,False,p592031,0,0,0,0,0,0,0,0,0,0,0,0,0,0.0,0.0,0.0,0.0,0,0,0,0,0,0.00,0.00,0.00,0.00,5.0,,,,,,[],https://www.brightonandhovealbion.com/media-article/fabian-hurzeler-reflects-on-albions-pre-season-win-over-as-roma?utm_source=premier-league-web&utm_medium=referral&utm_campaign=pl-referral-always-on&utm_term=content-card,631,276,631,276,626,272,632,276,0.0,0.0,0.0,0.0,0.0,0.0,111,71,637,278,637,278,508,208,0.0,0.0,0.0,Brighton,BHA
True,True,50.0,50.0,532529,0,0,0,0,-12.2,-628,"[{'offset': 0, 'projected_percent': '-19.1', 'likelihood': -1}, {'offset': 1, 'projected_percent': '-58.5', 'likelihood': -3}, {'offset': 2, 'projected_percent': '-97.9', 'likelihood': -4}]",,False,1,3,2.6,2.6,0,Jack,5.3,123,False,Unspecified injury - 50% chance of playing,2026-08-27T19:30:07.780933Z,6.0,532529.jpg,16.0,False,Hinshelwood,1.2,False,,d,5,36,16,146944,493,150235,13455,0.9,2.7,Hinshelwood,,241.0,2022-12-30,2005-04-11,False,p532529,63,2,0,1,0,0,0,0,0,0,0,3,54,72.8,13.4,59.0,14.5,0,1,2,3,1,1.41,0.02,1.43,0.19,,,,,,,[],https://www.brightonandhovealbion.com/media-article/match-preview-albion-head-to-chelsea-on-sunday,12,8,158,95,24,14,26,20,2.01,0.0,0.03,2.04,0.27,0.0,79,54,44,22,1,1,173,54,1.43,1.43,4.29,Brighton,BHA
True,True,,,60307,0,0,0,0,93.5,377,"[{'offset': 0, 'projected_percent': '94.3', 'likelihood': 3}, {'offset': 1, 'projected_percent': '99.3', 'likelihood': 4}, {'offset': 2, 'projected_percent': '104.3', 'likelihood': 5}]",,False,1,3,5.3,5.3,1,Pascal,5.3,124,False,,,5.5,60307.jpg,5.3,False,Groß,16.0,False,,a,5,36,16,542764,70270,254073,40996,1.0,2.9,Groß,,80.0,2026-01-02,1991-06-15,False,p60307,270,1,1,1,5,0,0,0,2,0,0,3,63,68.8,90.1,31.0,19.0,4,7,4,15,3,0.84,0.42,1.26,5.71,1.0,,1.0,,1.0,,[],,19,12,5,5,62,37,8,7,0.28,0.0,0.14,0.42,1.9,1.67,121,78,42,20,47,22,25,9,1.0,0.33,5.0,Brighton,BHA
True,True,75.0,75.0,463067,0,0,0,0,-58.2,-211,"[{'offset': 0, 'projected_percent': '-62.1', 'likelihood': -3}, {'offset': 1, 'projected_percent': '-84.9', 'likelihood': -3}, {'offset': 2, 'projected_percent': '-107.8', 'likelihood': -5}]",,False,0,4,1.3,1.3,0,Georginio,1.7,125,False,Unspecified injury - 75% chance of playing,2026-08-26T16:00:07.608056Z,5.5,463067.jpg,5.0,False,Rutter,0.7,False,,d,5,36,5,28794,361,46811,5328,0.3,0.9,Georginio,,73.0,2024-08-19,2002-04-20,False,p463067,90,0,1,1,0,0,0,0,0,0,0,0,22,19.8,11.4,15.0,4.6,1,4,2,7,1,0.08,0.44,0.52,0.29,,,,,,,[],https://www.brightonandhovealbion.com/media-article/mft-match-preview-bha-leeds-united-pl-september-2026,177,14,176,19,116,22,183,20,0.08,0.0,0.44,0.52,0.29,0.0,162,42,213,20,53,5,230,38,1.0,1.0,7.0,Brighton,BHA
True,True,,,219249,0,0,0,0,-68.7,-8,"[{'offset': 0, 'projected_percent': '-70.5', 'likelihood': -3}, {'offset': 1, 'projected_percent': '-80.8', 'likelihood': -3}, {'offset': 2, 'projected_percent': '-91.1', 'likelihood': -3}]",,False,0,3,0.0,0.0,0,Matt,0.0,126,False,,,5.5,219249.jpg,0.0,False,O'Riley,0.1,False,,a,5,36,0,1972,276,3726,425,0.0,0.0,O'Riley,,58.0,2024-08-26,2000-11-21,False,p219249,0,0,0,0,0,0,0,0,0,0,0,0,0,0.0,0.0,0.0,0.0,0,0,0,0,0,0.00,0.00,0.00,0.00,,,,,3.0,,[],,609,262,613,263,597,251,614,263,0.0,0.0,0.0,0.0,0.0,0.0,144,87,625,269,625,269,423,167,0.0,0.0,0.0,Brighton,BHA
True,True,,,514254,0,0,0,0,53.3,38,"[{'offset': 0, 'projected_percent': '53.4', 'likelihood': 3}, {'offset': 1, 'projected_percent': '53.9', 'likelihood': 3}, {'offset': 2, 'projected_percent': '54.4', 'likelihood': 3}]",,False,0,3,4.3,4.3,2,Diego,4.3,127,False,,,5.0,514254.jpg,4.3,False,Gómez Amarilla,4.9,False,,a,5,36,13,226054,24601,97586,20602,0.9,2.6,Gomez,Diego Gómez,168.0,2025-01-01,2003-03-27,False,p514254,265,0,2,1,5,0,0,0,0,0,0,0,55,37.6,45.4,83.0,16.6,5,7,8,20,3,0.65,0.70,1.35,5.71,,,5.0,,,,[],,106,39,41,33,6,3,20,15,0.22,0.0,0.24,0.46,1.94,1.7,338,201,62,30,68,31,76,24,1.02,0.34,6.79,Brighton,BHA
True,False,0.0,0.0,536916,0,0,0,0,0.0,0,"[{'offset': 0, 'projected_percent': '0.0', 'likelihood': 0}, {'offset': 1, 'projected_percent': '0.0', 'likelihood': 0}, {'offset': 2, 'projected_percent': '0.0', 'likelihood': 0}]",,False,0,3,0.0,0.0,0,Facundo,0.0,128,False,Has joined Elche on loan for the rest of the season,2026-08-10T14:03:07.561436Z,5.0,536916.jpg,0.0,False,Buonanotte,0.0,False,,u,5,36,0,0,0,285,18,0.0,0.0,Buonanotte,,10.0,2023-01-01,2004-12-23,False,p536916,0,0,0,0,0,0,0,0,0,0,0,0,0,0.0,0.0,0.0,0.0,0,0,0,0,0,0.00,0.00,0.00,0.00,,,,,,,[],,566,234,574,241,540,214,574,237,0.0,0.0,0.0,0.0,0.0,0.0,348,209,593,249,593,249,643,283,0.0,0.0,0.0,Brighton,BHA
True,True,100.0,75.0,509416,0,0,-1,1,-28.6,-24,"[{'offset': 0, 'projected_percent': '-30.0', 'likelihood': -2}, {'offset': 1, 'projected_percent': '-38.2', 'likelihood': -2}, {'offset': 2, 'projected_percent': '-46.4', 'likelihood': -3}]",,False,0,3,1.3,1.0,2,Yasin,1.3,129,False,,2026-08-30T18:00:07.935334Z,5.4,509416.jpg,2.0,False,Ayari,0.4,False,,a,5,36,4,5258,481,30988,2042,0.2,0.7,Ayari,,206.0,2023-01-30,2003-10-06,False,p509416,153,0,0,1,1,0,0,0,1,0,0,0,26,0.0,15.0,6.0,1.7,2,5,0,7,2,0.28,0.07,0.35,2.68,4.0,,2.0,,,,[],,598,256,147,88,190,94,274,122,0.16,0.0,0.04,0.2,1.58,0.59,227,142,229,103,212,94,272,91,1.18,0.59,4.12,Brighton,BHA
True,True,0.0,0.0,467779,0,0,0,0,1.0,-272,"[{'offset': 0, 'projected_percent': '0.4', 'likelihood': 1}, {'offset': 1, 'projected_percent': '-33.1', 'likelihood': -2}, {'offset': 2, 'projected_percent': '-70.2', 'likelihood': -3}]",,False,0,2,0.0,0.0,0,Mats,2.3,130,False,Knee injury - Unknown return date,2026-09-04T09:30:08.612904Z,5.0,467779.jpg,3.5,False,Wieffer,0.4,False,,i,5,36,7,25819,29,23280,7388,0.5,1.4,Wieffer,,152.0,2024-07-06,1999-11-16,False,p467779,156,0,0,1,4,0,0,0,0,0,0,1,38,37.0,35.5,10.0,8.3,11,9,4,15,2,0.12,0.13,0.25,3.18,,,,,,,[],https://www.brightonandhovealbion.com/media-article/mft-match-preview-bha-leeds-united-pl-september-2026,110,49,60,14,148,48,93,31,0.07,0.0,0.08,0.15,1.83,2.31,309,55,159,64,105,40,278,103,1.15,0.58,8.65,Brighton,BHA
True,False,0.0,0.0,597320,0,0,0,0,0.0,-8,"[{'offset': 0, 'projected_percent': '0.0', 'likelihood': 0}, {'offset': 1, 'projected_percent': '0.0', 'likelihood': 0}, {'offset': 2, 'projected_percent': '0.0', 'likelihood': 0}]",,False,0,3,0.0,0.0,0,Harry,0.0,132,False,Has joined Leicester City on loan for the rest of the season,2026-08-17T13:53:19.019938Z,4.5,597320.jpg,0.0,False,Howell,0.0,False,,u,5,36,0,0,0,2698,190,0.0,0.0,Howell,,,,,False,p597320,0,0,0,0,0,0,0,0,0,0,0,0,0,0.0,0.0,0.0,0.0,0,0,0,0,0,0.00,0.00,0.00,0.00,,,,,,,[],,474,179,475,188,419,146,484,184,0.0,0.0,0.0,0.0,0.0,0.0,550,281,513,201,513,201,517,212,0.0,0.0,0.0,Brighton,BHA
True,False,0.0,0.0,549074,0,0,0,0,0.0,0,"[{'offset': 0, 'projected_percent': '0.0', 'likelihood': 0}, {'offset': 1, 'projected_percent': '0.0', 'likelihood': 0}, {'offset': 2, 'projected_percent': '0.0', 'likelihood': 0}]",,False,0,3,0.0,0.0,0,Tom,0.0,133,False,Has joined Leicester City on loan for the rest of the season,2026-08-03T14:05:44.459483Z,5.0,549074.jpg,0.0,False,Watson,0.0,False,,u,5,36,0,0,0,109,7,0.0,0.0,Watson,,241.0,2025-06-01,2006-04-08,False,p549074,0,0,0,0,0,0,0,0,0,0,0,0,0,0.0,0.0,0.0,0.0,0,0,0,0,0,0.00,0.00,0.00,0.00,,,,,,,[],,569,237,577,244,544,218,577,240,0.0,0.0,0.0,0.0,0.0,0.0,353,214,596,252,596,252,650,288,0.0,0.0,0.0,Brighton,BHA
True,True,,,556637,0,0,0,0,-8.0,-12,"[{'offset': 0, 'projected_percent': '-9.0', 'likelihood': -1}, {'offset': 1, 'projected_percent': '-15.0', 'likelihood': -1}, {'offset': 2, 'projected_percent': '-21.0', 'likelihood': -2}]",,False,0,3,0.0,0.0,0,Nehemiah,0.0,134,False,,,4.5,556637.jpg,0.0,False,Oriola,0.3,False,,a,5,36,0,6048,728,7357,818,0.0,0.0,Oriola,,241.0,2025-10-17,2007-06-11,False,p556637,0,0,0,0,0,0,0,0,0,0,0,0,0,0.0,0.0,0.0,0.0,0,0,0,0,0,0.00,0.00,0.00,0.00,,,,,,,[],,460,173,462,182,404,140,470,178,0.0,0.0,0.0,0.0,0.0,0.0,533,274,500,195,500,195,308,107,0.0,0.0,0.0,Brighton,BHA
True,True,,,700308,-1,1,-1,1,-5.9,-9,"[{'offset': 0, 'projected_percent': '-8.1', 'likelihood': -1}, {'offset': 1, 'projected_percent': '-20.6', 'likelihood': -2}, {'offset': 2, 'projected_percent': '-33.2', 'likelihood': -2}]",,False,0,3,0.3,0.3,0,Zadok,0.3,135,False,,,4.9,700308.jpg,1.0,False,Yohanna,0.1,False,,a,5,36,1,1044,154,2768,310,0.1,0.2,Yohanna,,157.0,2026-06-15,2007-06-29,False,p700308,12,0,0,0,0,0,0,0,0,0,0,0,3,0.2,1.3,0.0,0.2,0,0,0,0,0,0.00,0.03,0.03,0.00,,,,,,,[],,335,154,273,140,469,176,334,154,0.0,0.0,0.22,0.22,0.0,0.0,420,256,355,162,304,129,485,193,0.0,0.0,0.0,Brighton,BHA
True,True,0.0,0.0,608181,0,0,0,0,-75.8,1,"[{'offset': 0, 'projected_percent': '-75.0', 'likelihood': -3}, {'offset': 1, 'projected_percent': '-70.4', 'likelihood': -3}, {'offset': 2, 'projected_percent': '-65.7', 'likelihood': -3}]",,False,0,4,0.0,0.0,0,Stefanos,0.0,137,False,Knee injury - Unknown return date,2026-07-23T12:01:23.432796Z,5.5,608181.jpg,0.0,False,Tzimas,0.0,False,,i,5,36,0,186,22,504,42,0.0,0.0,Tzimas,,83.0,2025-02-03,2006-01-06,False,p608181,0,0,0,0,0,0,0,0,0,0,0,0,0,0.0,0.0,0.0,0.0,0,0,0,0,0,0.00,0.00,0.00,0.00,,,,,,,[],https://www.brightonandhovealbion.com/media-article/fabian-hurzeler-reflects-on-a-successful-training-camp?srsltid=AfmBOoq6Qw6fHwT9Mxn5PIGBhoGos01rwVude5hxVRG_7iMPpS-YkOIf&utm_source=chatgpt.com,620,66,624,70,613,68,624,70,0.0,0.0,0.0,0.0,0.0,0.0,192,44,631,74,631,74,615,77,0.0,0.0,0.0,Brighton,BHA
True,True,,,647850,0,0,0,0,11.4,123,"[{'offset': 0, 'projected_percent': '11.7', 'likelihood': 1}, {'offset': 1, 'projected_percent': '13.3', 'likelihood': 1}, {'offset': 2, 'projected_percent': '15.0', 'likelihood': 1}]",,False,0,4,2.7,2.7,2,Charalampos,2.7,138,False,,,5.5,647850.jpg,2.7,False,Kostoulas,0.5,False,,a,5,36,8,34973,3856,9859,1590,0.5,1.5,Kostoulas,,83.0,2025-07-01,2007-05-30,False,p647850,195,0,1,0,5,0,0,0,0,0,0,0,25,5.0,15.5,27.0,4.6,3,11,2,16,2,0.78,0.04,0.82,5.48,,,,,,,[],,276,25,145,14,71,16,184,21,0.36,0.0,0.02,0.38,2.53,2.31,194,45,141,13,156,17,251,41,0.92,0.0,7.38,Brighton,BHA
True,True,0.0,0.0,487117,0,0,0,0,-27.4,-4,"[{'offset': 0, 'projected_percent': '-28.5', 'likelihood': -2}, {'offset': 1, 'projected_percent': '-34.9', 'likelihood': -2}, {'offset': 2, 'projected_percent': '-41.3', 'likelihood': -3}]",,False,0,4,0.0,0.0,0,Evan,0.0,139,False,Ankle injury - Expected back 10 Oct,2026-07-23T12:01:23.448357Z,5.0,487117.jpg,0.0,False,Ferguson,0.0,False,,i,5,36,0,1001,138,1527,186,0.0,0.0,Ferguson,,104.0,2021-08-23,2004-10-19,False,p487117,0,0,0,0,0,0,0,0,0,0,0,0,0,0.0,0.0,0.0,0.0,0,0,0,0,0,0.00,0.00,0.00,0.00,,,,,,,[],https://www.brightonandhovealbion.com/media-article/fabian-hurzeler-reflects-on-a-successful-training-camp?srsltid=AfmBOoq6Qw6fHwT9Mxn5PIGBhoGos01rwVude5hxVRG_7iMPpS-YkOIf&utm_source=chatgpt.com,551,52,558,57,521,54,559,57,0.0,0.0,0.0,0.0,0.0,0.0,318,57,579,63,579,63,534,71,0.0,0.0,0.0,Brighton,BHA
True,True,100.0,100.0,222694,0,0,0,0,-68.0,0,"[{'offset': 0, 'projected_percent': '-68.0', 'likelihood': -3}, {'offset': 1, 'projected_percent': '-68.0', 'likelihood': -3}, {'offset': 2, 'projected_percent': '-68.0', 'likelihood': -3}]",,False,0,2,0.3,0.3,1,Pascal,0.3,328,False,,2026-08-15T20:30:07.523574Z,5.0,222694.jpg,1.0,False,Struijk,0.2,False,,a,5,36,1,3329,365,6932,702,0.1,0.2,Struijk,,152.0,2026-06-30,1999-08-11,False,p222694,1,0,0,0,0,0,0,0,0,0,0,0,3,0.0,0.0,0.0,0.0,0,0,0,0,0,0.00,0.00,0.00,0.00,,,,,,,[],,535,202,538,202,495,195,543,202,0.0,0.0,0.0,0.0,0.0,0.0,281,47,359,132,311,124,341,125,0.0,0.0,0.0,Brighton,BHA
True,True,,,610799,0,0,0,0,9.4,817,"[{'offset': 0, 'projected_percent': '11.3', 'likelihood': 1}, {'offset': 1, 'projected_percent': '22.1', 'likelihood': 2}, {'offset': 2, 'projected_percent': '32.9', 'likelihood': 2}]",,False,1,2,6.0,6.0,12,Luka,6.0,504,False,,,5.0,610799.jpg,6.0,False,Vušković,2.5,False,,a,5,36,18,62365,18336,50672,5747,1.2,3.6,Vuskovic,,97.0,2026-07-14,2007-02-24,False,p610799,270,1,0,1,5,0,0,0,0,0,0,2,44,35.2,12.8,17.0,6.5,19,9,3,22,3,0.35,0.06,0.41,5.71,,,,,,,[],,116,53,164,49,104,30,135,49,0.12,0.0,0.02,0.14,1.9,1.67,366,65,31,14,34,15,114,46,1.0,0.33,7.33,Brighton,BHA
True,True,,,538007,0,0,0,0,-10.7,-20,"[{'offset': 0, 'projected_percent': '-12.6', 'likelihood': -1}, {'offset': 1, 'projected_percent': '-23.7', 'likelihood': -2}, {'offset': 2, 'projected_percent': '-34.8', 'likelihood': -2}]",,False,0,4,0.3,0.3,0,Promise,0.3,594,False,,,6.0,538007.jpg,0.5,False,David,0.2,False,,a,5,36,1,7855,892,11348,1485,0.0,0.2,David,,39.0,2026-08-18,2001-07-03,False,p538007,23,0,0,0,0,0,0,0,1,0,0,0,-4,0.0,3.7,0.0,0.4,0,0,0,0,0,0.42,0.00,0.42,0.14,,,,,2.0,,[],,638,73,222,31,634,73,321,38,1.64,0.0,0.0,1.64,0.55,0.0,80,17,382,45,386,47,317,52,0.0,0.0,0.0,Brighton,BHA
True,True,,,612855,0,0,0,0,-2.9,-2,"[{'offset': 0, 'projected_percent': '-5.8', 'likelihood': -1}, {'offset': 1, 'projected_percent': '-22.2', 'likelihood': -2}, {'offset': 2, 'projected_percent': '-38.7', 'likelihood': -2}]",,False,0,3,0.7,0.7,0,Ibrahim,0.7,600,False,,,5.0,612855.jpg,1.0,False,Osman,0.0,False,,a,5,36,2,582,52,501,76,0.1,0.4,Osman,,81.0,2024-07-01,2004-11-29,False,p612855,28,0,0,0,1,0,0,0,0,0,0,0,13,7.2,16.7,6.0,3.0,0,2,1,3,0,0.00,0.06,0.06,0.10,,,,,,,[],,251,110,139,84,189,93,219,97,0.0,0.0,0.19,0.19,0.32,3.21,367,224,311,141,325,144,575,237,0.0,0.0,9.64,Brighton,BHA
True,True,,,611695,0,0,0,0,4.7,838,"[{'offset': 0, 'projected_percent': '6.6', 'likelihood': 1}, {'offset': 1, 'projected_percent': '17.7', 'likelihood': 1}, {'offset': 2, 'projected_percent': '28.8', 'likelihood': 2}]",,False,0,3,3.7,3.7,2,Malick,3.7,605,False,,,4.5,611695.jpg,3.7,False,Yalcouyé,2.4,False,,a,5,36,11,262667,49915,45527,10942,0.8,2.4,Yalcouyé,,54.0,2024-07-12,2005-11-18,False,p611695,167,1,0,0,4,0,0,0,0,0,0,1,58,51.4,22.8,42.0,11.6,4,5,3,12,2,0.75,0.26,1.01,5.32,,,,,,,[],,50,26,112,68,41,25,48,34,0.4,0.0,0.14,0.54,2.87,2.16,553,282,84,38,92,40,115,35,1.08,0.0,6.47,Brighton,BHA
True,True,,,512123,0,0,0,0,0.0,0,"[{'offset': 0, 'projected_percent': '0.0', 'likelihood': 0}, {'offset': 1, 'projected_percent': '0.0', 'likelihood': 0}, {'offset': 2, 'projected_percent': '0.0', 'likelihood': 0}]",2026-09-08T14:03:01.287849Z,False,0,2,0.0,0.0,0,Jaouen,0.0,614,False,,,4.5,512123.jpg,0.0,False,Hadjam,0.0,False,,a,5,36,0,2945,144,734,195,0.0,0.0,Hadjam,,3.0,2026-08-25,2003-03-26,False,p512123,0,0,0,0,0,0,0,0,0,0,0,0,0,0.0,0.0,0.0,0.0,0,0,0,0,0,0.00,0.00,0.00,0.00,,,,,,,[],,446,179,448,180,390,169,456,179,0.0,0.0,0.0,0.0,0.0,0.0,518,136,487,186,487,186,515,178,0.0,0.0,0.0,Brighton,BHA
True,False,0.0,0.0,519324,0,0,0,0,0.0,0,"[{'offset': 0, 'projected_percent': '0.0', 'likelihood': 0}, {'offset': 1, 'projected_percent': '0.0', 'likelihood': 0}, {'offset': 2, 'projected_percent': '0.0', 'likelihood': 0}]",2026-09-12T18:33:35.104021Z,False,0,3,0.0,0.0,0,Amario,0.0,624,False,Has joined Middlesbrough on loan for the rest of the season,2026-09-02T15:38:15.552951Z,5.0,519324.jpg,0.0,False,Cozier-Duberry,0.0,False,,u,5,36,0,117,0,77,21,0.0,0.0,Cozier-Duberry,,,,,False,p519324,0,0,0,0,0,0,0,0,0,0,0,0,0,0.0,0.0,0.0,0.0,0,0,0,0,0,0.00,0.00,0.00,0.00,,,,,,,[],,563,231,571,238,537,211,571,234,0.0,0.0,0.0,0.0,0.0,0.0,342,205,590,246,590,246,652,290,0.0,0.0,0.0,Brighton,BHA
True,True,,,592984,0,0,0,0,0.0,0,"[{'offset': 0, 'projected_percent': '0.0', 'likelihood': 0}, {'offset': 1, 'projected_percent': '0.0', 'likelihood': 0}, {'offset': 2, 'projected_percent': '0.0', 'likelihood': 0}]",2026-09-15T14:53:53.542955Z,False,0,3,2.0,2.0,0,José María,0.0,639,False,,,5.5,592984.jpg,0.0,False,Andrés Baixauli,0.0,False,,a,5,36,0,447,186,98,56,0.0,0.0,Andrés,Chema Andrés,200.0,2026-09-01,2005-04-25,False,p592984,0,0,0,0,0,0,0,0,0,0,0,0,0,0.0,0.0,0.0,0.0,0,0,0,0,0,0.00,0.00,0.00,0.00,,,,,,,[],,619,271,623,272,612,264,623,271,0.0,0.0,0.0,0.0,0.0,0.0,191,118,630,274,630,274,626,270,0.0,0.0,0.0,Brighton,BHA
True,True,0.0,0.0,471551,0,0,0,0,0.0,0,"[{'offset': 0, 'projected_percent': '0.0', 'likelihood': 0}, {'offset': 1, 'projected_percent': '0.0', 'likelihood': 0}, {'offset': 2, 'projected_percent': '0.0', 'likelihood': 0}]",2026-09-16T13:57:30.337035Z,False,0,3,0.0,0.0,0,Femi,0.0,652,False,Unspecified injury - Expected back 13 Sep,2026-09-04T11:30:08.661589Z,5.5,471551.jpg,0.0,False,Azeez,0.0,False,,i,5,36,0,315,67,57,23,0.0,0.0,Azeez,,157.0,2026-09-01,2001-06-05,False,p471551,0,0,0,0,0,0,0,0,0,0,0,0,0,0.0,0.0,0.0,0.0,0,0,0,0,0,0.00,0.00,0.00,0.00,,,,,,,[],https://www.brightonandhovealbion.com/media-article/mft-match-preview-bha-leeds-united-pl-september-2026,613,265,617,266,605,258,618,266,0.0,0.0,0.0,0.0,0.0,0.0,166,100,627,271,627,271,638,279,0.0,0.0,0.0,Brighton,BHA
True,True,,,98980,0,0,0,0,-9.1,834,"[{'offset': 0, 'projected_percent': '-4.9', 'likelihood': -1}, {'offset': 1, 'projected_percent': '8.8', 'likelihood': 1}, {'offset': 2, 'projected_percent': '19.9', 'likelihood': 1}]",,False,0,1,1.7,1.7,3,Emiliano,1.7,28,False,,,5.0,98980.jpg,2.5,False,Martínez Romero,4.7,False,,a,6,8,5,128909,31145,132161,11984,0.3,1.0,Martinez,Emiliano Martínez,10.0,2026-08-29,1992-09-02,False,p98980,180,0,0,0,5,0,0,0,0,0,12,0,44,36.2,20.0,0.0,5.6,1,21,0,0,2,0.00,0.01,0.01,3.52,,,,,,,[],,113,12,126,1,474,57,151,8,0.0,6.0,0.0,0.0,1.76,2.5,244,7,202,18,161,14,78,11,1.0,0.0,0.0,Chelsea,CHE
True,True,,,244850,0,0,0,0,106.1,13718,"[{'offset': 0, 'projected_percent': '137.6', 'likelihood': 5}, {'offset': 1, 'projected_percent': '319.0', 'likelihood': 5}, {'offset': 2, 'projected_percent': '500.4', 'likelihood': 5}]",,False,0,3,6.3,6.3,6,Morgan,6.3,40,False,,,7.5,244850.jpg,6.3,False,Rogers,26.2,False,,a,6,8,19,660323,196922,428343,34610,0.8,2.5,Rogers,,241.0,2026-07-21,2002-07-26,False,p244850,257,2,1,0,7,0,0,0,1,0,0,1,87,75.6,100.0,52.0,22.7,1,13,3,17,3,1.17,1.14,2.31,4.76,4.0,,,,,,[],,9,6,2,2,31,20,5,4,0.41,0.0,0.4,0.81,1.67,2.45,17,10,30,13,32,14,9,5,1.05,0.0,5.95,Chelsea,CHE
True,True,75.0,75.0,56979,0,0,0,0,-89.2,4,"[{'offset': 0, 'projected_percent': '-87.6', 'likelihood': -3}, {'offset': 1, 'projected_percent': '-78.1', 'likelihood': -3}, {'offset': 2, 'projected_percent': '-68.7', 'likelihood': -3}]",,False,0,3,0.0,0.0,0,Jordan,0.0,101,False,Wrist injury - 75% chance of playing,2026-08-09T09:30:07.136250Z,5.0,56979.jpg,0.0,False,Henderson,0.0,False,,d,6,8,0,480,57,1630,173,0.0,0.0,Henderson,Jordan Henderson,241.0,2026-08-03,1990-06-17,False,p56979,0,0,0,0,0,0,0,0,0,0,0,0,0,0.0,0.0,0.0,0.0,0,0,0,0,0,0.00,0.00,0.00,0.00,,,,,,,[],,516,205,518,214,470,177,526,210,0.0,0.0,0.0,0.0,0.0,0.0,238,149,550,224,550,224,533,219,0.0,0.0,0.0,Chelsea,CHE
True,True,100.0,100.0,50175,0,0,-1,1,-23.1,-123,"[{'offset': 0, 'projected_percent': '-26.8', 'likelihood': -2}, {'offset': 1, 'projected_percent': '-47.8', 'likelihood': -3}, {'offset': 2, 'projected_percent': '-68.7', 'likelihood': -3}]",,False,0,4,0.3,0.3,1,Danny,0.3,136,False,,2026-08-20T14:00:07.949090Z,5.9,50175.jpg,1.0,False,Welbeck,0.8,False,,a,6,8,1,13286,2277,50693,3892,0.1,0.2,Welbeck,,241.0,2026-08-01,1990-11-26,False,p50175,3,0,0,0,0,0,0,0,0,0,0,0,3,0.0,0.0,0.0,0.0,0,0,0,0,0,0.00,0.00,0.00,0.00,,,,,,,[],,623,68,627,72,617,70,627,72,0.0,0.0,0.0,0.0,0.0,0.0,86,21,378,44,352,41,215,36,0.0,0.0,0.0,Chelsea,CHE
True,False,0.0,0.0,215059,0,0,-1,1,0.0,-522,"[{'offset': 0, 'projected_percent': '0.0', 'likelihood': 0}, {'offset': 1, 'projected_percent': '0.0', 'likelihood': 0}, {'offset': 2, 'projected_percent': '0.0', 'likelihood': 0}]",,False,0,1,0.0,0.0,0,Robert,0.7,140,False,Has joined Como on loan for the rest of the season,2026-09-02T16:20:41.841936Z,4.9,215059.jpg,2.0,False,Lynch Sánchez,1.2,False,,u,6,8,2,10847,0,128838,17285,0.1,0.4,Sánchez,,200.0,2023-08-05,1997-11-18,False,p215059,90,0,0,0,2,0,0,0,0,0,4,0,6,21.4,0.0,0.0,2.1,1,5,0,0,1,0.00,0.01,0.01,1.33,,,,,,,[],,172,18,498,53,445,52,252,18,0.0,4.0,0.01,0.01,1.33,2.0,387,19,298,21,198,18,175,27,1.0,0.0,0.0,Chelsea,CHE
True,False,0.0,0.0,508479,0,0,0,0,0.0,-4,"[{'offset': 0, 'projected_percent': '0.0', 'likelihood': 0}, {'offset': 1, 'projected_percent': '0.0', 'likelihood': 0}, {'offset': 2, 'projected_percent': '0.0', 'likelihood': 0}]",,False,0,1,0.0,0.0,0,Filip,0.0,141,False,Has joined RC Strasbourg on loan for the rest of the season,2026-08-12T14:07:02.607115Z,5.0,508479.jpg,0.0,False,Jörgensen,0.0,False,,u,6,8,0,0,0,818,47,0.0,0.0,Jörgensen,,58.0,2024-07-30,2002-04-16,False,p508479,0,0,0,0,0,0,0,0,0,0,0,0,0,0.0,0.0,0.0,0.0,0,0,0,0,0,0.00,0.00,0.00,0.00,,,,,,,[],,562,71,570,67,535,67,570,71,0.0,0.0,0.0,0.0,0.0,0.0,336,17,589,71,589,71,604,70,0.0,0.0,0.0,Chelsea,CHE
True,True,,,225796,-1,1,-1,1,-0.7,-277,"[{'offset': 0, 'projected_percent': '-1.2', 'likelihood': -1}, {'offset': 1, 'projected_percent': '-4.0', 'likelihood': -1}, {'offset': 2, 'projected_percent': '-6.8', 'likelihood': -1}]",,False,0,2,0.7,0.7,1,Reece,0.7,142,False,,,5.4,225796.jpg,0.7,False,James,7.9,False,,a,6,8,2,100728,11164,317471,24991,0.1,0.4,James,,241.0,2019-05-15,1999-12-08,False,p225796,202,0,0,0,5,0,0,0,1,0,0,0,13,23.8,17.2,21.0,6.2,10,11,0,10,2,0.16,0.12,0.28,3.58,1.0,,1.0,,,,[],,161,73,135,40,84,20,141,53,0.07,0.0,0.05,0.12,1.6,2.23,205,28,316,116,378,133,54,21,0.89,0.0,4.46,Chelsea,CHE
True,False,0.0,0.0,180736,0,0,0,0,0.0,-22,"[{'offset': 0, 'projected_percent': '0.0', 'likelihood': 0}, {'offset': 1, 'projected_percent': '0.0', 'likelihood': 0}, {'offset': 2, 'projected_percent': '0.0', 'likelihood': 0}]",,False,0,2,0.0,0.0,0,Trevoh,0.0,143,False,Has joined Como permanently,2026-08-10T14:03:50.769483Z,5.5,180736.jpg,0.0,False,Chalobah,0.1,False,,u,6,8,0,0,0,12093,506,0.0,0.0,Chalobah,,241.0,2018-02-16,1999-07-05,False,p180736,0,0,0,0,0,0,0,0,0,0,0,0,0,0.0,0.0,0.0,0.0,0,0,0,0,0,0.00,0.00,0.00,0.00,,,,,,,[],,606,212,609,212,591,210,611,212,0.0,0.0,0.0,0.0,0.0,0.0,132,14,622,212,622,212,440,157,0.0,0.0,0.0,Chelsea,CHE
True,True,,,482609,0,0,0,0,-21.2,-111,"[{'offset': 0, 'projected_percent': '-23.6', 'likelihood': -2}, {'offset': 1, 'projected_percent': '-37.1', 'likelihood': -2}, {'offset': 2, 'projected_percent': '-50.6', 'likelihood': -3}]",,False,0,2,1.0,1.0,1,Malo,1.0,144,False,,,5.0,482609.jpg,1.0,False,Gusto,1.1,False,,a,6,8,3,25890,2639,36418,3950,0.2,0.6,Gusto,,73.0,2023-01-28,2003-05-19,False,p482609,195,0,0,0,5,0,0,0,0,0,0,0,5,15.0,10.5,6.0,3.2,6,9,4,10,2,0.04,0.05,0.09,2.73,,,,,,,[],,207,88,183,59,187,65,213,83,0.02,0.0,0.02,0.04,1.26,2.31,314,56,260,98,314,125,178,70,0.92,0.0,4.62,Chelsea,CHE
True,True,100.0,100.0,444463,0,0,0,0,0.7,168,"[{'offset': 0, 'projected_percent': '1.1', 'likelihood': 1}, {'offset': 1, 'projected_percent': '3.3', 'likelihood': 1}, {'offset': 2, 'projected_percent': '5.5', 'likelihood': 1}]",,False,0,2,1.0,1.0,3,Wesley,1.0,145,False,,2026-07-23T12:01:23.464591Z,5.0,444463.jpg,1.5,False,Fofana,0.1,False,,a,6,8,3,5100,1708,1877,388,0.2,0.6,Fofana,Wesley Fofana,73.0,2022-08-31,2000-12-17,False,p444463,157,0,0,0,4,0,0,0,1,0,0,0,14,19.4,0.9,0.0,2.0,23,3,3,26,2,0.00,0.05,0.05,3.37,,,,,,,[],,179,78,285,104,506,197,258,95,0.0,0.0,0.03,0.03,1.93,2.29,297,52,258,97,241,87,436,154,1.15,0.0,14.9,Chelsea,CHE
True,False,0.0,0.0,242880,0,0,0,0,0.0,-8,"[{'offset': 0, 'projected_percent': '0.0', 'likelihood': 0}, {'offset': 1, 'projected_percent': '0.0', 'likelihood': 0}, {'offset': 2, 'projected_percent': '0.0', 'likelihood': 0}]",,False,0,2,0.0,0.0,0,Benoît,0.0,146,False,Has joined Napoli on loan for the rest of the season,2026-08-25T14:03:47.079414Z,4.5,242880.jpg,0.0,False,Badiashile Mukinayi,0.0,False,,u,6,8,0,232,0,1631,112,0.0,0.0,B.Badiashile,,73.0,2023-01-05,2001-03-26,False,p242880,0,0,0,0,0,0,0,0,0,0,0,0,0,0.0,0.0,0.0,0.0,0,0,0,0,0,0.00,0.00,0.00,0.00,,,,,,,[],,424,169,421,169,358,154,434,169,0.0,0.0,0.0,0.0,0.0,0.0,477,113,466,177,466,177,591,201,0.0,0.0,0.0,Chelsea,CHE
True,True,,,551210,0,0,0,0,7.1,503,"[{'offset': 0, 'projected_percent': '8.3', 'likelihood': 1}, {'offset': 1, 'projected_percent': '14.9', 'likelihood': 1}, {'offset': 2, 'projected_percent': '21.6', 'likelihood': 2}]",,False,0,2,2.7,2.7,3,Jorrel,2.7,148,False,,,4.5,551210.jpg,2.7,False,Hato,0.7,False,,a,6,8,8,40521,13647,18082,3171,0.6,1.8,Hato,,152.0,2025-08-03,2006-03-07,False,p551210,213,0,2,0,7,0,0,0,0,0,0,0,22,38.4,33.0,11.0,8.3,9,7,6,15,3,0.01,0.11,0.12,4.35,,,,,,,[],,98,45,72,20,138,46,92,30,0.0,0.0,0.05,0.05,1.84,2.96,530,141,128,52,145,59,225,85,1.27,0.0,6.34,Chelsea,CHE
True,True,,,460028,-1,1,-1,1,-4.5,-237,"[{'offset': 0, 'projected_percent': '-7.2', 'likelihood': -1}, {'offset': 1, 'projected_percent': '-23.0', 'likelihood': -2}, {'offset': 2, 'projected_percent': '-38.8', 'likelihood': -2}]",,False,0,2,0.3,0.3,0,Levi,0.3,149,False,,,4.9,460028.jpg,0.5,False,Samuels Colwill,1.2,False,,a,6,8,1,20475,2184,57150,5773,0.1,0.2,Colwill,,241.0,2022-07-01,2003-02-26,False,p460028,161,0,0,0,4,0,0,0,1,0,0,0,8,19.2,2.0,7.0,2.9,10,5,3,13,2,0.01,0.03,0.04,2.64,,,,,,,[],,180,79,248,84,166,58,220,85,0.01,0.0,0.02,0.03,1.48,2.24,401,73,351,129,382,134,169,67,1.12,0.0,7.27,Chelsea,CHE
True,False,0.0,0.0,574458,0,0,0,0,0.0,-16,"[{'offset': 0, 'projected_percent': '0.0', 'likelihood': 0}, {'offset': 1, 'projected_percent': '0.0', 'likelihood': 0}, {'offset': 2, 'projected_percent': '0.0', 'likelihood': 0}]",,False,0,2,0.0,0.0,0,Mamadou,0.0,150,False,Has joined Real Sociedad on loan for the rest of the season,2026-08-29T00:34:23.077418Z,4.5,574458.jpg,0.0,False,Sarr,0.0,False,,u,6,8,0,429,0,4662,364,0.0,0.0,M.Sarr,Mamadou Sarr,189.0,2025-06-09,2005-08-29,False,p574458,0,0,0,0,0,0,0,0,0,0,0,0,0,0.0,0.0,0.0,0.0,0,0,0,0,0,0.00,0.00,0.00,0.00,,,,,,,[],,466,185,467,186,410,175,476,185,0.0,0.0,0.0,0.0,0.0,0.0,539,143,505,191,505,191,512,177,0.0,0.0,0.0,Chelsea,CHE
True,True,,,577016,0,0,0,0,1.4,41,"[{'offset': 0, 'projected_percent': '1.5', 'likelihood': 1}, {'offset': 1, 'projected_percent': '2.1', 'likelihood': 1}, {'offset': 2, 'projected_percent': '2.6', 'likelihood': 1}]",,False,0,2,1.7,1.7,1,Josh,1.7,151,False,,,4.5,577016.jpg,1.7,False,Acheampong,0.4,False,,a,6,8,5,14132,1275,11045,1130,0.4,1.1,Acheampong,,241.0,2024-03-10,2006-05-05,False,p577016,202,0,0,0,5,0,0,0,0,0,0,0,9,39.4,2.3,2.0,4.3,13,7,6,19,2,0.00,0.02,0.02,3.58,,,,,,,[],,96,44,237,77,223,84,187,70,0.0,0.0,0.01,0.01,1.6,2.23,542,145,201,76,229,85,275,101,0.89,0.0,8.47,Chelsea,CHE
True,True,75.0,75.0,620109,0,0,-1,1,-52.6,-455,"[{'offset': 0, 'projected_percent': '-57.5', 'likelihood': -3}, {'offset': 1, 'projected_percent': '-85.6', 'likelihood': -3}, {'offset': 2, 'projected_percent': '-113.7', 'likelihood': -5}]",,False,0,2,0.0,0.0,0,Marco,0.0,152,False,Unspecified injury - 75% chance of playing,2026-08-24T18:30:07.421239Z,5.4,620109.jpg,0.0,False,Palestra,1.2,False,,d,6,8,0,6037,256,158804,8864,0.0,0.0,Palestra,,106.0,2026-07-01,2005-03-03,False,p620109,0,0,0,0,0,0,0,0,0,0,0,0,0,0.0,0.0,0.0,0.0,0,0,0,0,0,0.00,0.00,0.00,0.00,,,,,,,[],https://www.chelseafc.com/en/news/article/xabi-alonso-explains-marco-palestra-and-moises-caicedo-absences-against?utm_source=chatgpt.com,603,211,605,211,585,209,609,211,0.0,0.0,0.0,0.0,0.0,0.0,235,33,620,211,620,211,170,68,0.0,0.0,0.0,Chelsea,CHE
True,True,100.0,100.0,244851,0,0,1,-1,42.5,4893,"[{'offset': 0, 'projected_percent': '53.7', 'likelihood': 3}, {'offset': 1, 'projected_percent': '118.4', 'likelihood': 5}, {'offset': 2, 'projected_percent': '183.1', 'likelihood': 5}]",,False,1,3,7.0,7.0,1,Cole,7.0,154,False,,2026-08-24T22:00:07.971542Z,9.6,244851.jpg,7.0,False,Palmer,20.5,False,,a,6,8,21,928376,163602,251696,26936,0.7,2.2,Palmer,,241.0,2023-09-01,2002-05-06,False,p244851,262,2,1,0,7,0,0,0,1,0,0,3,99,106.0,66.6,80.0,25.3,2,14,4,20,3,1.05,0.36,1.41,4.76,,,3.0,,1.0,,[],,3,3,15,14,9,5,3,3,0.36,0.0,0.12,0.48,1.64,2.4,3,2,24,10,25,11,13,6,1.03,0.0,6.87,Chelsea,CHE
True,True,,,247632,0,0,0,0,-33.9,115,"[{'offset': 0, 'projected_percent': '-31.7', 'likelihood': -2}, {'offset': 1, 'projected_percent': '-19.5', 'likelihood': -1}, {'offset': 2, 'projected_percent': '-7.3', 'likelihood': -1}]",,False,0,3,3.3,3.3,2,Pedro,3.3,156,False,,,6.5,247632.jpg,3.3,False,Lomba Neto,1.3,False,,a,6,8,10,34092,6579,46802,3861,0.5,1.5,Neto,Pedro Neto,173.0,2024-08-11,2000-03-09,False,p247632,161,1,0,0,4,0,0,0,0,0,0,0,52,50.4,29.7,42.0,12.2,5,8,2,15,2,0.47,0.43,0.90,3.59,2.0,,4.0,,,,[],,53,27,83,51,43,26,42,31,0.26,0.0,0.24,0.5,2.01,2.24,37,25,107,48,118,50,157,49,1.12,0.0,8.39,Chelsea,CHE
True,True,,,624773,0,0,-1,1,-53.7,-156,"[{'offset': 0, 'projected_percent': '-58.3', 'likelihood': -3}, {'offset': 1, 'projected_percent': '-85.1', 'likelihood': -3}, {'offset': 2, 'projected_percent': '-111.9', 'likelihood': -5}]",,False,0,3,0.7,0.7,1,Estêvão,0.7,157,False,,,6.4,624773.jpg,1.0,False,Almeida de Oliveira Gonçalves,0.8,False,,a,6,8,2,10076,1026,63044,4508,0.1,0.3,Estêvão,Estêvão,30.0,2025-07-14,2007-04-24,False,p624773,16,0,0,0,0,0,0,0,0,0,0,0,8,0.2,0.4,0.0,0.1,0,1,0,1,0,0.03,0.00,0.03,0.09,5.0,,,,3.0,,[],,339,158,312,157,642,283,348,163,0.17,0.0,0.0,0.17,0.51,0.0,53,37,331,153,366,171,216,69,0.0,0.0,5.62,Chelsea,CHE
True,True,,,463936,0,0,-1,1,-30.9,-1,"[{'offset': 0, 'projected_percent': '-31.8', 'likelihood': -2}, {'offset': 1, 'projected_percent': '-36.6', 'likelihood': -2}, {'offset': 2, 'projected_percent': '-41.4', 'likelihood': -3}]",,False,0,3,0.0,0.0,0,Jamie,0.0,158,False,,,5.9,463936.jpg,0.0,False,Bynoe-Gittens,0.0,False,,a,6,8,0,622,91,1907,159,0.0,0.0,Gittens,,241.0,2025-07-05,2004-08-08,False,p463936,0,0,0,0,0,0,0,0,0,0,0,0,0,0.0,0.0,0.0,0.0,0,0,0,0,0,0.00,0.00,0.00,0.00,,,,,,,[],,630,275,630,275,624,270,631,275,0.0,0.0,0.0,0.0,0.0,0.0,102,66,636,277,636,277,542,221,0.0,0.0,0.0,Chelsea,CHE
True,True,75.0,75.0,486672,0,0,-1,1,-44.9,-720,"[{'offset': 0, 'projected_percent': '-50.1', 'likelihood': -3}, {'offset': 1, 'projected_percent': '-80.1', 'likelihood': -3}, {'offset': 2, 'projected_percent': '-110.0', 'likelihood': -5}]",,False,0,3,0.2,0.2,0,Moisés,0.3,159,False,Unspecified injury - 75% chance of playing,2026-08-30T16:00:08.393562Z,5.4,486672.jpg,1.0,False,Caicedo Corozo,1.8,False,,d,6,8,1,13427,715,203781,13307,0.1,0.2,Caicedo,Moisés Caicedo,62.0,2023-08-14,2001-11-02,False,p486672,13,0,0,0,0,0,0,0,0,0,0,0,3,0.0,0.1,0.0,0.0,0,0,0,0,0,0.00,0.00,0.00,0.07,,,,,,,[],https://www.chelseafc.com/en/news/article/confirmed-chelsea-team-news-ahead-of-arsenal,594,252,329,167,577,239,601,254,0.0,0.0,0.0,0.0,0.48,0.0,223,138,372,173,335,151,136,41,0.0,0.0,0.0,Chelsea,CHE
True,True,,,514356,0,0,0,0,4.8,55,"[{'offset': 0, 'projected_percent': '4.9', 'likelihood': 1}, {'offset': 1, 'projected_percent': '5.7', 'likelihood': 1}, {'offset': 2, 'projected_percent': '6.4', 'likelihood': 1}]",,False,0,3,3.0,3.0,1,Roméo,3.0,161,False,,,5.0,514356.jpg,3.0,False,Lavia,0.2,False,,a,6,8,9,17453,2556,5689,1012,0.6,1.8,Lavia,,21.0,2023-08-18,2004-01-06,False,p514356,190,1,0,0,6,0,0,0,1,0,0,0,47,52.6,22.7,66.0,14.2,7,10,5,22,3,0.75,0.04,0.79,4.20,,,,,,,[],,48,24,114,70,15,9,28,22,0.36,0.0,0.02,0.38,1.99,2.84,339,202,118,49,133,54,335,121,1.42,0.0,10.42,Chelsea,CHE
True,False,0.0,0.0,491007,0,0,0,0,0.0,-35,"[{'offset': 0, 'projected_percent': '0.0', 'likelihood': 0}, {'offset': 1, 'projected_percent': '0.0', 'likelihood': 0}, {'offset': 2, 'projected_percent': '0.0', 'likelihood': 0}]",,False,0,3,0.0,0.0,0,Dário,0.0,163,False,Has joined RC Strasbourg on loan for the rest of the season,2026-09-02T16:20:41.865225Z,4.5,491007.jpg,0.0,False,Luís Essugo,0.1,False,,u,6,8,0,2698,0,9140,1660,0.0,0.0,D.Essugo,Dário Essugo,173.0,2025-06-02,2005-03-14,False,p491007,0,0,0,0,0,0,0,0,0,0,0,0,0,0.0,0.0,0.0,0.0,0,0,0,0,0,0.00,0.00,0.00,0.00,,,,,,,[],,437,166,439,175,381,133,447,171,0.0,0.0,0.0,0.0,0.0,0.0,509,267,478,188,478,188,377,138,0.0,0.0,0.0,Chelsea,CHE
True,True,100.0,100.0,593117,0,0,-1,1,-30.1,-7,"[{'offset': 0, 'projected_percent': '-34.4', 'likelihood': -2}, {'offset': 1, 'projected_percent': '-59.1', 'likelihood': -3}, {'offset': 2, 'projected_percent': '-83.7', 'likelihood': -3}]",,False,0,3,0.3,0.3,0,Geovany,0.3,164,False,,2026-07-24T20:30:10.609931Z,5.4,593117.jpg,1.0,False,Quenda,0.0,False,,a,6,8,1,599,76,2195,179,0.1,0.2,Quenda,Geovany Quenda,173.0,2026-06-15,2007-04-30,False,p593117,8,0,0,0,0,0,0,0,0,0,0,0,2,1.2,0.3,2.0,0.4,1,0,0,1,0,0.00,0.00,0.00,0.09,,,,,,,[],,325,147,317,161,240,116,319,146,0.0,0.0,0.0,0.0,1.01,0.0,233,147,376,176,340,155,521,215,0.0,0.0,11.25,Chelsea,CHE
True,True,,,475168,0,0,2,-2,40.7,1913,"[{'offset': 0, 'projected_percent': '45.1', 'likelihood': 3}, {'offset': 1, 'projected_percent': '70.4', 'likelihood': 3}, {'offset': 2, 'projected_percent': '95.7', 'likelihood': 4}]",,False,1,4,7.0,7.0,1,João Pedro,7.0,165,False,,,7.7,475168.jpg,7.0,False,Junqueira de Jesus,71.8,False,,a,6,8,21,962224,110508,246729,27793,0.9,2.7,João Pedro,João Pedro,30.0,2025-07-02,2001-09-26,False,p475168,270,2,2,0,7,1,0,0,1,0,0,4,97,104.0,45.5,83.0,23.2,1,5,1,7,3,1.87,0.15,2.02,4.85,,,,,,,[],,4,1,40,1,7,4,4,1,0.62,0.0,0.05,0.67,1.62,2.33,15,5,22,3,23,3,1,1,1.0,0.0,2.33,Chelsea,CHE
True,False,0.0,0.0,499309,0,0,0,0,0.0,-130,"[{'offset': 0, 'projected_percent': '0.0', 'likelihood': 0}, {'offset': 1, 'projected_percent': '0.0', 'likelihood': 0}, {'offset': 2, 'projected_percent': '0.0', 'likelihood': 0}]",,False,0,4,0.0,0.0,0,Marc,0.0,168,False,Has joined RB Leipzig permanently,2026-09-01T13:24:48.857362Z,5.0,499309.jpg,0.0,False,Guiu Paz,0.3,False,,u,6,8,0,4102,0,22428,3495,0.0,0.0,Marc Guiu,,200.0,2024-07-01,2006-01-04,False,p499309,0,0,0,0,0,0,0,0,0,0,0,0,0,0.0,0.0,0.0,0.0,0,0,0,0,0,0.00,0.00,0.00,0.00,,,,,,,[],,559,53,567,58,532,55,567,58,0.0,0.0,0.0,0.0,0.0,0.0,330,58,586,64,586,64,302,51,0.0,0.0,0.0,Chelsea,CHE
True,True,,,567119,0,0,0,0,1.5,16,"[{'offset': 0, 'projected_percent': '1.5', 'likelihood': 1}, {'offset': 1, 'projected_percent': '1.7', 'likelihood': 1}, {'offset': 2, 'projected_percent': '2.0', 'likelihood': 1}]",,False,0,4,0.0,0.0,0,Shumaira,0.0,169,False,,,4.5,567119.jpg,0.0,False,Mheuka,0.4,False,,a,6,8,0,14109,2741,11845,1678,0.0,0.0,Mheuka,,,,,False,p567119,0,0,0,0,0,0,0,0,0,0,0,0,0,0.0,0.0,0.0,0.0,0,0,0,0,0,0.00,0.00,0.00,0.00,,,,,,,[],,463,43,464,48,407,45,473,48,0.0,0.0,0.0,0.0,0.0,0.0,536,73,502,54,502,54,271,47,0.0,0.0,0.0,Chelsea,CHE
True,True,100.0,100.0,503037,0,0,0,0,-14.7,1,"[{'offset': 0, 'projected_percent': '-14.6', 'likelihood': -1}, {'offset': 1, 'projected_percent': '-13.7', 'likelihood': -1}, {'offset': 2, 'projected_percent': '-12.8', 'likelihood': -1}]",,False,0,4,0.0,0.0,0,Emmanuel,0.0,170,False,,2026-07-24T20:30:10.622380Z,5.0,503037.jpg,0.0,False,Emegha,0.2,False,,a,6,8,0,5189,1030,6435,853,0.0,0.0,Emegha,,152.0,2026-06-15,2003-02-03,False,p503037,0,0,0,0,0,0,0,0,0,0,0,0,0,0.0,0.0,0.0,0.0,0,0,0,0,0,0.00,0.00,0.00,0.00,,,,,,,[],,561,54,569,59,534,56,569,59,0.0,0.0,0.0,0.0,0.0,0.0,335,59,588,65,588,65,362,55,0.0,0.0,0.0,Chelsea,CHE
True,True,,,437499,0,0,0,0,-40.0,-151,"[{'offset': 0, 'projected_percent': '-40.5', 'likelihood': -3}, {'offset': 1, 'projected_percent': '-43.0', 'likelihood': -3}, {'offset': 2, 'projected_percent': '-45.5', 'likelihood': -3}]",,False,0,2,3.0,3.0,2,Maxence,3.0,200,False,,,6.0,437499.jpg,3.0,False,Lacroix,8.2,False,,a,6,8,9,111392,14991,215550,20533,0.5,1.5,Lacroix,,73.0,2026-07-30,2000-04-06,False,p437499,270,0,1,0,7,0,0,0,1,0,0,0,25,57.2,11.3,8.0,7.6,24,5,7,31,3,0.02,0.21,0.23,4.85,,,,,,,[],,38,13,177,56,162,55,110,38,0.01,0.0,0.07,0.08,1.62,2.33,71,7,124,49,140,56,53,20,1.0,0.0,10.33,Chelsea,CHE
True,True,,,549939,0,0,0,0,-81.7,-5,"[{'offset': 0, 'projected_percent': '-83.4', 'likelihood': -3}, {'offset': 1, 'projected_percent': '-93.3', 'likelihood': -3}, {'offset': 2, 'projected_percent': '-103.2', 'likelihood': -5}]",,False,0,1,0.0,0.0,0,Mike,0.0,560,False,,,4.5,549939.jpg,0.0,False,Penders,0.1,False,,a,6,8,0,833,75,2116,219,0.0,0.0,Penders,,21.0,2024-08-27,2005-07-31,False,p549939,0,0,0,0,0,0,0,0,0,0,0,0,0,0.0,0.0,0.0,0.0,0,0,0,0,0,0.00,0.00,0.00,0.00,,,,,,,[],,456,63,458,49,400,48,466,63,0.0,0.0,0.0,0.0,0.0,0.0,528,47,496,63,496,63,477,54,0.0,0.0,0.0,Chelsea,CHE
True,True,100.0,100.0,622758,0,0,0,0,0.0,3,"[{'offset': 0, 'projected_percent': '0.0', 'likelihood': 0}, {'offset': 1, 'projected_percent': '0.0', 'likelihood': 0}, {'offset': 2, 'projected_percent': '0.1', 'likelihood': 1}]",,False,0,2,0.0,0.0,0,Aaron,0.0,561,False,,2026-08-23T19:00:08.536705Z,4.5,622758.jpg,0.0,False,Anselmino,0.0,False,,a,6,8,0,425,78,772,52,0.0,0.0,Anselmino,,10.0,2024-08-08,2005-04-29,False,p622758,0,0,0,0,0,0,0,0,0,0,0,0,0,0.0,0.0,0.0,0.0,0,0,0,0,0,0.00,0.00,0.00,0.00,,,,,,,[],,481,189,481,190,426,181,490,189,0.0,0.0,0.0,0.0,0.0,0.0,559,150,519,195,519,195,570,194,0.0,0.0,0.0,Chelsea,CHE
True,True,,,543158,0,0,0,0,-72.8,-16,"[{'offset': 0, 'projected_percent': '-75.7', 'likelihood': -3}, {'offset': 1, 'projected_percent': '-92.0', 'likelihood': -3}, {'offset': 2, 'projected_percent': '-108.4', 'likelihood': -5}]",,False,0,3,0.3,0.3,0,Valentín,0.3,568,False,,,5.5,543158.jpg,1.0,False,Barco,0.1,False,,a,6,8,1,1821,238,4135,401,0.1,0.2,Barco,,10.0,2026-08-02,2004-07-23,False,p543158,8,0,0,0,1,0,0,0,0,0,0,0,1,0.0,0.0,4.0,0.2,1,0,0,1,0,0.04,0.00,0.04,0.07,,,,,,,[],,616,268,620,269,204,98,336,156,0.45,0.0,0.0,0.45,0.79,11.25,180,111,377,177,349,160,393,146,0.0,0.0,11.25,Chelsea,CHE
True,True,,,498444,-1,1,-1,1,-5.4,-16,"[{'offset': 0, 'projected_percent': '-6.8', 'likelihood': -1}, {'offset': 1, 'projected_percent': '-14.7', 'likelihood': -1}, {'offset': 2, 'projected_percent': '-22.6', 'likelihood': -2}]",,False,0,2,1.0,1.0,1,Pep,1.0,583,False,,,4.9,498444.jpg,1.0,False,Chavarría,0.2,False,,a,6,8,3,1924,179,7240,605,0.2,0.6,Chavarria,,200.0,2026-08-12,1998-04-10,False,p498444,73,0,0,0,1,0,0,0,0,0,0,0,6,8.8,0.5,2.0,1.2,4,3,2,6,0,0.00,0.02,0.02,0.58,,,,,,,[],,239,97,307,115,225,85,287,104,0.0,0.0,0.02,0.02,0.72,1.23,405,75,255,96,297,119,353,131,0.0,0.0,7.4,Chelsea,CHE
True,True,,,231065,0,0,0,0,-57.6,2,"[{'offset': 0, 'projected_percent': '-57.0', 'likelihood': -3}, {'offset': 1, 'projected_percent': '-53.7', 'likelihood': -3}, {'offset': 2, 'projected_percent': '-50.4', 'likelihood': -3}]",,False,0,2,1.3,1.3,3,Ethan,1.3,91,False,,,4.5,231065.jpg,2.0,False,Pinnock,0.1,False,,a,7,9,4,1276,197,2476,189,0.3,0.9,Pinnock,,107.0,2026-08-26,1993-05-29,False,p231065,102,0,0,0,2,0,0,0,1,0,0,0,2,3.8,0.7,0.0,0.5,14,2,1,15,1,0.11,0.00,0.11,2.66,,,,,,,[],,291,108,295,108,354,152,310,111,0.1,0.0,0.0,0.1,2.35,1.76,472,110,219,81,193,76,470,167,0.88,0.0,13.24,Coventry City,COV
True,True,,,428580,0,0,0,0,-104.0,-14,"[{'offset': 0, 'projected_percent': '-106.8', 'likelihood': -5}, {'offset': 1, 'projected_percent': '-122.4', 'likelihood': -5}, {'offset': 2, 'projected_percent': '-138.1', 'likelihood': -5}]",,False,0,3,1.3,1.3,2,Frank,1.3,104,False,,,5.0,428580.jpg,2.0,False,Onyeka,0.1,False,,a,7,9,4,2935,100,6226,421,0.3,0.8,Onyeka,,157.0,2026-07-01,1998-01-01,False,p428580,152,0,0,0,4,0,0,0,0,0,0,0,13,3.6,1.6,0.0,0.5,3,7,2,12,2,0.00,0.01,0.01,3.05,,,,,,,[],,296,134,264,138,503,194,311,142,0.0,0.0,0.01,0.01,1.81,2.37,293,177,226,100,203,86,405,155,1.18,0.0,7.11,Coventry City,COV
True,True,,,472739,0,0,0,0,-15.0,-10,"[{'offset': 0, 'projected_percent': '-15.2', 'likelihood': -1}, {'offset': 1, 'projected_percent': '-16.5', 'likelihood': -1}, {'offset': 2, 'projected_percent': '-17.9', 'likelihood': -1}]",,False,0,1,1.7,1.7,2,Carl,1.7,110,False,,,4.5,472739.jpg,1.7,False,Rushworth,1.0,False,,a,7,9,5,16169,1300,27829,4204,0.4,1.1,Rushworth,,241.0,2026-08-04,2001-07-02,False,p472739,270,0,0,0,5,0,0,0,0,0,5,0,23,24.8,0.0,0.0,2.5,3,29,0,0,3,0.00,0.01,0.01,4.72,,,,,,,[],,153,17,434,43,376,42,231,17,0.0,1.67,0.0,0.0,1.57,1.67,501,41,200,17,228,19,193,30,1.0,0.0,0.0,Coventry City,COV
True,False,0.0,0.0,484389,0,0,0,0,0.0,-138,"[{'offset': 0, 'projected_percent': '0.0', 'likelihood': 0}, {'offset': 1, 'projected_percent': '0.0', 'likelihood': 0}, {'offset': 2, 'projected_percent': '0.0', 'likelihood': 0}]",,False,0,1,0.0,0.0,0,Oliver,0.0,171,False,Has joined Leyton Orient on loan for the rest of the season,2026-09-02T15:44:14.839336Z,4.0,484389.jpg,0.0,False,Dovin,1.3,False,,u,7,9,0,8924,0,30615,5909,0.0,0.0,Dovin,,206.0,2024-07-19,2002-07-11,False,p484389,0,0,0,0,0,0,0,0,0,0,0,0,0,0.0,0.0,0.0,0.0,0,0,0,0,0,0.00,0.00,0.00,0.00,,,,,,,[],,371,42,363,21,288,20,381,42,0.0,0.0,0.0,0.0,0.0,0.0,623,68,418,42,418,42,158,23,0.0,0.0,0.0,Coventry City,COV
True,True,,,110690,0,0,0,0,-74.6,-30,"[{'offset': 0, 'projected_percent': '-76.4', 'likelihood': -3}, {'offset': 1, 'projected_percent': '-86.9', 'likelihood': -3}, {'offset': 2, 'projected_percent': '-97.4', 'likelihood': -4}]",,False,0,1,0.0,0.0,0,Ben,0.0,172,False,,,4.5,110690.jpg,0.0,False,Wilson,0.4,False,,a,7,9,0,574,82,8240,593,0.0,0.0,Wilson,,241.0,2019-07-01,1992-08-09,False,p110690,0,0,0,0,0,0,0,0,0,0,0,0,0,0.0,0.0,0.0,0.0,0,0,0,0,0,0.00,0.00,0.00,0.00,,,,,,,[],,405,50,399,31,333,30,415,50,0.0,0.0,0.0,0.0,0.0,0.0,437,29,450,50,450,50,274,36,0.0,0.0,0.0,Coventry City,COV
True,True,,,461102,0,0,0,0,16.7,317,"[{'offset': 0, 'projected_percent': '17.5', 'likelihood': 1}, {'offset': 1, 'projected_percent': '21.6', 'likelihood': 2}, {'offset': 2, 'projected_percent': '25.8', 'likelihood': 2}]",,False,0,2,5.0,5.0,4,Bobby,5.0,173,False,,,4.0,461102.jpg,5.0,False,Thomas,8.6,False,,a,7,9,15,182942,30723,111483,17926,1.2,3.8,Thomas,,241.0,2023-07-22,2001-01-30,False,p461102,257,0,0,1,4,0,0,0,0,0,0,2,58,40.2,11.9,1.0,5.3,29,11,2,31,3,0.24,0.19,0.43,4.18,,,,,,,[],,89,40,172,53,248,91,159,59,0.08,0.0,0.07,0.15,1.46,1.4,619,184,46,19,50,21,49,18,1.05,0.35,10.86,Coventry City,COV
True,False,0.0,0.0,436761,0,0,0,0,0.0,-132,"[{'offset': 0, 'projected_percent': '0.0', 'likelihood': 0}, {'offset': 1, 'projected_percent': '0.0', 'likelihood': 0}, {'offset': 2, 'projected_percent': '0.0', 'likelihood': 0}]",,False,0,2,0.0,0.0,0,Liam,0.0,174,False,Has joined Sheffield United on loan for the rest of the season,2026-09-02T16:21:03.612394Z,4.0,436761.jpg,0.0,False,Kitching,0.5,False,,u,7,9,0,981,0,18708,3485,0.0,0.0,Kitching,,241.0,2023-09-01,1999-09-25,False,p436761,0,0,0,0,0,0,0,0,0,0,0,0,0,0.0,0.0,0.0,0.0,0,0,0,0,0,0.00,0.00,0.00,0.00,,,,,,,[],,364,133,356,131,280,104,374,133,0.0,0.0,0.0,0.0,0.0,0.0,612,179,411,145,411,145,254,96,0.0,0.0,0.0,Coventry City,COV
True,True,,,451284,0,0,0,0,-18.7,-289,"[{'offset': 0, 'projected_percent': '-19.3', 'likelihood': -1}, {'offset': 1, 'projected_percent': '-22.7', 'likelihood': -2}, {'offset': 2, 'projected_percent': '-26.2', 'likelihood': -2}]",,False,0,2,2.0,2.0,3,Milan,2.0,175,False,,,4.0,451284.jpg,2.0,False,van Ewijk,11.5,False,,a,7,9,6,85295,9132,205945,34120,0.5,1.5,van Ewijk,,152.0,2023-07-27,2000-09-08,False,p451284,270,0,0,0,5,0,0,0,1,0,0,0,12,26.0,35.9,8.0,7.0,15,10,5,20,3,0.00,0.26,0.26,4.72,,,,,,,[],,148,66,58,13,157,52,123,44,0.0,0.0,0.09,0.09,1.57,1.67,617,182,169,66,186,71,36,12,1.0,0.0,6.67,Coventry City,COV
True,True,,,173878,0,0,0,0,-22.5,-10,"[{'offset': 0, 'projected_percent': '-22.9', 'likelihood': -2}, {'offset': 1, 'projected_percent': '-24.7', 'likelihood': -2}, {'offset': 2, 'projected_percent': '-26.5', 'likelihood': -2}]",,False,0,2,1.7,1.7,2,Jay,1.7,176,False,,,4.0,173878.jpg,1.7,False,Dasilva,0.8,False,,a,7,9,5,6484,596,12338,1098,0.4,1.2,Dasilva,,244.0,2023-07-01,1998-04-22,False,p173878,264,0,0,0,5,0,0,0,0,0,0,0,21,29.0,11.1,17.0,5.8,12,7,4,16,3,0.18,0.15,0.33,4.72,,,,,,,[],,136,61,178,57,98,27,148,56,0.06,0.0,0.05,0.11,1.61,1.7,597,167,197,73,227,84,222,83,1.02,0.0,5.45,Coventry City,COV
True,True,0.0,0.0,465390,0,0,0,0,-64.3,-4,"[{'offset': 0, 'projected_percent': '-65.1', 'likelihood': -3}, {'offset': 1, 'projected_percent': '-69.7', 'likelihood': -3}, {'offset': 2, 'projected_percent': '-74.3', 'likelihood': -3}]",,False,0,2,0.0,0.0,0,Kaine,0.0,177,False,Hamstring injury - Unknown return date,2026-08-27T14:56:28.704361Z,4.0,465390.jpg,0.0,False,Kesler-Hayden,0.0,False,,i,7,9,0,334,35,2214,202,0.0,0.0,Kesler-Hayden,,241.0,2025-07-01,2002-10-23,False,p465390,0,0,0,0,0,0,0,0,0,0,0,0,0,0.0,0.0,0.0,0.0,0,0,0,0,0,0.00,0.00,0.00,0.00,,,,,,,[],,369,135,361,133,286,107,379,135,0.0,0.0,0.0,0.0,0.0,0.0,621,185,416,147,416,147,502,175,0.0,0.0,0.0,Coventry City,COV
True,True,,,80178,0,0,0,0,-15.6,8,"[{'offset': 0, 'projected_percent': '-13.3', 'likelihood': -1}, {'offset': 1, 'projected_percent': '0.0', 'likelihood': 0}, {'offset': 2, 'projected_percent': '0.1', 'likelihood': 1}]",,False,0,2,0.0,0.0,0,Jake,0.0,178,False,,,4.0,80178.jpg,0.0,False,Bidwell,0.1,False,,a,7,9,0,1383,214,1934,212,0.0,0.0,Bidwell,,241.0,2022-01-17,1993-03-21,False,p80178,0,0,0,0,0,0,0,0,0,0,0,0,0,0.0,0.0,0.0,0.0,0,0,0,0,0,0.00,0.00,0.00,0.00,,,,,,,[],,346,125,336,121,258,92,355,124,0.0,0.0,0.0,0.0,0.0,0.0,583,160,393,137,393,137,453,161,0.0,0.0,0.0,Coventry City,COV
True,True,,,204813,0,0,0,0,-37.4,-5,"[{'offset': 0, 'projected_percent': '-40.2', 'likelihood': -3}, {'offset': 1, 'projected_percent': '-56.5', 'likelihood': -3}, {'offset': 2, 'projected_percent': '-72.7', 'likelihood': -3}]",,False,0,2,0.0,0.0,0,Joel,0.0,179,False,,,4.0,204813.jpg,0.0,False,Latibeaudiere,0.0,False,,a,7,9,0,557,78,993,93,0.0,0.0,Latibeaudiere,,107.0,2023-07-18,2000-01-06,False,p204813,0,0,0,0,0,0,0,0,0,0,0,0,0,0.0,0.0,0.0,0.0,0,0,0,0,0,0.00,0.00,0.00,0.00,,,,,,,[],,357,129,349,127,273,100,367,129,0.0,0.0,0.0,0.0,0.0,0.0,601,171,404,141,404,141,520,179,0.0,0.0,0.0,Coventry City,COV
True,True,0.0,0.0,220583,0,0,0,0,-46.8,-22,"[{'offset': 0, 'projected_percent': '-48.2', 'likelihood': -3}, {'offset': 1, 'projected_percent': '-56.4', 'likelihood': -3}, {'offset': 2, 'projected_percent': '-64.5', 'likelihood': -3}]",,False,0,2,0.0,0.0,0,Luke,0.0,180,False,Knee injury - Unknown return date,2026-08-27T14:56:28.718566Z,4.0,220583.jpg,0.0,False,Woolfenden,0.1,False,,i,7,9,0,1728,123,6007,598,0.0,0.0,Woolfenden,,241.0,2025-09-01,1998-10-21,False,p220583,0,0,0,0,0,0,0,0,0,0,0,0,0,0.0,0.0,0.0,0.0,0,0,0,0,0,0.00,0.00,0.00,0.00,,,,,,,[],,360,131,352,129,276,102,370,131,0.0,0.0,0.0,0.0,0.0,0.0,606,175,407,143,407,143,386,143,0.0,0.0,0.0,Coventry City,COV
True,False,0.0,0.0,577411,0,0,0,0,0.0,-3,"[{'offset': 0, 'projected_percent': '0.0', 'likelihood': 0}, {'offset': 1, 'projected_percent': '0.0', 'likelihood': 0}, {'offset': 2, 'projected_percent': '0.0', 'likelihood': 0}]",,False,0,2,0.0,0.0,0,Miguel,0.0,181,False,Has joined Academico de Viseu on loan for the rest of the season,2026-08-29T00:35:59.980316Z,4.0,577411.jpg,0.0,False,Brau,0.0,False,,u,7,9,0,275,0,1443,130,0.0,0.0,Brau,,200.0,2025-07-01,2001-12-27,False,p577411,0,0,0,0,0,0,0,0,0,0,0,0,0,0.0,0.0,0.0,0.0,0,0,0,0,0,0.00,0.00,0.00,0.00,,,,,,,[],,388,151,380,149,307,125,398,151,0.0,0.0,0.0,0.0,0.0,0.0,643,204,434,162,434,162,541,188,0.0,0.0,0.0,Coventry City,COV
True,True,,,539142,0,0,0,0,-24.6,9,"[{'offset': 0, 'projected_percent': '-24.3', 'likelihood': -2}, {'offset': 1, 'projected_percent': '-22.8', 'likelihood': -2}, {'offset': 2, 'projected_percent': '-21.2', 'likelihood': -2}]",,False,0,2,1.3,1.3,2,Aurèle,1.3,182,False,,,4.0,539142.jpg,1.3,False,Amenda,0.8,False,,a,7,9,4,7473,1021,14252,1664,0.3,1.0,Amenda,,207.0,2026-07-16,2003-07-31,False,p539142,270,0,0,0,5,0,0,0,1,0,0,0,9,40.2,2.9,5.0,4.9,15,11,1,16,3,0.02,0.39,0.41,4.72,,,,,,,[],,90,41,229,72,192,66,173,64,0.01,0.0,0.13,0.14,1.57,1.67,633,194,216,78,249,88,219,81,1.0,0.0,5.33,Coventry City,COV
True,True,100.0,100.0,480457,0,0,0,0,-52.8,1,"[{'offset': 0, 'projected_percent': '-52.7', 'likelihood': -3}, {'offset': 1, 'projected_percent': '-51.9', 'likelihood': -3}, {'offset': 2, 'projected_percent': '-51.1', 'likelihood': -3}]",,False,0,3,2.0,2.0,2,Jack,2.0,183,False,,2026-07-23T12:01:23.481435Z,5.0,480457.jpg,2.0,False,Rudoni,0.1,False,,a,7,9,6,2196,240,4309,441,0.4,1.2,Rudoni,,241.0,2024-06-20,2001-06-14,False,p480457,152,0,0,1,1,0,0,0,0,0,0,0,24,12.4,31.5,21.0,6.5,3,10,3,16,2,0.50,0.18,0.68,1.48,4.0,,1.0,,,,[],,223,92,76,49,83,46,133,68,0.3,0.0,0.11,0.41,0.88,0.59,313,187,182,81,205,88,408,156,1.18,0.59,9.47,Coventry City,COV
True,True,,,168144,0,0,0,0,-60.6,-10,"[{'offset': 0, 'projected_percent': '-62.2', 'likelihood': -3}, {'offset': 1, 'projected_percent': '-71.2', 'likelihood': -3}, {'offset': 2, 'projected_percent': '-80.2', 'likelihood': -3}]",,False,0,3,2.0,2.0,2,Matt,2.0,184,False,,,5.0,168144.jpg,2.0,False,Grimes,0.2,False,,a,7,9,6,2932,161,6222,682,0.4,1.2,Grimes,,241.0,2025-01-31,1995-07-15,False,p168144,270,0,0,0,5,0,0,0,0,0,0,0,36,27.6,24.6,2.0,5.4,8,12,5,25,3,0.05,0.05,0.10,4.72,1.0,,,,3.0,,[],,144,52,107,64,227,108,157,74,0.02,0.0,0.02,0.04,1.57,1.67,255,158,178,77,200,84,360,132,1.0,0.0,8.33,Coventry City,COV
True,True,,,501459,0,0,-1,1,-15.2,-16,"[{'offset': 0, 'projected_percent': '-19.9', 'likelihood': -1}, {'offset': 1, 'projected_percent': '-47.4', 'likelihood': -3}, {'offset': 2, 'projected_percent': '-74.9', 'likelihood': -3}]",,False,0,3,0.3,0.3,0,Tatsuhiro,0.3,185,False,,,4.9,501459.jpg,1.0,False,Sakamoto,0.1,False,,a,7,9,1,633,92,3496,298,0.1,0.2,Sakamoto,,108.0,2023-07-10,1996-10-22,False,p501459,31,0,0,0,1,0,0,0,0,0,0,0,8,6.2,5.9,7.0,1.9,0,2,2,4,0,0.02,0.02,0.04,0.69,,,,,,,[],,259,116,202,111,167,80,261,117,0.06,0.0,0.06,0.12,2.0,2.9,406,245,352,159,298,124,458,182,0.0,0.0,11.61,Coventry City,COV
True,True,100.0,100.0,241293,0,0,-1,1,-13.1,-10,"[{'offset': 0, 'projected_percent': '-15.5', 'likelihood': -1}, {'offset': 1, 'projected_percent': '-29.6', 'likelihood': -2}, {'offset': 2, 'projected_percent': '-43.7', 'likelihood': -3}]",,False,0,3,1.0,1.0,2,Ephron,1.0,186,False,,2026-08-19T18:00:08.310507Z,5.4,241293.jpg,1.5,False,Mason-Clark,0.1,False,,a,7,9,3,775,58,3935,269,0.2,0.6,Mason-Clark,,107.0,2024-02-01,1999-08-25,False,p241293,127,0,0,0,1,0,0,0,0,0,0,0,8,4.2,16.0,0.0,2.0,4,5,0,9,2,0.00,0.06,0.06,1.19,,,,,,,[],,284,131,143,85,568,234,259,116,0.0,0.0,0.04,0.04,0.84,0.71,208,129,265,118,245,110,426,169,1.42,0.0,6.38,Coventry City,COV
True,True,,,439668,0,0,-1,1,0.0,-3,"[{'offset': 0, 'projected_percent': '-5.1', 'likelihood': -1}, {'offset': 1, 'projected_percent': '-36.9', 'likelihood': -2}, {'offset': 2, 'projected_percent': '-68.8', 'likelihood': -3}]",,False,0,3,0.0,0.0,0,Josh,0.0,187,False,,,4.9,439668.jpg,0.0,False,Eccles,0.0,False,,a,7,9,0,536,33,777,74,0.0,0.0,Eccles,,241.0,2018-07-01,2000-04-06,False,p439668,0,0,0,0,0,0,0,0,0,0,0,0,0,0.0,0.0,0.0,0.0,0,0,0,0,0,0.00,0.00,0.00,0.00,,,,,,,[],,504,197,505,205,453,165,514,202,0.0,0.0,0.0,0.0,0.0,0.0,397,242,540,217,540,217,583,242,0.0,0.0,0.0,Coventry City,COV
True,True,,,226965,0,0,-1,1,-17.6,-16,"[{'offset': 0, 'projected_percent': '-20.7', 'likelihood': -2}, {'offset': 1, 'projected_percent': '-38.3', 'likelihood': -2}, {'offset': 2, 'projected_percent': '-56.0', 'likelihood': -3}]",,False,0,3,0.7,0.7,0,Victor,0.7,188,False,,,5.4,226965.jpg,1.0,False,Torp,0.1,False,,a,7,9,2,671,22,5197,401,0.1,0.4,Torp,,58.0,2024-01-11,1999-07-30,False,p226965,47,0,0,0,1,0,0,0,0,0,0,0,10,6.8,20.0,0.0,2.6,1,2,0,3,0,0.00,0.12,0.12,1.01,2.0,,2.0,,2.0,,[],,255,113,128,77,567,233,229,102,0.0,0.0,0.23,0.23,1.93,1.91,206,127,317,145,330,148,400,152,0.0,0.0,5.74,Coventry City,COV
True,True,,,684268,0,0,0,0,-57.1,-15,"[{'offset': 0, 'projected_percent': '-58.5', 'likelihood': -3}, {'offset': 1, 'projected_percent': '-66.5', 'likelihood': -3}, {'offset': 2, 'projected_percent': '-74.4', 'likelihood': -3}]",,False,0,3,0.0,0.0,0,George,0.0,189,False,,,4.5,684268.jpg,0.0,False,Shepherd,0.3,False,,a,7,9,0,3160,450,7683,773,0.0,0.0,Shepherd,,,,,False,p684268,0,0,0,0,0,0,0,0,0,0,0,0,0,0.0,0.0,0.0,0.0,0,0,0,0,0,0.00,0.00,0.00,0.00,,,,,,,[],,489,187,489,195,434,153,498,191,0.0,0.0,0.0,0.0,0.0,0.0,567,290,527,208,527,208,312,111,0.0,0.0,0.0,Coventry City,COV
True,True,,,469272,0,0,0,0,-83.7,-12,"[{'offset': 0, 'projected_percent': '-86.0', 'likelihood': -3}, {'offset': 1, 'projected_percent': '-99.3', 'likelihood': -4}, {'offset': 2, 'projected_percent': '-112.6', 'likelihood': -5}]",,False,0,3,1.3,1.3,1,Loum,1.3,190,False,,,5.5,469272.jpg,1.3,False,Tchaouna,0.1,False,,a,7,9,4,2943,53,5562,359,0.2,0.7,Tchaouna,,73.0,2026-07-11,2003-09-08,False,p469272,166,0,0,0,3,0,0,0,0,0,0,0,27,8.8,24.5,8.0,4.2,5,9,1,15,2,0.19,0.18,0.37,2.73,5.0,,,,,,[],,240,100,108,65,159,78,190,85,0.1,0.0,0.1,0.2,1.48,1.63,165,99,231,105,256,115,404,154,1.08,0.0,8.13,Coventry City,COV
True,False,0.0,0.0,492498,0,0,0,0,0.0,-39,"[{'offset': 0, 'projected_percent': '0.0', 'likelihood': 0}, {'offset': 1, 'projected_percent': '0.0', 'likelihood': 0}, {'offset': 2, 'projected_percent': '0.0', 'likelihood': 0}]",,False,0,3,0.0,0.0,0,Raphael,0.0,191,False,Has joined Burton Albion on loan for the rest of the season,2026-09-02T15:44:14.868001Z,4.5,492498.jpg,0.0,False,Borges Rodrigues,0.1,False,,u,7,9,0,1943,0,6741,1180,0.0,0.0,Borges Rodrigues,,13.0,2024-07-01,2003-09-11,False,p492498,0,0,0,0,0,0,0,0,0,0,0,0,0,0.0,0.0,0.0,0.0,0,0,0,0,0,0.00,0.00,0.00,0.00,,,,,,,[],,439,168,441,177,383,135,449,173,0.0,0.0,0.0,0.0,0.0,0.0,511,269,480,190,480,190,396,149,0.0,0.0,0.0,Coventry City,COV
True,False,0.0,0.0,629397,0,0,0,0,0.0,-100,"[{'offset': 0, 'projected_percent': '0.0', 'likelihood': 0}, {'offset': 1, 'projected_percent': '0.0', 'likelihood': 0}, {'offset': 2, 'projected_percent': '0.0', 'likelihood': 0}]",,False,0,3,0.0,0.0,0,Kai,0.0,192,False,Has joined Oxford United on loan for the rest of the season,2026-08-29T00:35:59.998520Z,4.5,629397.jpg,0.0,False,Andrews,0.4,False,,u,7,9,0,2718,0,27412,2453,0.0,0.0,Andrews,,244.0,2023-08-11,2006-08-06,False,p629397,0,0,0,0,0,0,0,0,0,0,0,0,0,0.0,0.0,0.0,0.0,0,0,0,0,0,0.00,0.00,0.00,0.00,,,,,,,[],,483,184,483,192,428,150,492,188,0.0,0.0,0.0,0.0,0.0,0.0,561,287,521,205,521,205,268,90,0.0,0.0,0.0,Coventry City,COV
True,True,0.0,0.0,176412,0,0,-1,1,-16.7,-14,"[{'offset': 0, 'projected_percent': '-17.9', 'likelihood': -1}, {'offset': 1, 'projected_percent': '-25.0', 'likelihood': -2}, {'offset': 2, 'projected_percent': '-32.0', 'likelihood': -2}]",,False,0,4,0.0,0.0,0,Haji,0.0,193,False,Thigh injury - Unknown return date,2026-08-14T22:00:07.214508Z,5.4,176412.jpg,0.0,False,Wright,0.1,False,,i,7,9,0,410,57,9380,607,0.0,0.0,Wright,,229.0,2023-08-04,1998-03-27,False,p176412,0,0,0,0,0,0,0,0,0,0,0,0,0,0.0,0.0,0.0,0.0,0,0,0,0,0,0.00,0.00,0.00,0.00,,,,,1.0,,[],https://www.ccfc.co.uk/news/2026/august/19/head-coach-frank-lampard-provides-an-update-on-haji-wright/,582,60,589,65,562,62,590,65,0.0,0.0,0.0,0.0,0.0,0.0,198,47,607,71,607,71,427,61,0.0,0.0,0.0,Coventry City,COV
True,True,,,230730,0,0,0,0,3.4,5,"[{'offset': 0, 'projected_percent': '3.4', 'likelihood': 1}, {'offset': 1, 'projected_percent': '3.5', 'likelihood': 1}, {'offset': 2, 'projected_percent': '3.5', 'likelihood': 1}]",,False,0,4,1.3,1.3,1,Brandon,1.3,194,False,,,5.0,230730.jpg,1.3,False,Thomas-Asante,0.8,False,,a,7,9,4,34417,3434,28773,3386,0.3,0.8,Thomas-Asante,,81.0,2024-08-01,1998-12-29,False,p230730,120,0,0,0,4,0,0,0,0,0,0,0,20,5.8,3.1,2.0,1.1,6,5,0,11,1,0.00,0.02,0.02,3.24,,,,,4.0,,[],,263,24,228,32,232,36,293,35,0.0,0.0,0.02,0.02,2.43,3.0,285,54,224,21,253,29,213,35,0.75,0.0,8.25,Coventry City,COV
True,True,,,218997,0,0,0,0,0.6,-47,"[{'offset': 0, 'projected_percent': '0.5', 'likelihood': 1}, {'offset': 1, 'projected_percent': '-1.7', 'likelihood': -1}, {'offset': 2, 'projected_percent': '-9.3', 'likelihood': -1}]",,False,0,4,1.0,1.0,1,Ellis,1.0,195,False,,,5.0,218997.jpg,1.5,False,Simms,0.8,False,,a,7,9,3,31681,1688,35321,3717,0.2,0.6,Simms,,241.0,2023-07-07,2001-01-05,False,p218997,88,0,0,0,3,0,0,0,0,0,0,0,10,2.6,12.3,2.0,1.7,1,2,0,3,1,0.30,0.01,0.31,2.55,,,,,,,[],,305,32,166,16,230,35,271,32,0.31,0.0,0.01,0.32,2.61,3.07,275,52,257,29,240,27,207,32,1.02,0.0,3.07,Coventry City,COV
True,False,0.0,0.0,551262,0,0,0,0,0.0,0,"[{'offset': 0, 'projected_percent': '0.0', 'likelihood': 0}, {'offset': 1, 'projected_percent': '0.0', 'likelihood': 0}, {'offset': 2, 'projected_percent': '0.0', 'likelihood': 0}]",,False,0,4,0.0,0.0,0,Jahnoah,0.0,196,False,Has joined Shabab Al-Ahli Dubai permanently,2026-08-17T13:53:55.791223Z,5.0,551262.jpg,0.0,False,Markelo,0.0,False,,u,7,9,0,0,0,930,44,0.0,0.0,Markelo,,203.0,2026-01-27,2003-01-04,False,p551262,0,0,0,0,0,0,0,0,0,0,0,0,0,0.0,0.0,0.0,0.0,0,0,0,0,0,0.00,0.00,0.00,0.00,,,,,,,[],,571,55,579,60,546,57,579,60,0.0,0.0,0.0,0.0,0.0,0.0,355,61,597,66,597,66,608,76,0.0,0.0,0.0,Coventry City,COV
True,False,0.0,0.0,549653,0,0,0,0,0.0,0,"[{'offset': 0, 'projected_percent': '0.0', 'likelihood': 0}, {'offset': 1, 'projected_percent': '0.0', 'likelihood': 0}, {'offset': 2, 'projected_percent': '0.0', 'likelihood': 0}]",,False,0,4,0.0,0.0,0,Norman,0.0,197,False,Has joined KVC Westerlo on loan for the rest of the season,2026-07-28T12:58:50.001768Z,4.5,549653.jpg,0.0,False,Bassette,0.0,False,,u,7,9,0,0,0,1484,148,0.0,0.0,Bassette,,,,,False,p549653,0,0,0,0,0,0,0,0,0,0,0,0,0,0.0,0.0,0.0,0.0,0,0,0,0,0,0.00,0.00,0.00,0.00,,,,,,,[],,455,40,457,46,399,42,465,45,0.0,0.0,0.0,0.0,0.0,0.0,527,70,495,52,495,52,540,72,0.0,0.0,0.0,Coventry City,COV
True,True,,,210156,0,0,0,0,-80.3,19,"[{'offset': 0, 'projected_percent': '-79.6', 'likelihood': -3}, {'offset': 1, 'projected_percent': '-75.8', 'likelihood': -3}, {'offset': 2, 'projected_percent': '-71.9', 'likelihood': -3}]",,False,0,4,1.7,1.7,2,Taiwo,1.7,492,False,,,5.5,210156.jpg,1.7,False,Awoniyi,0.7,False,,a,7,9,5,15390,1894,29926,2477,0.3,0.9,Awoniyi,,157.0,2026-08-17,1997-08-12,False,p210156,180,0,0,0,2,0,0,0,0,0,0,0,16,10.0,25.0,65.0,10.0,3,6,0,9,2,1.24,0.03,1.27,2.18,,,,,5.0,,[],,234,20,104,9,16,7,69,11,0.62,0.0,0.02,0.64,1.09,1.0,143,37,211,19,236,26,233,39,1.0,0.0,4.5,Coventry City,COV
True,True,,,661888,0,0,0,0,-109.0,-48,"[{'offset': 0, 'projected_percent': '-115.0', 'likelihood': -5}, {'offset': 1, 'projected_percent': '-149.7', 'likelihood': -5}, {'offset': 2, 'projected_percent': '-184.4', 'likelihood': -5}]",,False,0,3,1.7,1.7,1,Caleb,1.7,575,False,,,5.0,661888.jpg,1.7,False,Yirenkyi,0.2,False,,a,7,9,5,1889,114,7688,897,0.3,1.0,Yirenkyi,,81.0,2026-08-07,2006-01-15,False,p661888,158,0,0,1,3,0,0,0,1,0,0,0,23,9.4,19.1,7.0,3.2,5,11,0,16,2,0.03,0.13,0.16,2.53,,,,,,,[],,235,98,131,80,174,85,214,95,0.02,0.0,0.07,0.09,1.44,1.71,376,228,206,93,233,102,343,125,1.14,0.57,9.11,Coventry City,COV
True,True,,,196100,0,0,0,0,-105.2,-12,"[{'offset': 0, 'projected_percent': '-107.7', 'likelihood': -5}, {'offset': 1, 'projected_percent': '-121.9', 'likelihood': -5}, {'offset': 2, 'projected_percent': '-136.0', 'likelihood': -5}]",,False,0,3,1.0,1.0,1,Gustavo,1.0,584,False,,,5.5,196100.jpg,1.0,False,Hamer,0.1,False,,a,7,9,3,587,48,4057,350,0.2,0.5,Hamer,,152.0,2026-08-11,1997-06-24,False,p196100,32,0,0,0,1,0,0,0,0,0,0,0,6,0.6,1.8,0.0,0.3,0,2,1,3,0,0.00,0.02,0.02,0.82,3.0,,,,,,[],,330,151,257,134,592,247,330,153,0.0,0.0,0.06,0.06,2.31,2.81,133,81,269,121,343,156,412,160,0.0,0.0,8.44,Coventry City,COV
True,True,,,627221,0,0,0,0,-4.9,-2,"[{'offset': 0, 'projected_percent': '-5.5', 'likelihood': -1}, {'offset': 1, 'projected_percent': '-8.8', 'likelihood': -1}, {'offset': 2, 'projected_percent': '-12.0', 'likelihood': -1}]",,False,0,4,0.0,0.0,0,Sidiki,0.0,599,False,,,5.0,627221.jpg,0.0,False,Cherif,0.1,False,,a,7,9,0,4351,400,4205,450,0.0,0.0,Cherif,,73.0,2026-08-19,2006-12-15,False,p627221,0,0,0,0,0,0,0,0,0,0,0,0,0,0.0,0.0,0.0,0.0,0,0,0,0,0,0.00,0.00,0.00,0.00,,,,,,,[],,577,57,584,62,555,59,585,62,0.0,0.0,0.0,0.0,0.0,0.0,371,63,602,68,602,68,425,60,0.0,0.0,0.0,Coventry City,COV
True,True,,,79602,0,0,0,0,0.0,0,"[{'offset': 0, 'projected_percent': '0.0', 'likelihood': 0}, {'offset': 1, 'projected_percent': '0.0', 'likelihood': 0}, {'offset': 2, 'projected_percent': '0.0', 'likelihood': 0}]",2026-09-11T19:08:56.427340Z,False,0,1,0.0,0.0,0,Dan,0.0,623,False,,,4.0,79602.jpg,0.0,False,Bentley,0.3,False,,a,7,9,0,26467,6387,3671,844,0.0,0.0,Bentley,,241.0,2026-08-21,1993-07-13,False,p79602,0,0,0,0,0,0,0,0,0,0,0,0,0,0.0,0.0,0.0,0.0,0,0,0,0,0,0.00,0.00,0.00,0.00,,,,,,,[],,345,28,335,7,257,6,354,28,0.0,0.0,0.0,0.0,0.0,0.0,582,54,392,28,392,28,306,38,0.0,0.0,0.0,Coventry City,COV
True,True,,,485337,0,0,0,0,-51.5,5,"[{'offset': 0, 'projected_percent': '-48.6', 'likelihood': -3}, {'offset': 1, 'projected_percent': '-31.5', 'likelihood': -2}, {'offset': 2, 'projected_percent': '-14.4', 'likelihood': -1}]",,False,0,3,0.7,0.7,0,Evann,0.7,42,False,,,5.5,485337.jpg,1.0,False,Guessand,0.0,False,,a,8,31,2,1363,324,1911,310,0.1,0.4,Guessand,,54.0,2026-08-12,2001-07-01,False,p485337,54,0,0,0,1,0,0,0,0,0,0,0,6,5.4,2.1,7.0,1.5,1,0,1,2,0,0.03,0.03,0.06,0.34,,,,,,,"[{'property': 'loan_ineligible', 'notes': 'This player will not be available to face their parent club in Gameweek 34 as part of their loan conditions.', 'gameweek': 34, 'url': None}, {'property': 'loan_ineligible', 'notes': 'This player will not be available to face their parent club in Gameweek 14 as part of their loan conditions.', 'gameweek': 14, 'url': None}]",,266,119,247,129,180,89,277,124,0.05,0.0,0.05,0.1,0.57,1.67,171,104,322,147,347,158,503,205,0.0,0.0,3.33,Crystal Palace,CRY
True,True,,,220362,0,0,0,0,0.4,53,"[{'offset': 0, 'projected_percent': '0.5', 'likelihood': 1}, {'offset': 1, 'projected_percent': '1.2', 'likelihood': 1}, {'offset': 2, 'projected_percent': '1.9', 'likelihood': 1}]",,False,0,2,1.3,1.3,3,Axel,1.3,153,False,,,4.5,220362.jpg,2.0,False,Disasi,0.1,False,,a,8,31,4,3152,1116,2281,425,0.3,0.9,Disasi,,73.0,2026-08-26,1998-03-11,False,p220362,106,0,0,0,3,0,0,0,0,0,0,0,12,1.2,0.0,0.0,0.1,9,9,5,14,1,0.00,0.04,0.04,3.34,,,,,,,"[{'property': 'loan_ineligible', 'notes': 'This player will not be available to face their parent club in Gameweek 13 as part of their loan conditions.', 'gameweek': 13, 'url': None}, {'property': 'loan_ineligible', 'notes': 'This player will not be available to face their parent club in Gameweek 20 as part of their loan conditions.', 'gameweek': 20, 'url': None}]",,321,119,414,166,350,150,341,122,0.0,0.0,0.03,0.03,2.84,2.55,463,103,218,80,192,75,457,162,0.85,0.0,11.89,Crystal Palace,CRY
True,True,100.0,100.0,172649,0,0,0,0,-10.4,115,"[{'offset': 0, 'projected_percent': '-8.9', 'likelihood': -1}, {'offset': 1, 'projected_percent': '-0.3', 'likelihood': -1}, {'offset': 2, 'projected_percent': '1.5', 'likelihood': 1}]",,False,0,1,1.7,1.7,2,Dean,1.7,198,False,,2026-08-20T14:00:08.018379Z,5.0,172649.jpg,1.7,False,Henderson,1.9,False,,a,8,31,5,27318,6407,36193,4084,0.3,1.0,Henderson,Dean Henderson,241.0,2023-08-31,1997-03-12,False,p172649,270,0,0,0,8,0,0,0,0,0,12,0,37,58.4,0.0,0.0,5.8,6,31,0,0,3,0.00,0.00,0.00,6.47,,,,,,,[],,34,6,530,59,486,59,149,6,0.0,4.0,0.0,0.0,2.16,2.67,258,9,203,19,230,20,132,19,1.0,0.0,0.0,Crystal Palace,CRY
True,True,,,121709,0,0,0,0,-56.3,-2,"[{'offset': 0, 'projected_percent': '-56.9', 'likelihood': -3}, {'offset': 1, 'projected_percent': '-59.8', 'likelihood': -3}, {'offset': 2, 'projected_percent': '-62.8', 'likelihood': -3}]",,False,0,1,0.0,0.0,0,Walter,0.0,199,False,,,4.5,121709.jpg,0.0,False,Benítez,0.1,False,,a,8,31,0,1278,162,2936,266,0.0,0.0,Benitez,,10.0,2025-07-01,1993-01-19,False,p121709,0,0,0,0,0,0,0,0,0,0,0,0,0,0.0,0.0,0.0,0.0,0,0,0,0,0,0.00,0.00,0.00,0.00,,,,,,,[],,406,51,400,32,334,31,416,51,0.0,0.0,0.0,0.0,0.0,0.0,438,30,451,51,451,51,416,47,0.0,0.0,0.0,Crystal Palace,CRY
True,True,,,427623,0,0,0,0,-40.3,20,"[{'offset': 0, 'projected_percent': '-39.6', 'likelihood': -2}, {'offset': 1, 'projected_percent': '-35.5', 'likelihood': -2}, {'offset': 2, 'projected_percent': '-31.3', 'likelihood': -2}]",,False,0,2,1.3,1.3,1,Chris,1.3,202,False,,,5.0,427623.jpg,1.3,False,Richards,0.7,False,,a,8,31,4,11858,1905,19783,2158,0.3,0.8,Richards,,229.0,2022-07-27,2000-03-28,False,p427623,270,0,0,0,8,0,0,0,0,0,0,0,17,57.6,0.8,17.0,7.5,26,7,5,31,3,0.08,0.00,0.08,6.47,,,,,,,[],,36,12,290,107,101,29,111,39,0.03,0.0,0.0,0.03,2.16,2.67,292,50,225,85,254,91,235,86,1.0,0.0,10.33,Crystal Palace,CRY
True,True,,,651426,0,0,-1,1,-7.0,-17,"[{'offset': 0, 'projected_percent': '-8.7', 'likelihood': -1}, {'offset': 1, 'projected_percent': '-18.0', 'likelihood': -1}, {'offset': 2, 'projected_percent': '-27.4', 'likelihood': -2}]",,False,0,2,0.7,0.7,1,Jaydee,0.7,203,False,,,4.9,651426.jpg,0.7,False,Canvot,0.3,False,,a,8,31,2,3179,650,10845,1059,0.1,0.4,Canvot,,73.0,2025-09-01,2006-07-29,False,p651426,270,0,0,0,8,0,0,0,0,0,0,0,12,50.2,6.2,5.0,6.1,17,6,7,24,3,0.05,0.01,0.06,6.47,,,,,,,[],,54,17,201,65,194,68,143,54,0.02,0.0,0.0,0.02,2.16,2.67,419,78,302,112,376,132,316,115,1.0,0.0,8.0,Crystal Palace,CRY
True,True,,,244723,0,0,0,0,-39.6,2311,"[{'offset': 0, 'projected_percent': '-28.8', 'likelihood': -2}, {'offset': 1, 'projected_percent': '16.4', 'likelihood': 1}, {'offset': 2, 'projected_percent': '46.9', 'likelihood': 3}]",,False,1,2,5.3,5.3,15,Tyrick,5.3,204,False,,,4.5,244723.jpg,5.3,False,Mitchell,5.1,False,,a,8,31,16,67812,52796,136336,8414,1.2,3.6,Mitchell,,241.0,2019-12-15,1999-09-01,False,p244723,253,2,0,0,8,0,0,0,0,0,0,2,32,23.2,35.4,9.0,6.7,10,7,6,16,3,0.77,0.18,0.95,5.90,,,,,,,[],,163,75,61,15,152,50,127,46,0.27,0.0,0.06,0.33,2.1,2.85,481,116,40,17,45,19,72,30,1.07,0.0,5.69,Crystal Palace,CRY
True,False,0.0,0.0,218364,0,0,0,0,0.0,-8,"[{'offset': 0, 'projected_percent': '0.0', 'likelihood': 0}, {'offset': 1, 'projected_percent': '0.0', 'likelihood': 0}, {'offset': 2, 'projected_percent': '0.0', 'likelihood': 0}]",,False,0,2,0.0,0.0,0,Borna,0.0,205,False,Has joined FC Cologne on loan for the rest of the season,2026-09-02T16:03:25.710518Z,4.5,218364.jpg,0.0,False,Sosa,0.0,False,,u,8,31,0,236,0,1338,282,0.0,0.0,Sosa,,97.0,2025-07-11,1998-01-21,False,p218364,0,0,0,0,0,0,0,0,0,0,0,0,0,0.0,0.0,0.0,0.0,0,0,0,0,0,0.00,0.00,0.00,0.00,,,,,,,[],,418,166,413,165,349,149,428,166,0.0,0.0,0.0,0.0,0.0,0.0,462,102,460,174,460,174,562,193,0.0,0.0,0.0,Crystal Palace,CRY
True,True,0.0,0.0,515621,0,0,-1,1,-33.7,-13,"[{'offset': 0, 'projected_percent': '-37.6', 'likelihood': -2}, {'offset': 1, 'projected_percent': '-60.0', 'likelihood': -3}, {'offset': 2, 'projected_percent': '-82.4', 'likelihood': -3}]",,False,0,2,0.0,0.0,0,Chadi,0.3,206,False,Knee injury - Unknown return date,2026-08-22T18:00:07.352049Z,4.4,515621.jpg,1.0,False,Riad Dnanou,0.0,False,,i,8,31,1,525,12,4686,227,0.1,0.2,Chadi Riad,,145.0,2024-07-02,2003-06-17,False,p515621,72,0,0,0,2,0,0,0,0,0,0,0,7,12.6,1.3,0.0,1.4,6,3,1,7,1,0.00,0.01,0.01,0.98,,,,,,,[],https://www.cpfc.co.uk/news/first-team/press-conference-team-news-crystal-palace-manchester-city-august-2026/,220,90,269,95,321,138,280,101,0.0,0.0,0.01,0.01,1.22,2.5,574,157,339,122,274,103,543,189,1.25,0.0,8.75,Crystal Palace,CRY
True,True,,,242313,0,0,-1,1,-2.4,-9,"[{'offset': 0, 'projected_percent': '-5.3', 'likelihood': -1}, {'offset': 1, 'projected_percent': '-22.6', 'likelihood': -2}, {'offset': 2, 'projected_percent': '-39.8', 'likelihood': -2}]",,False,0,2,0.7,0.7,1,Oscar,0.7,207,False,,,4.4,242313.jpg,1.0,False,Mingueza,0.1,False,,a,8,31,2,1176,207,2859,268,0.2,0.5,Mingueza,,200.0,2026-07-09,1999-05-13,False,p242313,16,0,0,0,1,0,0,0,0,0,0,0,5,2.2,0.1,0.0,0.2,0,1,2,2,0,0.00,0.00,0.00,0.33,,,,,,,[],,306,115,325,120,320,137,331,118,0.0,0.0,0.0,0.0,1.86,5.62,573,156,288,103,273,102,473,168,0.0,0.0,11.25,Crystal Palace,CRY
True,True,0.0,0.0,232185,0,0,-2,2,-40.7,-504,"[{'offset': 0, 'projected_percent': '-45.1', 'likelihood': -3}, {'offset': 1, 'projected_percent': '-70.2', 'likelihood': -3}, {'offset': 2, 'projected_percent': '-95.3', 'likelihood': -4}]",,False,0,3,0.0,0.0,0,Ismaïla,0.0,208,False,Groin injury - Unknown return date,2026-08-22T18:00:07.363165Z,6.3,232185.jpg,0.0,False,Sarr,1.0,False,,i,8,31,0,2496,64,335729,10722,0.0,0.0,Sarr,Ismaïla Sarr,189.0,2024-08-01,1998-02-25,False,p232185,0,0,0,0,0,0,0,0,0,0,0,0,0,0.0,0.0,0.0,0.0,0,0,0,0,0,0.00,0.00,0.00,0.00,,,,,2.0,,[],https://www.cpfc.co.uk/news/first-team/press-conference-team-news-crystal-palace-manchester-city-august-2026/,643,284,643,284,639,280,643,284,0.0,0.0,0.0,0.0,0.0,0.0,54,38,645,285,645,285,194,61,0.0,0.0,0.0,Crystal Palace,CRY
True,True,100.0,100.0,496221,0,0,0,0,-13.1,30,"[{'offset': 0, 'projected_percent': '-12.3', 'likelihood': -1}, {'offset': 1, 'projected_percent': '-7.5', 'likelihood': -1}, {'offset': 2, 'projected_percent': '-2.8', 'likelihood': -1}]",,False,0,3,2.7,2.7,2,Adam,2.7,210,False,,2026-07-23T12:01:23.498963Z,5.5,496221.jpg,2.7,False,Wharton,0.9,False,,a,8,31,8,19433,2647,24229,2709,0.5,1.5,Wharton,,241.0,2024-02-01,2004-02-06,False,p496221,270,0,0,0,8,0,0,0,0,0,0,0,51,33.0,55.6,0.0,8.9,11,11,7,29,3,0.00,0.32,0.32,6.47,2.0,,,,,,[],,126,47,24,21,607,260,81,46,0.0,0.0,0.11,0.11,2.16,2.67,174,106,137,58,152,63,205,64,1.0,0.0,9.67,Crystal Palace,CRY
True,True,,,488024,0,0,0,0,2.2,179,"[{'offset': 0, 'projected_percent': '2.6', 'likelihood': 1}, {'offset': 1, 'projected_percent': '4.9', 'likelihood': 1}, {'offset': 2, 'projected_percent': '7.3', 'likelihood': 1}]",,False,0,3,3.7,3.7,5,Yéremy,3.7,211,False,,,5.5,488024.jpg,3.7,False,Pino Santos,0.3,False,,a,8,31,11,11375,5610,6113,1073,0.7,2.0,Yeremy,,200.0,2025-08-29,2002-10-20,False,p488024,190,0,2,0,5,0,0,0,0,0,0,0,56,12.8,40.5,15.0,6.8,3,12,5,20,2,0.36,0.39,0.75,5.29,1.0,,1.0,,,,[],,219,89,49,39,117,60,125,63,0.17,0.0,0.18,0.35,2.51,2.37,172,105,90,42,98,44,309,108,0.95,0.0,9.47,Crystal Palace,CRY
True,True,,,108413,0,0,0,0,-65.1,-562,"[{'offset': 0, 'projected_percent': '-66.6', 'likelihood': -3}, {'offset': 1, 'projected_percent': '-75.0', 'likelihood': -3}, {'offset': 2, 'projected_percent': '-83.3', 'likelihood': -3}]",,False,0,3,0.3,0.3,1,Will,0.3,212,False,,,4.5,108413.jpg,1.0,False,Hughes,9.2,False,,a,8,31,1,65836,8066,249757,25966,0.1,0.2,Hughes,,241.0,2021-08-28,1995-04-17,False,p108413,16,0,0,0,0,0,0,0,0,0,0,0,3,0.0,0.0,0.0,0.0,2,1,0,3,0,0.00,0.00,0.00,0.57,4.0,,,,,,[],,403,159,397,168,331,125,413,164,0.0,0.0,0.0,0.0,3.21,0.0,435,258,342,156,277,119,46,18,0.0,0.0,16.88,Crystal Palace,CRY
True,True,,,152551,0,0,-1,1,-11.9,-11,"[{'offset': 0, 'projected_percent': '-15.0', 'likelihood': -1}, {'offset': 1, 'projected_percent': '-32.3', 'likelihood': -2}, {'offset': 2, 'projected_percent': '-49.7', 'likelihood': -3}]",,False,0,3,0.0,0.0,0,Jefferson,0.0,213,False,,,4.9,152551.jpg,0.0,False,Lerma Solís,0.1,False,,a,8,31,0,802,102,3494,302,0.0,0.0,Lerma,,48.0,2023-07-01,1994-10-25,False,p152551,0,0,0,0,0,0,0,0,0,0,0,0,0,0.0,0.0,0.0,0.0,0,0,0,0,0,0.00,0.00,0.00,0.00,,,,,,,[],,495,190,496,198,441,156,504,194,0.0,0.0,0.0,0.0,0.0,0.0,382,231,533,211,533,211,439,172,0.0,0.0,0.0,Crystal Palace,CRY
True,True,,,209400,0,0,0,0,0.4,115,"[{'offset': 0, 'projected_percent': '0.7', 'likelihood': 1}, {'offset': 1, 'projected_percent': '2.2', 'likelihood': 1}, {'offset': 2, 'projected_percent': '3.7', 'likelihood': 1}]",,False,0,3,3.3,3.3,5,Daichi,3.3,214,False,,,5.0,209400.jpg,3.3,False,Kamada,0.3,False,,a,8,31,10,9519,3282,8753,1107,0.7,2.0,Kamada,,108.0,2024-07-01,1996-08-05,False,p209400,268,0,1,0,8,0,0,0,1,0,0,0,67,38.0,32.1,7.0,7.7,4,14,9,27,3,0.05,0.30,0.35,6.34,3.0,,,,,,[],,104,38,74,48,169,82,106,54,0.02,0.0,0.1,0.12,2.13,2.69,269,167,98,46,109,48,298,103,1.01,0.0,9.07,Crystal Palace,CRY
True,False,0.0,0.0,489706,0,0,0,0,0.0,-3,"[{'offset': 0, 'projected_percent': '0.0', 'likelihood': 0}, {'offset': 1, 'projected_percent': '0.0', 'likelihood': 0}, {'offset': 2, 'projected_percent': '0.0', 'likelihood': 0}]",,False,0,3,0.0,0.0,0,Justin,0.0,215,False,Has joined Stoke City permanently,2026-09-02T15:41:07.346849Z,5.0,489706.jpg,0.0,False,Devenny,0.0,False,,u,8,31,0,132,0,632,118,0.0,0.0,Devenny,,242.0,2024-03-13,2003-10-11,False,p489706,0,0,0,0,0,0,0,0,0,0,0,0,0,0.0,0.0,0.0,0.0,0,0,0,0,0,0.00,0.00,0.00,0.00,,,2.0,,3.0,,[],,552,225,559,232,522,203,560,228,0.0,0.0,0.0,0.0,0.0,0.0,319,189,580,241,580,241,612,261,0.0,0.0,0.0,Crystal Palace,CRY
True,False,0.0,0.0,606921,0,0,0,0,0.0,-17,"[{'offset': 0, 'projected_percent': '0.0', 'likelihood': 0}, {'offset': 1, 'projected_percent': '0.0', 'likelihood': 0}, {'offset': 2, 'projected_percent': '0.0', 'likelihood': 0}]",,False,0,3,0.0,0.0,0,Romain,0.0,216,False,Has joined Millwall on loan for the rest of the season,2026-09-02T15:41:07.376544Z,5.0,606921.jpg,0.0,False,Esse,0.0,False,,u,8,31,0,399,0,2148,405,0.0,0.0,Esse,,241.0,2025-01-18,2005-05-13,False,p606921,0,0,0,0,0,0,0,0,0,0,0,0,0,0.0,0.0,0.0,0.0,0,0,0,0,0,0.00,0.00,0.00,0.00,,,,,,,[],,574,241,581,247,551,224,582,244,0.0,0.0,0.0,0.0,0.0,0.0,363,221,599,254,599,254,550,224,0.0,0.0,0.0,Crystal Palace,CRY
True,True,,,536694,0,0,-1,1,-31.7,-12,"[{'offset': 0, 'projected_percent': '-44.0', 'likelihood': -3}, {'offset': 1, 'projected_percent': '-115.0', 'likelihood': -5}, {'offset': 2, 'projected_percent': '-185.9', 'likelihood': -5}]",,False,0,3,0.0,0.0,0,Matheus,0.0,217,False,,,4.9,536694.jpg,0.0,False,França de Oliveira,0.0,False,,a,8,31,0,971,21,2031,211,0.0,0.0,M.França,Matheus França,30.0,2023-08-05,2004-04-01,False,p536694,0,0,0,0,0,0,0,0,0,0,0,0,0,0.0,0.0,0.0,0.0,0,0,0,0,0,0.00,0.00,0.00,0.00,,,,,,,[],,512,201,513,209,461,169,522,206,0.0,0.0,0.0,0.0,0.0,0.0,411,249,547,221,547,221,557,229,0.0,0.0,0.0,Crystal Palace,CRY
True,True,,,438464,0,0,-1,1,-3.0,-7,"[{'offset': 0, 'projected_percent': '-5.7', 'likelihood': -1}, {'offset': 1, 'projected_percent': '-21.2', 'likelihood': -2}, {'offset': 2, 'projected_percent': '-36.8', 'likelihood': -2}]",,False,0,3,0.0,0.0,0,Cheick,0.0,218,False,,,4.9,438464.jpg,0.0,False,Doucouré,0.1,False,,a,8,31,0,1393,161,2641,262,0.0,0.0,Doucouré,,132.0,2022-07-11,2000-01-08,False,p438464,0,0,0,0,0,0,0,0,0,0,0,0,0,0.0,0.0,0.0,0.0,0,0,0,0,0,0.00,0.00,0.00,0.00,,,,,,,[],,503,196,504,204,452,164,513,201,0.0,0.0,0.0,0.0,0.0,0.0,396,241,539,216,539,216,486,194,0.0,0.0,0.0,Crystal Palace,CRY
True,True,,,450542,0,0,0,0,-85.3,0,"[{'offset': 0, 'projected_percent': '-85.3', 'likelihood': -3}, {'offset': 1, 'projected_percent': '-85.3', 'likelihood': -3}, {'offset': 2, 'projected_percent': '-85.3', 'likelihood': -3}]",,False,0,3,0.0,0.0,0,Jesurun,0.0,219,False,,,5.0,450542.jpg,0.0,False,Rak-Sakyi,0.0,False,,a,8,31,0,112,22,225,24,0.0,0.0,J.Rak-Sakyi,,81.0,2021-04-09,2002-10-05,False,p450542,0,0,0,0,0,0,0,0,0,0,0,0,0,0.0,0.0,0.0,0.0,0,0,0,0,0,0.00,0.00,0.00,0.00,,,,,,,[],,544,221,549,228,510,198,552,224,0.0,0.0,0.0,0.0,0.0,0.0,301,181,572,237,572,237,625,269,0.0,0.0,0.0,Crystal Palace,CRY
True,False,0.0,0.0,590014,0,0,0,0,0.0,0,"[{'offset': 0, 'projected_percent': '0.0', 'likelihood': 0}, {'offset': 1, 'projected_percent': '0.0', 'likelihood': 0}, {'offset': 2, 'projected_percent': '0.0', 'likelihood': 0}]",,False,0,2,0.0,0.0,0,Rio,0.0,220,False,Has joined Bristol City on loan for the rest of the season,2026-08-12T14:08:46.501813Z,4.5,590014.jpg,0.0,False,Cardines,0.0,False,,u,8,31,0,0,0,111,7,0.0,0.0,Cardines,,217.0,2025-07-24,2006-07-01,False,p590014,0,0,0,0,0,0,0,0,0,0,0,0,0,0.0,0.0,0.0,0.0,0,0,0,0,0,0.00,0.00,0.00,0.00,,,,,,,[],,468,186,469,187,413,177,478,186,0.0,0.0,0.0,0.0,0.0,0.0,544,146,507,192,507,192,648,214,0.0,0.0,0.0,Crystal Palace,CRY
True,True,,,672492,0,0,0,0,-24.2,4,"[{'offset': 0, 'projected_percent': '-23.0', 'likelihood': -2}, {'offset': 1, 'projected_percent': '-16.2', 'likelihood': -1}, {'offset': 2, 'projected_percent': '-9.4', 'likelihood': -1}]",,False,0,3,0.0,0.0,0,Joél,0.0,221,False,,,4.5,672492.jpg,0.0,False,Drakes-Thomas,0.1,False,,a,8,31,0,1646,308,2443,264,0.0,0.0,Drakes-Thomas,,241.0,2025-12-10,2009-06-09,False,p672492,0,0,0,0,0,0,0,0,0,0,0,0,0,0.0,0.0,0.0,0.0,0,0,0,0,0,0.00,0.00,0.00,0.00,,,,,,,[],,488,186,488,194,433,152,497,190,0.0,0.0,0.0,0.0,0.0,0.0,566,289,526,207,526,207,456,181,0.0,0.0,0.0,Crystal Palace,CRY
True,True,,,247412,0,0,0,0,-55.9,18,"[{'offset': 0, 'projected_percent': '-55.0', 'likelihood': -3}, {'offset': 1, 'projected_percent': '-49.9', 'likelihood': -3}, {'offset': 2, 'projected_percent': '-44.8', 'likelihood': -3}]",,False,0,4,1.3,1.3,1,Jørgen,1.3,222,False,,,6.0,247412.jpg,1.3,False,Strand Larsen,0.5,False,,a,8,31,4,11100,2066,18380,2104,0.2,0.7,Strand Larsen,,161.0,2026-02-02,2000-02-06,False,p247412,134,0,0,0,3,0,0,0,0,0,0,0,20,6.2,3.8,21.0,3.2,3,4,1,8,1,0.30,0.01,0.31,3.69,,,,,,,[],,260,22,219,30,88,19,215,24,0.2,0.0,0.01,0.21,2.48,2.01,69,15,236,25,259,31,252,42,0.67,0.0,5.37,Crystal Palace,CRY
True,True,0.0,0.0,231747,0,0,-1,1,-48.2,-1067,"[{'offset': 0, 'projected_percent': '-52.5', 'likelihood': -3}, {'offset': 1, 'projected_percent': '-77.0', 'likelihood': -3}, {'offset': 2, 'projected_percent': '-101.6', 'likelihood': -5}]",,False,0,4,0.0,0.0,0,Jean-Philippe,0.7,223,False,Hamstring injury - Expected back 11 Oct,2026-08-28T21:00:08.020382Z,6.4,231747.jpg,2.0,False,Mateta,2.2,False,,i,8,31,2,25289,111,365741,22780,0.1,0.3,Mateta,,73.0,2022-01-31,1997-06-28,False,p231747,62,0,0,0,2,0,0,0,0,0,0,0,-3,1.4,12.3,11.0,2.5,1,2,2,5,1,0.70,0.02,0.72,0.98,,,,,1.0,,[],,319,35,167,17,144,27,237,27,1.02,0.0,0.03,1.05,1.42,2.9,50,12,329,41,220,23,122,18,1.45,0.0,7.26,Crystal Palace,CRY
True,True,,,205533,0,0,0,0,3.6,270,"[{'offset': 0, 'projected_percent': '4.3', 'likelihood': 1}, {'offset': 1, 'projected_percent': '7.8', 'likelihood': 1}, {'offset': 2, 'projected_percent': '11.4', 'likelihood': 1}]",,False,0,4,2.3,2.3,4,Eddie,2.3,224,False,,,5.5,205533.jpg,2.3,False,Nketiah,0.6,False,,a,8,31,7,22455,7318,15946,1882,0.4,1.3,Nketiah,,241.0,2024-08-30,1999-05-30,False,p205533,167,0,1,0,7,0,0,0,0,0,0,0,36,13.0,35.1,31.0,7.9,2,5,4,11,3,1.10,0.58,1.68,4.45,,,,,,,[],,216,19,62,3,63,14,103,14,0.59,0.0,0.31,0.9,2.4,3.77,140,36,161,14,178,19,241,40,1.62,0.0,5.93,Crystal Palace,CRY
True,False,0.0,0.0,660392,0,0,0,0,0.0,0,"[{'offset': 0, 'projected_percent': '0.0', 'likelihood': 0}, {'offset': 1, 'projected_percent': '0.0', 'likelihood': 0}, {'offset': 2, 'projected_percent': '0.0', 'likelihood': 0}]",,False,0,4,0.0,0.0,0,Christantus,0.0,225,False,has returned to Getafe CF,2026-07-23T12:18:56.275922Z,5.0,660392.jpg,0.0,False,Uche,0.0,False,,u,8,31,0,0,0,0,0,0.0,0.0,Uche,,,,,False,p660392,0,0,0,0,0,0,0,0,0,0,0,0,0,0.0,0.0,0.0,0.0,0,0,0,0,0,0.00,0.00,0.00,0.00,,,,,,,[],,580,59,587,64,558,61,588,64,0.0,0.0,0.0,0.0,0.0,0.0,375,65,605,70,605,70,654,78,0.0,0.0,0.0,Crystal Palace,CRY
True,True,,,433154,-1,1,-1,1,-3.5,-25,"[{'offset': 0, 'projected_percent': '-6.0', 'likelihood': -1}, {'offset': 1, 'projected_percent': '-20.4', 'likelihood': -2}, {'offset': 2, 'projected_percent': '-34.9', 'likelihood': -2}]",,False,0,3,1.0,1.0,0,Dwight,1.0,241,False,,,5.4,433154.jpg,1.5,False,McNeil,0.1,False,,a,8,31,3,1145,133,4827,517,0.2,0.6,McNeil,,241.0,2026-08-11,1999-11-22,False,p433154,84,0,0,0,3,0,0,0,0,0,0,0,13,10.0,5.0,2.0,1.7,4,3,0,7,1,0.05,0.02,0.07,1.18,,,,,,,[],,233,97,209,115,237,113,273,121,0.05,0.0,0.02,0.07,1.26,3.21,212,132,266,119,246,111,381,141,1.07,0.0,7.5,Crystal Palace,CRY
True,True,,,169593,0,0,0,0,0.0,-32,"[{'offset': 0, 'projected_percent': '-0.2', 'likelihood': -1}, {'offset': 1, 'projected_percent': '-2.6', 'likelihood': -1}, {'offset': 2, 'projected_percent': '-5.1', 'likelihood': -1}]",,False,0,1,0.0,0.0,0,Remi,0.0,555,False,,,4.0,169593.jpg,0.0,False,Matthews,1.8,False,,a,8,31,0,14898,1387,16924,2026,0.0,0.0,Matthews,,241.0,2021-07-13,1994-02-10,False,p169593,0,0,0,0,0,0,0,0,0,0,0,0,0,0.0,0.0,0.0,0.0,0,0,0,0,0,0.00,0.00,0.00,0.00,,,,,,,[],,355,35,347,14,269,13,365,35,0.0,0.0,0.0,0.0,0.0,0.0,596,61,402,35,402,35,137,20,0.0,0.0,0.0,Crystal Palace,CRY
True,True,,,223723,0,0,0,0,-50.6,-46,"[{'offset': 0, 'projected_percent': '-54.1', 'likelihood': -3}, {'offset': 1, 'projected_percent': '-74.0', 'likelihood': -3}, {'offset': 2, 'projected_percent': '-93.9', 'likelihood': -3}]",,False,0,2,0.7,0.7,0,Takehiro,0.7,577,False,,,4.5,223723.jpg,1.0,False,Tomiyasu,0.3,False,,a,8,31,2,2382,175,6939,842,0.2,0.4,Tomiyasu,,108.0,2026-08-06,1998-11-05,False,p223723,91,0,0,0,3,0,0,0,0,0,0,0,0,15.0,3.7,2.0,2.1,8,4,1,9,1,0.00,0.01,0.01,2.15,,,,,,,[],,206,87,221,70,218,80,251,93,0.0,0.0,0.01,0.01,2.13,2.97,467,106,291,105,281,108,291,108,0.99,0.0,8.9,Crystal Palace,CRY
True,True,,,570794,0,0,0,0,1.3,60,"[{'offset': 0, 'projected_percent': '1.5', 'likelihood': 1}, {'offset': 1, 'projected_percent': '2.3', 'likelihood': 1}, {'offset': 2, 'projected_percent': '3.1', 'likelihood': 1}]",,False,0,2,2.0,2.0,3,Anan,2.0,588,False,,,5.0,570794.jpg,2.0,False,Khalaili,0.1,False,,a,8,31,6,6309,1799,2933,557,0.4,1.2,Khalaili,,105.0,2026-08-15,2004-09-03,False,p570794,199,0,0,0,5,0,0,0,1,0,0,0,27,50.4,28.0,7.0,8.6,16,11,17,33,2,0.74,0.17,0.91,5.42,,,,,,,[],,52,16,89,27,172,60,85,26,0.33,0.0,0.08,0.41,2.45,2.26,358,63,185,70,208,80,368,137,0.9,0.0,14.92,Crystal Palace,CRY
True,True,,,559152,0,0,0,0,-18.5,-2,"[{'offset': 0, 'projected_percent': '-21.1', 'likelihood': -2}, {'offset': 1, 'projected_percent': '-36.2', 'likelihood': -2}, {'offset': 2, 'projected_percent': '-51.3', 'likelihood': -3}]",,False,0,3,0.3,0.3,0,Zavier,0.3,595,False,,,5.0,559152.jpg,1.0,False,Gozo,0.0,False,,a,8,31,1,286,27,456,59,0.1,0.2,Gozo,,229.0,2026-08-18,2007-03-22,False,p559152,22,0,0,0,1,0,0,0,0,0,0,0,3,1.4,1.3,0.0,0.3,0,0,1,1,0,0.00,0.00,0.00,0.20,,,,,,,[],,318,144,275,141,548,221,328,151,0.0,0.0,0.0,0.0,0.82,4.09,357,217,365,169,323,142,586,244,0.0,0.0,4.09,Crystal Palace,CRY
True,True,,,605972,0,0,0,0,0.0,0,"[{'offset': 0, 'projected_percent': '0.0', 'likelihood': 0}, {'offset': 1, 'projected_percent': '0.0', 'likelihood': 0}, {'offset': 2, 'projected_percent': '0.0', 'likelihood': 0}]",2026-09-15T14:50:23.327748Z,False,0,2,1.8,1.8,0,Honest,0.0,633,False,,,4.5,605972.jpg,0.0,False,Ahanor,0.0,False,,a,8,31,0,322,105,62,30,0.0,0.0,Ahanor,,106.0,2026-09-01,2008-02-23,False,p605972,0,0,0,0,0,0,0,0,0,0,0,0,0,0.0,0.0,0.0,0.0,0,0,0,0,0,0.00,0.00,0.00,0.00,,,,,,,[],,476,187,477,188,421,178,486,187,0.0,0.0,0.0,0.0,0.0,0.0,552,147,515,193,515,193,631,209,0.0,0.0,0.0,Crystal Palace,CRY
True,True,,,172850,0,0,0,0,0.0,0,"[{'offset': 0, 'projected_percent': '0.0', 'likelihood': 0}, {'offset': 1, 'projected_percent': '0.0', 'likelihood': 0}, {'offset': 2, 'projected_percent': '0.0', 'likelihood': 0}]",2026-09-15T14:55:37.727840Z,False,0,2,1.8,1.8,7,Ben,7.0,643,False,,,4.5,172850.jpg,7.0,False,Chilwell,0.2,False,,a,8,31,7,8977,8214,839,755,1.6,1.6,Chilwell,,241.0,2026-09-01,1996-12-21,False,p172850,16,1,0,0,0,0,0,0,0,0,0,0,20,0.0,0.0,0.0,0.0,0,0,0,0,0,0.15,0.00,0.15,0.57,,,,,,,[],,413,164,408,163,342,145,423,164,0.84,0.0,0.0,0.84,3.21,0.0,450,93,17,8,18,8,349,129,0.0,0.0,0.0,Crystal Palace,CRY
True,True,,,450063,0,0,0,0,0.0,0,"[{'offset': 0, 'projected_percent': '0.0', 'likelihood': 0}, {'offset': 1, 'projected_percent': '0.0', 'likelihood': 0}, {'offset': 2, 'projected_percent': '0.0', 'likelihood': 0}]",2026-09-15T14:56:09.891874Z,False,0,3,1.5,1.5,2,Quinten,2.0,644,False,,,5.0,450063.jpg,2.0,False,Timber,0.0,False,,a,8,31,2,1239,583,210,110,0.4,0.4,Timber,,152.0,2026-09-01,2001-06-17,False,p450063,73,0,0,0,2,0,0,0,0,0,0,0,8,0.0,0.0,0.0,0.0,2,3,1,6,1,0.02,0.00,0.02,2.57,,,,,,,[],,543,220,548,227,509,197,551,223,0.02,0.0,0.0,0.02,3.17,2.47,300,180,181,80,204,87,588,245,1.23,0.0,7.4,Crystal Palace,CRY
True,True,,,533646,0,0,0,0,0.0,0,"[{'offset': 0, 'projected_percent': '0.0', 'likelihood': 0}, {'offset': 1, 'projected_percent': '0.0', 'likelihood': 0}, {'offset': 2, 'projected_percent': '0.0', 'likelihood': 0}]",2026-09-15T14:57:41.977276Z,False,0,3,2.0,2.0,1,Darío,1.0,647,False,,,5.5,533646.jpg,1.0,False,Osorio,0.0,False,,a,8,31,1,632,171,85,35,0.2,0.2,Osorio,,44.0,2026-09-01,2004-01-24,False,p533646,1,0,0,0,0,0,0,0,0,0,0,0,2,0.0,0.0,0.0,0.0,0,0,1,1,0,0.00,0.00,0.00,0.13,,,,,,,[],,615,267,619,268,609,261,620,268,0.0,0.0,0.0,0.0,11.7,0.0,179,110,273,123,348,159,618,264,0.0,0.0,90.0,Crystal Palace,CRY
True,True,0.0,0.0,128295,0,0,-1,1,-14.2,-21,"[{'offset': 0, 'projected_percent': '-17.1', 'likelihood': -1}, {'offset': 1, 'projected_percent': '-34.4', 'likelihood': -2}, {'offset': 2, 'projected_percent': '-51.7', 'likelihood': -3}]",,False,0,3,0.0,0.0,0,Christian,0.0,21,False,Groin injury - Unknown return date,2026-08-15T20:00:06.779594Z,4.9,128295.jpg,0.0,False,Nørgaard,0.1,False,,i,9,11,0,348,37,5404,367,0.0,0.0,Nørgaard,,58.0,2026-08-05,1994-03-10,False,p128295,0,0,0,0,0,0,0,0,0,0,0,0,0,0.0,0.0,0.0,0.0,0,0,0,0,0,0.00,0.00,0.00,0.00,,,,,,,[],https://www.evertonfc.com/news/2026/august/21/everton-team-news-for-2026-27-premier-league-opener/,494,189,495,197,440,155,503,193,0.0,0.0,0.0,0.0,0.0,0.0,381,230,532,210,532,210,483,192,0.0,0.0,0.0,Everton,EVE
True,True,,,242898,0,0,-1,1,-18.8,-19,"[{'offset': 0, 'projected_percent': '-22.3', 'likelihood': -2}, {'offset': 1, 'projected_percent': '-42.6', 'likelihood': -3}, {'offset': 2, 'projected_percent': '-62.9', 'likelihood': -3}]",,False,0,3,1.0,1.0,1,Brennan,1.0,209,False,,,5.9,242898.jpg,1.0,False,Johnson,0.1,False,,a,9,11,3,1904,386,6631,574,0.2,0.5,Johnson,,244.0,2026-08-11,2001-05-23,False,p242898,99,0,0,0,1,0,0,0,1,0,0,0,7,5.2,0.3,0.0,0.5,5,5,2,12,1,0.05,0.04,0.09,2.28,,,,,,,[],,273,125,321,163,622,268,313,144,0.05,0.0,0.04,0.09,2.07,0.91,96,61,278,126,356,164,397,150,0.91,0.0,10.91,Everton,EVE
True,True,,,111234,0,0,0,0,6.2,-207,"[{'offset': 0, 'projected_percent': '5.8', 'likelihood': 1}, {'offset': 1, 'projected_percent': '3.0', 'likelihood': 1}, {'offset': 2, 'projected_percent': '0.3', 'likelihood': 1}]",,False,0,1,3.7,3.7,1,Jordan,3.7,226,False,,,5.5,111234.jpg,3.7,False,Pickford,8.7,False,,a,9,11,11,135834,15817,126649,16535,0.7,2.0,Pickford,,241.0,2017-07-01,1994-03-07,False,p111234,270,0,0,1,3,0,0,0,0,0,9,0,62,63.4,0.0,0.0,6.4,4,35,0,0,3,0.00,0.02,0.02,4.84,,,,,,,[],,24,3,606,68,587,68,139,3,0.0,3.0,0.01,0.01,1.61,1.0,124,2,88,6,96,6,48,6,1.0,0.33,0.0,Everton,EVE
True,True,,,229600,0,0,0,0,-52.1,-7,"[{'offset': 0, 'projected_percent': '-57.1', 'likelihood': -3}, {'offset': 1, 'projected_percent': '-85.9', 'likelihood': -3}, {'offset': 2, 'projected_percent': '-114.7', 'likelihood': -5}]",,False,0,1,0.0,0.0,0,Mark,0.0,227,False,,,5.0,229600.jpg,0.0,False,Travers,0.0,False,,a,9,11,0,668,96,1062,101,0.0,0.0,Travers,,104.0,2025-07-15,1999-05-18,False,p229600,0,0,0,0,0,0,0,0,0,0,0,0,0,0.0,0.0,0.0,0.0,0,0,0,0,0,0.00,0.00,0.00,0.00,,,,,,,[],,536,70,539,61,497,61,544,70,0.0,0.0,0.0,0.0,0.0,0.0,284,11,565,70,565,70,526,58,0.0,0.0,0.0,Everton,EVE
True,True,,,138001,0,0,0,0,-29.7,-8,"[{'offset': 0, 'projected_percent': '-34.0', 'likelihood': -2}, {'offset': 1, 'projected_percent': '-58.8', 'likelihood': -3}, {'offset': 2, 'projected_percent': '-83.6', 'likelihood': -3}]",,False,0,1,0.0,0.0,0,Tom,0.0,228,False,,,4.5,138001.jpg,0.0,False,King,0.0,False,,a,9,11,0,630,84,1017,124,0.0,0.0,King,,244.0,2025-08-15,1995-03-09,False,p138001,0,0,0,0,0,0,0,0,0,0,0,0,0,0.0,0.0,0.0,0.0,0,0,0,0,0,0.00,0.00,0.00,0.00,,,,,,,[],,408,53,402,34,336,33,418,53,0.0,0.0,0.0,0.0,0.0,0.0,441,32,453,53,453,53,504,56,0.0,0.0,0.0,Everton,EVE
True,True,,,17761,0,0,0,0,64.0,960,"[{'offset': 0, 'projected_percent': '66.2', 'likelihood': 3}, {'offset': 1, 'projected_percent': '78.9', 'likelihood': 3}, {'offset': 2, 'projected_percent': '91.6', 'likelihood': 3}]",,False,1,2,7.0,7.0,3,James,7.0,229,False,,,6.0,17761.jpg,7.0,False,Tarkowski,11.0,False,,a,9,11,21,296471,42097,144043,21420,1.2,3.5,Tarkowski,,241.0,2022-07-01,1992-11-19,False,p17761,270,1,0,1,3,0,0,0,0,0,0,2,63,70.0,12.1,23.0,10.5,26,10,5,31,3,0.17,0.02,0.19,4.84,,,,,,,[],,17,3,169,52,82,19,63,16,0.06,0.0,0.01,0.07,1.61,1.0,59,5,20,10,21,10,39,14,1.0,0.33,10.33,Everton,EVE
True,True,,,480455,0,0,0,0,4.7,236,"[{'offset': 0, 'projected_percent': '5.3', 'likelihood': 1}, {'offset': 1, 'projected_percent': '8.4', 'likelihood': 1}, {'offset': 2, 'projected_percent': '11.5', 'likelihood': 1}]",,False,0,2,4.3,4.3,3,Jarrad,4.3,230,False,,,5.5,480455.jpg,4.3,False,Branthwaite,1.8,False,,a,9,11,13,41764,7160,34558,4255,0.8,2.4,Branthwaite,,241.0,2020-06-20,2002-06-27,False,p480455,270,0,0,1,3,0,0,0,0,0,0,0,43,41.2,2.3,39.0,8.2,27,9,4,31,3,0.17,0.02,0.19,4.84,,,,,,,[],,86,39,238,78,48,7,95,33,0.06,0.0,0.01,0.07,1.61,1.0,170,21,66,27,71,29,134,56,1.0,0.33,10.33,Everton,EVE
True,True,,,106611,0,0,-1,1,-38.7,-230,"[{'offset': 0, 'projected_percent': '-44.2', 'likelihood': -3}, {'offset': 1, 'projected_percent': '-76.1', 'likelihood': -3}, {'offset': 2, 'projected_percent': '-107.9', 'likelihood': -5}]",,False,0,2,0.0,0.0,0,Michael,0.0,231,False,,,4.9,106611.jpg,0.0,False,Keane,1.0,False,,a,9,11,0,5954,400,62103,4214,0.0,0.0,Keane,,241.0,2017-07-03,1993-01-11,False,p106611,0,0,0,0,0,0,0,0,0,0,0,0,0,0.0,0.0,0.0,0.0,0,0,0,0,0,0.00,0.00,0.00,0.00,,,,,,,[],,492,192,493,193,438,184,501,192,0.0,0.0,0.0,0.0,0.0,0.0,379,68,530,198,530,198,195,73,0.0,0.0,0.0,Everton,EVE
True,True,,,512462,0,0,-1,1,-27.7,-63,"[{'offset': 0, 'projected_percent': '-32.2', 'likelihood': -2}, {'offset': 1, 'projected_percent': '-58.2', 'likelihood': -3}, {'offset': 2, 'projected_percent': '-84.1', 'likelihood': -3}]",,False,0,2,0.0,0.0,0,Jake,0.0,232,False,,,4.9,512462.jpg,0.0,False,O'Brien,0.3,False,,a,9,11,0,2547,215,17296,1127,0.0,0.0,O'Brien,,104.0,2024-07-30,2001-05-15,False,p512462,0,0,0,0,0,0,0,0,0,0,0,0,0,0.0,0.0,0.0,0.0,0,0,0,0,0,0.00,0.00,0.00,0.00,,,,,,,[],,510,196,511,196,459,188,520,196,0.0,0.0,0.0,0.0,0.0,0.0,408,76,545,200,545,200,284,105,0.0,0.0,0.0,Everton,EVE
True,True,,,224967,0,0,0,0,10.1,115,"[{'offset': 0, 'projected_percent': '10.4', 'likelihood': 1}, {'offset': 1, 'projected_percent': '11.9', 'likelihood': 1}, {'offset': 2, 'projected_percent': '13.4', 'likelihood': 1}]",,False,0,2,3.7,3.7,1,Vitalii,3.7,233,False,,,4.5,224967.jpg,3.7,False,Mykolenko,1.8,False,,a,9,11,11,78489,16585,43099,7773,0.8,2.4,Mykolenko,,225.0,2022-01-01,1999-05-29,False,p224967,270,0,0,1,3,0,0,0,0,0,0,0,42,49.6,14.8,2.0,6.7,18,15,4,22,3,0.00,0.07,0.07,4.84,,,,,,,[],,57,20,149,45,219,81,126,45,0.0,0.0,0.02,0.02,1.61,1.0,468,107,82,34,90,37,133,55,1.0,0.33,7.33,Everton,EVE
True,False,0.0,0.0,243571,0,0,0,0,0.0,-21,"[{'offset': 0, 'projected_percent': '0.0', 'likelihood': 0}, {'offset': 1, 'projected_percent': '0.0', 'likelihood': 0}, {'offset': 2, 'projected_percent': '0.0', 'likelihood': 0}]",,False,0,2,0.0,0.0,0,Nathan,0.0,234,False,Has joined Torino permanently,2026-09-02T16:05:23.326971Z,4.5,243571.jpg,0.0,False,Patterson,0.0,False,,u,9,11,0,371,0,1561,313,0.0,0.0,Patterson,,243.0,2022-01-04,2001-10-16,False,p243571,0,0,0,0,0,0,0,0,0,0,0,0,0,0.0,0.0,0.0,0.0,0,0,0,0,0,0.00,0.00,0.00,0.00,,,,,,,[],,426,171,423,171,360,156,436,171,0.0,0.0,0.0,0.0,0.0,0.0,480,115,467,178,467,178,559,192,0.0,0.0,0.0,Everton,EVE
True,False,0.0,0.0,499300,0,0,0,0,0.0,-43,"[{'offset': 0, 'projected_percent': '0.0', 'likelihood': 0}, {'offset': 1, 'projected_percent': '0.0', 'likelihood': 0}, {'offset': 2, 'projected_percent': '0.0', 'likelihood': 0}]",,False,0,2,0.0,0.0,0,Adam,0.0,235,False,Has joined Malaga on loan for the rest of the season,2026-09-01T13:23:16.934847Z,4.0,499300.jpg,0.0,False,Aznou,0.1,False,,u,9,11,0,1728,0,7007,1138,0.0,0.0,Aznou,,145.0,2025-07-29,2006-06-02,False,p499300,0,0,0,0,0,0,0,0,0,0,0,0,0,0.0,0.0,0.0,0.0,0,0,0,0,0,0.00,0.00,0.00,0.00,,,,,,,[],,375,139,367,137,292,111,385,139,0.0,0.0,0.0,0.0,0.0,0.0,627,189,421,150,421,150,391,145,0.0,0.0,0.0,Everton,EVE
True,True,,,215413,0,0,0,0,36.4,-93,"[{'offset': 0, 'projected_percent': '36.2', 'likelihood': 2}, {'offset': 1, 'projected_percent': '35.0', 'likelihood': 2}, {'offset': 2, 'projected_percent': '33.8', 'likelihood': 2}]",,False,0,3,5.0,5.0,2,Kiernan,5.0,236,False,,,6.5,215413.jpg,5.0,False,Dewsbury-Hall,4.4,False,,a,9,11,15,223629,30121,140907,21023,0.8,2.3,Dewsbury-Hall,,241.0,2025-08-06,1998-09-06,False,p215413,270,1,0,1,3,0,0,0,0,0,0,3,84,62.2,80.6,36.0,17.9,3,17,9,29,3,0.45,0.40,0.85,4.80,2.0,,,,,,[],,26,14,9,9,52,30,12,10,0.15,0.0,0.13,0.28,1.6,1.0,35,23,52,25,57,26,81,27,1.0,0.33,9.67,Everton,EVE
True,True,100.0,100.0,114283,0,0,0,0,2.5,128,"[{'offset': 0, 'projected_percent': '2.8', 'likelihood': 1}, {'offset': 1, 'projected_percent': '4.5', 'likelihood': 1}, {'offset': 2, 'projected_percent': '6.2', 'likelihood': 1}]",,False,0,3,0.7,0.7,1,Jack,0.7,238,False,,2026-07-29T10:00:10.492904Z,6.5,114283.jpg,1.0,False,Grealish,0.3,False,,a,9,11,2,15825,5102,9577,1642,0.1,0.3,Grealish,,241.0,2026-09-01,1995-09-10,False,p114283,32,0,0,0,1,0,0,0,0,0,0,0,9,1.0,0.6,0.0,0.2,0,0,2,2,0,0.02,0.13,0.15,0.30,,,,,,,"[{'property': 'loan_ineligible', 'notes': 'This player will not be available to face their parent club in Gameweek 18 as part of their loan conditions.', 'gameweek': 18, 'url': None}, {'property': 'loan_ineligible', 'notes': 'This player will not be available to face their parent club in Gameweek 28 as part of their loan conditions.', 'gameweek': 28, 'url': None}]",,328,150,303,153,643,284,339,158,0.06,0.0,0.37,0.43,0.84,2.81,34,22,332,154,367,172,289,98,0.0,0.0,5.62,Everton,EVE
True,True,75.0,100.0,232928,0,0,0,0,-7.6,-40,"[{'offset': 0, 'projected_percent': '-11.2', 'likelihood': -1}, {'offset': 1, 'projected_percent': '-32.4', 'likelihood': -2}, {'offset': 2, 'projected_percent': '-53.5', 'likelihood': -3}]",,False,0,3,1.0,1.3,2,James,1.3,239,False,Unspecified injury - 75% chance of playing,2026-09-06T18:00:08.301702Z,6.0,232928.jpg,1.3,False,Garner,0.1,False,,d,9,11,4,5946,1425,6113,1140,0.2,0.7,Garner,,241.0,2022-09-01,2001-03-13,False,p232928,148,0,0,0,2,0,0,0,1,0,0,0,34,8.2,12.9,2.0,2.4,2,12,5,19,2,0.00,0.10,0.10,1.36,1.0,,1.0,,2.0,,[],,245,104,163,99,243,118,241,108,0.0,0.0,0.06,0.06,0.83,1.22,68,47,235,106,258,116,380,140,1.22,0.0,11.55,Everton,EVE
True,True,,,550615,0,0,0,0,0.5,498,"[{'offset': 0, 'projected_percent': '1.6', 'likelihood': 1}, {'offset': 1, 'projected_percent': '8.2', 'likelihood': 1}, {'offset': 2, 'projected_percent': '14.8', 'likelihood': 1}]",,False,0,3,5.0,5.0,10,Tyrique,5.0,242,False,,,5.5,550615.jpg,5.0,False,George,0.3,False,,a,9,11,15,9895,5862,8493,1211,0.9,2.7,George,,241.0,2026-07-06,2006-02-04,False,p550615,234,1,0,1,3,0,0,0,0,0,0,3,60,13.0,35.6,41.0,8.9,4,8,1,13,3,0.27,0.16,0.43,2.97,,,,,,,[],,217,87,59,44,44,27,82,47,0.1,0.0,0.06,0.16,1.14,1.15,185,114,49,23,54,24,301,105,1.15,0.38,5.0,Everton,EVE
True,True,,,502697,0,0,0,0,-76.9,-15,"[{'offset': 0, 'projected_percent': '-81.1', 'likelihood': -3}, {'offset': 1, 'projected_percent': '-105.2', 'likelihood': -5}, {'offset': 2, 'projected_percent': '-129.3', 'likelihood': -5}]",,False,0,3,0.3,0.3,0,Carlos,0.3,243,False,,,5.0,502697.jpg,0.5,False,Alcaraz Durán,0.1,False,,a,9,11,1,1780,212,3409,332,0.1,0.2,Alcaraz,,10.0,2025-07-01,2002-11-30,False,p502697,5,0,0,0,0,0,0,0,1,0,0,0,5,5.0,0.8,25.0,2.7,0,2,1,3,0,0.05,0.02,0.07,0.04,,,,,,,[],,275,126,291,147,75,42,225,99,0.9,0.0,0.36,1.26,0.72,0.0,334,199,363,167,383,181,449,178,0.0,0.0,54.0,Everton,EVE
True,True,,,609873,0,0,0,0,9.9,65,"[{'offset': 0, 'projected_percent': '10.0', 'likelihood': 1}, {'offset': 1, 'projected_percent': '10.9', 'likelihood': 1}, {'offset': 2, 'projected_percent': '11.7', 'likelihood': 1}]",,False,0,3,3.7,3.7,1,Harrison,3.7,244,False,,,5.0,609873.jpg,3.7,False,Armstrong,0.4,False,,a,9,11,11,38398,4244,13961,2316,0.7,2.2,Armstrong,,241.0,2024-08-09,2007-01-19,False,p609873,266,0,1,1,3,0,0,0,1,0,0,0,42,40.0,27.0,4.0,7.2,9,15,6,30,3,0.09,0.11,0.20,4.84,,,,,,,[],,92,33,92,57,200,97,117,59,0.03,0.0,0.04,0.07,1.64,1.02,365,223,87,40,95,42,267,89,1.02,0.34,10.15,Everton,EVE
True,True,,,496661,0,0,-1,1,-16.7,-6,"[{'offset': 0, 'projected_percent': '-21.1', 'likelihood': -2}, {'offset': 1, 'projected_percent': '-46.6', 'likelihood': -3}, {'offset': 2, 'projected_percent': '-72.2', 'likelihood': -3}]",,False,0,3,0.0,0.0,0,Tyler,0.0,245,False,,,5.4,496661.jpg,0.0,False,Dibling,0.0,False,,a,9,11,0,642,85,1745,126,0.0,0.0,Dibling,,241.0,2025-08-25,2006-02-17,False,p496661,0,0,0,0,0,0,0,0,0,0,0,0,0,0.0,0.0,0.0,0.0,0,0,0,0,0,0.00,0.00,0.00,0.00,,,,,,,[],,595,253,600,257,578,240,602,255,0.0,0.0,0.0,0.0,0.0,0.0,224,139,616,263,616,263,536,220,0.0,0.0,0.0,Everton,EVE
True,True,,,513466,0,0,0,0,-49.3,-6,"[{'offset': 0, 'projected_percent': '-52.3', 'likelihood': -3}, {'offset': 1, 'projected_percent': '-69.3', 'likelihood': -3}, {'offset': 2, 'projected_percent': '-86.3', 'likelihood': -3}]",,False,0,3,2.0,2.0,1,Merlin,2.0,246,False,,,5.0,513466.jpg,2.0,False,Röhl,0.1,False,,a,9,11,6,1276,178,2058,255,0.4,1.2,Röhl,,80.0,2026-06-15,2002-07-05,False,p513466,249,0,0,1,2,0,0,0,1,0,0,0,35,22.2,15.3,2.0,4.0,6,13,5,24,3,0.00,0.20,0.20,4.56,,,,,,,[],,167,60,146,87,234,111,192,86,0.0,0.0,0.07,0.07,1.65,0.72,337,200,184,83,206,89,495,199,1.08,0.36,8.67,Everton,EVE
True,True,100.0,100.0,244860,0,0,0,0,-50.0,7,"[{'offset': 0, 'projected_percent': '-49.2', 'likelihood': -3}, {'offset': 1, 'projected_percent': '-44.9', 'likelihood': -3}, {'offset': 2, 'projected_percent': '-40.6', 'likelihood': -3}]",,False,0,3,2.7,2.7,4,Hayden,2.7,247,False,,2026-08-26T22:00:07.797766Z,5.5,244860.jpg,2.7,False,Hackney,0.2,False,,a,9,11,8,1702,359,7476,560,0.5,1.5,Hackney,,241.0,2026-07-02,2002-06-26,False,p244860,121,0,1,1,1,0,0,0,0,0,0,0,33,16.4,13.6,7.0,3.7,3,5,3,11,1,0.05,0.11,0.16,3.48,3.0,,,,,,[],,199,78,156,93,178,88,204,90,0.04,0.0,0.08,0.12,2.59,0.74,149,90,134,56,151,62,337,123,0.74,0.74,8.18,Everton,EVE
True,False,0.0,0.0,486385,0,0,-1,1,0.0,-833,"[{'offset': 0, 'projected_percent': '0.0', 'likelihood': 0}, {'offset': 1, 'projected_percent': '0.0', 'likelihood': 0}, {'offset': 2, 'projected_percent': '0.0', 'likelihood': 0}]",,False,0,4,0.0,0.0,0,Norberto Bercique,0.7,248,False,Has joined Fiorentina permanently,2026-09-02T16:05:23.357221Z,5.4,486385.jpg,1.0,False,Gomes Betuncal,1.3,False,,u,9,11,2,16222,0,149018,24076,0.1,0.4,Beto,Beto,90.0,2023-08-29,1998-01-31,False,p486385,31,0,0,0,0,0,0,0,0,0,0,0,5,3.0,0.3,5.0,0.8,1,0,0,1,0,0.09,0.00,0.09,1.92,,,,,,,[],,301,31,316,38,195,33,302,36,0.26,0.0,0.0,0.26,5.57,0.0,222,50,318,36,334,36,160,24,0.0,0.0,2.9,Everton,EVE
True,True,,,586309,1,-1,1,-1,1.6,1125,"[{'offset': 0, 'projected_percent': '2.6', 'likelihood': 1}, {'offset': 1, 'projected_percent': '8.1', 'likelihood': 1}, {'offset': 2, 'projected_percent': '13.5', 'likelihood': 1}]",,False,0,4,4.0,4.0,2,Thierno,4.0,249,False,,,5.6,586309.jpg,4.0,False,Barry,5.2,False,,a,9,11,12,410410,64236,136142,22371,0.7,2.1,Barry,,73.0,2025-07-09,2002-10-21,False,p586309,237,1,0,1,3,0,0,0,0,0,0,2,50,48.0,30.7,99.0,17.8,2,7,1,10,3,2.31,0.11,2.42,2.92,,,,,1.0,,[],,66,4,80,7,3,3,14,4,0.88,0.0,0.04,0.92,1.11,1.14,120,30,81,8,87,9,69,10,1.14,0.38,3.8,Everton,EVE
True,True,,,154043,0,0,0,0,0.0,0,"[{'offset': 0, 'projected_percent': '0.0', 'likelihood': 0}, {'offset': 1, 'projected_percent': '0.0', 'likelihood': 0}, {'offset': 2, 'projected_percent': '0.0', 'likelihood': 0}]",2026-09-15T14:58:58.621199Z,False,0,2,1.8,1.8,7,Ainsley,7.0,649,False,,,4.5,154043.jpg,7.0,False,Maitland-Niles,0.0,False,,a,9,11,7,2673,2114,352,224,1.6,1.6,Maitland-Niles,,241.0,2026-09-01,1997-08-29,False,p154043,13,1,0,0,1,0,0,0,0,0,0,0,13,0.0,0.0,0.0,0.0,0,0,0,0,0,0.03,0.00,0.03,0.28,,,,,,,[],,410,162,405,161,339,143,420,162,0.21,0.0,0.0,0.21,1.94,6.92,444,88,16,7,17,7,524,182,0.0,0.0,0.0,Everton,EVE
True,True,,,629068,0,0,0,0,0.0,0,"[{'offset': 0, 'projected_percent': '0', 'likelihood': 0}, {'offset': 1, 'projected_percent': '0', 'likelihood': 0}, {'offset': 2, 'projected_percent': '0', 'likelihood': 0}]",2026-09-19T17:46:58.377521Z,True,0,3,1.0,1.0,0,Braiden,0.0,654,False,,,4.5,629068.jpg,0.0,False,Graham,0.0,False,,a,9,11,0,295,295,33,33,0.0,0.0,Graham,,,,,False,p629068,0,0,0,0,0,0,0,0,0,0,0,0,0,0.0,0.0,0.0,0.0,0,0,0,0,0,0.00,0.00,0.00,0.00,,,,,,,[],,482,183,482,191,427,149,491,187,0.0,0.0,0.0,0.0,0.0,0.0,560,286,520,204,520,204,634,276,0.0,0.0,0.0,Everton,EVE
True,True,,,80201,0,0,0,0,5.3,-140,"[{'offset': 0, 'projected_percent': '5.0', 'likelihood': 1}, {'offset': 1, 'projected_percent': '3.2', 'likelihood': 1}, {'offset': 2, 'projected_percent': '1.3', 'likelihood': 1}]",,False,0,1,2.0,2.0,1,Bernd,2.0,250,False,,,4.5,80201.jpg,2.0,False,Leno,3.1,False,,a,10,54,6,59847,6113,46338,7732,0.4,1.3,Leno,,80.0,2022-08-02,1992-03-04,False,p80201,270,0,0,0,7,0,0,0,0,0,8,0,30,48.8,0.0,0.0,4.9,3,25,0,0,3,0.00,0.00,0.00,6.23,,,,,,,[],,62,8,393,27,325,26,174,9,0.0,2.67,0.0,0.0,2.08,2.33,427,25,170,14,187,15,103,18,1.0,0.0,0.0,Fulham,FUL
True,True,,,86873,0,0,0,0,-11.1,-16,"[{'offset': 0, 'projected_percent': '-11.4', 'likelihood': -1}, {'offset': 1, 'projected_percent': '-13.3', 'likelihood': -1}, {'offset': 2, 'projected_percent': '-15.2', 'likelihood': -1}]",,False,0,1,0.0,0.0,0,Benjamin,0.0,251,False,,,4.0,86873.jpg,0.0,False,Lecomte,1.2,False,,a,10,54,0,13278,2336,13380,1401,0.0,0.0,Lecomte,,73.0,2025-07-26,1991-04-26,False,p86873,0,0,0,0,0,0,0,0,0,0,0,0,0,0.0,0.0,0.0,0.0,0,0,0,0,0,0.00,0.00,0.00,0.00,,,,,,,[],,347,29,337,8,259,7,356,29,0.0,0.0,0.0,0.0,0.0,0.0,584,55,394,29,394,29,174,26,0.0,0.0,0.0,Fulham,FUL
True,False,0.0,0.0,505079,0,0,0,0,0.0,-16,"[{'offset': 0, 'projected_percent': '0.0', 'likelihood': 0}, {'offset': 1, 'projected_percent': '0.0', 'likelihood': 0}, {'offset': 2, 'projected_percent': '0.0', 'likelihood': 0}]",,False,0,1,0.0,0.0,0,Alfie,0.0,252,False,Has joined York City on loan for the rest of the season,2026-09-01T13:25:11.231240Z,4.0,505079.jpg,0.0,False,McNally,0.1,False,,u,10,54,0,2589,0,3796,587,0.0,0.0,McNally,,,,,False,p505079,0,0,0,0,0,0,0,0,0,0,0,0,0,0.0,0.0,0.0,0.0,0,0,0,0,0,0.00,0.00,0.00,0.00,,,,,,,[],,378,44,370,23,295,22,388,44,0.0,0.0,0.0,0.0,0.0,0.0,630,70,424,44,424,44,378,43,0.0,0.0,0.0,Fulham,FUL
True,True,100.0,100.0,174874,0,0,0,0,0.9,-7,"[{'offset': 0, 'projected_percent': '0.9', 'likelihood': 1}, {'offset': 1, 'projected_percent': '0.8', 'likelihood': 1}, {'offset': 2, 'projected_percent': '0.7', 'likelihood': 1}]",,False,0,2,0.7,0.7,1,Joachim,0.7,253,False,,2026-07-23T12:01:23.516350Z,5.0,174874.jpg,1.0,False,Andersen,0.1,False,,a,10,54,2,8823,667,3425,657,0.1,0.4,Andersen,,58.0,2024-08-23,1996-05-31,False,p174874,180,0,0,0,4,0,0,0,1,0,0,0,12,17.8,12.9,2.0,3.3,13,9,2,15,2,0.00,0.10,0.10,3.99,,,,,,,[],,191,82,161,48,228,86,211,82,0.0,0.0,0.05,0.05,2.0,2.0,259,40,306,114,308,122,383,142,1.0,0.0,7.5,Fulham,FUL
True,True,,,169528,0,0,0,0,0.7,-218,"[{'offset': 0, 'projected_percent': '0.2', 'likelihood': 1}, {'offset': 1, 'projected_percent': '-17.9', 'likelihood': -1}, {'offset': 2, 'projected_percent': '-37.3', 'likelihood': -2}]",,False,0,2,1.3,1.3,1,Antonee,1.3,254,False,,,4.5,169528.jpg,1.3,False,Robinson,1.5,False,,a,10,54,4,27861,1674,33188,6577,0.3,0.9,Robinson,Antonee Robinson,229.0,2020-08-20,1997-08-08,False,p169528,249,0,0,0,7,0,0,0,0,0,0,0,21,31.4,29.8,3.0,6.4,7,12,8,15,3,0.21,0.16,0.37,6.20,,,,,2.0,,[],,132,60,82,25,209,76,138,51,0.08,0.0,0.06,0.14,2.24,2.53,448,92,217,79,250,89,147,62,1.08,0.0,5.42,Fulham,FUL
True,True,,,246301,0,0,0,0,0.1,-13,"[{'offset': 0, 'projected_percent': '0.1', 'likelihood': 1}, {'offset': 1, 'projected_percent': '-26.3', 'likelihood': -2}, {'offset': 2, 'projected_percent': '-83.8', 'likelihood': -3}]",,False,0,2,1.0,1.0,0,Jorge,1.0,255,False,,,4.5,246301.jpg,3.0,False,Cuenca Barreno,0.0,False,,a,10,54,3,1321,34,1103,155,0.2,0.7,J.Cuenca,,200.0,2024-08-03,1999-11-17,False,p246301,90,0,0,0,3,0,0,0,0,0,0,0,7,32.8,21.3,0.0,5.4,9,3,1,10,1,0.00,0.03,0.03,2.24,,,,,,,[],,127,56,121,37,363,159,156,58,0.0,0.0,0.03,0.03,2.24,3.0,484,119,251,94,121,48,532,185,1.0,0.0,10.0,Fulham,FUL
True,True,,,167074,0,0,0,0,-87.5,-25,"[{'offset': 0, 'projected_percent': '-90.1', 'likelihood': -3}, {'offset': 1, 'projected_percent': '-105.4', 'likelihood': -5}, {'offset': 2, 'projected_percent': '-120.6', 'likelihood': -5}]",,False,0,2,0.0,0.0,0,Kenny,0.0,256,False,,,4.5,167074.jpg,0.0,False,Tete,0.2,False,,a,10,54,0,813,45,5701,624,0.0,0.0,Tete,,152.0,2020-09-10,1995-10-09,False,p167074,0,0,0,0,0,0,0,0,0,0,0,0,0,0.0,0.0,0.0,0.0,0,0,0,0,0,0.00,0.00,0.00,0.00,,,,,,,[],,411,163,406,162,340,144,421,163,0.0,0.0,0.0,0.0,0.0,0.0,447,91,455,173,455,173,329,121,0.0,0.0,0.0,Fulham,FUL
True,True,,,232892,0,0,0,0,1.2,-65,"[{'offset': 0, 'projected_percent': '1.0', 'likelihood': 1}, {'offset': 1, 'projected_percent': '0.1', 'likelihood': 1}, {'offset': 2, 'projected_percent': '-9.9', 'likelihood': -1}]",,False,0,2,1.0,1.0,1,Calvin,1.0,257,False,,,4.5,232892.jpg,1.0,False,Bassey,0.7,False,,a,10,54,3,15737,675,16328,2311,0.2,0.7,Bassey,,157.0,2023-07-28,1999-12-31,False,p232892,270,0,0,0,7,0,0,0,1,0,0,0,16,33.2,6.4,2.0,4.2,10,12,3,13,3,0.02,0.07,0.09,6.23,,,,,,,[],,124,55,199,64,220,82,189,72,0.01,0.0,0.02,0.03,2.08,2.33,475,112,250,93,283,110,224,84,1.0,0.0,4.33,Fulham,FUL
True,True,,,166477,0,0,0,0,13.2,-128,"[{'offset': 0, 'projected_percent': '12.9', 'likelihood': 1}, {'offset': 1, 'projected_percent': '11.2', 'likelihood': 1}, {'offset': 2, 'projected_percent': '9.5', 'likelihood': 1}]",,False,0,2,4.3,4.3,1,Timothy,4.3,258,False,,,4.5,166477.jpg,4.3,False,Castagne,0.9,False,,a,10,54,13,58834,2524,17172,3718,1.0,2.9,Castagne,,21.0,2023-08-29,1995-12-05,False,p166477,247,0,2,1,6,0,0,0,1,0,0,0,38,38.0,28.5,23.0,8.9,11,11,4,15,3,0.67,0.37,1.04,4.47,,,,,,,[],,103,46,87,26,81,18,80,23,0.24,0.0,0.13,0.37,1.63,2.19,446,90,59,23,65,26,203,79,1.09,0.36,5.47,Fulham,FUL
True,True,,,153133,0,0,0,0,-67.1,-188,"[{'offset': 0, 'projected_percent': '-72.6', 'likelihood': -3}, {'offset': 1, 'projected_percent': '-104.0', 'likelihood': -5}, {'offset': 2, 'projected_percent': '-135.4', 'likelihood': -5}]",,False,0,3,2.0,2.0,2,Alex,2.0,261,False,,,5.5,153133.jpg,2.0,False,Iwobi,0.8,False,,a,10,54,6,14224,775,30263,3996,0.4,1.1,Iwobi,,157.0,2023-09-01,1996-05-03,False,p153133,262,0,0,0,7,0,0,0,0,0,0,0,52,24.4,46.8,2.0,7.4,4,11,3,18,3,0.05,0.70,0.75,6.23,1.0,,1.0,,3.0,,[],,158,57,37,30,241,117,114,58,0.02,0.0,0.24,0.26,2.14,2.4,126,80,189,87,213,95,211,67,1.03,0.0,6.18,Fulham,FUL
True,True,,,209289,-1,1,-1,1,-9.2,-57,"[{'offset': 0, 'projected_percent': '-11.8', 'likelihood': -1}, {'offset': 1, 'projected_percent': '-27.1', 'likelihood': -2}, {'offset': 2, 'projected_percent': '-42.4', 'likelihood': -3}]",,False,0,3,0.7,0.7,1,Emile,0.7,262,False,,,5.4,209289.jpg,1.0,False,Smith Rowe,0.3,False,,a,10,54,2,3145,306,12742,1468,0.1,0.4,Smith Rowe,,241.0,2024-08-02,2000-07-28,False,p209289,25,0,0,0,0,0,0,0,0,0,0,0,8,5.2,22.8,7.0,3.5,0,1,0,1,0,0.06,0.02,0.08,0.41,,,,,,,[],,271,123,113,69,175,86,208,92,0.22,0.0,0.07,0.29,1.48,0.0,201,124,315,144,329,147,295,102,0.0,0.0,3.6,Fulham,FUL
True,True,,,560552,0,0,-1,1,-27.5,-8,"[{'offset': 0, 'projected_percent': '-31.8', 'likelihood': -2}, {'offset': 1, 'projected_percent': '-56.1', 'likelihood': -3}, {'offset': 2, 'projected_percent': '-80.4', 'likelihood': -3}]",,False,0,3,0.7,0.7,0,Kevin,0.7,263,False,,,5.4,560552.jpg,1.0,False,Santos Lopes de Macedo,0.0,False,,a,10,54,2,1068,96,2562,358,0.1,0.4,Kevin,Kevin,30.0,2025-09-01,2003-01-04,False,p560552,24,0,0,0,0,0,0,0,0,0,0,0,4,5.2,3.4,0.0,0.8,0,1,2,3,0,0.00,0.05,0.05,0.20,4.0,,,,,,[],,272,124,224,121,582,244,303,136,0.0,0.0,0.19,0.19,0.75,0.0,230,145,319,146,337,153,500,203,0.0,0.0,11.25,Fulham,FUL
True,True,,,477555,0,0,0,0,0.4,-58,"[{'offset': 0, 'projected_percent': '0.2', 'likelihood': 1}, {'offset': 1, 'projected_percent': '-17.4', 'likelihood': -1}, {'offset': 2, 'projected_percent': '-42.4', 'likelihood': -3}]",,False,0,3,2.3,2.3,2,Oscar,2.3,264,False,,,5.5,477555.jpg,2.3,False,Bobb,0.3,False,,a,10,54,7,9973,818,10606,1614,0.4,1.3,Bobb,,161.0,2026-01-30,2003-07-12,False,p477555,211,0,0,1,6,0,0,0,0,0,0,0,35,16.8,26.2,12.0,5.5,2,8,5,15,3,0.32,0.92,1.24,4.44,2.0,,,,,,[],,198,77,97,60,132,67,154,73,0.14,0.0,0.39,0.53,1.89,2.56,169,103,163,71,180,77,288,97,1.28,0.43,6.4,Fulham,FUL
True,True,,,207189,0,0,0,0,-62.6,-44,"[{'offset': 0, 'projected_percent': '-65.7', 'likelihood': -3}, {'offset': 1, 'projected_percent': '-83.6', 'likelihood': -3}, {'offset': 2, 'projected_percent': '-101.4', 'likelihood': -5}]",,False,0,3,1.7,1.7,1,Sander,1.7,265,False,,,5.0,207189.jpg,1.7,False,Berge,0.3,False,,a,10,54,5,3585,245,9793,1276,0.3,1.0,Berge,,161.0,2024-08-22,1998-02-14,False,p207189,183,0,0,0,5,0,0,0,0,0,0,0,37,19.6,51.0,9.0,8.0,1,6,1,8,2,0.03,0.33,0.36,4.90,,,,,,,[],,178,69,32,26,155,77,99,51,0.01,0.0,0.16,0.17,2.41,2.46,267,166,204,92,231,101,281,93,0.98,0.0,3.93,Fulham,FUL
True,True,0.0,0.0,76357,0,0,0,0,-93.0,1,"[{'offset': 0, 'projected_percent': '-89.8', 'likelihood': -3}, {'offset': 1, 'projected_percent': '-71.5', 'likelihood': -3}, {'offset': 2, 'projected_percent': '-53.1', 'likelihood': -3}]",,False,0,3,0.0,0.0,0,Tom,0.0,266,False,Knee injury - Expected back 10 Oct,2026-08-14T18:00:06.460944Z,5.0,76357.jpg,0.0,False,Cairney,0.0,False,,i,10,54,0,42,6,208,11,0.0,0.0,Cairney,,243.0,2015-07-07,1991-01-20,False,p76357,0,0,0,0,0,0,0,0,0,0,0,0,0,0.0,0.0,0.0,0.0,0,0,0,0,0,0.00,0.00,0.00,0.00,,,,,,,[],https://www.fulhamfc.com/news/2026/august/21/team-news-joachim-andersen-tom-cairney-absent-for-chelsea/,517,206,519,215,471,178,527,211,0.0,0.0,0.0,0.0,0.0,0.0,239,150,551,225,551,225,636,278,0.0,0.0,0.0,Fulham,FUL
True,True,,,577725,0,0,0,0,24.2,527,"[{'offset': 0, 'projected_percent': '25.4', 'likelihood': 2}, {'offset': 1, 'projected_percent': '32.4', 'likelihood': 2}, {'offset': 2, 'projected_percent': '39.3', 'likelihood': 2}]",,False,0,3,6.3,6.3,10,Josh,6.3,268,False,,,5.5,577725.jpg,6.3,False,King,0.9,False,,a,10,54,19,80877,23060,23022,5386,1.1,3.5,King,,241.0,2024-02-02,2007-01-03,False,p577725,270,2,0,0,7,0,0,0,0,0,0,3,80,52.2,20.1,62.0,13.4,4,10,5,19,3,0.95,0.34,1.29,6.23,,,,,,,[],,49,25,124,75,20,11,34,27,0.32,0.0,0.11,0.43,2.08,2.33,189,117,28,11,30,12,202,62,1.0,0.0,6.33,Fulham,FUL
True,True,,,184349,0,0,0,0,-68.6,-41,"[{'offset': 0, 'projected_percent': '-71.3', 'likelihood': -3}, {'offset': 1, 'projected_percent': '-86.9', 'likelihood': -3}, {'offset': 2, 'projected_percent': '-102.6', 'likelihood': -5}]",,False,0,2,1.0,1.0,1,Ryan,1.0,269,False,,,4.5,184349.jpg,1.0,False,Sessegnon,0.4,False,,a,10,54,3,1946,100,8967,1110,0.2,0.7,Sessegnon,,241.0,2024-07-26,2000-05-18,False,p184349,50,0,0,0,1,0,0,0,0,0,0,0,13,15.2,11.5,27.0,5.4,2,3,1,3,0,0.13,0.44,0.57,1.80,3.0,,,,,,[],,204,85,174,55,70,15,155,57,0.23,0.0,0.79,1.02,3.24,1.8,453,95,247,90,278,105,280,104,0.0,0.0,5.4,Fulham,FUL
True,True,,,153366,0,0,0,0,-57.2,-142,"[{'offset': 0, 'projected_percent': '-59.9', 'likelihood': -3}, {'offset': 1, 'projected_percent': '-75.5', 'likelihood': -3}, {'offset': 2, 'projected_percent': '-91.2', 'likelihood': -3}]",,False,0,3,0.0,0.0,0,Harrison,0.0,270,False,,,4.5,153366.jpg,0.0,False,Reed,1.3,False,,a,10,54,0,15055,1398,37803,4224,0.0,0.0,Reed,,241.0,2020-08-30,1995-01-27,False,p153366,0,0,0,0,0,0,0,0,0,0,0,0,0,0.0,0.0,0.0,0.0,0,0,0,0,0,0.00,0.00,0.00,0.00,,,,,,,[],,409,160,404,169,338,126,419,165,0.0,0.0,0.0,0.0,0.0,0.0,443,259,454,182,454,182,166,52,0.0,0.0,0.0,Fulham,FUL
True,True,,,244042,0,0,0,0,-106.9,-86,"[{'offset': 0, 'projected_percent': '-111.3', 'likelihood': -5}, {'offset': 1, 'projected_percent': '-136.7', 'likelihood': -5}, {'offset': 2, 'projected_percent': '-162.2', 'likelihood': -5}]",,False,0,4,0.7,0.7,1,Rodrigo,0.7,271,False,,,5.5,244042.jpg,1.0,False,Muniz Carvalho,0.5,False,,a,10,54,2,7890,669,20303,2085,0.1,0.4,Muniz,Rodrigo Muniz,30.0,2021-08-20,2001-05-04,False,p244042,15,0,0,0,0,0,0,0,0,0,0,0,11,6.0,11.5,7.0,2.5,1,0,0,1,0,0.40,0.00,0.40,0.03,,,,,,,[],,261,23,175,18,177,30,235,26,2.4,0.0,0.0,2.4,0.18,0.0,148,38,321,38,345,39,259,45,0.0,0.0,6.0,Fulham,FUL
True,True,,,631786,0,0,0,0,-7.4,-288,"[{'offset': 0, 'projected_percent': '-8.4', 'likelihood': -1}, {'offset': 1, 'projected_percent': '-14.5', 'likelihood': -1}, {'offset': 2, 'projected_percent': '-20.6', 'likelihood': -2}]",,False,0,4,0.0,0.0,0,Jonah,0.0,272,False,,,4.5,631786.jpg,0.0,False,Kusi-Asare,6.5,False,,a,10,54,0,95982,11708,135159,18937,0.0,0.0,Kusi-Asare,,206.0,2026-06-27,2007-07-04,False,p631786,0,0,0,0,0,0,0,0,0,0,0,0,0,0.0,0.0,0.0,0.0,0,0,0,0,0,0.00,0.00,0.00,0.00,,,,,,,[],,484,47,484,52,429,49,493,52,0.0,0.0,0.0,0.0,0.0,0.0,562,77,522,58,522,58,62,9,0.0,0.0,0.0,Fulham,FUL
True,True,,,551466,0,0,0,0,84.2,-841,"[{'offset': 0, 'projected_percent': '82.3', 'likelihood': 3}, {'offset': 1, 'projected_percent': '71.1', 'likelihood': 3}, {'offset': 2, 'projected_percent': '60.0', 'likelihood': 3}]",,False,0,4,3.3,3.3,2,Gonzalo,3.3,569,False,,,6.0,551466.jpg,3.3,False,García,4.4,False,,a,10,54,10,291967,11138,123126,26734,0.6,1.7,Gonzalo,,200.0,2026-08-03,2004-03-24,False,p551466,270,1,0,0,7,0,0,0,0,0,0,0,45,42.8,7.1,64.0,11.4,5,6,2,13,3,1.44,0.22,1.66,6.23,,,,,1.0,,[],,82,7,198,25,17,8,51,7,0.48,0.0,0.07,0.55,2.08,2.33,81,18,106,11,117,14,80,11,1.0,0.0,4.33,Fulham,FUL
True,True,,,571779,0,0,0,0,-66.8,4,"[{'offset': 0, 'projected_percent': '-66.3', 'likelihood': -3}, {'offset': 1, 'projected_percent': '-63.2', 'likelihood': -3}, {'offset': 2, 'projected_percent': '-60.1', 'likelihood': -3}]",,False,0,3,3.7,3.7,8,César,3.7,570,False,,,5.5,571779.jpg,3.7,False,Palacios,0.2,False,,a,10,54,11,2497,575,5659,519,0.7,2.0,Palacios,,200.0,2026-08-03,2004-11-11,False,p571779,207,1,0,0,6,0,0,0,1,0,0,1,43,5.8,8.6,11.0,2.5,3,8,2,13,3,0.98,0.03,1.01,4.97,,,,,,,[],,264,117,192,107,141,71,236,105,0.43,0.0,0.01,0.44,2.16,2.61,187,116,91,43,99,45,346,127,1.3,0.0,5.65,Fulham,FUL
True,True,,,463210,0,0,0,0,-65.7,-6,"[{'offset': 0, 'projected_percent': '-67.4', 'likelihood': -3}, {'offset': 1, 'projected_percent': '-77.5', 'likelihood': -3}, {'offset': 2, 'projected_percent': '-87.6', 'likelihood': -3}]",,False,0,3,1.3,1.3,2,Shea,1.3,580,False,,,5.0,463210.jpg,1.3,False,Charles,0.1,False,,a,10,54,4,806,113,2279,227,0.3,0.8,Charles,,242.0,2026-08-11,2003-11-05,False,p463210,123,0,0,0,4,0,0,0,0,0,0,0,25,4.0,4.1,6.0,1.4,4,11,1,16,1,0.09,0.12,0.21,3.77,,,,,,,[],,289,133,217,119,186,91,283,126,0.07,0.0,0.09,0.16,2.76,2.93,306,184,227,101,255,114,463,183,0.73,0.0,11.71,Fulham,FUL
True,True,75.0,75.0,547686,0,0,0,0,0.0,0,"[{'offset': 0, 'projected_percent': '0.0', 'likelihood': 0}, {'offset': 1, 'projected_percent': '0.0', 'likelihood': 0}, {'offset': 2, 'projected_percent': '0.0', 'likelihood': 0}]",2026-09-06T21:39:13.973938Z,False,0,2,0.0,0.0,0,Luc,0.0,610,False,Unspecified injury - 75% chance of playing,2026-08-28T11:30:08.336405Z,4.0,547686.jpg,0.0,False,De Fougerolles,0.1,False,,d,10,54,0,5471,199,2692,379,0.0,0.0,De Fougerolles,,39.0,2023-07-19,2005-10-12,False,p547686,0,0,0,0,0,0,0,0,0,0,0,0,0,0.0,0.0,0.0,0.0,0,0,0,0,0,0.00,0.00,0.00,0.00,,,,,,,[],,383,146,375,144,300,118,393,146,0.0,0.0,0.0,0.0,0.0,0.0,636,197,429,157,429,157,435,153,0.0,0.0,0.0,Fulham,FUL
True,True,,,616069,0,0,0,0,0.0,0,"[{'offset': 0, 'projected_percent': '0.0', 'likelihood': 0}, {'offset': 1, 'projected_percent': '0.0', 'likelihood': 0}, {'offset': 2, 'projected_percent': '0.0', 'likelihood': 0}]",2026-09-12T18:34:14.871572Z,False,0,3,0.0,0.0,0,Macauley,0.0,626,False,,,4.5,616069.jpg,0.0,False,Zepa,0.3,False,,a,10,54,0,28035,6025,7047,2216,0.0,0.0,Zepa,,38.0,2026-07-06,2008-07-07,False,p616069,0,0,0,0,0,0,0,0,0,0,0,0,0,0.0,0.0,0.0,0.0,0,0,0,0,0,0.00,0.00,0.00,0.00,,,,,,,[],,479,181,480,190,424,148,489,186,0.0,0.0,0.0,0.0,0.0,0.0,556,284,518,203,518,203,283,95,0.0,0.0,0.0,Fulham,FUL
True,True,,,551050,0,0,0,0,0.0,0,"[{'offset': 0, 'projected_percent': '0.0', 'likelihood': 0}, {'offset': 1, 'projected_percent': '0.0', 'likelihood': 0}, {'offset': 2, 'projected_percent': '0.0', 'likelihood': 0}]",2026-09-15T14:51:32.633238Z,False,0,3,1.5,1.5,1,Hugo,1.0,635,False,,,5.0,551050.jpg,1.0,False,Larsson,0.0,False,,a,10,54,1,403,115,50,23,0.2,0.2,Larsson,,206.0,2026-09-01,2004-06-27,False,p551050,11,0,0,0,0,0,0,0,0,0,0,0,3,0.0,0.0,0.0,0.0,0,0,1,1,0,0.13,0.22,0.35,0.00,,,,,,,[],,570,238,578,245,545,219,578,241,1.06,0.0,1.8,2.86,0.0,0.0,354,215,263,116,321,140,628,272,0.0,0.0,8.18,Fulham,FUL
True,True,,,500033,0,0,0,0,0.0,0,"[{'offset': 0, 'projected_percent': '0.0', 'likelihood': 0}, {'offset': 1, 'projected_percent': '0.0', 'likelihood': 0}, {'offset': 2, 'projected_percent': '0.0', 'likelihood': 0}]",2026-09-15T14:52:11.735112Z,False,0,3,1.5,1.5,0,Manuel Ángel,0.0,636,False,,,5.0,500033.jpg,0.0,False,Morán Ibáñez,0.0,False,,a,10,54,0,167,47,30,16,0.0,0.0,Ángel,Manuel Ángel,200.0,2026-09-01,2004-03-15,False,p500033,0,0,0,0,0,0,0,0,0,0,0,0,0,0.0,0.0,0.0,0.0,0,0,0,0,0,0.00,0.00,0.00,0.00,,,,,,,[],,560,230,568,237,533,209,568,233,0.0,0.0,0.0,0.0,0.0,0.0,332,197,587,245,587,245,645,284,0.0,0.0,0.0,Fulham,FUL
True,True,,,442299,0,0,0,0,0.0,0,"[{'offset': 0, 'projected_percent': '0.0', 'likelihood': 0}, {'offset': 1, 'projected_percent': '0.0', 'likelihood': 0}, {'offset': 2, 'projected_percent': '0.0', 'likelihood': 0}]",2026-09-15T14:59:23.081884Z,False,0,2,1.8,1.8,0,David,0.0,650,False,,,4.5,442299.jpg,0.0,False,Affengruber,0.0,False,,a,10,54,0,303,99,57,30,0.0,0.0,Affengruber,,14.0,2026-09-01,2001-03-19,False,p442299,0,0,0,0,0,0,0,0,0,0,0,0,0,0.0,0.0,0.0,0.0,0,0,0,0,0,0.00,0.00,0.00,0.00,,,,,,,[],,432,176,429,176,368,163,442,176,0.0,0.0,0.0,0.0,0.0,0.0,491,125,473,183,473,183,632,210,0.0,0.0,0.0,Fulham,FUL
True,True,100.0,100.0,490094,0,0,0,0,0.0,-2,"[{'offset': 0, 'projected_percent': '-3.5', 'likelihood': -1}, {'offset': 1, 'projected_percent': '-25.9', 'likelihood': -2}, {'offset': 2, 'projected_percent': '-48.3', 'likelihood': -3}]",,False,0,3,0.3,0.3,0,Tim,0.3,240,False,,2026-08-15T20:00:06.878792Z,5.0,490094.jpg,1.0,False,Iroegbunam,0.0,False,,a,11,88,1,448,118,596,61,0.1,0.2,Iroegbunam,,241.0,2026-09-01,2003-06-30,False,p490094,4,0,0,0,0,0,0,0,0,0,0,0,2,0.0,0.0,0.0,0.0,0,0,0,0,0,0.00,0.00,0.00,0.00,,,,,,,[],,553,226,560,233,523,204,561,229,0.0,0.0,0.0,0.0,0.0,0.0,320,190,362,166,315,135,584,243,0.0,0.0,0.0,Hull City,HUL
True,True,,,167825,0,0,0,0,-14.5,-19,"[{'offset': 0, 'projected_percent': '-14.8', 'likelihood': -1}, {'offset': 1, 'projected_percent': '-16.5', 'likelihood': -1}, {'offset': 2, 'projected_percent': '-18.3', 'likelihood': -1}]",,False,0,1,0.0,0.0,0,Dillon,0.0,273,False,,,4.0,167825.jpg,0.0,False,Phillips,1.5,False,,a,11,88,0,14892,2459,20539,2205,0.0,0.0,Phillips,,241.0,2025-07-01,1995-06-11,False,p167825,0,0,0,0,0,0,0,0,0,0,0,0,0,0.0,0.0,0.0,0.0,0,0,0,0,0,0.00,0.00,0.00,0.00,,,,,,,[],,354,34,345,13,267,12,363,34,0.0,0.0,0.0,0.0,0.0,0.0,594,60,401,34,401,34,151,21,0.0,0.0,0.0,Hull City,HUL
True,True,0.0,0.0,105666,0,0,0,0,-62.5,-2,"[{'offset': 0, 'projected_percent': '-62.7', 'likelihood': -3}, {'offset': 1, 'projected_percent': '-63.6', 'likelihood': -3}, {'offset': 2, 'projected_percent': '-64.6', 'likelihood': -3}]",,False,0,1,0.0,0.0,0,Jack,0.0,274,False,Arm injury - Unknown return date,2026-08-08T19:00:05.601633Z,4.5,105666.jpg,0.0,False,Butland,0.1,False,,i,11,88,0,342,52,3482,277,0.0,0.0,Butland,,241.0,2026-07-02,1993-03-10,False,p105666,0,0,0,0,0,0,0,0,0,0,0,0,0,0.0,0.0,0.0,0.0,0,0,0,0,0,0.00,0.00,0.00,0.00,,,,,,,[],,402,48,396,29,330,28,412,48,0.0,0.0,0.0,0.0,0.0,0.0,433,27,448,48,448,48,459,51,0.0,0.0,0.0,Hull City,HUL
True,False,0.0,0.0,494950,0,0,0,0,0.0,0,"[{'offset': 0, 'projected_percent': '0.0', 'likelihood': 0}, {'offset': 1, 'projected_percent': '0.0', 'likelihood': 0}, {'offset': 2, 'projected_percent': '0.0', 'likelihood': 0}]",,False,0,1,0.0,0.0,0,Harvey,0.0,275,False,Has joined Grimsby Town on loan for the rest of the season,2026-07-29T13:00:27.959925Z,4.0,494950.jpg,0.0,False,Cartwright,0.0,False,,u,11,88,0,0,0,222,28,0.0,0.0,Cartwright,,241.0,2020-07-01,2002-05-09,False,p494950,0,0,0,0,0,0,0,0,0,0,0,0,0,0.0,0.0,0.0,0.0,0,0,0,0,0,0.00,0.00,0.00,0.00,,,,,,,[],,373,43,365,22,290,21,383,43,0.0,0.0,0.0,0.0,0.0,0.0,625,69,420,43,420,43,614,71,0.0,0.0,0.0,Hull City,HUL
True,False,0.0,0.0,444307,0,0,0,0,0.0,-1,"[{'offset': 0, 'projected_percent': '0.0', 'likelihood': 0}, {'offset': 1, 'projected_percent': '0.0', 'likelihood': 0}, {'offset': 2, 'projected_percent': '0.0', 'likelihood': 0}]",,False,0,1,0.0,0.0,0,Thimothée,0.0,276,False,Has joined Colchester United on loan for the rest of the season,2026-08-17T13:50:27.125537Z,4.0,444307.jpg,0.0,False,Lo-Tutala,0.0,False,,u,11,88,0,0,0,723,68,0.0,0.0,Lo-Tutala,,73.0,2023-07-01,2003-02-13,False,p444307,0,0,0,0,0,0,0,0,0,0,0,0,0,0.0,0.0,0.0,0.0,0,0,0,0,0,0.00,0.00,0.00,0.00,,,,,,,[],,366,40,358,19,282,18,376,40,0.0,0.0,0.0,0.0,0.0,0.0,614,66,413,40,413,40,548,63,0.0,0.0,0.0,Hull City,HUL
True,True,,,108416,0,0,0,0,100.8,2278,"[{'offset': 0, 'projected_percent': '106.1', 'likelihood': 5}, {'offset': 1, 'projected_percent': '136.2', 'likelihood': 5}, {'offset': 2, 'projected_percent': '166.3', 'likelihood': 5}]",,False,0,2,7.7,7.7,6,John,7.7,277,True,,,4.0,108416.jpg,7.7,False,Egan,5.8,False,,a,11,88,23,474193,95550,81481,12608,1.9,5.8,Egan,,104.0,2025-02-03,1992-10-20,False,p108416,270,0,0,3,0,0,0,0,0,0,0,1,70,67.2,0.5,2.0,7.0,36,5,5,41,3,0.00,0.00,0.00,5.05,,,,,,,[],,21,5,304,113,216,78,122,43,0.0,0.0,0.0,0.0,1.68,0.0,587,162,10,3,11,3,65,27,1.0,1.0,13.67,Hull City,HUL
True,True,0.0,0.0,501902,0,0,0,0,-81.5,-11,"[{'offset': 0, 'projected_percent': '-82.6', 'likelihood': -3}, {'offset': 1, 'projected_percent': '-89.1', 'likelihood': -3}, {'offset': 2, 'projected_percent': '-95.6', 'likelihood': -4}]",,False,0,2,0.0,0.0,0,Charlie,0.0,278,False,Groin injury - Unknown return date,2026-08-02T09:00:11.030017Z,4.0,501902.jpg,0.0,False,Hughes,0.1,False,,i,11,88,0,269,32,4441,301,0.0,0.0,Hughes,,241.0,2024-08-16,2003-10-16,False,p501902,0,0,0,0,0,0,0,0,0,0,0,0,0,0.0,0.0,0.0,0.0,0,0,0,0,0,0.00,0.00,0.00,0.00,,,,,,,[],,377,141,369,139,294,113,387,141,0.0,0.0,0.0,0.0,0.0,0.0,629,191,423,152,423,152,445,159,0.0,0.0,0.0,Hull City,HUL
True,True,100.0,100.0,146426,0,0,1,-1,55.1,2759,"[{'offset': 0, 'projected_percent': '61.4', 'likelihood': 3}, {'offset': 1, 'projected_percent': '97.9', 'likelihood': 4}, {'offset': 2, 'projected_percent': '134.4', 'likelihood': 5}]",,False,1,2,8.3,8.3,5,Semi,8.3,279,True,,2026-08-22T17:30:07.668197Z,4.1,146426.jpg,8.3,False,Ajayi,10.2,False,,a,11,88,25,803778,92452,100944,16102,2.0,6.1,Ajayi,,157.0,2025-07-01,1993-11-09,False,p146426,243,1,0,3,0,0,0,0,1,0,0,2,80,59.8,1.0,35.0,9.5,17,9,3,20,3,0.52,0.00,0.52,4.08,,,,,,,[],,31,9,282,101,54,10,73,19,0.19,0.0,0.0,0.19,1.51,0.0,576,159,4,1,5,1,43,16,1.11,1.11,7.41,Hull City,HUL
True,True,100.0,75.0,193278,0,0,0,0,-91.1,60,"[{'offset': 0, 'projected_percent': '-88.4', 'likelihood': -3}, {'offset': 1, 'projected_percent': '-72.7', 'likelihood': -3}, {'offset': 2, 'projected_percent': '-56.9', 'likelihood': -3}]",,False,0,2,4.0,3.0,6,Lewie,4.0,280,False,,2026-08-29T16:30:08.151841Z,4.0,193278.jpg,4.0,False,Coyle,0.5,False,,a,11,88,12,5156,1001,16403,1136,1.0,3.0,Coyle,,241.0,2020-08-07,1995-10-15,False,p193278,177,0,0,2,0,0,0,0,1,0,0,0,44,10.4,11.6,0.0,2.2,5,4,1,6,3,0.00,0.02,0.02,4.06,,,,,,,[],,231,95,173,54,272,99,245,91,0.0,0.0,0.01,0.01,2.06,0.0,600,170,73,29,78,31,247,93,1.53,1.02,3.05,Hull City,HUL
True,False,0.0,0.0,433590,0,0,0,0,0.0,-23,"[{'offset': 0, 'projected_percent': '0.0', 'likelihood': 0}, {'offset': 1, 'projected_percent': '0.0', 'likelihood': 0}, {'offset': 2, 'projected_percent': '0.0', 'likelihood': 0}]",,False,0,2,0.0,0.0,0,Cody,0.7,281,False,Has joined Genoa permanently,2026-09-02T16:09:06.479140Z,4.0,433590.jpg,1.0,False,Drameh,0.1,False,,u,11,88,2,2118,0,2746,660,0.2,0.5,Drameh,,241.0,2024-07-23,2001-12-08,False,p433590,65,0,0,0,0,0,0,0,0,0,0,0,8,6.4,0.4,1.0,0.8,5,4,1,6,0,0.05,0.00,0.05,0.87,,,,,,,[],,256,100,311,117,247,90,299,108,0.07,0.0,0.0,0.07,1.2,0.0,611,178,285,100,267,96,484,171,0.0,0.0,8.31,Hull City,HUL
True,True,,,232351,0,0,0,0,10.8,208,"[{'offset': 0, 'projected_percent': '11.3', 'likelihood': 1}, {'offset': 1, 'projected_percent': '14.0', 'likelihood': 1}, {'offset': 2, 'projected_percent': '16.8', 'likelihood': 1}]",,False,0,2,6.7,6.7,8,Ryan,6.7,282,False,,,4.0,232351.jpg,6.7,False,Giles,1.2,False,,a,11,88,20,48736,9032,14613,2079,1.7,5.0,Giles,,241.0,2024-06-27,2000-01-26,False,p232351,264,0,0,3,0,0,0,0,0,0,0,2,75,23.4,33.8,6.0,6.4,9,10,3,12,3,0.02,0.18,0.20,4.98,1.0,,1.0,,,,[],,162,74,69,17,183,62,137,50,0.01,0.0,0.06,0.07,1.7,0.0,608,177,25,11,26,11,176,69,1.02,1.02,4.09,Hull City,HUL
True,False,0.0,0.0,449428,0,0,0,0,0.0,-1,"[{'offset': 0, 'projected_percent': '0.0', 'likelihood': 0}, {'offset': 1, 'projected_percent': '0.0', 'likelihood': 0}, {'offset': 2, 'projected_percent': '0.0', 'likelihood': 0}]",,False,0,2,0.0,0.0,0,Matty,0.0,283,False,Has joined Newport County on loan until January,2026-08-02T09:00:11.038361Z,4.0,449428.jpg,0.0,False,Jacob,0.0,False,,u,11,88,0,114,0,482,44,0.0,0.0,Jacob,,241.0,2019-07-01,2001-06-03,False,p449428,0,0,0,0,0,0,0,0,0,0,0,0,0,0.0,0.0,0.0,0.0,0,0,0,0,0,0.00,0.00,0.00,0.00,,,,,,,[],,367,134,359,132,283,105,377,134,0.0,0.0,0.0,0.0,0.0,0.0,615,180,414,146,414,146,603,204,0.0,0.0,0.0,Hull City,HUL
True,True,,,661800,0,0,0,0,0.1,-10,"[{'offset': 0, 'projected_percent': '0.1', 'likelihood': 1}, {'offset': 1, 'projected_percent': '-0.0', 'likelihood': 0}, {'offset': 2, 'projected_percent': '-14.9', 'likelihood': -1}]",,False,0,2,0.0,0.0,0,Cathal,0.0,284,False,,,4.0,661800.jpg,0.0,False,McCarthy,0.1,False,,a,11,88,0,2435,253,2440,269,0.0,0.0,McCarthy,,,,,False,p661800,0,0,0,0,0,0,0,0,0,0,0,0,0,0.0,0.0,0.0,0.0,0,0,0,0,0,0.00,0.00,0.00,0.00,,,,,,,[],,397,159,389,157,317,134,407,159,0.0,0.0,0.0,0.0,0.0,0.0,654,214,443,170,443,170,438,156,0.0,0.0,0.0,Hull City,HUL
True,True,,,160817,0,0,0,0,-13.4,-16,"[{'offset': 0, 'projected_percent': '-16.6', 'likelihood': -1}, {'offset': 1, 'projected_percent': '-34.5', 'likelihood': -2}, {'offset': 2, 'projected_percent': '-52.5', 'likelihood': -3}]",,False,0,2,0.3,0.3,0,Paddy,0.3,285,False,,,4.0,160817.jpg,1.0,False,McNair,0.1,False,,a,11,88,1,1798,144,2473,284,0.1,0.2,McNair,,242.0,2026-01-28,1995-04-27,False,p160817,26,0,0,0,0,0,0,0,0,0,0,0,3,4.2,0.0,0.0,0.4,2,1,0,2,0,0.00,0.00,0.00,0.96,,,,,,,[],,282,105,344,124,266,95,314,112,0.0,0.0,0.0,0.0,3.32,0.0,592,164,335,118,263,92,401,147,0.0,0.0,6.92,Hull City,HUL
True,True,,,540324,0,0,0,0,13.8,223,"[{'offset': 0, 'projected_percent': '14.3', 'likelihood': 1}, {'offset': 1, 'projected_percent': '17.3', 'likelihood': 1}, {'offset': 2, 'projected_percent': '20.2', 'likelihood': 2}]",,False,0,3,4.7,4.7,5,Mohamed,4.7,286,False,,,5.0,540324.jpg,4.7,False,Belloumi,0.9,False,,a,11,88,14,47593,7141,16877,2407,0.9,2.8,Belloumi,,3.0,2024-08-30,2002-06-01,False,p540324,253,0,1,3,0,0,0,0,0,0,0,0,46,33.8,14.3,18.0,6.6,14,9,9,32,3,0.20,0.06,0.26,4.87,3.0,,2.0,,,,[],,121,44,153,92,96,50,130,66,0.07,0.0,0.02,0.09,1.73,0.0,349,210,56,27,61,28,204,63,1.07,1.07,11.38,Hull City,HUL
True,False,0.0,0.0,232905,0,0,0,0,0.0,-35,"[{'offset': 0, 'projected_percent': '0.0', 'likelihood': 0}, {'offset': 1, 'projected_percent': '0.0', 'likelihood': 0}, {'offset': 2, 'projected_percent': '0.0', 'likelihood': 0}]",,False,0,3,0.0,0.0,0,Liam,2.0,287,False,Has joined Birmingham on loan for the rest of the season,2026-09-02T15:36:41.038103Z,5.0,232905.jpg,3.0,False,Millar,0.1,False,,u,11,88,6,3178,0,4763,1043,0.4,1.2,Millar,,39.0,2024-08-09,1999-09-27,False,p232905,50,1,0,0,0,0,0,0,1,0,0,0,26,36.0,1.1,15.0,5.2,2,1,1,4,0,0.58,0.00,0.58,0.87,,,,,,,[],,114,42,281,144,114,59,165,79,1.04,0.0,0.0,1.04,1.57,0.0,287,174,180,79,130,52,489,196,0.0,0.0,7.2,Hull City,HUL
True,True,,,171270,0,0,0,0,-11.1,-8,"[{'offset': 0, 'projected_percent': '-11.6', 'likelihood': -1}, {'offset': 1, 'projected_percent': '-14.7', 'likelihood': -1}, {'offset': 2, 'projected_percent': '-17.8', 'likelihood': -1}]",,False,0,3,0.0,0.0,0,Kieran,0.0,288,False,,,4.5,171270.jpg,0.0,False,Dowell,0.4,False,,a,11,88,0,8610,1127,11498,1308,0.0,0.0,Dowell,,241.0,2026-01-23,1997-10-10,False,p171270,0,0,0,0,0,0,0,0,0,0,0,0,0,0.0,0.0,0.0,0.0,0,0,0,0,0,0.00,0.00,0.00,0.00,,,,,,,[],,412,161,407,170,341,127,422,166,0.0,0.0,0.0,0.0,0.0,0.0,449,260,456,183,456,183,279,92,0.0,0.0,0.0,Hull City,HUL
True,True,75.0,75.0,101282,0,0,0,0,-34.9,-124,"[{'offset': 0, 'projected_percent': '-37.9', 'likelihood': -2}, {'offset': 1, 'projected_percent': '-55.0', 'likelihood': -3}, {'offset': 2, 'projected_percent': '-72.1', 'likelihood': -3}]",,False,0,3,0.5,0.5,0,Matt,0.7,289,False,Thigh injury - 75% chance of playing,2026-08-29T15:00:08.569326Z,4.5,101282.jpg,2.0,False,Crooks,0.5,False,,d,11,88,2,13280,254,23739,2799,0.2,0.4,Crooks,,241.0,2025-01-10,1994-01-20,False,p101282,90,0,0,1,0,0,0,0,1,0,0,0,9,19.0,2.4,0.0,2.1,4,1,4,9,1,0.00,0.00,0.00,1.83,,,,,,,[],https://www.wearehullcity.co.uk/news/2026/august/29/team-news-coventry-city-a/,182,70,234,126,329,124,250,113,0.0,0.0,0.0,0.0,1.83,0.0,432,257,290,132,188,82,244,82,1.0,1.0,9.0,Hull City,HUL
True,True,,,243413,0,0,0,0,64.0,443,"[{'offset': 0, 'projected_percent': '65.0', 'likelihood': 3}, {'offset': 1, 'projected_percent': '70.8', 'likelihood': 3}, {'offset': 2, 'projected_percent': '76.7', 'likelihood': 3}]",,False,0,3,3.7,3.7,3,Regan,3.7,290,False,,,4.5,243413.jpg,3.7,False,Slater,5.0,False,,a,11,88,11,285585,35646,105829,17213,0.8,2.4,Slater,,241.0,2022-01-27,1999-09-11,False,p243413,270,0,1,3,0,0,0,0,1,0,0,0,36,28.2,22.1,2.0,5.3,5,8,6,19,3,0.04,0.46,0.50,5.05,2.0,,,,,,[],,140,51,116,71,221,105,160,75,0.01,0.0,0.15,0.16,1.68,0.0,478,263,83,37,91,39,75,23,1.0,1.0,6.33,Hull City,HUL
True,True,0.0,0.0,465525,0,0,0,0,-10.0,1,"[{'offset': 0, 'projected_percent': '-8.3', 'likelihood': -1}, {'offset': 1, 'projected_percent': '0.0', 'likelihood': 0}, {'offset': 2, 'projected_percent': '0.0', 'likelihood': 0}]",,False,0,3,0.0,0.0,0,Eliot,0.0,291,False,Knee injury - Unknown return date,2026-07-23T12:01:23.532635Z,4.5,465525.jpg,0.0,False,Matazo,0.0,False,,i,11,88,0,199,32,261,29,0.0,0.0,Matazo,,21.0,2025-01-23,2002-02-15,False,p465525,0,0,0,0,0,0,0,0,0,0,0,0,0,0.0,0.0,0.0,0.0,0,0,0,0,0,0.00,0.00,0.00,0.00,,,,,,,[],,434,164,432,173,372,131,444,169,0.0,0.0,0.0,0.0,0.0,0.0,497,265,475,186,475,186,620,266,0.0,0.0,0.0,Hull City,HUL
True,True,,,208481,0,0,-1,1,0.0,-5,"[{'offset': 0, 'projected_percent': '0.0', 'likelihood': 0}, {'offset': 1, 'projected_percent': '-36.2', 'likelihood': -2}, {'offset': 2, 'projected_percent': '-74.9', 'likelihood': -3}]",,False,0,3,0.0,0.0,0,Abdülkadir,0.0,292,False,,,4.9,208481.jpg,0.0,False,Ömür,0.0,False,,a,11,88,0,648,116,959,118,0.0,0.0,Ömür,,219.0,2024-02-01,1999-06-25,False,p208481,0,0,0,0,0,0,0,0,0,0,0,0,0,0.0,0.0,0.0,0.0,0,0,0,0,0,0.00,0.00,0.00,0.00,,,,,,,[],,498,192,497,199,444,158,507,196,0.0,0.0,0.0,0.0,0.0,0.0,385,233,534,212,534,212,579,240,0.0,0.0,0.0,Hull City,HUL
True,False,0.0,0.0,490161,0,0,0,0,0.0,-1,"[{'offset': 0, 'projected_percent': '0.0', 'likelihood': 0}, {'offset': 1, 'projected_percent': '0.0', 'likelihood': 0}, {'offset': 2, 'projected_percent': '0.0', 'likelihood': 0}]",,False,0,3,0.0,0.0,0,Abu,0.0,293,False,Has joined Portsmouth permanently,2026-08-12T14:08:23.542043Z,5.0,490161.jpg,0.0,False,Kamara,0.0,False,,u,11,88,0,0,0,309,16,0.0,0.0,Kamara,,241.0,2024-08-30,2003-07-21,False,p490161,0,0,0,0,0,0,0,0,0,0,0,0,0,0.0,0.0,0.0,0.0,0,0,0,0,0,0.00,0.00,0.00,0.00,,,,,,,[],,554,227,561,234,524,205,562,230,0.0,0.0,0.0,0.0,0.0,0.0,321,191,581,242,581,242,642,282,0.0,0.0,0.0,Hull City,HUL
True,True,0.0,0.0,553783,0,0,0,0,-53.9,-8,"[{'offset': 0, 'projected_percent': '-54.7', 'likelihood': -3}, {'offset': 1, 'projected_percent': '-59.4', 'likelihood': -3}, {'offset': 2, 'projected_percent': '-64.0', 'likelihood': -3}]",,False,0,3,0.0,0.0,0,Óscar,0.0,294,False,Thigh injury - Unknown return date,2026-08-04T18:30:11.016909Z,4.5,553783.jpg,0.0,False,Zambrano,0.1,False,,i,11,88,0,1244,108,4400,343,0.0,0.0,Zambrano,,62.0,2026-07-21,2004-04-20,False,p553783,0,0,0,0,0,0,0,0,0,0,0,0,0,0.0,0.0,0.0,0.0,0,0,0,0,0,0.00,0.00,0.00,0.00,,,,,,,[],,458,172,460,181,402,139,468,177,0.0,0.0,0.0,0.0,0.0,0.0,531,273,498,194,498,194,442,174,0.0,0.0,0.0,Hull City,HUL
True,True,,,169432,0,0,0,0,26.9,-210,"[{'offset': 0, 'projected_percent': '26.4', 'likelihood': 2}, {'offset': 1, 'projected_percent': '23.7', 'likelihood': 2}, {'offset': 2, 'projected_percent': '20.9', 'likelihood': 2}]",,False,0,4,2.7,2.7,2,Oli,2.7,295,False,,,5.5,169432.jpg,2.7,False,McBurnie,2.0,False,,a,11,88,8,129876,6603,77510,11569,0.5,1.5,McBurnie,,243.0,2025-08-06,1996-06-04,False,p169432,270,0,1,3,0,0,0,0,1,0,0,0,30,18.0,34.4,60.0,11.2,4,6,2,12,3,0.54,0.07,0.61,5.05,,,,,1.0,,[],,188,17,64,5,23,10,53,8,0.18,0.0,0.02,0.2,1.68,0.0,128,33,132,12,149,16,126,19,1.0,1.0,4.0,Hull City,HUL
True,True,,,213292,0,0,0,0,0.0,-2,"[{'offset': 0, 'projected_percent': '0.0', 'likelihood': 0}, {'offset': 1, 'projected_percent': '0.0', 'likelihood': 0}, {'offset': 2, 'projected_percent': '0.0', 'likelihood': 0}]",,False,0,3,0.0,0.0,0,David,0.0,296,False,,,5.0,213292.jpg,0.0,False,Akintola,0.0,False,,a,11,88,0,2414,232,2567,292,0.0,0.0,Akintola,,157.0,2025-08-15,1996-01-13,False,p213292,0,0,0,0,0,0,0,0,0,0,0,0,0,0.0,0.0,0.0,0.0,0,0,0,0,0,0.00,0.00,0.00,0.00,,,,,,,[],,531,214,534,221,491,188,539,217,0.0,0.0,0.0,0.0,0.0,0.0,271,169,561,231,561,231,505,206,0.0,0.0,0.0,Hull City,HUL
True,True,0.0,0.0,470294,0,0,0,0,-60.0,0,"[{'offset': 0, 'projected_percent': '-60.0', 'likelihood': -3}, {'offset': 1, 'projected_percent': '-60.0', 'likelihood': -3}, {'offset': 2, 'projected_percent': '-60.0', 'likelihood': -3}]",,False,0,3,0.0,0.0,0,Darko,0.0,297,False,Thigh injury - Unknown return date,2026-08-04T18:30:11.027155Z,4.5,470294.jpg,0.0,False,Gyabi,0.0,False,,i,11,88,0,244,39,1060,91,0.0,0.0,Gyabi,,241.0,2025-09-01,2004-02-18,False,p470294,0,0,0,0,0,0,0,0,0,0,0,0,0,0.0,0.0,0.0,0.0,0,0,0,0,0,0.00,0.00,0.00,0.00,,,,,,,[],,435,165,433,174,373,132,445,170,0.0,0.0,0.0,0.0,0.0,0.0,498,266,476,187,476,187,567,234,0.0,0.0,0.0,Hull City,HUL
True,False,0.0,0.0,500957,0,0,0,0,0.0,-34,"[{'offset': 0, 'projected_percent': '0.0', 'likelihood': 0}, {'offset': 1, 'projected_percent': '0.0', 'likelihood': 0}, {'offset': 2, 'projected_percent': '0.0', 'likelihood': 0}]",,False,0,4,0.0,0.0,0,Enis,0.0,298,False,Has joined Konyaspor permanently,2026-08-17T13:50:27.145733Z,4.5,500957.jpg,0.0,False,Destan,0.2,False,,u,11,88,0,0,0,15628,1188,0.0,0.0,Destan,,219.0,2025-08-01,2002-06-15,False,p500957,0,0,0,0,0,0,0,0,0,0,0,0,0,0.0,0.0,0.0,0.0,0,0,0,0,0,0.00,0.00,0.00,0.00,,,,,,,[],,444,38,446,44,388,40,454,43,0.0,0.0,0.0,0.0,0.0,0.0,516,68,485,50,485,50,319,53,0.0,0.0,0.0,Hull City,HUL
True,False,0.0,0.0,534392,0,0,0,0,0.0,-6,"[{'offset': 0, 'projected_percent': '0.0', 'likelihood': 0}, {'offset': 1, 'projected_percent': '0.0', 'likelihood': 0}, {'offset': 2, 'projected_percent': '0.0', 'likelihood': 0}]",,False,0,4,0.0,0.0,0,Mason,0.0,299,False,Has joined Sheffield Wednesday on loan for the rest of the season,2026-08-03T14:05:20.234842Z,4.5,534392.jpg,0.0,False,Burstow,0.0,False,,u,11,88,0,0,0,2180,192,0.0,0.0,Burstow,,241.0,2024-08-16,2003-08-04,False,p534392,0,0,0,0,0,0,0,0,0,0,0,0,0,0.0,0.0,0.0,0.0,0,0,0,0,0,0.00,0.00,0.00,0.00,,,,,,,[],,452,39,454,45,396,41,462,44,0.0,0.0,0.0,0.0,0.0,0.0,524,69,492,51,492,51,511,69,0.0,0.0,0.0,Hull City,HUL
True,True,100.0,100.0,462635,0,0,0,0,0.0,0,"[{'offset': 0, 'projected_percent': '0.0', 'likelihood': 0}, {'offset': 1, 'projected_percent': '0.0', 'likelihood': 0}, {'offset': 2, 'projected_percent': '0.0', 'likelihood': 0}]",2026-09-11T15:00:09.072160Z,False,0,3,0.0,0.0,0,Joe,0.0,340,False,,2026-08-17T21:30:07.799839Z,5.0,462635.jpg,0.0,False,Gelhardt,0.0,False,,a,11,88,0,220,76,558,47,0.0,0.0,Gelhardt,,241.0,2026-08-15,2002-05-04,False,p462635,0,0,0,0,0,0,0,0,0,0,0,0,0,0.0,0.0,0.0,0.0,0,0,0,0,0,0.00,0.00,0.00,0.00,,,,,,,[],,547,222,552,229,513,199,555,225,0.0,0.0,0.0,0.0,0.0,0.0,305,183,575,238,575,238,600,254,0.0,0.0,0.0,Hull City,HUL
True,True,,,169359,0,0,0,0,-39.3,-154,"[{'offset': 0, 'projected_percent': '-41.1', 'likelihood': -3}, {'offset': 1, 'projected_percent': '-51.6', 'likelihood': -3}, {'offset': 2, 'projected_percent': '-62.1', 'likelihood': -3}]",,False,0,2,0.3,0.3,0,Matt,0.3,556,False,,,4.0,169359.jpg,1.0,False,Targett,2.0,False,,a,11,88,1,17207,1395,43872,5318,0.1,0.2,Targett,,241.0,2026-07-23,1995-09-18,False,p169359,5,0,0,0,0,0,0,0,0,0,0,0,3,0.4,0.0,0.0,0.0,0,1,0,0,0,0.00,0.00,0.00,0.07,,,,,,,[],,331,123,346,125,268,96,364,127,0.0,0.0,0.0,0.0,1.26,0.0,595,166,337,120,265,94,125,51,0.0,0.0,0.0,Hull City,HUL
True,True,100.0,100.0,445028,0,0,0,0,0.1,-6,"[{'offset': 0, 'projected_percent': '0.0', 'likelihood': 0}, {'offset': 1, 'projected_percent': '-11.6', 'likelihood': -1}, {'offset': 2, 'projected_percent': '-44.0', 'likelihood': -3}]",,False,0,3,0.3,0.3,0,Hidemasa,0.3,563,False,,2026-08-15T16:00:07.961518Z,5.0,445028.jpg,1.0,False,Morita,0.0,False,,a,11,88,1,595,56,749,104,0.1,0.2,Morita,,108.0,2026-07-24,1995-05-10,False,p445028,45,0,0,0,0,0,0,0,0,0,0,0,6,11.0,13.4,0.0,2.4,2,1,0,3,1,0.00,0.00,0.00,1.09,,,,,,,[],,230,95,157,94,507,195,239,107,0.0,0.0,0.0,0.0,2.18,0.0,298,178,360,164,312,133,556,228,2.0,0.0,6.0,Hull City,HUL
True,True,,,473284,0,0,1,-1,21.0,1674,"[{'offset': 0, 'projected_percent': '24.8', 'likelihood': 2}, {'offset': 1, 'projected_percent': '47.0', 'likelihood': 3}, {'offset': 2, 'projected_percent': '69.1', 'likelihood': 3}]",,False,2,1,8.7,8.7,6,Konstantinos,8.7,572,True,,,4.6,473284.jpg,8.7,False,Tzolakis,8.5,False,,a,11,88,26,538366,68614,85643,12355,1.9,5.7,Tzolakis,,83.0,2026-08-05,2002-11-08,False,p473284,270,0,0,3,0,0,0,0,0,0,9,6,98,60.8,0.0,0.0,6.1,0,43,0,0,3,0.00,0.00,0.00,5.05,,,,,,,[],,29,5,491,51,436,50,142,4,0.0,3.0,0.0,0.0,1.68,0.0,422,22,3,1,4,1,51,7,1.0,1.0,0.0,Hull City,HUL
True,True,,,552946,-1,1,-1,1,-1.0,2,"[{'offset': 0, 'projected_percent': '-0.7', 'likelihood': -1}, {'offset': 1, 'projected_percent': '0.0', 'likelihood': 0}, {'offset': 2, 'projected_percent': '0.0', 'likelihood': 0}]",,False,0,3,0.3,0.3,1,Jens,0.3,574,False,,,4.9,552946.jpg,1.0,False,Hjertø-Dahl,0.1,False,,a,11,88,1,778,150,2672,243,0.1,0.2,Hjertø-Dahl,,161.0,2026-08-07,2005-10-31,False,p552946,8,0,0,0,0,0,0,0,0,0,0,0,4,0.0,0.0,0.0,0.0,0,1,0,1,0,0.00,0.00,0.00,0.00,,,,,,,[],,513,202,514,210,463,170,523,207,0.0,0.0,0.0,0.0,0.0,0.0,413,250,353,160,300,125,478,190,0.0,0.0,11.25,Hull City,HUL
True,True,,,608227,0,0,0,0,-8.2,-5,"[{'offset': 0, 'projected_percent': '-9.5', 'likelihood': -1}, {'offset': 1, 'projected_percent': '-17.0', 'likelihood': -1}, {'offset': 2, 'projected_percent': '-24.5', 'likelihood': -2}]",,False,0,3,2.0,2.0,3,Elliot,2.0,576,False,,,5.0,608227.jpg,2.0,False,Stroud,0.1,False,,a,11,88,6,2381,181,2546,263,0.4,1.2,Stroud,,206.0,2026-08-09,2002-06-22,False,p608227,190,0,0,2,0,0,0,0,1,0,0,0,14,8.4,9.1,7.0,2.2,3,9,3,15,3,0.05,0.05,0.10,4.06,,,,,,,[],,243,103,189,105,173,84,247,111,0.02,0.0,0.02,0.04,1.92,0.0,364,222,187,85,210,92,441,173,1.42,0.95,7.11,Hull City,HUL
True,True,,,597462,0,0,0,0,-12.5,-21,"[{'offset': 0, 'projected_percent': '-13.3', 'likelihood': -1}, {'offset': 1, 'projected_percent': '-18.1', 'likelihood': -1}, {'offset': 2, 'projected_percent': '-22.9', 'likelihood': -2}]",,False,0,2,1.0,1.0,1,Lucas,1.0,585,False,,,4.0,597462.jpg,1.0,False,Herrington,0.6,False,,a,11,88,3,6727,522,9781,1080,0.2,0.8,Herrington,,13.0,2026-08-12,2007-09-05,False,p597462,76,0,0,0,0,0,0,0,0,0,0,0,9,11.0,0.2,0.0,1.1,6,1,1,7,0,0.00,0.00,0.00,1.28,,,,,,,[],,228,93,322,118,311,128,291,105,0.0,0.0,0.0,0.0,1.52,0.0,647,207,246,89,271,100,239,89,0.0,0.0,8.29,Hull City,HUL
True,True,100.0,100.0,606930,0,0,0,0,69.3,2528,"[{'offset': 0, 'projected_percent': '75.1', 'likelihood': 3}, {'offset': 1, 'projected_percent': '108.5', 'likelihood': 5}, {'offset': 2, 'projected_percent': '142.0', 'likelihood': 5}]",,False,1,2,8.0,8.0,8,Nobel,8.0,586,True,,2026-08-22T17:30:08.045208Z,4.0,606930.jpg,8.0,False,Mendy,6.2,False,,a,11,88,24,417677,71299,100209,11986,2.0,6.0,Mendy,,189.0,2026-08-12,2004-09-03,False,p606930,191,1,0,2,0,0,0,0,0,0,0,1,66,79.4,0.6,40.0,12.0,27,6,5,32,3,0.32,0.00,0.32,3.76,,,,,,,[],,7,1,296,109,45,5,43,6,0.15,0.0,0.0,0.15,1.77,0.0,649,209,6,2,7,2,64,26,1.41,0.94,15.08,Hull City,HUL
True,True,,,469266,0,0,0,0,-17.7,-3,"[{'offset': 0, 'projected_percent': '-20.0', 'likelihood': -2}, {'offset': 1, 'projected_percent': '-33.2', 'likelihood': -2}, {'offset': 2, 'projected_percent': '-46.5', 'likelihood': -3}]",,False,0,3,1.0,1.0,2,Lucas,1.0,589,False,,,5.0,469266.jpg,1.5,False,Gourna-Douath,0.0,False,,a,11,88,3,396,48,738,78,0.2,0.6,Gourna-Douath,,73.0,2026-08-15,2003-08-05,False,p469266,126,0,0,1,0,0,0,0,1,0,0,0,13,12.8,0.9,0.0,1.4,5,7,4,16,1,0.00,0.02,0.02,2.13,,,,,,,[],,218,88,286,145,517,201,284,127,0.0,0.0,0.01,0.01,1.52,0.0,311,186,259,113,242,107,551,225,0.71,0.71,11.43,Hull City,HUL
True,True,,,490884,0,0,0,0,0.0,0,"[{'offset': 0, 'projected_percent': '0.0', 'likelihood': 0}, {'offset': 1, 'projected_percent': '0.0', 'likelihood': 0}, {'offset': 2, 'projected_percent': '0.0', 'likelihood': 0}]",2026-09-10T13:58:52.488087Z,False,0,3,1.0,1.0,1,Mohamed-Ali,1.0,617,False,,,5.0,490884.jpg,1.0,False,Cho,0.0,False,,a,11,88,2,822,126,250,59,0.2,0.4,Cho,,73.0,2026-08-27,2004-01-19,False,p490884,15,0,0,0,0,0,0,0,0,0,0,0,8,0.4,0.3,0.0,0.1,0,0,0,0,0,0.05,0.00,0.05,0.18,,,,,,,[],,332,152,314,159,526,207,344,161,0.3,0.0,0.0,0.3,1.08,0.0,323,193,261,114,316,136,606,257,0.0,0.0,0.0,Hull City,HUL
True,True,,,626751,0,0,0,0,0.0,0,"[{'offset': 0, 'projected_percent': '0.0', 'likelihood': 0}, {'offset': 1, 'projected_percent': '0.0', 'likelihood': 0}, {'offset': 2, 'projected_percent': '0.0', 'likelihood': 0}]",2026-09-15T14:49:56.388071Z,False,0,4,1.4,1.4,0,Ilyas,0.0,632,False,,,5.0,626751.jpg,0.0,False,Ansah,0.0,False,,a,11,88,0,3698,1476,510,300,0.0,0.0,Ansah,,80.0,2026-09-01,2004-11-08,False,p626751,0,0,0,0,0,0,0,0,0,0,0,0,0,0.0,0.0,0.0,0.0,0,0,0,0,0,0.00,0.00,0.00,0.00,,,,,,,[],,576,56,583,61,554,58,584,61,0.0,0.0,0.0,0.0,0.0,0.0,370,62,601,67,601,67,513,70,0.0,0.0,0.0,Hull City,HUL
True,True,,,631000,0,0,0,0,0.0,0,"[{'offset': 0, 'projected_percent': '0.0', 'likelihood': 0}, {'offset': 1, 'projected_percent': '0.0', 'likelihood': 0}, {'offset': 2, 'projected_percent': '0.0', 'likelihood': 0}]",2026-09-15T14:52:48.634163Z,False,0,4,1.4,1.4,0,Robinio,0.0,637,False,,,5.0,631000.jpg,0.0,False,Vaz,0.0,False,,a,11,88,0,2554,947,393,191,0.0,0.0,Vaz,,73.0,2026-09-01,2007-02-17,False,p631000,0,0,0,0,0,0,0,0,0,0,0,0,0,0.0,0.0,0.0,0.0,0,0,0,0,0,0.00,0.00,0.00,0.00,,,,,,,[],,578,58,585,63,556,60,586,63,0.0,0.0,0.0,0.0,0.0,0.0,372,64,603,69,603,69,546,73,0.0,0.0,0.0,Hull City,HUL
True,True,,,496181,0,0,0,0,0.0,0,"[{'offset': 0, 'projected_percent': '0.0', 'likelihood': 0}, {'offset': 1, 'projected_percent': '0.0', 'likelihood': 0}, {'offset': 2, 'projected_percent': '0.0', 'likelihood': 0}]",2026-09-15T14:53:22.034453Z,False,0,2,1.0,1.0,1,Brooke,1.0,638,False,,,4.0,496181.jpg,1.0,False,Norton-Cuffy,0.2,False,,a,11,88,1,11571,5117,1691,918,0.2,0.2,Norton-Cuffy,,241.0,2026-09-01,2004-01-12,False,p496181,26,0,0,0,0,0,0,0,0,0,0,0,3,0.0,0.0,0.0,0.0,1,2,0,1,0,0.00,0.00,0.00,0.12,,,,,,,[],,374,138,366,136,291,110,384,138,0.0,0.0,0.0,0.0,0.42,0.0,626,188,244,87,268,97,357,134,0.0,0.0,3.46,Hull City,HUL
True,True,,,243951,0,0,0,0,0.0,0,"[{'offset': 0, 'projected_percent': '0.0', 'likelihood': 0}, {'offset': 1, 'projected_percent': '0.0', 'likelihood': 0}, {'offset': 2, 'projected_percent': '0.0', 'likelihood': 0}]",2026-09-15T14:55:14.383257Z,False,0,3,2.0,2.0,1,Sorba,1.0,642,False,,,5.5,243951.jpg,1.0,False,Thomas,0.0,False,,a,11,88,1,746,300,129,71,0.2,0.2,Thomas,,244.0,2026-09-01,1999-01-25,False,p243951,27,0,0,0,0,0,0,0,0,0,0,0,5,0.0,0.0,0.0,0.0,0,1,0,1,0,0.00,0.04,0.04,0.12,,,,,,,[],,610,263,614,264,599,253,615,264,0.0,0.0,0.13,0.13,0.4,0.0,147,89,270,122,344,157,610,259,0.0,0.0,3.33,Hull City,HUL
True,True,,,647839,0,0,0,0,0.0,0,"[{'offset': 0, 'projected_percent': '0.0', 'likelihood': 0}, {'offset': 1, 'projected_percent': '0.0', 'likelihood': 0}, {'offset': 2, 'projected_percent': '0.0', 'likelihood': 0}]",2026-09-15T14:56:53.502771Z,False,0,3,1.5,1.5,0,Christos,0.0,645,False,,,5.0,647839.jpg,0.0,False,Mouzakitis,0.0,False,,a,11,88,0,314,104,52,28,0.0,0.0,Mouzakitis,,83.0,2026-09-01,2006-12-25,False,p647839,0,0,0,0,0,0,0,0,0,0,0,0,0,0.0,0.0,0.0,0.0,0,0,0,0,0,0.00,0.00,0.00,0.00,,,,,,,[],,579,242,586,248,557,226,587,245,0.0,0.0,0.0,0.0,0.0,0.0,373,226,604,255,604,255,630,274,0.0,0.0,0.0,Hull City,HUL
True,True,,,219924,0,0,0,0,-18.1,-401,"[{'offset': 0, 'projected_percent': '-18.8', 'likelihood': -1}, {'offset': 1, 'projected_percent': '-22.4', 'likelihood': -2}, {'offset': 2, 'projected_percent': '-26.0', 'likelihood': -2}]",,False,0,2,2.3,2.3,3,Issa,2.3,259,False,,,4.0,219924.jpg,2.3,False,Diop,15.2,False,,a,12,40,7,79083,9056,228753,32679,0.6,1.8,Diop,,145.0,2026-07-22,1997-01-09,False,p219924,270,0,0,0,8,0,0,0,0,0,0,0,24,48.0,1.1,2.0,5.1,25,12,3,28,3,0.00,0.02,0.02,6.12,,,,,,,[],,65,27,278,99,217,79,168,61,0.0,0.0,0.01,0.01,2.04,2.67,605,174,146,56,166,64,26,8,1.0,0.0,9.33,Ipswich Town,IPS
True,True,,,212314,0,0,0,0,-40.8,-9,"[{'offset': 0, 'projected_percent': '-42.7', 'likelihood': -3}, {'offset': 1, 'projected_percent': '-53.6', 'likelihood': -3}, {'offset': 2, 'projected_percent': '-64.6', 'likelihood': -3}]",,False,0,3,2.7,2.7,2,Saša,2.7,267,False,,,5.0,212314.jpg,2.7,False,Lukić,0.1,False,,a,12,40,8,2207,220,3516,365,0.5,1.6,Lukić,,190.0,2026-08-08,1996-08-13,False,p212314,252,0,1,0,7,0,0,0,1,0,0,0,46,40.8,26.7,4.0,7.1,10,6,5,21,3,0.02,0.06,0.08,5.26,4.0,,,,,,[],,88,31,93,58,199,96,121,61,0.01,0.0,0.02,0.03,1.88,2.5,270,168,130,54,147,60,410,158,1.07,0.0,7.5,Ipswich Town,IPS
True,True,,,108813,0,0,0,0,-85.7,-18,"[{'offset': 0, 'projected_percent': '-86.7', 'likelihood': -3}, {'offset': 1, 'projected_percent': '-92.4', 'likelihood': -3}, {'offset': 2, 'projected_percent': '-98.2', 'likelihood': -4}]",,False,0,1,0.0,0.0,0,Christian,0.0,300,False,,,4.5,108813.jpg,0.0,False,Walton,0.4,False,,a,12,40,0,646,87,9778,742,0.0,0.0,Walton,,241.0,2022-01-19,1995-11-09,False,p108813,0,0,0,0,0,0,0,0,0,0,0,0,0,0.0,0.0,0.0,0.0,0,0,0,0,0,0.00,0.00,0.00,0.00,,,,,,,[],,404,49,398,30,332,29,414,49,0.0,0.0,0.0,0.0,0.0,0.0,436,28,449,49,449,49,264,34,0.0,0.0,0.0,Ipswich Town,IPS
True,True,,,112520,0,0,0,0,-10.6,-50,"[{'offset': 0, 'projected_percent': '-10.8', 'likelihood': -1}, {'offset': 1, 'projected_percent': '-12.5', 'likelihood': -1}, {'offset': 2, 'projected_percent': '-14.1', 'likelihood': -1}]",,False,0,1,0.0,0.0,0,Alex,0.0,301,False,,,4.0,112520.jpg,0.0,False,Palmer,4.3,False,,a,12,40,0,43797,6431,55642,7427,0.0,0.0,Palmer,,241.0,2025-02-03,1996-08-10,False,p112520,0,0,0,0,0,0,0,0,0,0,0,0,0,0.0,0.0,0.0,0.0,0,0,0,0,0,0.00,0.00,0.00,0.00,,,,,,,[],,350,31,340,10,262,9,359,31,0.0,0.0,0.0,0.0,0.0,0.0,588,57,397,31,397,31,83,12,0.0,0.0,0.0,Ipswich Town,IPS
True,True,,,50093,0,0,0,0,0.7,6,"[{'offset': 0, 'projected_percent': '0.8', 'likelihood': 1}, {'offset': 1, 'projected_percent': '0.8', 'likelihood': 1}, {'offset': 2, 'projected_percent': '0.9', 'likelihood': 1}]",,False,0,1,0.0,0.0,0,David,0.0,302,False,,,4.0,50093.jpg,0.0,False,Button,0.5,False,,a,12,40,0,11551,1995,6458,758,0.0,0.0,Button,,241.0,2025-07-04,1989-02-27,False,p50093,0,0,0,0,0,0,0,0,0,0,0,0,0,0.0,0.0,0.0,0.0,0,0,0,0,0,0.00,0.00,0.00,0.00,,,,,,,[],,343,26,333,5,255,4,352,26,0.0,0.0,0.0,0.0,0.0,0.0,580,52,390,26,390,26,253,33,0.0,0.0,0.0,Ipswich Town,IPS
True,True,,,183015,0,0,0,0,-73.8,-42,"[{'offset': 0, 'projected_percent': '-75.7', 'likelihood': -3}, {'offset': 1, 'projected_percent': '-86.7', 'likelihood': -3}, {'offset': 2, 'projected_percent': '-97.7', 'likelihood': -4}]",,False,0,2,0.0,0.0,0,Cédric,0.0,303,False,,,4.0,183015.jpg,0.0,False,Kipré,0.5,False,,a,12,40,0,1124,160,11467,1096,0.0,0.0,Kipré,,54.0,2026-07-01,1996-12-09,False,p183015,0,0,0,0,0,0,0,0,0,0,0,0,0,0.0,0.0,0.0,0.0,0,0,0,0,0,0.00,0.00,0.00,0.00,,,,,,,[],,356,128,348,126,271,98,366,128,0.0,0.0,0.0,0.0,0.0,0.0,599,169,403,140,403,140,246,92,0.0,0.0,0.0,Ipswich Town,IPS
True,True,,,216616,0,0,0,0,-11.2,-87,"[{'offset': 0, 'projected_percent': '-11.8', 'likelihood': -1}, {'offset': 1, 'projected_percent': '-15.6', 'likelihood': -1}, {'offset': 2, 'projected_percent': '-19.4', 'likelihood': -1}]",,False,0,2,2.3,2.3,3,Dara,2.3,304,False,,,4.0,216616.jpg,2.3,False,O'Shea,3.1,False,,a,12,40,7,41204,3393,60657,9480,0.6,1.8,O'Shea,,104.0,2024-08-25,1999-03-04,False,p216616,270,0,0,0,8,0,0,0,0,0,0,0,7,48.0,25.3,11.0,8.4,25,11,5,30,3,0.07,0.18,0.25,6.12,,,,,,,[],,64,26,102,31,135,43,88,27,0.02,0.0,0.06,0.08,2.04,2.67,604,173,145,55,165,63,102,39,1.0,0.0,10.0,Ipswich Town,IPS
True,True,,,455084,0,0,0,0,1.2,-54,"[{'offset': 0, 'projected_percent': '1.1', 'likelihood': 1}, {'offset': 1, 'projected_percent': '0.3', 'likelihood': 1}, {'offset': 2, 'projected_percent': '-0.7', 'likelihood': -1}]",,False,0,2,3.0,3.0,1,Leif,3.0,305,False,,,4.0,455084.jpg,3.0,False,Davis,5.1,False,,a,12,40,9,82365,12170,76188,14942,0.8,2.2,Davis,,241.0,2022-07-25,1999-12-31,False,p455084,270,1,0,0,8,0,0,0,0,0,0,0,15,62.2,17.0,50.0,13.0,15,8,2,17,3,0.65,0.25,0.90,6.12,2.0,,2.0,,,,[],,25,7,136,41,34,3,36,3,0.22,0.0,0.08,0.3,2.04,2.67,618,183,108,40,119,46,71,29,1.0,0.0,5.67,Ipswich Town,IPS
True,True,,,449429,0,0,0,0,-37.8,-41,"[{'offset': 0, 'projected_percent': '-38.6', 'likelihood': -2}, {'offset': 1, 'projected_percent': '-43.0', 'likelihood': -3}, {'offset': 2, 'projected_percent': '-47.4', 'likelihood': -3}]",,False,0,2,0.7,0.7,1,Jacob,0.7,306,False,,,4.0,449429.jpg,0.7,False,Greaves,1.3,False,,a,12,40,2,4852,538,19329,1945,0.2,0.5,Greaves,,241.0,2024-07-12,2000-09-12,False,p449429,270,0,0,0,8,1,0,0,1,0,0,0,5,34.8,2.6,0.0,3.8,19,8,5,24,3,0.00,0.05,0.05,6.12,,,,,,,[],,118,54,232,74,284,106,199,76,0.0,0.0,0.02,0.02,2.04,2.67,616,181,286,101,372,129,162,65,1.0,0.0,8.0,Ipswich Town,IPS
True,False,0.0,0.0,222018,0,0,0,0,0.0,-33,"[{'offset': 0, 'projected_percent': '0.0', 'likelihood': 0}, {'offset': 1, 'projected_percent': '0.0', 'likelihood': 0}, {'offset': 2, 'projected_percent': '0.0', 'likelihood': 0}]",,False,0,2,0.0,0.0,0,Ben,0.0,307,False,Has joined Stoke City on loan for the rest of the season,2026-09-04T12:36:56.236331Z,4.0,222018.jpg,0.0,False,Johnson,0.1,False,,u,12,40,0,1137,0,3263,873,0.0,0.0,Johnson,,241.0,2024-07-01,2000-01-24,False,p222018,0,0,0,0,0,0,0,0,0,0,0,0,0,0.0,0.0,0.0,0.0,0,0,0,0,0,0.00,0.00,0.00,0.00,,,,,,,[],,361,132,353,130,277,103,371,132,0.0,0.0,0.0,0.0,0.0,0.0,607,176,408,144,408,144,437,155,0.0,0.0,0.0,Ipswich Town,IPS
True,True,,,176420,0,0,0,0,-62.1,-57,"[{'offset': 0, 'projected_percent': '-64.7', 'likelihood': -3}, {'offset': 1, 'projected_percent': '-79.8', 'likelihood': -3}, {'offset': 2, 'projected_percent': '-94.9', 'likelihood': -3}]",,False,0,2,0.3,0.3,0,Darnell,0.3,308,False,,,4.0,176420.jpg,1.0,False,Furlong,0.5,False,,a,12,40,1,993,112,9941,977,0.1,0.2,Furlong,,241.0,2025-08-28,1995-10-31,False,p176420,17,0,0,0,1,0,0,0,0,0,0,0,-1,5.0,0.5,0.0,0.6,2,0,1,3,0,0.00,0.00,0.00,0.86,,,,,,,[],,274,103,305,114,270,97,308,110,0.0,0.0,0.0,0.0,4.55,5.29,598,168,338,121,266,95,248,94,0.0,0.0,15.88,Ipswich Town,IPS
True,True,,,501390,0,0,0,0,-37.5,-17,"[{'offset': 0, 'projected_percent': '-40.5', 'likelihood': -3}, {'offset': 1, 'projected_percent': '-58.1', 'likelihood': -3}, {'offset': 2, 'projected_percent': '-75.6', 'likelihood': -3}]",,False,0,3,2.0,2.0,0,Marcelino,2.0,309,False,,,5.0,501390.jpg,3.0,False,Núñez,0.1,False,,a,12,40,6,2411,108,3933,555,0.4,1.2,Núñez,,44.0,2025-08-29,2000-03-01,False,p501390,140,0,0,0,4,0,0,0,0,0,0,0,32,24.6,19.4,6.0,5.0,8,10,3,21,2,0.03,0.05,0.08,3.48,1.0,,1.0,,,,[],,155,56,129,78,188,92,170,82,0.02,0.0,0.03,0.05,2.24,2.57,333,198,183,82,132,53,394,147,1.29,0.0,13.5,Ipswich Town,IPS
True,True,0.0,0.0,241117,0,0,0,0,-96.2,-1,"[{'offset': 0, 'projected_percent': '-100.0', 'likelihood': -5}, {'offset': 1, 'projected_percent': '-122.0', 'likelihood': -5}, {'offset': 2, 'projected_percent': '-143.9', 'likelihood': -5}]",,False,0,3,0.0,0.0,0,Azor,0.0,310,False,Muscular injury - Unknown return date,2026-07-29T18:00:10.305484Z,5.0,241117.jpg,0.0,False,Matusiwa,0.0,False,,i,12,40,0,25,5,190,11,0.0,0.0,Matusiwa,,152.0,2025-07-13,1998-04-28,False,p241117,0,0,0,0,0,0,0,0,0,0,0,0,0,0.0,0.0,0.0,0.0,0,0,0,0,0,0.00,0.00,0.00,0.00,,,,,,,[],https://www.itfc.co.uk/news/2026/may/12/midfield-duo-undergo-surgery/,539,217,542,224,500,192,547,220,0.0,0.0,0.0,0.0,0.0,0.0,289,175,568,234,568,234,639,280,0.0,0.0,0.0,Ipswich Town,IPS
True,False,0.0,0.0,149929,0,0,0,0,0.0,0,"[{'offset': 0, 'projected_percent': '0.0', 'likelihood': 0}, {'offset': 1, 'projected_percent': '0.0', 'likelihood': 0}, {'offset': 2, 'projected_percent': '0.0', 'likelihood': 0}]",,False,0,3,0.0,0.0,0,Wes,0.0,311,False,Has joined Leicester City permanently,2026-08-10T14:02:47.597478Z,5.0,149929.jpg,0.0,False,Burns,0.0,False,,u,12,40,0,0,0,297,18,0.0,0.0,Burns,,244.0,2021-06-09,1994-11-23,False,p149929,0,0,0,0,0,0,0,0,0,0,0,0,0,0.0,0.0,0.0,0.0,0,0,0,0,0,0.00,0.00,0.00,0.00,,,,,,,[],,523,208,525,216,479,180,532,212,0.0,0.0,0.0,0.0,0.0,0.0,250,153,554,226,554,226,640,281,0.0,0.0,0.0,Ipswich Town,IPS
True,True,0.0,0.0,231899,0,0,0,0,-67.3,-4,"[{'offset': 0, 'projected_percent': '-68.2', 'likelihood': -3}, {'offset': 1, 'projected_percent': '-73.6', 'likelihood': -3}, {'offset': 2, 'projected_percent': '-78.9', 'likelihood': -3}]",,False,0,3,0.0,0.0,0,Jack,0.0,312,False,Knee injury - Unknown return date,2026-07-29T18:00:10.319370Z,4.5,231899.jpg,0.0,False,Taylor,0.0,False,,i,12,40,0,352,51,1733,155,0.0,0.0,Taylor,,104.0,2023-06-26,1998-06-23,False,p231899,0,0,0,0,0,0,0,0,0,0,0,0,0,0.0,0.0,0.0,0.0,0,0,0,0,0,0.00,0.00,0.00,0.00,,,,,,,[],https://www.itfc.co.uk/news/2026/may/12/midfield-duo-undergo-surgery/,422,163,418,172,355,129,432,168,0.0,0.0,0.0,0.0,0.0,0.0,473,262,464,185,464,185,530,218,0.0,0.0,0.0,Ipswich Town,IPS
True,True,,,443261,0,0,0,0,-70.7,-42,"[{'offset': 0, 'projected_percent': '-75.0', 'likelihood': -3}, {'offset': 1, 'projected_percent': '-99.6', 'likelihood': -4}, {'offset': 2, 'projected_percent': '-124.3', 'likelihood': -5}]",,False,0,3,2.7,2.7,1,Jack,2.7,313,False,,,5.5,443261.jpg,4.0,False,Clarke,0.2,False,,a,12,40,8,4535,166,9294,1125,0.5,1.5,Clarke,Jack Clarke,241.0,2024-08-24,2000-11-23,False,p443261,43,1,0,0,0,0,0,0,0,0,0,1,30,33.6,0.6,18.0,5.2,1,2,1,4,0,0.15,0.02,0.17,0.09,3.0,,3.0,,1.0,,[],,123,45,302,152,97,51,166,80,0.31,0.0,0.04,0.35,0.19,0.0,158,95,136,57,85,38,322,116,0.0,0.0,8.37,Ipswich Town,IPS
True,False,0.0,0.0,229164,0,0,-1,1,0.0,-3,"[{'offset': 0, 'projected_percent': '0.0', 'likelihood': 0}, {'offset': 1, 'projected_percent': '0.0', 'likelihood': 0}, {'offset': 2, 'projected_percent': '0.0', 'likelihood': 0}]",,False,0,3,0.0,0.0,0,Chiedozie,0.0,314,False,Has joined Lincoln City on loan until January,2026-09-02T16:04:17.497385Z,4.9,229164.jpg,0.0,False,Ogbene,0.0,False,,u,12,40,0,104,0,792,131,0.0,0.0,Ogbene,,104.0,2024-08-28,1997-05-01,False,p229164,0,0,0,0,0,0,0,0,0,0,0,0,0,0.0,0.0,0.0,0.0,0,0,0,0,0,0.00,0.00,0.00,0.00,,,,,,,[],,500,194,500,201,447,160,509,198,0.0,0.0,0.0,0.0,0.0,0.0,390,236,536,214,536,214,601,255,0.0,0.0,0.0,Ipswich Town,IPS
True,True,,,531442,0,0,0,0,-58.3,1,"[{'offset': 0, 'projected_percent': '-58.1', 'likelihood': -3}, {'offset': 1, 'projected_percent': '-57.5', 'likelihood': -3}, {'offset': 2, 'projected_percent': '-56.8', 'likelihood': -3}]",,False,0,3,2.7,2.7,2,Abdul,2.7,315,False,,,5.5,531442.jpg,2.7,False,Fatawu,0.2,False,,a,12,40,8,3346,650,6415,672,0.5,1.5,Fatawu,Abdul Fatawu,81.0,2026-07-21,2004-03-08,False,p531442,225,0,1,0,8,0,0,0,1,0,0,0,61,45.2,70.7,10.0,12.6,4,6,7,17,3,0.03,0.78,0.81,5.91,6.0,,,,,,[],,73,29,13,13,149,73,40,30,0.01,0.0,0.31,0.32,2.36,3.2,178,109,139,60,154,65,336,122,1.2,0.0,6.8,Ipswich Town,IPS
True,True,100.0,100.0,543968,0,0,0,0,12.4,-11,"[{'offset': 0, 'projected_percent': '12.4', 'likelihood': 1}, {'offset': 1, 'projected_percent': '12.2', 'likelihood': 1}, {'offset': 2, 'projected_percent': '12.1', 'likelihood': 1}]",,False,0,4,4.0,4.0,2,Emersonn,4.0,316,False,,2026-08-31T09:30:08.306145Z,5.5,543968.jpg,4.0,False,Correia da Silva,1.7,False,,a,12,40,12,107301,9754,75987,7933,0.7,2.2,Emersonn,Emersonn,30.0,2026-07-08,2004-07-16,False,p543968,175,1,0,0,4,0,0,0,0,0,0,3,56,46.6,37.4,42.0,12.6,3,2,2,7,3,1.04,0.06,1.10,2.02,,,,,2.0,,[],,70,5,54,2,42,13,41,6,0.53,0.0,0.03,0.56,1.04,2.06,181,43,80,7,86,8,138,20,1.54,0.0,3.6,Ipswich Town,IPS
True,False,0.0,0.0,222625,0,0,0,0,0.0,-25,"[{'offset': 0, 'projected_percent': '0.0', 'likelihood': 0}, {'offset': 1, 'projected_percent': '0.0', 'likelihood': 0}, {'offset': 2, 'projected_percent': '0.0', 'likelihood': 0}]",,False,0,4,0.0,0.0,0,George,0.0,317,False,Has joined Stoke City permanently,2026-08-21T13:06:08.606019Z,5.0,222625.jpg,0.0,False,Hirst,0.1,False,,u,12,40,0,0,0,13632,572,0.0,0.0,Hirst,,243.0,2023-07-13,1999-02-15,False,p222625,0,0,0,0,0,0,0,0,0,0,0,0,0,0.0,0.0,0.0,0.0,0,0,0,0,0,0.00,0.00,0.00,0.00,,,,,,,[],,534,49,537,54,494,51,542,54,0.0,0.0,0.0,0.0,0.0,0.0,280,53,564,60,564,60,414,59,0.0,0.0,0.0,Ipswich Town,IPS
True,True,0.0,0.0,481624,0,0,-1,1,-15.8,-20,"[{'offset': 0, 'projected_percent': '-17.9', 'likelihood': -1}, {'offset': 1, 'projected_percent': '-29.6', 'likelihood': -2}, {'offset': 2, 'projected_percent': '-41.3', 'likelihood': -3}]",,False,0,3,0.0,0.0,0,Jaden,0.0,318,False,Ankle injury - Unknown return date,2026-08-25T11:30:07.532993Z,5.4,481624.jpg,0.0,False,Philogene,0.1,False,,i,12,40,0,152,5,7842,464,0.0,0.0,Philogene,,241.0,2025-01-15,2002-02-08,False,p481624,0,0,0,0,0,0,0,0,0,0,0,0,0,0.0,0.0,0.0,0.0,0,0,0,0,0,0.00,0.00,0.00,0.00,5.0,,,,3.0,,[],,593,251,599,256,575,237,600,253,0.0,0.0,0.0,0.0,0.0,0.0,220,136,615,262,615,262,444,175,0.0,0.0,0.0,Ipswich Town,IPS
True,False,0.0,0.0,172453,0,0,0,0,0.0,-4,"[{'offset': 0, 'projected_percent': '0.0', 'likelihood': 0}, {'offset': 1, 'projected_percent': '0.0', 'likelihood': 0}, {'offset': 2, 'projected_percent': '0.0', 'likelihood': 0}]",,False,0,3,0.0,0.0,0,Sam,0.0,319,False,Has joined Derby County on loan for the rest of the season,2026-08-17T13:51:41.713979Z,5.0,172453.jpg,0.0,False,Szmodics,0.0,False,,u,12,40,0,0,0,636,36,0.0,0.0,Szmodics,,104.0,2024-08-16,1995-09-24,False,p172453,0,0,0,0,0,0,0,0,0,0,0,0,0,0.0,0.0,0.0,0.0,0,0,0,0,0,0.00,0.00,0.00,0.00,,,,,,,[],,527,211,529,219,485,185,536,215,0.0,0.0,0.0,0.0,0.0,0.0,257,159,558,229,558,229,629,273,0.0,0.0,0.0,Ipswich Town,IPS
True,True,,,147675,0,0,0,0,19.4,215,"[{'offset': 0, 'projected_percent': '19.9', 'likelihood': 1}, {'offset': 1, 'projected_percent': '22.7', 'likelihood': 2}, {'offset': 2, 'projected_percent': '25.5', 'likelihood': 2}]",,False,0,4,2.0,2.0,0,Chuba,2.0,320,False,,,5.0,147675.jpg,3.0,False,Akpom,1.1,False,,a,12,40,6,79230,11951,28496,5026,0.4,1.2,Akpom,,241.0,2026-07-01,1995-10-09,False,p147675,69,1,0,0,4,0,0,0,0,0,0,0,33,34.6,1.7,19.0,5.5,0,2,1,3,0,0.97,0.00,0.97,4.04,,,,,,,[],,119,10,259,35,92,20,153,17,1.27,0.0,0.0,1.27,5.27,5.22,249,51,177,16,128,15,182,28,0.0,0.0,3.91,Ipswich Town,IPS
True,True,,,557012,0,0,0,0,30.0,290,"[{'offset': 0, 'projected_percent': '30.7', 'likelihood': 2}, {'offset': 1, 'projected_percent': '34.5', 'likelihood': 2}, {'offset': 2, 'projected_percent': '38.3', 'likelihood': 2}]",,False,0,4,0.3,0.3,0,Sindre,0.3,321,False,,,4.5,557012.jpg,1.0,False,Walle Egeli,3.4,False,,a,12,40,1,193301,24891,91780,14185,0.1,0.2,Walle Egeli,,161.0,2025-08-29,2006-06-21,False,p557012,10,0,0,0,0,0,0,0,0,0,0,0,3,0.0,0.1,0.0,0.0,0,0,0,0,0,0.00,0.00,0.00,0.03,,,,,,,[],,461,41,326,41,405,43,471,46,0.0,0.0,0.0,0.0,0.27,0.0,534,71,345,42,290,33,94,14,0.0,0.0,0.0,Ipswich Town,IPS
True,False,0.0,0.0,462387,0,0,0,0,0.0,-21,"[{'offset': 0, 'projected_percent': '0.0', 'likelihood': 0}, {'offset': 1, 'projected_percent': '0.0', 'likelihood': 0}, {'offset': 2, 'projected_percent': '0.0', 'likelihood': 0}]",,False,0,4,0.0,0.0,0,Ali,0.0,322,False,Has joined Sheffield Wednesday on loan for the rest of the season,2026-08-27T14:54:10.215357Z,5.0,462387.jpg,0.0,False,Al-Hamadi,0.1,False,,u,12,40,0,755,0,7434,555,0.0,0.0,Al-Hamadi,Ali Al Hamadi,103.0,2024-01-29,2002-03-01,False,p462387,0,0,0,0,0,0,0,0,0,0,0,0,0,0.0,0.0,0.0,0.0,0,0,0,0,0,0.00,0.00,0.00,0.00,,,,,,,[],,546,51,551,56,512,53,554,56,0.0,0.0,0.0,0.0,0.0,0.0,304,56,574,62,574,62,462,65,0.0,0.0,0.0,Ipswich Town,IPS
True,True,,,461587,0,0,0,0,-22.9,-58,"[{'offset': 0, 'projected_percent': '-24.0', 'likelihood': -2}, {'offset': 1, 'projected_percent': '-30.4', 'likelihood': -2}, {'offset': 2, 'projected_percent': '-36.7', 'likelihood': -2}]",,False,0,3,1.0,1.0,1,Kasey,1.0,323,False,,,4.5,461587.jpg,1.0,False,McAteer,1.3,False,,a,12,40,3,19792,2551,31110,3579,0.2,0.7,McAteer,,104.0,2025-08-22,2001-11-22,False,p461587,42,0,0,0,0,0,0,0,0,0,0,0,12,1.4,1.3,0.0,0.3,0,4,1,5,0,0.05,0.00,0.05,0.21,,,,,,,[],,317,143,272,139,371,130,324,148,0.11,0.0,0.0,0.11,0.45,0.0,495,264,252,110,285,120,164,51,0.0,0.0,10.71,Ipswich Town,IPS
True,True,,,232457,0,0,-1,1,-17.8,-2,"[{'offset': 0, 'projected_percent': '-19.0', 'likelihood': -1}, {'offset': 1, 'projected_percent': '-26.1', 'likelihood': -2}, {'offset': 2, 'projected_percent': '-33.3', 'likelihood': -2}]",,False,0,3,0.0,0.0,0,Anis,0.0,324,False,,,4.9,232457.jpg,0.0,False,Mehmeti,0.0,False,,a,12,40,0,197,41,1593,150,0.0,0.0,Mehmeti,,2.0,2026-01-23,2001-01-09,False,p232457,0,0,0,0,0,0,0,0,0,0,0,0,0,0.0,0.0,0.0,0.0,0,0,0,0,0,0.00,0.00,0.00,0.00,,,,,,,[],,501,195,501,202,448,161,510,199,0.0,0.0,0.0,0.0,0.0,0.0,391,237,537,215,537,215,518,213,0.0,0.0,0.0,Ipswich Town,IPS
True,False,0.0,0.0,546600,0,0,0,0,0.0,-6,"[{'offset': 0, 'projected_percent': '0.0', 'likelihood': 0}, {'offset': 1, 'projected_percent': '0.0', 'likelihood': 0}, {'offset': 2, 'projected_percent': '0.0', 'likelihood': 0}]",,False,0,1,0.0,0.0,0,Kayne,0.0,554,False,Has joined Valencia on loan for the rest of the season,2026-08-25T14:04:09.529320Z,4.5,546600.jpg,0.0,False,van Oevelen,0.0,False,,u,12,40,0,54,0,1431,96,0.0,0.0,Van Oevelen,,152.0,2026-07-21,2003-08-07,False,p546600,0,0,0,0,0,0,0,0,0,0,0,0,0,0.0,0.0,0.0,0.0,0,0,0,0,0,0.00,0.00,0.00,0.00,,,,,,,[],,453,62,455,48,397,47,463,62,0.0,0.0,0.0,0.0,0.0,0.0,525,46,493,62,493,62,561,65,0.0,0.0,0.0,Ipswich Town,IPS
True,True,,,442967,-1,1,-1,1,-5.1,-35,"[{'offset': 0, 'projected_percent': '-6.7', 'likelihood': -1}, {'offset': 1, 'projected_percent': '-15.9', 'likelihood': -1}, {'offset': 2, 'projected_percent': '-25.0', 'likelihood': -2}]",,False,0,3,2.0,2.0,2,Daizen,2.0,562,False,,,5.4,442967.jpg,2.0,False,Maeda,0.3,False,,a,12,40,6,1950,307,11108,1227,0.4,1.1,Maeda,,108.0,2026-07-25,1997-10-20,False,p442967,216,0,0,0,7,0,0,0,0,0,0,0,26,20.6,2.8,26.0,4.9,8,4,7,19,3,0.71,0.01,0.72,5.16,,,,,,,[],,174,66,231,125,72,41,175,83,0.3,0.0,0.0,0.3,2.15,2.92,213,133,188,86,211,93,294,101,1.25,0.0,7.92,Ipswich Town,IPS
True,True,,,240514,0,0,0,0,-26.9,-3,"[{'offset': 0, 'projected_percent': '-27.0', 'likelihood': -2}, {'offset': 1, 'projected_percent': '-27.7', 'likelihood': -2}, {'offset': 2, 'projected_percent': '-28.3', 'likelihood': -2}]",,False,0,1,2.0,2.0,2,Kjell,2.0,564,False,,,4.5,240514.jpg,2.0,False,Scherpen,0.6,False,,a,12,40,6,7164,1436,11945,1212,0.4,1.3,Scherpen,,152.0,2026-07-28,2000-01-23,False,p240514,270,0,0,0,8,0,0,0,0,0,13,0,34,60.8,0.0,0.0,6.0,5,30,0,0,3,0.00,0.01,0.01,6.12,,,,,,,[],,28,4,420,39,357,38,145,5,0.0,4.33,0.0,0.0,2.04,2.67,476,37,174,15,194,16,240,32,1.0,0.0,0.0,Ipswich Town,IPS
True,True,100.0,100.0,216055,0,0,-1,1,-8.5,-5,"[{'offset': 0, 'projected_percent': '-9.7', 'likelihood': -1}, {'offset': 1, 'projected_percent': '-16.3', 'likelihood': -1}, {'offset': 2, 'projected_percent': '-22.9', 'likelihood': -2}]",,False,0,3,0.0,0.0,0,Florentino Ibrain,0.0,571,False,,2026-08-25T11:30:07.678802Z,4.9,216055.jpg,0.0,False,Morris Luís,0.1,False,,a,12,40,0,557,120,4813,255,0.0,0.0,Florentino,Florentino,173.0,2026-08-04,1999-08-19,False,p216055,0,0,0,0,0,0,0,0,0,0,0,0,0,0.0,0.0,0.0,0.0,0,0,0,0,0,0.00,0.00,0.00,0.00,,,,,,,[],,499,193,499,200,446,159,508,197,0.0,0.0,0.0,0.0,0.0,0.0,389,235,535,213,535,213,431,171,0.0,0.0,0.0,Ipswich Town,IPS
True,True,100.0,100.0,474120,0,0,0,0,8.4,94,"[{'offset': 0, 'projected_percent': '8.6', 'likelihood': 1}, {'offset': 1, 'projected_percent': '9.9', 'likelihood': 1}, {'offset': 2, 'projected_percent': '11.1', 'likelihood': 1}]",,False,0,3,3.7,3.7,1,Julio,3.7,591,False,,2026-08-22T18:00:07.551930Z,5.5,474120.jpg,3.7,False,Enciso,0.8,False,,a,12,40,11,61333,7767,19055,3790,0.7,2.0,Enciso,,168.0,2026-08-17,2004-01-23,False,p474120,250,0,2,0,8,0,0,0,1,0,0,0,65,43.4,26.4,39.0,10.9,4,15,2,21,3,0.87,0.64,1.51,6.09,,,,,,,[],,77,30,96,59,47,28,58,38,0.31,0.0,0.23,0.54,2.19,2.88,167,101,89,41,97,43,214,68,1.08,0.0,7.56,Ipswich Town,IPS
True,True,,,572584,0,0,0,0,-7.0,-25,"[{'offset': 0, 'projected_percent': '-7.6', 'likelihood': -1}, {'offset': 1, 'projected_percent': '-11.3', 'likelihood': -1}, {'offset': 2, 'projected_percent': '-15.0', 'likelihood': -1}]",,False,0,2,1.0,1.0,1,Abdoul,1.0,592,False,,,4.0,572584.jpg,1.0,False,Ouattara,0.9,False,,a,12,40,3,8052,882,14430,1403,0.2,0.8,Ouattara,,54.0,2026-08-17,2005-10-22,False,p572584,39,0,0,0,1,0,0,0,0,0,0,0,7,5.8,10.6,0.0,1.6,2,3,0,2,0,0.00,0.02,0.02,0.89,,,,,,,[],,262,101,182,58,305,123,275,100,0.0,0.0,0.05,0.05,2.05,2.31,641,202,245,88,270,99,199,76,0.0,0.0,4.62,Ipswich Town,IPS
True,False,0.0,0.0,524180,0,0,0,0,0.0,-14,"[{'offset': 0, 'projected_percent': '0.0', 'likelihood': 0}, {'offset': 1, 'projected_percent': '0.0', 'likelihood': 0}, {'offset': 2, 'projected_percent': '0.0', 'likelihood': 0}]",,False,0,3,0.0,0.0,0,Cameron,0.0,602,False,Has joined Huddersfield Town on loan for the rest of the season,2026-09-02T16:04:17.524642Z,4.5,524180.jpg,0.0,False,Humphreys,0.0,False,,u,12,40,0,2861,0,1982,445,0.0,0.0,Humphreys,,241.0,2021-08-09,2003-10-30,False,p524180,0,0,0,0,0,0,0,0,0,0,0,0,0,0.0,0.0,0.0,0.0,0,0,0,0,0,0.00,0.00,0.00,0.00,,,,,,,[],,451,171,453,180,395,138,461,176,0.0,0.0,0.0,0.0,0.0,0.0,523,272,491,193,491,193,528,216,0.0,0.0,0.0,Ipswich Town,IPS
True,True,,,218543,0,0,0,0,0.0,0,"[{'offset': 0, 'projected_percent': '0.0', 'likelihood': 0}, {'offset': 1, 'projected_percent': '0.0', 'likelihood': 0}, {'offset': 2, 'projected_percent': '0.0', 'likelihood': 0}]",2026-09-10T13:59:58.521186Z,False,0,3,2.5,2.5,4,Exequiel,2.5,619,False,,,5.0,218543.jpg,2.5,False,Palacios,0.0,False,,a,12,40,5,2276,861,586,234,0.5,1.0,Palacios,,10.0,2026-08-27,1998-10-05,False,p218543,105,0,0,0,4,0,0,0,0,0,0,0,35,7.2,12.0,2.0,2.1,5,15,5,25,1,0.00,0.03,0.03,2.61,,,,,,,[],,250,109,170,100,229,109,253,114,0.0,0.0,0.03,0.03,2.24,3.43,274,170,144,64,162,69,563,231,0.86,0.0,21.43,Ipswich Town,IPS
True,True,,,431639,0,0,0,0,0.0,0,"[{'offset': 0, 'projected_percent': '0.0', 'likelihood': 0}, {'offset': 1, 'projected_percent': '0.0', 'likelihood': 0}, {'offset': 2, 'projected_percent': '0.0', 'likelihood': 0}]",2026-09-15T14:54:27.083621Z,False,0,4,1.8,1.8,1,Zian,1.0,640,False,,,5.5,431639.jpg,1.0,False,Flemming,0.0,False,,a,12,40,1,2513,752,411,178,0.2,0.2,Flemming,,152.0,2026-09-01,1998-08-01,False,p431639,24,0,0,0,0,0,0,0,0,0,0,0,4,0.0,0.0,0.0,0.0,0,0,0,0,0,0.02,0.01,0.03,0.06,,,,,,,[],,611,65,615,69,600,67,616,69,0.08,0.0,0.04,0.12,0.22,0.0,151,39,271,31,346,40,555,74,0.0,0.0,0.0,Ipswich Town,IPS
True,True,,,153682,0,0,-1,1,-64.9,-1527,"[{'offset': 0, 'projected_percent': '-74.9', 'likelihood': -3}, {'offset': 1, 'projected_percent': '-133.1', 'likelihood': -5}, {'offset': 2, 'projected_percent': '-191.2', 'likelihood': -5}]",,False,0,3,1.3,1.3,0,Harry,1.3,260,False,,,6.4,153682.jpg,1.3,False,Wilson,3.6,False,,a,13,2,4,23302,1046,250335,36962,0.2,0.6,Wilson,,244.0,2026-07-08,1997-03-22,False,p153682,127,0,0,1,0,0,0,0,1,0,0,0,15,14.6,27.4,10.0,5.3,2,4,3,9,1,0.01,0.06,0.07,2.98,2.0,,,,,,[],,209,83,90,56,150,74,164,78,0.01,0.0,0.04,0.05,2.11,0.0,47,32,238,108,261,118,92,29,0.71,0.71,6.38,Leeds,LEE
True,False,0.0,0.0,201595,0,0,0,0,0.0,-84,"[{'offset': 0, 'projected_percent': '0.0', 'likelihood': 0}, {'offset': 1, 'projected_percent': '0.0', 'likelihood': 0}, {'offset': 2, 'projected_percent': '0.0', 'likelihood': 0}]",,False,0,1,0.0,0.0,0,Lucas Estella,0.0,326,False,Has joined Torino on loan for the rest of the season,2026-09-01T13:12:39.210133Z,4.5,201595.jpg,0.0,False,Perri,0.4,False,,u,13,2,0,532,0,17267,2451,0.0,0.0,Perri,Lucas Perri,30.0,2025-07-26,1997-12-10,False,p201595,0,0,0,0,0,0,0,0,0,0,0,0,0,0.0,0.0,0.0,0.0,0,0,0,0,0,0.00,0.00,0.00,0.00,,,,,,,[],,416,55,411,36,346,35,426,55,0.0,0.0,0.0,0.0,0.0,0.0,458,34,458,55,458,55,270,35,0.0,0.0,0.0,Leeds,LEE
True,True,,,434752,0,0,0,0,13.3,-165,"[{'offset': 0, 'projected_percent': '13.0', 'likelihood': 1}, {'offset': 1, 'projected_percent': '10.8', 'likelihood': 1}, {'offset': 2, 'projected_percent': '8.6', 'likelihood': 1}]",,False,0,2,4.0,4.0,1,Jaka,4.0,327,False,,,5.0,434752.jpg,4.0,False,Bijol,0.9,False,,a,13,2,12,61606,1479,30190,4479,0.8,2.4,Bijol,,195.0,2025-06-23,1999-02-05,False,p434752,164,0,0,1,2,0,0,0,0,0,0,2,29,32.0,0.6,15.0,4.8,18,7,3,21,2,0.11,0.00,0.11,3.16,,,,,,,[],,131,59,298,111,115,35,179,66,0.06,0.0,0.0,0.06,1.73,1.1,296,51,76,31,81,34,201,78,1.1,0.55,11.52,Leeds,LEE
True,True,0.0,0.0,214225,-1,1,-1,1,-5.1,-1674,"[{'offset': 0, 'projected_percent': '-9.4', 'likelihood': -1}, {'offset': 1, 'projected_percent': '-34.4', 'likelihood': -2}, {'offset': 2, 'projected_percent': '-59.4', 'likelihood': -3}]",,False,0,2,0.0,0.0,0,Joe,2.3,329,False,Hamstring injury - Expected back 21 Nov,2026-08-30T16:00:08.564382Z,4.4,214225.jpg,3.5,False,Rodon,1.9,False,,i,13,2,7,26723,53,173603,33402,0.5,1.6,Rodon,,244.0,2024-07-02,1997-10-22,False,p214225,123,0,0,1,0,0,0,0,0,0,0,0,25,23.0,14.7,7.0,4.5,10,2,1,11,2,0.03,0.06,0.09,1.01,,,,,,,[],https://www.leedsunited.com/en/news/daniel-farke-provides-fitness-update-ahead-of-brighton-clash-a,164,76,151,46,164,56,185,69,0.02,0.0,0.04,0.06,0.74,0.0,571,154,147,57,103,38,129,53,1.46,0.73,8.05,Leeds,LEE
True,True,,,226182,0,0,0,0,9.1,891,"[{'offset': 0, 'projected_percent': '11.2', 'likelihood': 1}, {'offset': 1, 'projected_percent': '22.9', 'likelihood': 2}, {'offset': 2, 'projected_percent': '34.7', 'likelihood': 2}]",,False,1,2,7.3,7.3,14,Jayden,7.3,330,False,,,4.5,226182.jpg,7.3,False,Bogle,1.0,False,,a,13,2,22,38102,27088,12135,3490,1.6,4.9,Bogle,,241.0,2024-07-20,2000-07-27,False,p226182,217,1,0,2,1,0,0,0,1,0,0,3,63,25.6,12.4,4.0,4.2,9,8,3,12,3,0.90,0.03,0.93,1.64,,,,,,,[],,150,68,165,50,197,70,188,71,0.37,0.0,0.01,0.38,0.68,0.41,469,108,12,4,13,4,198,75,1.24,0.83,4.98,Leeds,LEE
True,True,100.0,100.0,243526,0,0,0,0,0.0,6,"[{'offset': 0, 'projected_percent': '0.1', 'likelihood': 1}, {'offset': 1, 'projected_percent': '0.1', 'likelihood': 1}, {'offset': 2, 'projected_percent': '0.2', 'likelihood': 1}]",,False,0,2,0.7,0.7,2,Gabriel,0.7,331,False,,2026-08-08T20:00:07.546568Z,4.5,243526.jpg,2.0,False,Gudmundsson,0.0,False,,a,13,2,2,971,261,1505,122,0.2,0.4,Gudmundsson,,206.0,2025-07-08,1999-04-29,False,p243526,90,0,0,0,1,0,0,0,0,0,0,0,9,0.0,0.0,0.0,0.0,2,9,3,5,1,0.00,0.00,0.00,2.19,,,,,,,[],,425,170,422,170,359,155,435,170,0.0,0.0,0.0,0.0,2.19,1.0,479,114,292,106,195,77,498,174,1.0,0.0,5.0,Leeds,LEE
True,True,,,220627,0,0,0,0,16.9,29,"[{'offset': 0, 'projected_percent': '17.0', 'likelihood': 1}, {'offset': 1, 'projected_percent': '17.4', 'likelihood': 1}, {'offset': 2, 'projected_percent': '17.8', 'likelihood': 1}]",,False,0,2,5.3,5.3,4,James,5.3,332,False,,,4.5,220627.jpg,5.3,False,Justin,1.5,False,,a,13,2,16,84950,5784,35147,4328,1.2,3.6,Justin,,241.0,2025-08-25,1998-02-23,False,p220627,270,0,0,1,2,0,0,0,0,0,0,2,49,49.2,14.1,11.0,7.4,19,11,11,30,3,0.17,0.02,0.19,4.52,,,,,,,[],,61,24,154,47,137,45,113,40,0.06,0.0,0.01,0.07,1.51,0.67,464,104,39,16,44,18,150,63,1.0,0.33,10.0,Leeds,LEE
True,False,0.0,0.0,437738,0,0,0,0,0.0,0,"[{'offset': 0, 'projected_percent': '0.0', 'likelihood': 0}, {'offset': 1, 'projected_percent': '0.0', 'likelihood': 0}, {'offset': 2, 'projected_percent': '0.0', 'likelihood': 0}]",,False,0,2,0.0,0.0,0,Sebastiaan,0.0,333,False,Has joined Hamburg SV on loan for the rest of the season,2026-08-19T13:56:14.645970Z,4.5,437738.jpg,0.0,False,Bornauw,0.0,False,,u,13,2,0,0,0,249,16,0.0,0.0,Bornauw,,21.0,2025-07-01,1999-03-22,False,p437738,0,0,0,0,0,0,0,0,0,0,0,0,0,0.0,0.0,0.0,0.0,0,0,0,0,0,0.00,0.00,0.00,0.00,,,,,,,[],,431,175,428,175,367,162,441,175,0.0,0.0,0.0,0.0,0.0,0.0,489,123,472,182,472,182,641,212,0.0,0.0,0.0,Leeds,LEE
True,True,,,522047,0,0,0,0,7.3,607,"[{'offset': 0, 'projected_percent': '8.6', 'likelihood': 1}, {'offset': 1, 'projected_percent': '16.7', 'likelihood': 1}, {'offset': 2, 'projected_percent': '24.7', 'likelihood': 2}]",,False,0,2,4.7,4.7,4,Tarik,4.7,334,False,,,5.0,522047.jpg,4.7,False,Muharemović,3.3,False,,a,13,2,14,73848,11805,65704,11269,0.9,2.8,Muharemović,,27.0,2026-07-17,2003-02-28,False,p522047,270,0,0,1,2,0,0,0,0,0,0,0,52,67.2,1.4,19.0,8.7,36,6,3,39,3,0.09,0.02,0.11,4.52,,,,,,,[],,22,6,268,94,93,24,84,25,0.03,0.0,0.01,0.04,1.51,0.67,343,62,55,22,60,24,98,38,1.0,0.33,13.0,Leeds,LEE
True,True,,,466525,0,0,0,0,30.6,-401,"[{'offset': 0, 'projected_percent': '29.7', 'likelihood': 2}, {'offset': 1, 'projected_percent': '24.4', 'likelihood': 2}, {'offset': 2, 'projected_percent': '19.1', 'likelihood': 1}]",,False,1,3,6.3,6.3,2,Anton,6.3,335,False,,,6.0,466525.jpg,6.3,False,Stach,2.9,False,,a,13,2,19,152441,8921,76108,12872,1.0,3.2,Stach,,80.0,2025-07-22,1998-11-15,False,p466525,270,1,0,1,2,0,0,0,0,0,0,3,57,72.4,19.3,20.0,11.2,18,11,9,38,3,0.49,0.16,0.65,4.52,1.0,,1.0,,,,[],,14,9,130,79,91,49,54,36,0.16,0.0,0.05,0.21,1.51,0.67,75,50,29,12,31,13,106,32,1.0,0.33,12.67,Leeds,LEE
True,True,,,435997,0,0,-1,1,-37.0,-47,"[{'offset': 0, 'projected_percent': '-40.6', 'likelihood': -3}, {'offset': 1, 'projected_percent': '-61.5', 'likelihood': -3}, {'offset': 2, 'projected_percent': '-82.3', 'likelihood': -3}]",,False,0,3,2.0,2.0,3,Noah,2.0,336,False,,,5.9,435997.jpg,2.0,False,Okafor,0.3,False,,a,13,2,6,4480,606,21637,1578,0.3,1.0,Okafor,,207.0,2025-08-21,2000-05-24,False,p435997,153,0,0,1,1,0,0,0,0,0,0,0,30,16.4,21.5,14.0,5.2,2,2,3,7,2,0.08,0.18,0.26,1.11,,,,,,,[],,200,79,120,74,122,62,167,81,0.05,0.0,0.11,0.16,0.65,0.59,97,62,193,89,218,97,292,99,1.18,0.59,4.12,Leeds,LEE
True,True,,,427637,-1,1,-1,1,-8.1,-101,"[{'offset': 0, 'projected_percent': '-10.3', 'likelihood': -1}, {'offset': 1, 'projected_percent': '-22.5', 'likelihood': -2}, {'offset': 2, 'projected_percent': '-34.8', 'likelihood': -2}]",,False,0,3,1.7,1.7,1,Brenden,1.7,337,False,,,5.4,427637.jpg,1.7,False,Aaronson,0.7,False,,a,13,2,5,4986,367,27658,3131,0.3,0.9,Aaronson,,229.0,2022-07-01,2000-10-22,False,p427637,154,0,0,1,2,0,0,0,0,0,0,0,27,10.2,1.7,7.0,1.9,1,7,2,10,2,0.01,0.02,0.03,3.08,,,3.0,,,,[],,232,96,262,136,176,87,263,118,0.01,0.0,0.01,0.02,1.8,1.17,210,130,208,95,235,104,236,80,1.17,0.58,5.84,Leeds,LEE
True,True,,,199598,0,0,0,0,-71.6,-126,"[{'offset': 0, 'projected_percent': '-74.3', 'likelihood': -3}, {'offset': 1, 'projected_percent': '-90.0', 'likelihood': -3}, {'offset': 2, 'projected_percent': '-105.6', 'likelihood': -5}]",,False,0,3,3.0,3.0,2,Ethan,3.0,338,False,,,5.5,199598.jpg,3.0,False,Ampadu,1.1,False,,a,13,2,9,8962,809,32835,4125,0.5,1.6,Ampadu,,244.0,2023-07-19,2000-09-14,False,p199598,270,0,0,1,2,0,0,0,0,0,0,0,43,38.2,39.9,1.0,7.9,17,9,8,34,3,0.01,0.14,0.15,4.52,,,,,,,[],,101,36,52,41,251,123,102,53,0.0,0.0,0.05,0.05,1.51,0.67,135,82,122,51,137,56,181,56,1.0,0.33,11.33,Leeds,LEE
True,True,,,180135,-1,1,-1,1,-5.4,-10,"[{'offset': 0, 'projected_percent': '-6.7', 'likelihood': -1}, {'offset': 1, 'projected_percent': '-14.5', 'likelihood': -1}, {'offset': 2, 'projected_percent': '-22.2', 'likelihood': -2}]",,False,0,3,0.3,0.3,0,Sean,0.3,339,False,,,4.9,180135.jpg,1.0,False,Longstaff,0.1,False,,a,13,2,1,1450,236,4757,522,0.1,0.2,Longstaff,,241.0,2025-07-18,1997-10-30,False,p180135,8,0,0,0,0,0,0,0,0,0,0,0,3,0.0,0.2,0.0,0.0,0,0,0,0,0,0.00,0.00,0.00,0.07,3.0,,2.0,,,,[],,496,191,323,164,442,157,505,195,0.0,0.0,0.0,0.0,0.79,0.0,383,232,347,157,293,122,418,163,0.0,0.0,0.0,Leeds,LEE
True,False,0.0,0.0,492859,0,0,0,0,0.0,-3,"[{'offset': 0, 'projected_percent': '0.0', 'likelihood': 0}, {'offset': 1, 'projected_percent': '0.0', 'likelihood': 0}, {'offset': 2, 'projected_percent': '0.0', 'likelihood': 0}]",,False,0,3,0.0,0.0,0,Wilfried,0.0,341,False,Has joined ACF Fiorentina on loan for the rest of the season,2026-09-02T16:04:47.189648Z,5.0,492859.jpg,0.0,False,Gnonto,0.0,False,,u,13,2,0,244,0,1328,184,0.0,0.0,Gnonto,,106.0,2022-09-01,2003-11-05,False,p492859,0,0,0,0,0,0,0,0,0,0,0,0,0,0.0,0.0,0.0,0.0,0,0,0,0,0,0.00,0.00,0.00,0.00,,,,,,,[],,557,229,564,236,529,208,565,232,0.0,0.0,0.0,0.0,0.0,0.0,326,194,584,244,584,244,596,251,0.0,0.0,0.0,Leeds,LEE
True,False,0.0,0.0,221399,0,0,0,0,0.0,0,"[{'offset': 0, 'projected_percent': '0.0', 'likelihood': 0}, {'offset': 1, 'projected_percent': '0.0', 'likelihood': 0}, {'offset': 2, 'projected_percent': '0.0', 'likelihood': 0}]",,False,0,3,0.0,0.0,0,Jack,0.0,342,False,Has joined New England Revolution permanently,2026-07-28T12:59:09.492431Z,5.0,221399.jpg,0.0,False,Harrison,0.0,False,,u,13,2,0,0,0,57,4,0.0,0.0,Harrison,,241.0,2021-07-02,1996-11-20,False,p221399,0,0,0,0,0,0,0,0,0,0,0,0,0,0.0,0.0,0.0,0.0,0,0,0,0,0,0.00,0.00,0.00,0.00,,,,,,,[],,532,215,535,222,492,189,540,218,0.0,0.0,0.0,0.0,0.0,0.0,277,171,562,232,562,232,653,291,0.0,0.0,0.0,Leeds,LEE
True,True,,,200617,0,0,0,0,-58.3,-17,"[{'offset': 0, 'projected_percent': '-62.0', 'likelihood': -3}, {'offset': 1, 'projected_percent': '-83.4', 'likelihood': -3}, {'offset': 2, 'projected_percent': '-104.8', 'likelihood': -5}]",,False,0,3,0.3,0.3,0,Daniel,0.3,343,False,,,5.0,200617.jpg,1.0,False,James,0.1,False,,a,13,2,1,2728,266,4551,524,0.1,0.2,James,,244.0,2021-08-31,1997-11-10,False,p200617,22,0,0,0,0,0,0,0,0,0,0,0,2,0.0,1.1,12.0,1.1,0,2,0,2,0,0.24,0.01,0.25,0.93,,,,,,,[],,529,213,280,143,128,65,292,131,0.98,0.0,0.04,1.02,3.8,0.0,262,162,357,163,309,132,415,162,0.0,0.0,8.18,Leeds,LEE
True,True,25.0,25.0,486520,0,0,0,0,0.0,0,"[{'offset': 0, 'projected_percent': '0.0', 'likelihood': 0}, {'offset': 1, 'projected_percent': '0.0', 'likelihood': 0}, {'offset': 2, 'projected_percent': '0.0', 'likelihood': 0}]",2026-09-06T23:30:08.268488Z,False,0,3,0.0,0.0,0,Ilia,0.0,344,False,Knee injury - 25% chance of playing,2026-08-14T23:00:06.272027Z,5.0,486520.jpg,0.0,False,Gruev,0.0,False,,d,13,2,0,47,5,213,13,0.0,0.0,Gruev,,34.0,2023-08-31,2000-05-06,False,p486520,0,0,0,0,0,0,0,0,0,0,0,0,0,0.0,0.0,0.0,0.0,0,0,0,0,0,0.00,0.00,0.00,0.00,,,,,,,[],,550,224,557,231,520,202,558,227,0.0,0.0,0.0,0.0,0.0,0.0,317,188,578,240,578,240,635,277,0.0,0.0,0.0,Leeds,LEE
True,True,,,248056,0,0,-1,1,0.5,50,"[{'offset': 0, 'projected_percent': '0.6', 'likelihood': 1}, {'offset': 1, 'projected_percent': '1.3', 'likelihood': 1}, {'offset': 2, 'projected_percent': '2.0', 'likelihood': 1}]",,False,0,3,2.0,2.0,5,Tanaka,2.0,345,False,,,4.9,248056.jpg,3.0,False,Ao,0.2,False,,a,13,2,6,6180,1815,9479,745,0.4,1.2,Tanaka,,108.0,2024-08-30,1998-09-10,False,p248056,117,0,1,0,1,0,0,0,0,0,0,0,24,20.0,1.8,0.0,2.2,8,6,5,19,1,0.53,0.02,0.55,2.00,4.0,,,,,,[],,175,67,253,133,449,162,246,110,0.41,0.0,0.02,0.43,1.54,0.77,393,239,176,76,126,51,328,117,0.77,0.0,14.62,Leeds,LEE
True,True,,,177815,0,0,0,0,-27.3,-1884,"[{'offset': 0, 'projected_percent': '-29.1', 'likelihood': -2}, {'offset': 1, 'projected_percent': '-39.4', 'likelihood': -2}, {'offset': 2, 'projected_percent': '-49.8', 'likelihood': -3}]",,False,0,4,3.3,3.3,1,Dominic,3.3,346,False,,,6.0,177815.jpg,3.3,False,Calvert-Lewin,25.1,False,,a,13,2,10,311944,29044,647131,114967,0.6,1.7,Calvert-Lewin,,241.0,2025-08-15,1997-03-16,False,p177815,252,1,0,1,2,0,0,0,2,0,0,2,29,38.4,4.8,46.0,8.4,4,5,0,9,3,1.61,0.08,1.69,3.20,,,,,1.0,,[],,100,9,213,28,37,12,90,13,0.58,0.0,0.03,0.61,1.14,0.71,62,14,105,10,116,13,11,3,1.07,0.36,3.21,Leeds,LEE
True,True,,,174594,0,0,0,0,-101.0,-106,"[{'offset': 0, 'projected_percent': '-106.3', 'likelihood': -5}, {'offset': 1, 'projected_percent': '-136.9', 'likelihood': -5}, {'offset': 2, 'projected_percent': '-167.5', 'likelihood': -5}]",,False,0,4,1.7,1.7,1,Lukas,1.7,347,False,,,5.5,174594.jpg,2.5,False,Nmecha,0.5,False,,a,13,2,5,8215,871,20070,1987,0.3,0.9,Nmecha,,80.0,2025-07-01,1998-12-14,False,p174594,38,0,1,0,0,0,0,0,0,0,0,0,20,18.2,20.3,6.0,4.5,0,1,0,1,0,0.27,0.14,0.41,2.25,,,,,2.0,,[],,186,15,123,11,191,32,186,22,0.64,0.0,0.33,0.97,5.33,0.0,131,35,210,18,164,18,257,43,0.0,0.0,2.37,Leeds,LEE
True,False,0.0,0.0,235826,0,0,0,0,0.0,-23,"[{'offset': 0, 'projected_percent': '0.0', 'likelihood': 0}, {'offset': 1, 'projected_percent': '0.0', 'likelihood': 0}, {'offset': 2, 'projected_percent': '0.0', 'likelihood': 0}]",,False,0,4,0.0,0.0,0,Joël,0.0,348,False,Has joined West Ham United on loan for the rest of the season,2026-08-19T13:56:14.666726Z,5.0,235826.jpg,0.0,False,Piroe,0.1,False,,u,13,2,0,0,0,8805,509,0.0,0.0,Piroe,,203.0,2023-08-24,1999-08-02,False,p235826,0,0,0,0,0,0,0,0,0,0,0,0,0,0.0,0.0,0.0,0.0,0,0,0,0,0,0.00,0.00,0.00,0.00,,,,,3.0,,[],,538,50,541,55,499,52,546,55,0.0,0.0,0.0,0.0,0.0,0.0,288,55,567,61,567,61,455,64,0.0,0.0,0.0,Leeds,LEE
True,True,0.0,0.0,565297,0,0,0,0,-27.1,-8,"[{'offset': 0, 'projected_percent': '-28.4', 'likelihood': -2}, {'offset': 1, 'projected_percent': '-35.9', 'likelihood': -2}, {'offset': 2, 'projected_percent': '-43.4', 'likelihood': -3}]",,False,0,4,0.0,0.0,0,Mateo,0.0,349,False,Knee injury - Unknown return date,2026-07-29T18:00:10.338170Z,4.5,565297.jpg,0.0,False,Joseph Fernández-Regatillo,0.1,False,,i,13,2,0,1495,223,2441,308,0.0,0.0,Mateo Joseph,,200.0,2022-11-04,2003-10-19,False,p565297,0,0,0,0,0,0,0,0,0,0,0,0,0,0.0,0.0,0.0,0.0,0,0,0,0,0,0.00,0.00,0.00,0.00,,,,,,,[],,462,42,463,47,406,44,472,47,0.0,0.0,0.0,0.0,0.0,0.0,535,72,501,53,501,53,493,68,0.0,0.0,0.0,Leeds,LEE
True,True,,,432720,0,0,0,0,26.8,72,"[{'offset': 0, 'projected_percent': '27.0', 'likelihood': 2}, {'offset': 1, 'projected_percent': '28.0', 'likelihood': 2}, {'offset': 2, 'projected_percent': '28.9', 'likelihood': 2}]",,False,0,1,5.0,5.0,3,James,5.0,385,False,,,5.0,432720.jpg,5.0,False,Trafford,5.3,False,,a,13,2,15,161502,16211,74580,10656,1.0,3.0,Trafford,,241.0,2026-08-06,2002-10-10,False,p432720,270,0,0,1,2,0,0,0,0,0,11,2,66,57.0,0.0,0.0,5.7,2,31,0,0,3,0.00,0.00,0.00,4.52,,,,,,,[],,39,7,545,62,504,62,150,7,0.0,3.67,0.0,0.0,1.51,0.67,294,12,48,2,52,3,67,10,1.0,0.33,0.0,Leeds,LEE
True,True,,,173774,0,0,0,0,0.1,6,"[{'offset': 0, 'projected_percent': '0.1', 'likelihood': 1}, {'offset': 1, 'projected_percent': '0.2', 'likelihood': 1}, {'offset': 2, 'projected_percent': '0.3', 'likelihood': 1}]",,False,0,2,1.7,1.7,4,Nico,1.7,598,False,,,4.5,173774.jpg,2.5,False,Elvedi,0.0,False,,a,13,2,5,1428,345,974,167,0.4,1.1,Elvedi,,207.0,2026-08-19,1996-09-30,False,p173774,146,0,0,0,2,0,0,0,0,0,0,0,21,16.0,1.1,6.0,2.3,15,4,1,16,1,0.00,0.57,0.57,3.51,,,,,,,[],,202,84,279,100,184,63,243,90,0.0,0.0,0.35,0.35,2.16,1.23,451,94,199,75,160,62,538,187,0.62,0.0,9.86,Leeds,LEE
True,True,,,643970,0,0,0,0,0.0,3,"[{'offset': 0, 'projected_percent': '0.1', 'likelihood': 1}, {'offset': 1, 'projected_percent': '0.1', 'likelihood': 1}, {'offset': 2, 'projected_percent': '0.1', 'likelihood': 1}]",,False,0,2,0.0,0.0,0,Jayden,0.0,603,False,,,4.0,643970.jpg,0.0,False,Lienou,0.1,False,,a,13,2,0,4465,441,1773,318,0.0,0.0,Lienou,,244.0,2026-05-10,2008-04-08,False,p643970,0,0,0,0,0,0,0,0,0,0,0,0,0,0.0,0.0,0.0,0.0,0,0,0,0,0,0.00,0.00,0.00,0.00,,,,,,,[],,395,157,387,155,315,132,405,157,0.0,0.0,0.0,0.0,0.0,0.0,652,212,441,168,441,168,430,151,0.0,0.0,0.0,Leeds,LEE
True,True,,,592740,0,0,0,0,0.2,27,"[{'offset': 0, 'projected_percent': '0.3', 'likelihood': 1}, {'offset': 1, 'projected_percent': '0.6', 'likelihood': 1}, {'offset': 2, 'projected_percent': '1.0', 'likelihood': 1}]",,False,0,3,0.0,0.0,0,Alfie,0.0,604,False,,,4.5,592740.jpg,0.0,False,Cresswell,0.1,False,,a,13,2,0,10220,1269,3538,634,0.0,0.0,Cresswell,,241.0,2026-05-16,2007-07-15,False,p592740,0,0,0,0,0,0,0,0,0,0,0,0,0,0.0,0.0,0.0,0.0,0,0,0,0,0,0.00,0.00,0.00,0.00,,,,,,,[],,470,177,471,186,415,144,480,182,0.0,0.0,0.0,0.0,0.0,0.0,546,279,509,199,509,199,388,143,0.0,0.0,0.0,Leeds,LEE
True,True,,,97846,0,0,0,0,0.0,0,"[{'offset': 0, 'projected_percent': '0.0', 'likelihood': 0}, {'offset': 1, 'projected_percent': '0.0', 'likelihood': 0}, {'offset': 2, 'projected_percent': '0.0', 'likelihood': 0}]",2026-09-12T18:33:52.851482Z,False,0,1,0.0,0.0,0,Alex,0.0,625,False,,,4.0,97846.jpg,0.0,False,Cairns,0.2,False,,a,13,2,0,11477,2052,1847,463,0.0,0.0,Cairns,,241.0,2024-07-08,1993-01-04,False,p97846,0,0,0,0,0,0,0,0,0,0,0,0,0,0.0,0.0,0.0,0.0,0,0,0,0,0,0.00,0.00,0.00,0.00,,,,,,,[],,348,30,338,9,260,8,357,30,0.0,0.0,0.0,0.0,0.0,0.0,585,56,395,30,395,30,364,41,0.0,0.0,0.0,Leeds,LEE
True,True,,,155465,0,0,0,0,0.0,0,"[{'offset': 0, 'projected_percent': '0.0', 'likelihood': 0}, {'offset': 1, 'projected_percent': '0.0', 'likelihood': 0}, {'offset': 2, 'projected_percent': '0.0', 'likelihood': 0}]",2026-09-14T13:03:17.957155Z,False,0,1,1.0,1.0,0,Michael,0.0,629,False,,,4.0,155465.jpg,0.0,False,Zetterer,0.3,False,,a,13,2,0,20429,7155,2280,973,0.0,0.0,Zetterer,,80.0,2026-08-29,1995-07-12,False,p155465,0,0,0,0,0,0,0,0,0,0,0,0,0,0.0,0.0,0.0,0.0,0,0,0,0,0,0.00,0.00,0.00,0.00,,,,,,,[],,352,32,342,11,264,10,361,32,0.0,0.0,0.0,0.0,0.0,0.0,590,58,399,32,399,32,290,37,0.0,0.0,0.0,Leeds,LEE
True,True,,,437497,0,0,0,0,0.0,0,"[{'offset': 0, 'projected_percent': '0.0', 'likelihood': 0}, {'offset': 1, 'projected_percent': '0.0', 'likelihood': 0}, {'offset': 2, 'projected_percent': '0.0', 'likelihood': 0}]",2026-09-15T14:54:51.579697Z,False,0,2,1.8,1.8,0,Melvin,0.0,641,False,,,4.5,437497.jpg,0.0,False,Bard,0.0,False,,a,13,2,0,273,96,54,26,0.0,0.0,Bard,,73.0,2026-09-01,2000-11-06,False,p437497,0,0,0,0,0,0,0,0,0,0,0,0,0,0.0,0.0,0.0,0.0,0,0,0,0,0,0.00,0.00,0.00,0.00,,,,,,,[],,430,174,427,174,366,161,440,174,0.0,0.0,0.0,0.0,0.0,0.0,488,122,471,181,471,181,637,211,0.0,0.0,0.0,Leeds,LEE
True,True,,,587982,0,0,0,0,0.0,0,"[{'offset': 0, 'projected_percent': '0.0', 'likelihood': 0}, {'offset': 1, 'projected_percent': '0.0', 'likelihood': 0}, {'offset': 2, 'projected_percent': '0.0', 'likelihood': 0}]",2026-09-15T14:58:14.411580Z,False,0,3,1.5,1.5,0,Jean-Mattéo,0.0,648,False,,,5.0,587982.jpg,0.0,False,Bahoya,0.0,False,,a,13,2,0,1369,354,299,103,0.0,0.0,Bahoya,,73.0,2026-09-01,2005-05-07,False,p587982,0,0,0,0,0,0,0,0,0,0,0,0,0,0.0,0.0,0.0,0.0,0,0,0,0,0,0.00,0.00,0.00,0.00,,,,,,,[],,573,240,580,246,550,223,581,243,0.0,0.0,0.0,0.0,0.0,0.0,361,220,598,253,598,253,595,250,0.0,0.0,0.0,Leeds,LEE
True,True,,,116535,0,0,0,0,-7.5,185,"[{'offset': 0, 'projected_percent': '-6.3', 'likelihood': -1}, {'offset': 1, 'projected_percent': '0.2', 'likelihood': 1}, {'offset': 2, 'projected_percent': '2.6', 'likelihood': 1}]",,False,0,1,3.3,3.3,8,Alisson,3.3,350,False,,,5.5,116535.jpg,3.3,False,Becker,3.8,False,,a,14,14,10,77255,9427,86779,7566,0.6,1.8,A.Becker,Alisson Becker,30.0,2018-07-19,1992-10-02,False,p116535,270,0,0,1,4,0,0,0,1,0,9,1,37,25.4,0.0,0.0,2.6,6,24,0,0,3,0.00,0.00,0.00,4.63,,,,,,,[],,151,16,607,69,588,69,230,16,0.0,3.0,0.0,0.0,1.54,1.33,125,3,101,8,112,8,89,14,1.0,0.33,0.0,Liverpool,LIV
True,True,,,449027,0,0,-1,1,-17.9,-23,"[{'offset': 0, 'projected_percent': '-21.8', 'likelihood': -2}, {'offset': 1, 'projected_percent': '-44.6', 'likelihood': -3}, {'offset': 2, 'projected_percent': '-67.3', 'likelihood': -3}]",,False,0,1,0.0,0.0,0,Giorgi,0.0,351,False,,,4.9,449027.jpg,0.0,False,Mamardashvili,0.1,False,,a,14,14,0,1905,245,5629,751,0.0,0.0,Mamardashvili,,79.0,2024-08-27,2000-09-29,False,p449027,0,0,0,0,0,0,0,0,0,0,0,0,0,0.0,0.0,0.0,0.0,0,0,0,0,0,0.00,0.00,0.00,0.00,,,,,,,[],,507,67,508,55,456,54,517,67,0.0,0.0,0.0,0.0,0.0,0.0,400,21,542,67,542,67,382,44,0.0,0.0,0.0,Liverpool,LIV
True,True,,,155503,0,0,0,0,-8.1,-43,"[{'offset': 0, 'projected_percent': '-9.0', 'likelihood': -1}, {'offset': 1, 'projected_percent': '-14.5', 'likelihood': -1}, {'offset': 2, 'projected_percent': '-20.0', 'likelihood': -2}]",,False,0,1,0.0,0.0,0,Freddie,0.0,352,False,,,4.0,155503.jpg,0.0,False,Woodman,1.1,False,,a,14,14,0,12593,1103,15585,2115,0.0,0.0,Woodman,,241.0,2025-07-01,1997-03-04,False,p155503,0,0,0,0,0,0,0,0,0,0,0,0,0,0.0,0.0,0.0,0.0,0,0,0,0,0,0.00,0.00,0.00,0.00,,,,,,,[],,353,33,343,12,265,11,362,33,0.0,0.0,0.0,0.0,0.0,0.0,591,59,400,33,400,33,185,29,0.0,0.0,0.0,Liverpool,LIV
True,False,0.0,0.0,586268,0,0,0,0,0.0,-2,"[{'offset': 0, 'projected_percent': '0.0', 'likelihood': 0}, {'offset': 1, 'projected_percent': '0.0', 'likelihood': 0}, {'offset': 2, 'projected_percent': '0.0', 'likelihood': 0}]",,False,0,1,0.0,0.0,0,Armin,0.0,353,False,Has joined TSV Hartberg on loan for the rest of the season,2026-08-18T14:11:18.638344Z,4.0,586268.jpg,0.0,False,Pecsi,0.0,False,,u,14,14,0,0,0,787,55,0.0,0.0,Pecsi,,,,,False,p586268,0,0,0,0,0,0,0,0,0,0,0,0,0,0.0,0.0,0.0,0.0,0,0,0,0,0,0.00,0.00,0.00,0.00,,,,,,,[],,391,45,383,24,310,23,401,45,0.0,0.0,0.0,0.0,0.0,0.0,646,71,437,45,437,45,566,66,0.0,0.0,0.0,Liverpool,LIV
True,True,0.0,0.0,432987,0,0,0,0,0.0,1,"[{'offset': 0, 'projected_percent': '0.0', 'likelihood': 0}, {'offset': 1, 'projected_percent': '0.0', 'likelihood': 0}, {'offset': 2, 'projected_percent': '0.0', 'likelihood': 0}]",,False,0,1,0.0,0.0,0,Vitezslav,0.0,354,False,Knee injury - Unknown return date,2026-07-29T18:00:10.351066Z,4.0,432987.jpg,0.0,False,Jaros,0.0,False,,i,14,14,0,908,196,616,101,0.0,0.0,Jaros,,57.0,2019-07-10,2001-07-23,False,p432987,0,0,0,0,0,0,0,0,0,0,0,0,0,0.0,0.0,0.0,0.0,0,0,0,0,0,0.00,0.00,0.00,0.00,,,,,,,[],https://www.liverpoolfc.com/news/ajax-issue-vitezslav-jaros-injury-update,363,38,355,17,279,16,373,38,0.0,0.0,0.0,0.0,0.0,0.0,610,64,410,38,410,38,576,68,0.0,0.0,0.0,Liverpool,LIV
True,True,,,464353,0,0,0,0,0.1,-6,"[{'offset': 0, 'projected_percent': '0.1', 'likelihood': 1}, {'offset': 1, 'projected_percent': '0.1', 'likelihood': 1}, {'offset': 2, 'projected_percent': '-1.1', 'likelihood': -1}]",,False,0,1,0.0,0.0,0,Harvey,0.0,355,False,,,4.0,464353.jpg,0.0,False,Davies,0.2,False,,a,14,14,0,2728,367,2162,310,0.0,0.0,Davies,,241.0,2021-03-09,2003-09-03,False,p464353,0,0,0,0,0,0,0,0,0,0,0,0,0,0.0,0.0,0.0,0.0,0,0,0,0,0,0.00,0.00,0.00,0.00,,,,,,,[],,368,41,360,20,285,19,378,41,0.0,0.0,0.0,0.0,0.0,0.0,620,67,415,41,415,41,363,40,0.0,0.0,0.0,Liverpool,LIV
True,True,,,97032,0,0,0,0,-39.0,430,"[{'offset': 0, 'projected_percent': '-38.4', 'likelihood': -2}, {'offset': 1, 'projected_percent': '-35.0', 'likelihood': -2}, {'offset': 2, 'projected_percent': '-31.6', 'likelihood': -2}]",,False,0,2,3.0,3.0,6,Virgil,3.0,356,False,,,6.5,97032.jpg,3.0,False,van Dijk,17.3,False,,a,14,14,9,164029,21765,387765,35210,0.5,1.4,Virgil,,152.0,2018-01-01,1991-07-08,False,p97032,270,0,0,1,4,0,0,0,1,0,0,0,45,50.2,5.9,26.0,8.2,20,15,5,25,3,0.25,0.06,0.31,4.63,,,,,,,[],,55,18,203,66,73,16,96,34,0.08,0.0,0.02,0.1,1.54,1.33,33,2,125,50,141,57,22,6,1.0,0.33,8.33,Liverpool,LIV
True,True,,,216094,-1,1,-1,1,-9.6,-1028,"[{'offset': 0, 'projected_percent': '-15.0', 'likelihood': -1}, {'offset': 1, 'projected_percent': '-45.8', 'likelihood': -3}, {'offset': 2, 'projected_percent': '-76.7', 'likelihood': -3}]",,False,0,2,0.3,0.3,0,Jeremie,0.3,357,False,,,5.4,216094.jpg,0.5,False,Frimpong,2.7,False,,a,14,14,1,51007,1393,136963,32994,0.1,0.2,Frimpong,,152.0,2025-06-01,2000-12-10,False,p216094,160,0,0,0,4,0,0,0,1,0,0,0,12,26.4,51.6,14.0,9.2,5,6,3,8,2,0.01,0.11,0.12,3.81,,,,,,,[],,147,65,29,5,119,36,76,22,0.01,0.0,0.06,0.07,2.14,2.25,203,27,368,133,384,135,112,44,1.12,0.0,4.5,Liverpool,LIV
True,True,,,544877,0,0,0,0,-101.0,-155,"[{'offset': 0, 'projected_percent': '-102.3', 'likelihood': -5}, {'offset': 1, 'projected_percent': '-109.7', 'likelihood': -5}, {'offset': 2, 'projected_percent': '-117.2', 'likelihood': -5}]",,False,0,2,2.0,2.0,5,Milos,2.0,358,False,,,5.5,544877.jpg,2.0,False,Kerkez,2.9,False,,a,14,14,6,33199,3555,109679,10241,0.4,1.1,Kerkez,,98.0,2025-06-26,2003-11-07,False,p544877,250,0,0,1,4,0,0,0,2,0,0,0,35,42.0,26.6,12.0,8.1,14,8,6,20,3,0.02,0.06,0.08,4.56,,,,,,,[],,84,37,94,29,134,42,98,35,0.01,0.0,0.02,0.03,1.64,1.44,182,24,192,72,216,82,109,43,1.08,0.36,7.2,Liverpool,LIV
True,True,0.0,0.0,171287,0,0,0,0,-82.9,-3,"[{'offset': 0, 'projected_percent': '-85.0', 'likelihood': -3}, {'offset': 1, 'projected_percent': '-96.9', 'likelihood': -4}, {'offset': 2, 'projected_percent': '-108.8', 'likelihood': -5}]",,False,0,2,0.0,0.0,0,Joe,0.0,359,False,Muscular injury - Unknown return date,2026-07-26T08:30:10.078473Z,5.0,171287.jpg,0.0,False,Gomez,0.0,False,,i,14,14,0,167,18,805,71,0.0,0.0,Gomez,,241.0,2015-06-20,1997-05-23,False,p171287,0,0,0,0,0,0,0,0,0,0,0,0,0,0.0,0.0,0.0,0.0,0,0,0,0,0,0.00,0.00,0.00,0.00,,,,,,,[],https://www.liverpoolfc.com/news/andoni-iraola-pre-season-win-over-sunderland-it-will-give-us-good-starting-point,526,199,528,199,484,192,535,199,0.0,0.0,0.0,0.0,0.0,0.0,256,39,557,201,557,201,585,199,0.0,0.0,0.0,Liverpool,LIV
True,True,0.0,0.0,492777,0,0,0,0,-51.6,2,"[{'offset': 0, 'projected_percent': '-49.5', 'likelihood': -3}, {'offset': 1, 'projected_percent': '-37.5', 'likelihood': -2}, {'offset': 2, 'projected_percent': '-25.6', 'likelihood': -2}]",,False,0,2,0.0,0.0,0,Conor,0.0,360,False,Knee injury - Unknown return date,2026-07-23T12:01:23.565711Z,5.0,492777.jpg,0.0,False,Bradley,0.0,False,,i,14,14,0,209,16,495,58,0.0,0.0,Bradley,,242.0,2023-09-25,2003-07-09,False,p492777,0,0,0,0,0,0,0,0,0,0,0,0,0,0.0,0.0,0.0,0.0,0,0,0,0,0,0.00,0.00,0.00,0.00,,,,,,,[],,556,206,563,206,528,202,564,206,0.0,0.0,0.0,0.0,0.0,0.0,325,60,583,207,583,207,602,203,0.0,0.0,0.0,Liverpool,LIV
True,True,,,519440,0,0,0,0,-14.7,-13,"[{'offset': 0, 'projected_percent': '-17.2', 'likelihood': -1}, {'offset': 1, 'projected_percent': '-31.5', 'likelihood': -2}, {'offset': 2, 'projected_percent': '-45.8', 'likelihood': -3}]",,False,0,2,0.0,0.0,0,Wellity,0.0,361,False,,,4.0,519440.jpg,0.0,False,Lucky,0.1,False,,a,14,14,0,2318,290,3044,479,0.0,0.0,Lucky,,,,,False,p519440,0,0,0,0,0,0,0,0,0,0,0,0,0,0.0,0.0,0.0,0.0,0,0,0,0,0,0.00,0.00,0.00,0.00,,,,,,,[],,379,142,371,140,296,114,389,142,0.0,0.0,0.0,0.0,0.0,0.0,631,192,425,153,425,153,399,146,0.0,0.0,0.0,Liverpool,LIV
True,True,100.0,100.0,606702,0,0,0,0,13.8,203,"[{'offset': 0, 'projected_percent': '14.2', 'likelihood': 1}, {'offset': 1, 'projected_percent': '16.9', 'likelihood': 1}, {'offset': 2, 'projected_percent': '19.6', 'likelihood': 1}]",,False,0,2,3.0,3.0,5,Jeremy,3.0,362,False,,2026-07-23T12:01:23.581126Z,5.0,606702.jpg,3.0,False,Jacquet,2.6,False,,a,14,14,9,93549,14014,67928,9255,0.6,1.8,Jacquet,,73.0,2026-07-01,2005-07-13,False,p606702,235,0,0,1,4,0,0,0,1,0,0,0,50,43.2,27.0,2.0,7.2,16,10,7,23,3,0.00,0.10,0.10,4.02,,,,,,,[],,79,33,91,28,235,88,116,42,0.0,0.0,0.04,0.04,1.54,1.53,362,64,119,46,134,52,113,45,1.15,0.38,8.81,Liverpool,LIV
True,True,0.0,0.0,647681,0,0,0,0,-27.7,-7,"[{'offset': 0, 'projected_percent': '-29.3', 'likelihood': -2}, {'offset': 1, 'projected_percent': '-38.3', 'likelihood': -2}, {'offset': 2, 'projected_percent': '-47.3', 'likelihood': -3}]",,False,0,2,0.0,0.0,0,Giovanni,0.0,363,False,Knee injury - Unknown return date,2026-07-23T12:01:23.596909Z,4.0,647681.jpg,0.0,False,Leoni,0.0,False,,i,14,14,0,575,61,1287,151,0.0,0.0,Leoni,,106.0,2025-08-15,2006-12-21,False,p647681,0,0,0,0,0,0,0,0,0,0,0,0,0,0.0,0.0,0.0,0.0,0,0,0,0,0,0.00,0.00,0.00,0.00,,,,,,,[],https://www.liverpoolfc.com/news/liverpools-injury-list-suspensions-and-availability?utm_source=premier-league-web&utm_medium=referral&utm_campaign=pl-referral-always-on&utm_term=injuries&utm_content=club-injury-article,396,158,388,156,316,133,406,158,0.0,0.0,0.0,0.0,0.0,0.0,653,213,442,169,442,169,522,180,0.0,0.0,0.0,Liverpool,LIV
True,True,,,214285,0,0,0,0,-98.4,-21,"[{'offset': 0, 'projected_percent': '-105.4', 'likelihood': -5}, {'offset': 1, 'projected_percent': '-145.5', 'likelihood': -5}, {'offset': 2, 'projected_percent': '-185.6', 'likelihood': -5}]",,False,0,2,0.3,0.3,0,Kostas,0.3,364,False,,,5.0,214285.jpg,1.0,False,Tsimikas,0.1,False,,a,14,14,1,904,78,2571,502,0.1,0.2,Tsimikas,,83.0,2020-08-10,1996-05-12,False,p214285,19,0,0,0,0,0,0,0,0,0,0,0,4,3.6,1.3,9.0,1.4,0,0,0,0,0,0.04,0.01,0.05,0.07,,,,,,,[],,295,112,274,98,156,51,281,102,0.19,0.0,0.05,0.24,0.33,0.0,272,42,358,131,310,123,467,165,0.0,0.0,0.0,Liverpool,LIV
True,False,0.0,0.0,489580,0,0,0,0,0.0,-36,"[{'offset': 0, 'projected_percent': '0.0', 'likelihood': 0}, {'offset': 1, 'projected_percent': '0.0', 'likelihood': 0}, {'offset': 2, 'projected_percent': '0.0', 'likelihood': 0}]",,False,0,2,0.0,0.0,0,Calvin,0.0,365,False,Has joined St Mirren on loan for the rest of the season,2026-08-26T14:05:26.748768Z,4.0,489580.jpg,0.0,False,Ramsay,0.1,False,,u,14,14,0,638,0,9663,696,0.0,0.0,Ramsay,,243.0,2022-06-19,2003-07-31,False,p489580,0,0,0,0,0,0,0,0,0,0,0,0,0,0.0,0.0,0.0,0.0,0,0,0,0,0,0.00,0.00,0.00,0.00,,,,,,,[],,372,137,364,135,289,109,382,137,0.0,0.0,0.0,0.0,0.0,0.0,624,187,419,149,419,149,403,148,0.0,0.0,0.0,Liverpool,LIV
True,True,,,494595,-1,1,-1,1,-15.1,-2561,"[{'offset': 0, 'projected_percent': '-19.1', 'likelihood': -1}, {'offset': 1, 'projected_percent': '-42.1', 'likelihood': -3}, {'offset': 2, 'projected_percent': '-65.1', 'likelihood': -3}]",,False,0,3,3.0,3.0,3,Florian,3.0,366,False,,,7.4,494595.jpg,3.0,False,Wirtz,9.0,False,,a,14,14,9,97350,3397,398203,84562,0.4,1.2,Wirtz,,80.0,2025-06-20,2003-05-03,False,p494595,242,0,1,1,4,0,0,0,1,0,0,0,53,37.6,42.2,51.0,13.1,0,15,4,19,3,0.67,0.29,0.96,3.46,3.0,,2.0,,4.0,,[],,107,40,46,36,33,21,35,28,0.25,0.0,0.11,0.36,1.29,1.49,21,13,126,52,143,58,47,19,1.12,0.37,7.07,Liverpool,LIV
True,True,,,243298,0,0,1,-1,110.8,12243,"[{'offset': 0, 'projected_percent': '138.9', 'likelihood': 5}, {'offset': 1, 'projected_percent': '300.8', 'likelihood': 5}, {'offset': 2, 'projected_percent': '462.7', 'likelihood': 5}]",,False,2,3,9.3,9.3,11,Cody,9.3,367,True,,,7.1,243298.jpg,9.3,False,Gakpo,11.6,False,,a,14,14,28,731973,291276,174275,15343,1.3,3.9,Gakpo,,152.0,2023-01-01,1999-05-07,False,p243298,250,1,3,1,4,0,0,0,0,0,0,5,97,67.2,61.8,43.0,17.2,7,12,6,25,3,0.36,1.20,1.56,4.56,2.0,,,,3.0,,[],,23,13,16,15,40,24,18,14,0.13,0.0,0.43,0.56,1.64,1.44,24,15,1,1,2,2,34,12,1.08,0.36,9.0,Liverpool,LIV
True,True,,,424876,0,0,0,0,-2.5,-5184,"[{'offset': 0, 'projected_percent': '-5.6', 'likelihood': -1}, {'offset': 1, 'projected_percent': '-23.5', 'likelihood': -2}, {'offset': 2, 'projected_percent': '-41.5', 'likelihood': -3}]",,False,0,3,5.0,5.0,3,Dominik,5.0,368,False,,,7.0,424876.jpg,5.0,False,Szoboszlai,39.8,False,,a,14,14,15,556902,30878,620409,166576,0.7,2.1,Szoboszlai,,98.0,2023-07-02,2000-10-25,False,p424876,270,1,0,1,4,0,0,0,0,0,0,1,73,71.8,87.8,25.0,18.5,8,17,4,29,3,1.17,0.52,1.69,4.63,1.0,,1.0,,1.0,,[],,15,10,7,7,78,44,9,8,0.39,0.0,0.17,0.56,1.54,1.33,27,18,53,26,58,27,5,2,1.0,0.33,9.67,Liverpool,LIV
True,True,,,611922,0,0,-1,1,-94.0,-315,"[{'offset': 0, 'projected_percent': '-105.2', 'likelihood': -5}, {'offset': 1, 'projected_percent': '-169.5', 'likelihood': -5}, {'offset': 2, 'projected_percent': '-233.8', 'likelihood': -5}]",,False,0,3,1.0,1.0,0,Rio,1.0,369,False,,,5.9,611922.jpg,1.5,False,Ngumoha,0.7,False,,a,14,14,3,9443,423,59654,9368,0.2,0.5,Ngumoha,,241.0,2024-12-17,2008-08-29,False,p611922,81,0,0,0,2,0,0,0,0,0,0,0,14,4.4,7.3,7.0,1.8,0,2,1,3,1,0.04,0.05,0.09,0.58,,,,,,,[],,280,128,197,109,181,90,266,119,0.04,0.0,0.06,0.1,0.64,2.22,114,74,281,129,248,112,232,78,1.11,0.0,3.33,Liverpool,LIV
True,True,0.0,0.0,223541,0,0,-1,1,-32.4,-23,"[{'offset': 0, 'projected_percent': '-35.6', 'likelihood': -2}, {'offset': 1, 'projected_percent': '-53.8', 'likelihood': -3}, {'offset': 2, 'projected_percent': '-72.1', 'likelihood': -3}]",,False,0,3,0.0,0.0,0,Federico,0.0,370,False,Back injury - Unknown return date,2026-08-27T13:30:07.598926Z,5.4,223541.jpg,0.0,False,Chiesa,0.1,False,,i,14,14,0,644,9,8339,543,0.0,0.0,Chiesa,,106.0,2024-08-29,1997-10-25,False,p223541,0,0,0,0,0,0,0,0,0,0,0,0,0,0.0,0.0,0.0,0.0,0,0,0,0,0,0.00,0.00,0.00,0.00,,,,,,,[],https://www.liverpoolfc.com/news/federico-chiesa-injury-update-0,586,247,593,253,566,232,594,250,0.0,0.0,0.0,0.0,0.0,0.0,204,126,611,260,611,260,479,191,0.0,0.0,0.0,Liverpool,LIV
True,True,,,441266,-1,1,-1,1,-7.2,-409,"[{'offset': 0, 'projected_percent': '-11.0', 'likelihood': -1}, {'offset': 1, 'projected_percent': '-32.6', 'likelihood': -2}, {'offset': 2, 'projected_percent': '-54.2', 'likelihood': -3}]",,False,0,3,2.3,2.3,1,Ryan,2.3,371,False,,,5.9,441266.jpg,2.3,False,Gravenberch,1.5,False,,a,14,14,7,27577,1798,74525,14372,0.4,1.2,Gravenberch,,152.0,2023-09-01,2002-05-16,False,p441266,122,0,1,0,2,0,0,0,0,0,0,0,35,28.8,28.1,4.0,6.1,3,9,2,14,1,0.06,0.06,0.12,1.34,,,,,,,[],,137,50,88,55,207,100,144,70,0.04,0.0,0.04,0.08,0.99,1.48,100,64,164,72,181,78,149,45,0.74,0.0,10.33,Liverpool,LIV
True,True,,,243016,0,0,0,0,-105.9,-181,"[{'offset': 0, 'projected_percent': '-109.0', 'likelihood': -5}, {'offset': 1, 'projected_percent': '-126.8', 'likelihood': -5}, {'offset': 2, 'projected_percent': '-144.6', 'likelihood': -5}]",,False,0,3,1.7,1.7,2,Alexis,1.7,372,False,,,5.5,243016.jpg,1.7,False,Mac Allister,1.4,False,,a,14,14,5,20025,2836,56475,6909,0.3,0.9,Mac Allister,,10.0,2023-06-14,1998-12-24,False,p243016,186,0,0,1,2,0,0,0,1,0,0,0,33,18.4,9.1,0.0,2.7,5,11,8,24,2,0.08,0.42,0.50,3.90,,,,,5.0,,[],,185,71,190,106,598,252,226,100,0.04,0.0,0.2,0.24,1.89,0.97,146,88,212,97,237,105,153,47,0.97,0.48,11.61,Liverpool,LIV
True,False,0.0,0.0,206915,0,0,0,0,0.0,-6,"[{'offset': 0, 'projected_percent': '0.0', 'likelihood': 0}, {'offset': 1, 'projected_percent': '0.0', 'likelihood': 0}, {'offset': 2, 'projected_percent': '0.0', 'likelihood': 0}]",,False,0,3,0.0,0.0,0,Curtis,0.0,373,False,Has joined Internazionale permanently,2026-08-16T18:30:07.426408Z,5.5,206915.jpg,0.0,False,Jones,0.0,False,,u,14,14,0,34,0,2193,135,0.0,0.0,C.Jones,,241.0,2018-04-06,2001-01-30,False,p206915,0,0,0,0,0,0,0,0,0,0,0,0,0,0.0,0.0,0.0,0.0,0,0,0,0,0,0.00,0.00,0.00,0.00,,,,,,,[],,608,261,612,262,596,250,613,262,0.0,0.0,0.0,0.0,0.0,0.0,141,85,624,268,624,268,549,223,0.0,0.0,0.0,Liverpool,LIV
True,True,100.0,100.0,158983,0,0,0,0,-84.5,-11,"[{'offset': 0, 'projected_percent': '-88.3', 'likelihood': -3}, {'offset': 1, 'projected_percent': '-110.4', 'likelihood': -5}, {'offset': 2, 'projected_percent': '-132.5', 'likelihood': -5}]",,False,0,3,0.0,0.0,0,Endo,0.0,374,False,,2026-07-23T12:01:23.612529Z,5.0,158983.jpg,0.0,False,Wataru,0.1,False,,a,14,14,0,1496,213,2855,424,0.0,0.0,Endo,,108.0,2023-08-18,1993-02-09,False,p158983,0,0,0,0,0,0,0,0,0,0,0,0,0,0.0,0.0,0.0,0.0,0,0,0,0,0,0.00,0.00,0.00,0.00,,,,,,,[],,525,210,527,218,483,184,534,214,0.0,0.0,0.0,0.0,0.0,0.0,254,157,556,228,556,228,476,189,0.0,0.0,0.0,Liverpool,LIV
True,True,,,591386,-1,1,-1,1,-0.3,-2,"[{'offset': 0, 'projected_percent': '-1.2', 'likelihood': -1}, {'offset': 1, 'projected_percent': '-6.0', 'likelihood': -1}, {'offset': 2, 'projected_percent': '-10.8', 'likelihood': -1}]",,False,0,3,0.7,0.7,1,Trey,0.7,375,False,,,4.9,591386.jpg,1.0,False,Nyoni,0.0,False,,a,14,14,2,830,188,1732,237,0.1,0.4,Nyoni,,241.0,2023-11-11,2007-06-30,False,p591386,19,0,0,0,0,0,0,0,0,0,0,0,6,6.4,2.2,0.0,0.9,1,2,2,5,0,0.00,0.00,0.00,0.22,,,,,,,[],,257,114,240,127,465,172,295,132,0.0,0.0,0.0,0.0,1.04,0.0,415,252,301,135,301,126,514,210,0.0,0.0,23.68,Liverpool,LIV
True,False,0.0,0.0,535928,0,0,0,0,0.0,0,"[{'offset': 0, 'projected_percent': '0.0', 'likelihood': 0}, {'offset': 1, 'projected_percent': '0.0', 'likelihood': 0}, {'offset': 2, 'projected_percent': '0.0', 'likelihood': 0}]",,False,0,3,0.0,0.0,0,Stefan,0.0,376,False,Has joined Celta Vigo permanently,2026-07-23T12:01:23.628373Z,5.0,535928.jpg,0.0,False,Bajčetić Maquieira,0.0,False,,u,14,14,0,19,0,79,7,0.0,0.0,Bajcetic,,200.0,2022-07-11,2004-10-22,False,p535928,0,0,0,0,0,0,0,0,0,0,0,0,0,0.0,0.0,0.0,0.0,0,0,0,0,0,0.00,0.00,0.00,0.00,,,,,,,[],https://www.liverpoolfc.com/news/liverpools-injury-list-suspensions-and-availability?utm_source=premier-league-web&utm_medium=referral&utm_campaign=pl-referral-always-on&utm_term=injuries&utm_content=club-injury-article,565,233,573,240,539,213,573,236,0.0,0.0,0.0,0.0,0.0,0.0,346,207,592,248,592,248,649,287,0.0,0.0,0.0,Liverpool,LIV
True,True,,,551499,0,0,0,0,25.0,-187,"[{'offset': 0, 'projected_percent': '24.5', 'likelihood': 2}, {'offset': 1, 'projected_percent': '22.1', 'likelihood': 2}, {'offset': 2, 'projected_percent': '19.6', 'likelihood': 1}]",,False,0,3,4.3,4.3,3,Victor,4.3,377,False,,,6.5,551499.jpg,4.3,False,Munoz,1.3,False,,a,14,14,13,95809,6112,38770,9656,0.7,2.0,Munoz,,200.0,2026-06-18,2003-07-13,False,p551499,180,1,1,1,2,0,0,0,1,0,0,0,48,46.2,25.7,43.0,11.5,4,5,2,11,2,0.42,0.25,0.67,3.95,,,,,,,[],,71,28,100,62,39,23,49,35,0.21,0.0,0.12,0.33,1.98,1.0,46,31,70,33,75,34,163,50,1.0,0.5,5.5,Liverpool,LIV
True,True,,,491501,0,0,0,0,-64.9,-20,"[{'offset': 0, 'projected_percent': '-66.9', 'likelihood': -3}, {'offset': 1, 'projected_percent': '-78.6', 'likelihood': -3}, {'offset': 2, 'projected_percent': '-90.2', 'likelihood': -3}]",,False,0,3,0.0,0.0,0,James,0.0,378,False,,,4.5,491501.jpg,0.0,False,McConnell,0.2,False,,a,14,14,0,2667,380,7052,829,0.0,0.0,McConnell,,241.0,2023-07-18,2004-09-13,False,p491501,0,0,0,0,0,0,0,0,0,0,0,0,0,0.0,0.0,0.0,0.0,0,0,0,0,0,0.00,0.00,0.00,0.00,,,,,,,[],,438,167,440,176,382,134,448,172,0.0,0.0,0.0,0.0,0.0,0.0,510,268,479,189,479,189,320,114,0.0,0.0,0.0,Liverpool,LIV
True,True,,,219168,0,0,0,0,63.7,7246,"[{'offset': 0, 'projected_percent': '80.3', 'likelihood': 3}, {'offset': 1, 'projected_percent': '176.1', 'likelihood': 5}, {'offset': 2, 'projected_percent': '271.9', 'likelihood': 5}]",,False,1,4,7.7,7.7,13,Alexander,7.7,379,True,,,9.0,219168.jpg,7.7,False,Isak,18.3,False,,a,14,14,23,446697,192074,329079,21097,0.9,2.6,Isak,,206.0,2025-09-01,1999-09-21,False,p219168,243,3,0,1,4,0,0,0,0,0,0,5,97,45.4,24.9,114.0,18.4,2,2,1,5,3,2.29,0.06,2.35,4.46,,,,,2.0,,[],,72,6,106,10,1,1,10,2,0.85,0.0,0.02,0.87,1.65,1.48,5,2,11,2,12,2,20,4,1.11,0.37,1.85,Liverpool,LIV
True,True,0.0,0.0,510663,0,0,0,0,-104.1,-25,"[{'offset': 0, 'projected_percent': '-105.9', 'likelihood': -5}, {'offset': 1, 'projected_percent': '-116.3', 'likelihood': -5}, {'offset': 2, 'projected_percent': '-126.6', 'likelihood': -5}]",,False,0,4,0.0,0.0,0,Hugo,0.0,380,False,Achilles injury - Unknown return date,2026-07-23T12:01:23.643771Z,7.5,510663.jpg,0.0,False,Ekitiké,0.1,False,,i,14,14,0,1620,215,8194,955,0.0,0.0,Ekitiké,,73.0,2025-07-23,2002-06-20,False,p510663,0,0,0,0,0,0,0,0,0,0,0,0,0,0.0,0.0,0.0,0.0,0,0,0,0,0,0.00,0.00,0.00,0.00,,,,,,,[],https://www.liverpoolfc.com/news/lfc-fitness-update-bajcetic-bradley-ekitike-endo-and-leoni?utm_source=premier-league-web&utm_medium=referral&utm_campaign=pl-referral-always-on&utm_content=injuries-flag&utm_term=injury-news,652,77,652,77,652,77,652,77,0.0,0.0,0.0,0.0,0.0,0.0,18,7,652,77,652,77,407,58,0.0,0.0,0.0,Liverpool,LIV
True,True,,,514514,0,0,0,0,-55.5,-4,"[{'offset': 0, 'projected_percent': '-59.6', 'likelihood': -3}, {'offset': 1, 'projected_percent': '-83.0', 'likelihood': -3}, {'offset': 2, 'projected_percent': '-106.4', 'likelihood': -5}]",,False,0,3,0.7,0.7,1,Lewis,0.7,381,False,,,5.0,514514.jpg,1.0,False,Koumas,0.0,False,,a,14,14,2,375,58,703,115,0.1,0.4,Koumas,,244.0,2026-08-22,2005-09-19,False,p514514,13,0,0,0,0,0,0,0,0,0,0,0,7,1.2,0.5,7.0,0.9,0,1,0,1,0,0.03,0.00,0.03,0.58,,,,,,,[],,323,146,308,155,171,83,296,133,0.21,0.0,0.0,0.21,4.02,0.0,340,203,308,139,318,138,554,227,0.0,0.0,6.92,Liverpool,LIV
True,True,100.0,100.0,500058,0,0,0,0,0.0,0,"[{'offset': 0, 'projected_percent': '0.0', 'likelihood': 0}, {'offset': 1, 'projected_percent': '0.0', 'likelihood': 0}, {'offset': 2, 'projected_percent': '0.0', 'likelihood': 0}]",2026-09-11T11:00:08.494063Z,False,0,4,0.0,0.0,0,Jayden,0.0,382,False,,2026-07-23T12:01:23.659279Z,4.5,500058.jpg,0.0,False,Danns,0.1,False,,a,14,14,0,5864,2640,2217,709,0.0,0.0,Danns,,,,,False,p500058,0,0,0,0,0,0,0,0,0,0,0,0,0,0.0,0.0,0.0,0.0,0,0,0,0,0,0.00,0.00,0.00,0.00,,,,,,,[],,442,37,444,43,386,39,452,42,0.0,0.0,0.0,0.0,0.0,0.0,514,67,483,49,483,49,433,63,0.0,0.0,0.0,Liverpool,LIV
True,False,0.0,0.0,444884,0,0,-1,1,0.0,-27,"[{'offset': 0, 'projected_percent': '0.0', 'likelihood': 0}, {'offset': 1, 'projected_percent': '0.0', 'likelihood': 0}, {'offset': 2, 'projected_percent': '0.0', 'likelihood': 0}]",,False,0,3,0.0,0.0,0,Harvey,0.0,383,False,Has joined Valencia on loan for the rest of the season,2026-09-02T16:05:49.104326Z,5.4,444884.jpg,0.0,False,Elliott,0.0,False,,u,14,14,0,907,0,4477,805,0.0,0.0,Elliott,,241.0,2019-07-28,2003-04-04,False,p444884,0,0,0,0,0,0,0,0,0,0,0,0,0,0.0,0.0,0.0,0.0,0,0,0,0,0,0.00,0.00,0.00,0.00,,,,,,,[],,588,249,594,254,569,235,595,251,0.0,0.0,0.0,0.0,0.0,0.0,214,134,612,261,612,261,499,202,0.0,0.0,0.0,Liverpool,LIV
True,True,,,445087,0,0,-1,1,0.4,360,"[{'offset': 0, 'projected_percent': '1.2', 'likelihood': 1}, {'offset': 1, 'projected_percent': '5.9', 'likelihood': 1}, {'offset': 2, 'projected_percent': '10.7', 'likelihood': 1}]",,False,0,2,3.0,3.0,8,Ronald,3.0,579,False,,,5.4,445087.jpg,3.0,False,Araujo,2.2,False,,a,14,14,9,46133,10851,119642,5328,0.6,1.7,Araujo,,230.0,2026-08-10,1999-03-07,False,p445087,123,0,0,1,0,0,0,0,1,0,0,0,29,19.0,3.5,0.0,2.2,13,4,2,15,1,0.00,0.05,0.05,1.36,,,,,,,[],,183,80,223,71,570,206,249,92,0.0,0.0,0.04,0.04,1.0,0.0,215,30,121,47,136,53,120,48,0.73,0.73,10.98,Liverpool,LIV
True,True,,,482616,0,0,0,0,0.0,0,"[{'offset': 0, 'projected_percent': '0.0', 'likelihood': 0}, {'offset': 1, 'projected_percent': '0.0', 'likelihood': 0}, {'offset': 2, 'projected_percent': '0.0', 'likelihood': 0}]",2026-09-14T13:02:07.287774Z,False,0,3,2.8,2.8,1,Bradley,1.0,627,False,,,8.0,482616.jpg,1.0,False,Barcola,1.6,False,,a,14,14,1,169707,33919,30333,10717,0.1,0.1,Barcola,,73.0,2026-08-31,2002-09-02,False,p482616,26,0,0,0,0,0,0,0,0,0,0,0,5,0.0,0.0,0.0,0.0,0,0,0,0,0,0.00,0.07,0.07,0.17,,,,,,,[],,654,291,654,291,654,291,654,291,0.0,0.0,0.24,0.24,0.59,0.0,8,5,284,131,371,175,144,43,0.0,0.0,0.0,Liverpool,LIV
True,True,,,448047,0,0,-1,1,-44.1,-345,"[{'offset': 0, 'projected_percent': '-46.6', 'likelihood': -3}, {'offset': 1, 'projected_percent': '-61.1', 'likelihood': -3}, {'offset': 2, 'projected_percent': '-75.6', 'likelihood': -3}]",,False,0,3,1.3,1.3,3,Enzo,1.3,155,False,,,6.9,448047.jpg,2.0,False,Fernández,3.3,False,,a,15,43,4,55644,9722,237710,15609,0.2,0.6,Enzo,,10.0,2026-09-01,2001-01-17,False,p448047,100,0,0,1,0,0,0,0,0,0,0,0,23,3.4,12.0,0.0,1.5,1,4,1,6,1,0.13,0.14,0.27,1.28,,,,,,,[],,298,135,171,101,648,288,279,125,0.12,0.0,0.13,0.25,1.15,0.0,30,19,241,109,224,99,97,30,0.9,0.9,5.4,Man City,MCI
True,True,,,440993,-1,1,-1,1,-12.8,-2987,"[{'offset': 0, 'projected_percent': '-16.6', 'likelihood': -1}, {'offset': 1, 'projected_percent': '-38.7', 'likelihood': -2}, {'offset': 2, 'projected_percent': '-60.8', 'likelihood': -3}]",,False,0,3,5.3,5.3,3,Iliman,5.3,237,False,,,5.9,440993.jpg,5.3,False,Ndiaye,10.9,False,,a,15,43,16,220661,16292,632066,98894,0.9,2.7,Ndiaye,Iliman Ndiaye,189.0,2026-09-01,2000-03-06,False,p440993,266,0,1,2,1,0,0,0,0,0,0,1,64,53.4,54.3,58.0,16.6,6,17,7,30,3,0.28,0.43,0.71,5.47,,,,,,,[],,46,22,26,23,25,15,21,16,0.09,0.0,0.15,0.24,1.85,0.34,98,63,43,21,48,23,40,15,1.02,0.68,10.15,Man City,MCI
True,True,,,204936,0,0,0,0,-28.7,-304,"[{'offset': 0, 'projected_percent': '-29.6', 'likelihood': -2}, {'offset': 1, 'projected_percent': '-34.9', 'likelihood': -2}, {'offset': 2, 'projected_percent': '-40.3', 'likelihood': -3}]",,False,0,1,3.3,3.3,7,Gianluigi,3.3,384,False,,,5.5,204936.jpg,3.3,False,Donnarumma,7.9,False,,a,15,43,10,114286,9138,186163,21146,0.6,1.8,Donnarumma,,106.0,2025-09-01,1999-02-25,False,p204936,270,0,0,1,2,1,0,0,0,0,7,0,46,33.6,0.0,0.0,3.4,2,14,0,0,3,0.00,0.00,0.00,2.68,,,,,,,[],,122,13,611,70,595,70,210,13,0.0,2.33,0.0,0.0,0.89,0.67,139,4,103,9,114,9,55,8,1.0,0.33,0.0,Man City,MCI
True,True,,,122074,0,0,0,0,-44.3,-2,"[{'offset': 0, 'projected_percent': '-46.3', 'likelihood': -3}, {'offset': 1, 'projected_percent': '-57.5', 'likelihood': -3}, {'offset': 2, 'projected_percent': '-68.8', 'likelihood': -3}]",,False,0,1,0.0,0.0,0,Marcus,0.0,386,False,,,4.5,122074.jpg,0.0,False,Bettinelli,0.0,False,,a,15,43,0,348,41,675,66,0.0,0.0,Bettinelli,,241.0,2025-06-10,1992-05-24,False,p122074,0,0,0,0,0,0,0,0,0,0,0,0,0,0.0,0.0,0.0,0.0,0,0,0,0,0,0.00,0.00,0.00,0.00,,,,,,,[],,407,52,401,33,335,32,417,52,0.0,0.0,0.0,0.0,0.0,0.0,439,31,452,52,452,52,545,62,0.0,0.0,0.0,Man City,MCI
True,True,75.0,,472769,0,0,0,0,-49.7,-9234,"[{'offset': 0, 'projected_percent': '-56.7', 'likelihood': -3}, {'offset': 1, 'projected_percent': '-97.5', 'likelihood': -4}, {'offset': 2, 'projected_percent': '-138.3', 'likelihood': -5}]",,False,0,2,1.0,1.3,0,Nico,1.3,387,False,Back injury - 75% chance of playing,2026-09-05T18:00:06.379802Z,6.5,472769.jpg,2.0,False,O'Reilly,16.8,False,,d,15,43,4,169620,3593,573184,174824,0.2,0.6,O'Reilly,,241.0,2022-12-16,2005-03-21,False,p472769,150,0,0,0,2,0,0,0,0,0,0,0,16,12.4,38.2,16.0,6.6,1,7,2,3,2,0.09,0.43,0.52,1.21,,,,,,,[],https://www.mancity.com/news/mens/enzo-maresca-coventry-city-reaction-63924225,225,91,53,11,110,31,132,47,0.05,0.0,0.26,0.31,0.73,1.2,42,4,239,86,221,83,23,7,1.2,0.0,1.8,Man City,MCI
True,True,,,209036,0,0,0,0,49.6,609,"[{'offset': 0, 'projected_percent': '50.9', 'likelihood': 3}, {'offset': 1, 'projected_percent': '59.0', 'likelihood': 3}, {'offset': 2, 'projected_percent': '67.1', 'likelihood': 3}]",,False,0,2,6.7,6.7,8,Marc,6.7,388,False,,,6.0,209036.jpg,6.7,False,Guéhi,18.7,False,,a,15,43,20,333792,28160,254300,30482,1.1,3.3,Guéhi,,241.0,2026-01-19,2000-07-13,False,p209036,270,1,0,1,2,0,0,0,0,0,0,4,74,67.8,33.3,28.0,12.9,15,14,3,18,3,0.89,0.38,1.27,2.68,,,,,,,[],,20,4,71,19,67,13,37,4,0.3,0.0,0.13,0.43,0.89,0.67,66,6,27,13,28,13,17,4,1.0,0.33,6.0,Man City,MCI
True,True,100.0,100.0,465351,0,0,-1,1,-17.9,-122,"[{'offset': 0, 'projected_percent': '-20.9', 'likelihood': -2}, {'offset': 1, 'projected_percent': '-37.8', 'likelihood': -2}, {'offset': 2, 'projected_percent': '-54.7', 'likelihood': -3}]",,False,0,2,0.3,0.3,0,Matheus,0.3,389,False,,2026-08-27T11:30:08.171622Z,5.9,465351.jpg,1.0,False,Nunes,1.0,False,,a,15,43,1,4148,638,59419,3507,0.1,0.2,Matheus N.,Matheus Nunes,173.0,2023-09-01,1998-08-27,False,p465351,33,0,0,0,0,0,0,0,0,0,0,0,4,3.8,1.5,4.0,0.9,1,2,0,1,0,0.00,0.04,0.04,0.10,,,,,4.0,,[],,293,110,266,92,208,75,298,107,0.0,0.0,0.11,0.11,0.27,0.0,103,10,380,136,357,128,196,74,0.0,0.0,2.73,Man City,MCI
True,True,,,171314,0,0,0,0,0.1,-35,"[{'offset': 0, 'projected_percent': '-0.1', 'likelihood': -1}, {'offset': 1, 'projected_percent': '-2.8', 'likelihood': -1}, {'offset': 2, 'projected_percent': '-5.5', 'likelihood': -1}]",,False,0,2,3.3,3.3,6,Rúben,3.3,390,False,,,5.5,171314.jpg,3.3,False,dos Santos Gato Alves Dias,1.8,False,,a,15,43,10,33480,3205,41174,4663,0.6,1.8,Rúben,Rúben Dias,173.0,2020-09-29,1997-05-14,False,p171314,270,0,0,1,2,0,0,0,0,0,0,0,55,51.4,40.2,37.0,12.8,14,14,1,15,3,0.09,0.74,0.83,2.68,,,,,,,[],,51,15,50,10,50,9,39,5,0.03,0.0,0.25,0.28,0.89,0.67,129,13,102,38,113,44,135,57,1.0,0.33,5.0,Man City,MCI
True,True,,,477424,0,0,1,-1,53.4,2544,"[{'offset': 0, 'projected_percent': '59.2', 'likelihood': 3}, {'offset': 1, 'projected_percent': '92.9', 'likelihood': 3}, {'offset': 2, 'projected_percent': '126.5', 'likelihood': 5}]",,False,0,2,7.3,7.3,8,Joško,7.3,391,False,,,5.6,477424.jpg,7.3,False,Gvardiol,19.4,False,,a,15,43,22,882542,105772,185058,28757,1.3,3.9,Gvardiol,,97.0,2023-08-05,2002-01-23,False,p477424,254,1,1,1,2,0,0,0,0,0,0,3,77,75.2,44.1,19.0,13.8,10,12,7,17,3,0.20,0.11,0.31,2.68,,,,,,,[],,10,2,43,8,94,25,31,2,0.07,0.0,0.04,0.11,0.95,0.71,119,12,13,5,14,5,14,3,1.06,0.35,6.02,Man City,MCI
True,True,,,448514,0,0,-1,1,-84.7,-211,"[{'offset': 0, 'projected_percent': '-94.3', 'likelihood': -3}, {'offset': 1, 'projected_percent': '-150.1', 'likelihood': -5}, {'offset': 2, 'projected_percent': '-205.9', 'likelihood': -5}]",,False,0,2,0.0,0.0,0,Rayan,0.0,392,False,,,5.4,448514.jpg,0.0,False,Aït-Nouri,0.5,False,,a,15,43,0,4966,330,45769,3919,0.0,0.0,Aït-Nouri,,3.0,2025-06-09,2001-06-06,False,p448514,0,0,0,0,0,0,0,0,0,0,0,0,0,0.0,0.0,0.0,0.0,0,0,0,0,0,0.00,0.00,0.00,0.00,,,,,,,[],,589,209,595,209,571,207,596,209,0.0,0.0,0.0,0.0,0.0,0.0,216,31,613,210,613,210,249,95,0.0,0.0,0.0,Man City,MCI
True,True,,,578153,0,0,0,0,-56.5,-33,"[{'offset': 0, 'projected_percent': '-57.0', 'likelihood': -3}, {'offset': 1, 'projected_percent': '-59.9', 'likelihood': -3}, {'offset': 2, 'projected_percent': '-62.7', 'likelihood': -3}]",,False,0,2,3.0,3.0,5,Abdukodir,3.0,393,False,,,5.5,578153.jpg,3.0,False,Khusanov,1.6,False,,a,15,43,9,17814,1936,42711,3891,0.5,1.6,Khusanov,,231.0,2025-01-20,2004-02-29,False,p578153,268,0,0,1,2,0,0,0,1,0,0,0,53,38.0,8.7,4.0,5.0,9,13,8,17,3,0.00,0.06,0.06,2.68,,,,,,,[],,105,47,191,60,205,74,171,63,0.0,0.0,0.02,0.02,0.9,0.67,190,26,123,48,138,54,141,60,1.01,0.34,5.71,Man City,MCI
True,False,0.0,0.0,494307,0,0,0,0,0.0,-4,"[{'offset': 0, 'projected_percent': '0.0', 'likelihood': 0}, {'offset': 1, 'projected_percent': '0.0', 'likelihood': 0}, {'offset': 2, 'projected_percent': '0.0', 'likelihood': 0}]",,False,0,2,0.0,0.0,0,Max,0.0,394,False,Has joined Burnley on loan for the rest of the season,2026-08-18T14:11:56.324656Z,5.0,494307.jpg,0.0,False,Alleyne,0.0,False,,u,15,43,0,0,0,524,25,0.0,0.0,Alleyne,,241.0,2022-12-16,2005-07-21,False,p494307,0,0,0,0,0,0,0,0,0,0,0,0,0,0.0,0.0,0.0,0.0,0,0,0,0,0,0.00,0.00,0.00,0.00,,,,,,,[],,558,207,565,207,530,203,566,207,0.0,0.0,0.0,0.0,0.0,0.0,327,61,585,208,585,208,624,208,0.0,0.0,0.0,Man City,MCI
True,True,,,477064,0,0,0,0,-64.6,-65,"[{'offset': 0, 'projected_percent': '-71.6', 'likelihood': -3}, {'offset': 1, 'projected_percent': '-111.5', 'likelihood': -5}, {'offset': 2, 'projected_percent': '-151.4', 'likelihood': -5}]",,False,0,2,0.3,0.3,0,Rico,0.3,395,False,,,4.5,477064.jpg,1.0,False,Lewis,0.2,False,,a,15,43,1,6082,310,9612,1356,0.1,0.2,Lewis,,241.0,2022-07-16,2004-11-21,False,p477064,56,0,0,0,1,0,0,0,0,0,0,0,-1,3.8,3.8,39.0,4.7,2,0,0,2,1,0.17,0.02,0.19,0.55,,,,,,,[],,292,109,218,69,46,6,180,67,0.27,0.0,0.03,0.3,0.88,1.61,502,130,344,125,288,114,326,119,1.61,0.0,3.21,Man City,MCI
True,True,,,616222,0,0,0,0,-47.5,-6,"[{'offset': 0, 'projected_percent': '-52.7', 'likelihood': -3}, {'offset': 1, 'projected_percent': '-82.7', 'likelihood': -3}, {'offset': 2, 'projected_percent': '-112.7', 'likelihood': -5}]",,False,0,2,0.3,0.3,0,Vitor,0.3,396,False,,,4.5,616222.jpg,1.0,False,de Oliveira Nunes dos Reis,0.0,False,,a,15,43,1,259,25,593,91,0.1,0.2,Vitor Reis,Vitor Reis,30.0,2025-01-21,2006-01-12,False,p616222,1,0,0,0,0,0,0,0,0,0,0,0,3,1.2,0.9,0.0,0.2,0,0,0,0,0,0.00,0.00,0.00,0.00,,,,,,,[],,322,120,284,103,425,180,333,120,0.0,0.0,0.0,0.0,0.0,0.0,557,149,346,126,291,116,544,190,0.0,0.0,0.0,Man City,MCI
True,True,,,437730,-1,1,-1,1,-2.5,-2216,"[{'offset': 0, 'projected_percent': '-4.1', 'likelihood': -1}, {'offset': 1, 'projected_percent': '-13.7', 'likelihood': -1}, {'offset': 2, 'projected_percent': '-23.2', 'likelihood': -2}]",,False,0,3,4.3,4.3,6,Antoine,4.3,397,False,,,8.4,437730.jpg,4.3,False,Semenyo,18.8,False,,a,15,43,13,128904,11176,688648,84317,0.5,1.5,Semenyo,,81.0,2026-01-09,2000-01-07,False,p437730,270,0,2,1,2,0,0,0,0,0,0,0,75,35.0,51.9,71.0,15.8,0,9,3,12,3,0.17,0.93,1.10,2.68,,,,,2.0,,[],,117,43,28,24,13,8,22,17,0.06,0.0,0.31,0.37,0.89,0.67,6,4,72,35,77,36,16,7,1.0,0.33,4.0,Man City,MCI
True,True,,,209244,0,0,0,0,52.0,-3352,"[{'offset': 0, 'projected_percent': '44.3', 'likelihood': 3}, {'offset': 1, 'projected_percent': '-0.0', 'likelihood': 0}, {'offset': 2, 'projected_percent': '-87.3', 'likelihood': -3}]",,False,0,3,3.7,3.7,1,Phil,3.7,398,False,,,7.0,209244.jpg,3.7,False,Foden,5.3,False,,a,15,43,11,291034,8151,179530,58130,0.5,1.6,Foden,,241.0,2016-12-05,2000-05-28,False,p209244,195,0,2,0,2,0,0,0,1,0,0,1,56,53.2,95.4,32.0,18.1,2,8,4,14,2,1.61,0.86,2.47,1.81,3.0,,2.0,,,,[],,47,23,4,4,60,35,11,9,0.74,0.0,0.4,1.14,0.84,0.92,26,17,94,45,102,47,68,22,0.92,0.0,6.46,Man City,MCI
True,True,,,466052,1,-1,3,-3,0.2,-3133,"[{'offset': 0, 'projected_percent': '-2.5', 'likelihood': -1}, {'offset': 1, 'projected_percent': '-17.8', 'likelihood': -1}, {'offset': 2, 'projected_percent': '-33.1', 'likelihood': -2}]",,False,1,3,8.3,8.3,3,Rayan,8.3,399,True,,,7.8,466052.jpg,8.3,False,Cherki,30.6,False,,a,15,43,25,2181662,112454,207402,84058,1.1,3.2,Cherki,,73.0,2025-06-10,2003-08-17,False,p466052,173,2,2,1,1,0,0,0,1,0,0,4,111,114.0,96.6,53.0,26.4,0,6,0,6,2,0.56,1.35,1.91,1.62,1.0,,1.0,,,,[],,2,2,3,3,30,19,2,2,0.29,0.0,0.7,0.99,0.84,0.52,14,9,5,3,6,4,7,3,1.04,0.52,3.12,Man City,MCI
True,True,0.0,0.0,248875,0,0,-1,1,-27.9,-235,"[{'offset': 0, 'projected_percent': '-30.3', 'likelihood': -2}, {'offset': 1, 'projected_percent': '-44.2', 'likelihood': -3}, {'offset': 2, 'projected_percent': '-58.1', 'likelihood': -3}]",,False,0,3,0.0,0.0,0,Jérémy,0.0,400,False,Calf injury - Expected back 13 Sep,2026-08-18T17:00:08.385597Z,7.4,248875.jpg,0.0,False,Doku,0.8,False,,i,15,43,0,1051,104,109006,4620,0.0,0.0,Doku,,21.0,2023-08-24,2002-05-27,False,p248875,0,0,0,0,0,0,0,0,0,0,0,0,0,0.0,0.0,0.0,0.0,0,0,0,0,0,0.00,0.00,0.00,0.00,,,,,3.0,,[],https://www.mancity.com/news/mens/enzo-maresca-bournemouth-premier-league-team-news-63922897,650,289,650,289,650,289,650,289,0.0,0.0,0.0,0.0,0.0,0.0,20,12,650,289,650,289,209,66,0.0,0.0,0.0,Man City,MCI
True,False,0.0,0.0,220566,0,0,0,0,0.0,0,"[{'offset': 0, 'projected_percent': '0.0', 'likelihood': 0}, {'offset': 1, 'projected_percent': '0.0', 'likelihood': 0}, {'offset': 2, 'projected_percent': '0.0', 'likelihood': 0}]",,False,0,3,0.0,0.0,0,Rodrigo 'Rodri',0.0,402,False,Has joined Barcelona permanently,2026-07-23T12:01:23.675537Z,6.5,220566.jpg,0.0,False,Hernandez Cascante,0.0,False,,u,15,43,0,0,0,1105,40,0.0,0.0,Rodrigo,Rodri,200.0,2019-07-04,1996-06-22,False,p220566,0,0,0,0,0,0,0,0,0,0,0,0,0,0.0,0.0,0.0,0.0,0,0,0,0,0,0.00,0.00,0.00,0.00,,,,,,,[],,645,286,645,286,644,285,645,286,0.0,0.0,0.0,0.0,0.0,0.0,36,24,647,287,647,287,594,249,0.0,0.0,0.0,Man City,MCI
True,False,0.0,0.0,433036,0,0,0,0,0.0,-7,"[{'offset': 0, 'projected_percent': '0.0', 'likelihood': 0}, {'offset': 1, 'projected_percent': '0.0', 'likelihood': 0}, {'offset': 2, 'projected_percent': '0.0', 'likelihood': 0}]",,False,0,3,0.0,0.0,0,Tijjani,0.0,404,False,Has joined Al Qadsiah permanently,2026-08-20T14:02:58.154273Z,6.0,433036.jpg,0.0,False,Reijnders,0.0,False,,u,15,43,0,0,0,7539,219,0.0,0.0,Reijnders,,152.0,2025-06-10,1998-07-29,False,p433036,0,0,0,0,0,0,0,0,0,0,0,0,0,0.0,0.0,0.0,0.0,0,0,0,0,0,0.00,0.00,0.00,0.00,,,,,,,[],,635,280,636,280,631,276,636,280,0.0,0.0,0.0,0.0,0.0,0.0,70,48,640,281,640,281,509,209,0.0,0.0,0.0,Man City,MCI
True,True,,,91651,-1,1,-1,1,-7.6,-26,"[{'offset': 0, 'projected_percent': '-12.0', 'likelihood': -1}, {'offset': 1, 'projected_percent': '-37.0', 'likelihood': -2}, {'offset': 2, 'projected_percent': '-62.1', 'likelihood': -3}]",,False,0,3,0.7,0.7,0,Mateo,0.7,406,False,,,5.4,91651.jpg,1.0,False,Kovačić,0.1,False,,a,15,43,2,1673,197,3891,455,0.1,0.4,Kovačić,,97.0,2023-06-27,1994-05-06,False,p91651,42,0,0,0,0,0,0,0,0,0,0,0,12,4.2,5.2,0.0,0.9,0,2,0,2,0,0.00,0.02,0.02,0.10,,,,,,,[],,283,130,208,114,561,228,297,134,0.0,0.0,0.04,0.04,0.21,0.0,196,120,314,143,328,146,446,176,0.0,0.0,4.29,Man City,MCI
True,False,0.0,0.0,575204,0,0,-1,1,0.0,-5,"[{'offset': 0, 'projected_percent': '0.0', 'likelihood': 0}, {'offset': 1, 'projected_percent': '0.0', 'likelihood': 0}, {'offset': 2, 'projected_percent': '0.0', 'likelihood': 0}]",,False,0,3,0.0,0.0,0,Claudio,0.0,407,False,Has joined Benfica on loan for the rest of the season,2026-09-03T15:41:24.710479Z,4.9,575204.jpg,0.0,False,Echeverri,0.0,False,,u,15,43,0,250,0,974,171,0.0,0.0,Echeverri,,10.0,2024-01-25,2006-01-02,False,p575204,0,0,0,0,0,0,0,0,0,0,0,0,0,0.0,0.0,0.0,0.0,0,0,0,0,0,0.00,0.00,0.00,0.00,,,,,,,[],,514,203,515,211,464,171,524,208,0.0,0.0,0.0,0.0,0.0,0.0,414,251,548,222,548,222,593,248,0.0,0.0,0.0,Man City,MCI
True,False,0.0,0.0,155405,0,0,0,0,0.0,0,"[{'offset': 0, 'projected_percent': '0.0', 'likelihood': 0}, {'offset': 1, 'projected_percent': '0.0', 'likelihood': 0}, {'offset': 2, 'projected_percent': '0.0', 'likelihood': 0}]",,False,0,3,0.0,0.0,0,Kalvin,0.0,408,False,Has joined Sheffield United on loan for the rest of the season,2026-08-18T14:11:56.348781Z,5.0,155405.jpg,0.0,False,Phillips,0.0,False,,u,15,43,0,0,0,480,19,0.0,0.0,Phillips,,241.0,2022-07-04,1995-12-02,False,p155405,0,0,0,0,0,0,0,0,0,0,0,0,0,0.0,0.0,0.0,0.0,0,0,0,0,0,0.00,0.00,0.00,0.00,,,,,,,[],,524,209,526,217,480,181,533,213,0.0,0.0,0.0,0.0,0.0,0.0,251,154,555,227,555,227,623,268,0.0,0.0,0.0,Man City,MCI
True,False,0.0,0.0,590039,0,0,0,0,0.0,-46,"[{'offset': 0, 'projected_percent': '0.0', 'likelihood': 0}, {'offset': 1, 'projected_percent': '0.0', 'likelihood': 0}, {'offset': 2, 'projected_percent': '0.0', 'likelihood': 0}]",,False,0,3,0.0,0.0,0,Divine,0.0,409,False,has joined West Ham on loan for the rest of the seaon.,2026-09-03T10:34:10.733520Z,4.5,590039.jpg,0.0,False,Mukasa,0.1,False,,u,15,43,0,1621,0,7769,1308,0.0,0.0,Mukasa,,241.0,2025-08-07,2007-08-22,False,p590039,0,0,0,0,0,0,0,0,0,0,0,0,0,0.0,0.0,0.0,0.0,0,0,0,0,0,0.00,0.00,0.00,0.00,,,,,,,[],,469,176,470,185,414,143,479,181,0.0,0.0,0.0,0.0,0.0,0.0,545,278,508,198,508,198,395,148,0.0,0.0,0.0,Man City,MCI
True,False,0.0,0.0,649208,0,0,-1,1,0.0,-6,"[{'offset': 0, 'projected_percent': '0.0', 'likelihood': 0}, {'offset': 1, 'projected_percent': '0.0', 'likelihood': 0}, {'offset': 2, 'projected_percent': '0.0', 'likelihood': 0}]",,False,0,3,0.0,0.0,0,Jeremy,0.0,410,False,Has joined Swansea City on loan for the rest of the season,2026-09-02T16:02:01.136760Z,4.9,649208.jpg,0.0,False,Monga,0.0,False,,u,15,43,0,219,0,900,165,0.0,0.0,Monga,,241.0,2026-07-11,2009-07-10,False,p649208,0,0,0,0,0,0,0,0,0,0,0,0,0,0.0,0.0,0.0,0.0,0,0,0,0,0,0.00,0.00,0.00,0.00,,,,,,,[],,515,204,517,213,468,175,525,209,0.0,0.0,0.0,0.0,0.0,0.0,418,255,549,223,549,223,598,252,0.0,0.0,0.0,Man City,MCI
True,True,,,223094,0,0,0,0,75.4,355,"[{'offset': 0, 'projected_percent': '76.2', 'likelihood': 3}, {'offset': 1, 'projected_percent': '80.9', 'likelihood': 3}, {'offset': 2, 'projected_percent': '85.6', 'likelihood': 3}]",,False,2,4,8.0,8.0,9,Erling,8.0,411,True,,,15.5,223094.jpg,8.0,False,Haaland,71.2,False,,a,15,43,24,513447,43269,180282,35920,0.5,1.5,Haaland,,161.0,2022-07-01,2000-07-21,False,p223094,270,3,0,1,2,0,0,0,0,0,0,6,106,72.8,5.3,101.0,17.9,8,7,0,15,3,2.46,0.50,2.96,2.68,,,,,1.0,,[],,13,2,207,27,2,2,13,3,0.82,0.0,0.17,0.99,0.89,0.67,1,1,9,1,10,1,2,2,1.0,0.33,5.0,Man City,MCI
True,True,100.0,100.0,215379,0,0,-1,1,-96.4,-994,"[{'offset': 0, 'projected_percent': '-101.4', 'likelihood': -5}, {'offset': 1, 'projected_percent': '-129.7', 'likelihood': -5}, {'offset': 2, 'projected_percent': '-158.1', 'likelihood': -5}]",,False,0,3,2.7,2.7,3,Elliot,2.7,481,False,,2026-08-23T17:00:07.952697Z,6.4,215379.jpg,2.7,False,Anderson,4.8,False,,a,15,43,8,57208,5852,310489,24265,0.4,1.2,Anderson,,241.0,2026-07-02,2002-11-06,False,p215379,233,0,0,1,2,0,0,0,1,0,0,0,62,32.2,41.0,13.0,8.6,9,14,8,31,3,0.09,0.64,0.73,2.58,2.0,,,,,,[],,129,48,48,38,127,64,87,49,0.03,0.0,0.25,0.28,1.0,0.77,49,34,143,63,158,68,77,25,1.16,0.39,11.97,Man City,MCI
True,True,,,106921,0,0,0,0,-55.2,-3,"[{'offset': 0, 'projected_percent': '-58.8', 'likelihood': -3}, {'offset': 1, 'projected_percent': '-79.8', 'likelihood': -3}, {'offset': 2, 'projected_percent': '-100.8', 'likelihood': -5}]",,False,0,1,0.0,0.0,0,Gerónimo,0.0,587,False,,,5.0,106921.jpg,0.0,False,Rulli,0.0,False,,a,15,43,0,280,39,642,78,0.0,0.0,Rulli,,10.0,2026-08-12,1992-05-20,False,p106921,0,0,0,0,0,0,0,0,0,0,0,0,0,0.0,0.0,0.0,0.0,0,0,0,0,0,0.00,0.00,0.00,0.00,,,,,,,[],,519,69,522,58,475,58,529,69,0.0,0.0,0.0,0.0,0.0,0.0,245,8,553,69,553,69,568,67,0.0,0.0,0.0,Man City,MCI
True,True,,,637238,0,0,0,0,0.0,0,"[{'offset': 0, 'projected_percent': '0.0', 'likelihood': 0}, {'offset': 1, 'projected_percent': '0.0', 'likelihood': 0}, {'offset': 2, 'projected_percent': '0.0', 'likelihood': 0}]",2026-09-09T14:56:53.434190Z,False,0,3,1.0,1.0,1,Ayyoub,1.0,616,False,,,5.5,637238.jpg,1.0,False,Bouaddi,0.2,False,,a,15,43,2,13552,1198,5022,1415,0.2,0.4,Bouaddi,,145.0,2026-08-26,2007-10-02,False,p637238,22,0,0,0,0,0,0,0,0,0,0,0,8,1.8,4.3,0.0,0.6,3,3,0,6,0,0.00,0.12,0.12,0.37,,,,,,,[],,314,140,215,118,614,265,309,141,0.0,0.0,0.49,0.49,1.51,0.0,193,119,275,125,351,162,365,133,0.0,0.0,24.55,Man City,MCI
True,True,,,616288,0,0,0,0,0.0,0,"[{'offset': 0, 'projected_percent': '0.0', 'likelihood': 0}, {'offset': 1, 'projected_percent': '0.0', 'likelihood': 0}, {'offset': 2, 'projected_percent': '0.0', 'likelihood': 0}]",2026-09-10T21:22:22.867343Z,False,0,3,1.0,1.0,1,Ryan,1.0,621,False,,,4.5,616288.jpg,1.0,False,McAidoo,0.1,False,,a,15,43,2,8287,1609,2747,821,0.2,0.4,McAidoo,,241.0,2025-09-26,2008-06-24,False,p616288,11,0,0,0,0,0,0,0,0,0,0,0,8,0.0,0.5,1.0,0.1,0,2,2,4,0,0.10,0.00,0.10,0.02,,,,,,,[],,480,182,306,154,249,121,342,159,0.82,0.0,0.0,0.82,0.16,0.0,558,285,254,111,292,121,420,164,0.0,0.0,32.73,Man City,MCI
True,True,,,554054,0,0,0,0,0.0,0,"[{'offset': 0, 'projected_percent': '0.0', 'likelihood': 0}, {'offset': 1, 'projected_percent': '0.0', 'likelihood': 0}, {'offset': 2, 'projected_percent': '0.0', 'likelihood': 0}]",2026-09-10T21:22:36.261131Z,False,0,2,0.5,0.5,0,Kaden,0.5,622,False,,,4.0,554054.jpg,1.0,False,Braithwaite,0.1,False,,a,15,43,1,10896,1612,3172,967,0.1,0.2,Braithwaite,,241.0,2024-09-23,2008-02-08,False,p554054,1,0,0,0,0,0,0,0,0,0,0,0,3,0.6,0.8,0.0,0.1,0,1,0,0,0,0.00,0.00,0.00,0.00,,,,,,,[],,329,122,288,105,303,121,340,121,0.0,0.0,0.0,0.0,0.0,0.0,639,200,334,117,269,98,374,139,0.0,0.0,0.0,Man City,MCI
True,True,,,624777,0,0,0,0,0.0,0,"[{'offset': 0, 'projected_percent': '0.0', 'likelihood': 0}, {'offset': 1, 'projected_percent': '0.0', 'likelihood': 0}, {'offset': 2, 'projected_percent': '0.0', 'likelihood': 0}]",2026-09-14T13:02:42.177560Z,False,0,3,2.2,2.2,0,Allan,0.0,628,False,,,6.0,624777.jpg,0.0,False,Andrade Elias,0.0,False,,a,15,43,0,425,125,144,57,0.0,0.0,Allan,Allan,30.0,2026-08-31,2004-04-19,False,p624777,0,0,0,0,0,0,0,0,0,0,0,0,0,0.0,0.0,0.0,0.0,0,0,0,0,0,0.00,0.00,0.00,0.00,,,,,,,[],,641,282,641,282,637,278,641,282,0.0,0.0,0.0,0.0,0.0,0.0,84,55,643,283,643,283,627,271,0.0,0.0,0.0,Man City,MCI
True,True,,,595480,0,0,0,0,0.0,0,"[{'offset': 0, 'projected_percent': '0.0', 'likelihood': 0}, {'offset': 1, 'projected_percent': '0.0', 'likelihood': 0}, {'offset': 2, 'projected_percent': '0.0', 'likelihood': 0}]",2026-09-18T19:49:28.106817Z,False,0,3,1.0,1.0,0,Floyd,0.0,653,False,,,4.5,595480.jpg,0.0,False,Samba,0.0,False,,a,15,43,0,1234,1234,207,207,0.0,0.0,Samba,,,,,False,p595480,0,0,0,0,0,0,0,0,0,0,0,0,0,0.0,0.0,0.0,0.0,0,0,0,0,0,0.00,0.00,0.00,0.00,,,,,,,[],,472,178,473,187,417,145,482,183,0.0,0.0,0.0,0.0,0.0,0.0,548,280,511,200,511,200,571,236,0.0,0.0,0.0,Man City,MCI
True,True,100.0,100.0,166989,0,0,-1,1,-22.1,-532,"[{'offset': 0, 'projected_percent': '-28.8', 'likelihood': -2}, {'offset': 1, 'projected_percent': '-67.3', 'likelihood': -3}, {'offset': 2, 'projected_percent': '-105.9', 'likelihood': -5}]",,False,0,3,2.7,2.7,2,Youri,2.7,43,False,,2026-07-23T12:01:23.321726Z,5.9,166989.jpg,2.7,False,Tielemans,1.9,False,,a,16,1,8,28278,2881,97060,9848,0.5,1.4,Tielemans,,21.0,2026-07-14,1997-05-07,False,p166989,246,0,0,0,6,0,0,0,0,0,0,0,56,38.2,57.6,24.0,12.0,6,17,2,25,3,0.56,0.28,0.84,4.01,,,,,3.0,,[],,102,37,22,19,79,45,44,32,0.2,0.0,0.1,0.3,1.47,2.2,90,58,142,62,157,67,131,40,1.1,0.0,9.15,Man Utd,MUN
True,True,0.0,0.0,535301,0,0,0,0,-70.6,-32,"[{'offset': 0, 'projected_percent': '-72.5', 'likelihood': -3}, {'offset': 1, 'projected_percent': '-83.8', 'likelihood': -3}, {'offset': 2, 'projected_percent': '-95.0', 'likelihood': -4}]",,False,0,3,0.0,0.0,0,Carlos,0.0,131,False,Ankle injury - Expected back 19 Sep,2026-08-06T16:00:10.997714Z,5.0,535301.jpg,0.0,False,Baleba,0.1,False,,i,16,1,0,4399,379,10219,824,0.0,0.0,Baleba,,38.0,2026-08-25,2004-01-03,False,p535301,0,0,0,0,0,0,0,0,0,0,0,0,0,0.0,0.0,0.0,0.0,0,0,0,0,0,0.00,0.00,0.00,0.00,,,,,,,[],,564,232,572,239,538,212,572,235,0.0,0.0,0.0,0.0,0.0,0.0,345,206,591,247,591,247,379,139,0.0,0.0,0.0,Man Utd,MUN
True,True,,,532605,0,0,-1,1,-22.1,-190,"[{'offset': 0, 'projected_percent': '-27.9', 'likelihood': -2}, {'offset': 1, 'projected_percent': '-61.4', 'likelihood': -3}, {'offset': 2, 'projected_percent': '-94.9', 'likelihood': -3}]",,False,0,3,1.3,1.3,1,Andrey,1.3,162,False,,,4.9,532605.jpg,1.3,False,Nascimento dos Santos,0.8,False,,a,16,1,4,16451,1649,44340,4888,0.3,0.8,Andrey Santos,Andrey Santos,30.0,2026-07-13,2004-05-03,False,p532605,82,0,0,0,4,0,0,0,0,0,0,0,23,17.6,4.9,2.0,2.5,7,7,4,18,1,0.00,0.24,0.24,2.03,,,,,,,[],,192,74,211,116,226,107,232,103,0.0,0.0,0.26,0.26,2.23,4.39,409,247,222,99,252,113,217,70,1.1,0.0,19.76,Man Utd,MUN
True,True,100.0,100.0,59735,0,0,0,0,-5.1,-1,"[{'offset': 0, 'projected_percent': '-5.4', 'likelihood': -1}, {'offset': 1, 'projected_percent': '-7.1', 'likelihood': -1}, {'offset': 2, 'projected_percent': '-8.8', 'likelihood': -1}]",,False,0,1,0.0,0.0,0,Karl,0.0,325,False,,2026-07-23T12:01:23.549136Z,4.5,59735.jpg,0.0,False,Darlow,0.0,False,,a,16,1,0,683,101,833,114,0.0,0.0,Darlow,,244.0,2026-06-14,1990-10-08,False,p59735,0,0,0,0,0,0,0,0,0,0,0,0,0,0.0,0.0,0.0,0.0,0,0,0,0,0,0.00,0.00,0.00,0.00,,,,,,,[],,399,46,391,25,323,24,409,46,0.0,0.0,0.0,0.0,0.0,0.0,425,23,445,46,445,46,510,57,0.0,0.0,0.0,Man Utd,MUN
True,True,,,465247,0,0,0,0,-55.7,-2257,"[{'offset': 0, 'projected_percent': '-59.8', 'likelihood': -3}, {'offset': 1, 'projected_percent': '-83.5', 'likelihood': -3}, {'offset': 2, 'projected_percent': '-107.3', 'likelihood': -5}]",,False,0,1,1.7,1.7,2,Senne,1.7,412,False,,,5.0,465247.jpg,1.7,False,Lammens,13.1,False,,a,16,1,5,71286,4372,337622,58430,0.3,1.0,Lammens,,21.0,2025-09-01,2002-07-07,False,p465247,270,0,0,0,6,0,0,0,0,0,9,0,31,47.2,0.0,0.0,4.7,4,28,0,0,3,0.00,0.00,0.00,4.08,,,,,,,[],,68,10,553,64,514,64,181,11,0.0,3.0,0.0,0.0,1.36,2.0,307,14,205,20,232,21,31,5,1.0,0.0,0.0,Man Utd,MUN
True,False,0.0,0.0,451302,0,0,0,0,0.0,-1,"[{'offset': 0, 'projected_percent': '0.0', 'likelihood': 0}, {'offset': 1, 'projected_percent': '0.0', 'likelihood': 0}, {'offset': 2, 'projected_percent': '0.0', 'likelihood': 0}]",,False,0,1,0.0,0.0,0,Altay,0.0,413,False,Has joined Celta Vigo on loan for the rest of the season,2026-08-10T14:02:28.608415Z,4.5,451302.jpg,0.0,False,Bayındır,0.0,False,,u,16,1,0,0,0,942,62,0.0,0.0,Bayindir,,219.0,2023-09-01,1998-04-14,False,p451302,0,0,0,0,0,0,0,0,0,0,0,0,0,0.0,0.0,0.0,0.0,0,0,0,0,0,0.00,0.00,0.00,0.00,,,,,,,[],,433,59,430,41,369,40,443,59,0.0,0.0,0.0,0.0,0.0,0.0,492,39,474,59,474,59,587,69,0.0,0.0,0.0,Man Utd,MUN
True,True,0.0,0.0,21205,0,0,0,0,-25.0,-5,"[{'offset': 0, 'projected_percent': '-25.5', 'likelihood': -2}, {'offset': 1, 'projected_percent': '-28.5', 'likelihood': -2}, {'offset': 2, 'projected_percent': '-31.5', 'likelihood': -2}]",,False,0,1,0.0,0.0,0,Tom,0.0,414,False,Hamstring injury - Unknown return date,2026-08-15T16:00:07.854151Z,4.0,21205.jpg,0.0,False,Heaton,0.1,False,,i,16,1,0,1069,220,2218,237,0.0,0.0,Heaton,,241.0,2021-07-02,1986-04-15,False,p21205,0,0,0,0,0,0,0,0,0,0,0,0,0,0.0,0.0,0.0,0.0,0,0,0,0,0,0.00,0.00,0.00,0.00,,,,,,,[],,340,23,330,2,252,1,349,23,0.0,0.0,0.0,0.0,0.0,0.0,577,49,387,23,387,23,450,50,0.0,0.0,0.0,Man Utd,MUN
True,True,,,596777,0,0,-1,1,-87.3,-274,"[{'offset': 0, 'projected_percent': '-96.6', 'likelihood': -4}, {'offset': 1, 'projected_percent': '-150.1', 'likelihood': -5}, {'offset': 2, 'projected_percent': '-203.7', 'likelihood': -5}]",,False,0,3,0.7,0.7,1,Patrick,0.7,415,False,,,5.9,596777.jpg,0.7,False,Dorgu,0.7,False,,a,16,1,2,8531,584,71125,5779,0.1,0.3,Dorgu,,58.0,2025-02-02,2004-10-26,False,p596777,75,0,0,0,5,0,0,0,1,0,0,0,-4,7.0,12.9,55.0,6.5,3,1,2,6,1,0.65,0.05,0.70,2.28,,,,,,,[],,253,112,162,98,28,18,136,69,0.78,0.0,0.06,0.84,2.74,6.0,112,72,327,150,381,180,226,73,1.2,0.0,7.2,Man Utd,MUN
True,True,0.0,0.0,209365,0,0,0,0,-61.5,-1,"[{'offset': 0, 'projected_percent': '-61.7', 'likelihood': -3}, {'offset': 1, 'projected_percent': '-63.2', 'likelihood': -3}, {'offset': 2, 'projected_percent': '-64.6', 'likelihood': -3}]",,False,0,2,0.0,0.0,0,Matthijs,0.0,416,False,Back injury - Unknown return date,2026-07-23T12:01:23.690880Z,5.0,209365.jpg,0.0,False,de Ligt,0.0,False,,i,16,1,0,259,46,1064,103,0.0,0.0,De Ligt,,152.0,2024-08-13,1999-08-12,False,p209365,0,0,0,0,0,0,0,0,0,0,0,0,0,0.0,0.0,0.0,0.0,0,0,0,0,0,0.00,0.00,0.00,0.00,,,,,,,[],https://www.manutd.com/en/news/team-news-for-man-utd-hull-opener-aug-2026,530,200,533,200,490,193,538,200,0.0,0.0,0.0,0.0,0.0,0.0,268,41,560,202,560,202,558,191,0.0,0.0,0.0,Man Utd,MUN
True,True,,,216051,-1,1,-1,1,-4.0,-359,"[{'offset': 0, 'projected_percent': '-6.4', 'likelihood': -1}, {'offset': 1, 'projected_percent': '-20.3', 'likelihood': -2}, {'offset': 2, 'projected_percent': '-34.3', 'likelihood': -2}]",,False,0,2,1.3,1.3,1,Diogo,1.3,417,False,,,4.9,216051.jpg,1.3,False,Dalot Teixeira,2.1,False,,a,16,1,4,18638,1437,81278,8961,0.3,0.8,Dalot,Diogo Dalot,173.0,2018-06-08,1999-03-18,False,p216051,166,0,0,0,2,0,0,0,1,0,0,0,26,24.0,53.5,33.0,11.1,7,5,4,11,2,0.16,0.13,0.29,1.98,,,,,,,[],,160,72,27,4,57,12,55,11,0.09,0.0,0.07,0.16,1.07,1.08,388,70,221,83,251,90,124,50,1.08,0.0,5.96,Man Utd,MUN
True,True,,,95658,0,0,0,0,-83.3,-3269,"[{'offset': 0, 'projected_percent': '-89.1', 'likelihood': -3}, {'offset': 1, 'projected_percent': '-122.4', 'likelihood': -5}, {'offset': 2, 'projected_percent': '-155.7', 'likelihood': -5}]",,False,0,2,2.3,2.3,2,Harry,2.3,418,False,,,5.0,95658.jpg,2.3,False,Maguire,13.5,False,,a,16,1,7,109161,6428,472775,75751,0.5,1.4,Maguire,,241.0,2019-08-05,1993-03-05,False,p95658,270,0,1,0,6,0,0,0,1,0,0,0,29,32.6,30.1,25.0,8.8,20,11,1,21,3,0.07,0.42,0.49,4.08,,,,,,,[],,128,57,81,24,74,17,83,24,0.02,0.0,0.14,0.16,1.36,2.0,242,36,156,63,174,69,30,10,1.0,0.0,7.0,Man Utd,MUN
True,True,100.0,100.0,221820,0,0,0,0,-78.2,-139,"[{'offset': 0, 'projected_percent': '-80.8', 'likelihood': -3}, {'offset': 1, 'projected_percent': '-96.2', 'likelihood': -4}, {'offset': 2, 'projected_percent': '-111.7', 'likelihood': -5}]",,False,0,2,1.3,1.3,3,Lisandro,1.3,419,False,,2026-07-24T20:00:10.337107Z,5.0,221820.jpg,2.0,False,Martínez,1.2,False,,a,16,1,4,16680,1731,41102,3409,0.3,0.8,Martinez,Lisandro Martínez,10.0,2022-07-17,1998-01-18,False,p221820,180,0,0,0,4,0,0,0,0,0,0,0,9,4.8,1.8,3.0,1.0,10,8,0,10,2,0.03,0.06,0.09,3.07,,,,,,,[],,278,104,255,87,211,77,294,106,0.02,0.0,0.03,0.05,1.54,2.0,279,46,223,84,202,79,167,66,1.0,0.0,5.0,Man Utd,MUN
True,True,,,550864,0,0,-1,1,-23.8,-102,"[{'offset': 0, 'projected_percent': '-28.3', 'likelihood': -2}, {'offset': 1, 'projected_percent': '-54.5', 'likelihood': -3}, {'offset': 2, 'projected_percent': '-80.6', 'likelihood': -3}]",,False,0,2,0.7,0.7,1,Leny,0.7,420,False,,,4.9,550864.jpg,1.0,False,Yoro,0.5,False,,a,16,1,2,3650,379,24051,2111,0.1,0.4,Yoro,,73.0,2024-07-19,2005-11-13,False,p550864,22,0,0,0,2,0,0,0,0,0,0,0,-1,1.8,1.8,0.0,0.4,3,1,2,5,0,0.00,0.02,0.02,1.09,,,,,,,[],,313,118,254,86,462,189,317,115,0.0,0.0,0.08,0.08,4.46,8.18,412,77,300,111,299,120,245,91,0.0,0.0,20.45,Man Utd,MUN
True,True,,,606745,-1,1,-1,1,-9.3,-96,"[{'offset': 0, 'projected_percent': '-13.4', 'likelihood': -1}, {'offset': 1, 'projected_percent': '-36.8', 'likelihood': -2}, {'offset': 2, 'projected_percent': '-60.3', 'likelihood': -3}]",,False,0,2,0.3,0.3,0,Ayden,0.3,421,False,,,4.4,606745.jpg,1.0,False,Heaven,0.3,False,,a,16,1,1,4778,390,14946,1794,0.1,0.2,Heaven,,241.0,2025-02-01,2006-09-22,False,p606745,90,0,0,0,2,0,0,0,0,0,0,0,5,6.8,2.6,11.0,2.0,1,4,1,2,1,0.12,0.04,0.16,1.01,,,,,,,[],,254,99,233,75,136,44,257,94,0.12,0.0,0.04,0.16,1.01,2.0,575,158,340,123,275,104,285,106,1.0,0.0,2.0,Man Utd,MUN
True,True,,,230001,0,0,0,0,-75.2,-163,"[{'offset': 0, 'projected_percent': '-81.6', 'likelihood': -3}, {'offset': 1, 'projected_percent': '-118.1', 'likelihood': -5}, {'offset': 2, 'projected_percent': '-154.7', 'likelihood': -5}]",,False,0,2,1.0,1.0,1,Noussair,1.0,422,False,,,4.5,230001.jpg,1.0,False,Mazraoui,0.6,False,,a,16,1,3,9610,512,22272,3157,0.2,0.7,Mazraoui,,145.0,2024-08-13,1997-11-14,False,p230001,97,0,0,0,4,0,0,0,0,0,0,0,6,18.8,30.7,9.0,5.9,4,3,2,6,1,0.22,0.06,0.28,2.08,,,,,,,[],,184,81,79,23,151,49,147,55,0.2,0.0,0.06,0.26,1.93,3.71,470,109,249,92,282,109,238,88,0.93,0.0,5.57,Man Utd,MUN
True,True,,,106760,0,0,0,0,-108.3,-4245,"[{'offset': 0, 'projected_percent': '-115.1', 'likelihood': -5}, {'offset': 1, 'projected_percent': '-154.3', 'likelihood': -5}, {'offset': 2, 'projected_percent': '-193.6', 'likelihood': -5}]",,False,0,2,2.3,2.3,4,Luke,2.3,423,False,,,4.5,106760.jpg,2.3,False,Shaw,14.9,False,,a,16,1,7,78731,5345,543326,92347,0.5,1.6,Shaw,,241.0,2014-07-01,1995-07-12,False,p106760,252,0,1,0,4,0,0,0,1,0,0,0,47,43.6,60.8,10.0,11.4,14,6,6,20,3,0.02,0.52,0.54,3.01,3.0,,,,,,[],,75,30,18,2,147,47,50,9,0.01,0.0,0.19,0.2,1.08,1.43,434,85,148,58,167,65,27,9,1.07,0.0,7.14,Man Utd,MUN
True,True,,,577974,0,0,0,0,-23.7,-23,"[{'offset': 0, 'projected_percent': '-26.5', 'likelihood': -2}, {'offset': 1, 'projected_percent': '-42.5', 'likelihood': -3}, {'offset': 2, 'projected_percent': '-58.4', 'likelihood': -3}]",,False,0,2,0.0,0.0,0,Harry,0.0,424,False,,,4.0,577974.jpg,0.0,False,Amass,0.2,False,,a,16,1,0,3387,557,4891,554,0.0,0.0,Amass,,241.0,2024-04-06,2007-03-16,False,p577974,0,0,0,0,0,0,0,0,0,0,0,0,0,0.0,0.0,0.0,0.0,0,0,0,0,0,0.00,0.00,0.00,0.00,,,,,,,[],,389,152,381,150,308,126,399,152,0.0,0.0,0.0,0.0,0.0,0.0,644,205,435,163,435,163,342,126,0.0,0.0,0.0,Man Utd,MUN
True,False,0.0,0.0,547676,0,0,0,0,0.0,0,"[{'offset': 0, 'projected_percent': '0.0', 'likelihood': 0}, {'offset': 1, 'projected_percent': '0.0', 'likelihood': 0}, {'offset': 2, 'projected_percent': '0.0', 'likelihood': 0}]",,False,0,2,0.0,0.0,0,Tyler,0.0,425,False,Has joined Lausanne-Sport permanently,2026-08-18T14:12:31.904433Z,4.0,547676.jpg,0.0,False,Fredricson,0.0,False,,u,16,1,0,0,0,1060,51,0.0,0.0,Fredricson,,241.0,2022-09-07,2005-02-23,False,p547676,0,0,0,0,0,0,0,0,0,0,0,0,0,0.0,0.0,0.0,0.0,0,0,0,0,0,0.00,0.00,0.00,0.00,,,,,,,[],,382,145,374,143,299,117,392,145,0.0,0.0,0.0,0.0,0.0,0.0,635,196,428,156,428,156,582,198,0.0,0.0,0.0,Man Utd,MUN
True,True,,,141746,0,0,0,0,-16.6,-5877,"[{'offset': 0, 'projected_percent': '-19.5', 'likelihood': -1}, {'offset': 1, 'projected_percent': '-36.4', 'likelihood': -2}, {'offset': 2, 'projected_percent': '-53.3', 'likelihood': -3}]",,False,1,3,9.0,9.0,2,Bruno,9.0,426,True,,,12.0,141746.jpg,9.0,False,Borges Fernandes,48.0,False,,a,16,1,27,462667,42317,672807,109145,0.8,2.2,B.Fernandes,Bruno Fernandes,173.0,2020-01-30,1994-09-08,False,p141746,270,3,1,0,6,0,0,0,0,0,0,3,116,152.6,117.9,83.0,35.4,2,12,2,16,3,2.29,0.80,3.09,4.08,1.0,,1.0,,1.0,,[],,1,1,1,1,8,4,1,1,0.76,0.0,0.27,1.03,1.36,2.0,2,1,2,2,3,3,3,1,1.0,0.0,5.33,Man Utd,MUN
True,True,,,446008,-1,1,-1,1,-3.5,-1900,"[{'offset': 0, 'projected_percent': '-4.5', 'likelihood': -1}, {'offset': 1, 'projected_percent': '-10.3', 'likelihood': -1}, {'offset': 2, 'projected_percent': '-16.2', 'likelihood': -1}]",,False,0,3,7.0,7.0,8,Bryan,7.0,427,False,,,7.9,446008.jpg,7.0,False,Mbeumo,26.3,False,,a,16,1,21,208821,33968,1190709,125609,0.9,2.7,Mbeumo,,38.0,2025-07-21,1999-08-07,False,p446008,270,2,1,0,6,0,0,0,1,0,0,3,78,55.2,71.4,84.0,21.1,4,10,3,17,3,2.31,0.47,2.78,4.08,2.0,,2.0,,2.0,,[],,43,20,12,12,5,2,6,5,0.77,0.0,0.16,0.93,1.36,2.0,12,8,23,9,24,10,8,4,1.0,0.0,5.67,Man Utd,MUN
True,True,,,430871,-1,1,-1,1,-9.5,-2314,"[{'offset': 0, 'projected_percent': '-13.8', 'likelihood': -1}, {'offset': 1, 'projected_percent': '-38.7', 'likelihood': -2}, {'offset': 2, 'projected_percent': '-63.5', 'likelihood': -3}]",,False,0,3,4.7,4.7,3,Matheus,4.7,428,False,,,7.9,430871.jpg,4.7,False,Santos Carneiro da Cunha,7.5,False,,a,16,1,14,53961,3523,287637,36913,0.6,1.8,Cunha,Matheus Cunha,30.0,2025-06-01,1999-05-27,False,p430871,227,0,2,1,3,0,0,0,0,0,0,1,55,25.4,55.8,63.0,14.5,0,6,2,8,3,0.47,0.41,0.88,2.72,,,,,,,[],,152,55,23,20,18,10,27,21,0.19,0.0,0.16,0.35,1.08,1.19,11,7,58,29,63,30,57,20,1.19,0.4,3.17,Man Utd,MUN
True,True,,,176297,0,0,0,0,-62.6,-156,"[{'offset': 0, 'projected_percent': '-64.9', 'likelihood': -3}, {'offset': 1, 'projected_percent': '-78.5', 'likelihood': -3}, {'offset': 2, 'projected_percent': '-92.0', 'likelihood': -3}]",,False,0,3,2.0,2.0,3,Marcus,2.0,429,False,,,7.0,176297.jpg,2.0,False,Rashford,1.6,False,,a,16,1,6,43647,5772,67267,7334,0.3,0.9,Rashford,,241.0,2015-07-01,1997-10-31,False,p176297,193,0,0,1,1,0,0,0,0,0,0,0,37,27.6,82.9,62.0,17.2,0,8,3,11,2,0.26,0.21,0.47,1.80,,,3.0,,,,[],,145,53,8,8,21,12,17,13,0.12,0.0,0.1,0.22,0.84,0.47,25,16,196,91,225,100,142,42,0.93,0.47,5.13,Man Utd,MUN
True,True,100.0,75.0,184341,0,0,-1,1,-9.6,4,"[{'offset': 0, 'projected_percent': '-5.4', 'likelihood': -1}, {'offset': 1, 'projected_percent': '0.0', 'likelihood': 0}, {'offset': 2, 'projected_percent': '0.1', 'likelihood': 1}]",,False,0,3,0.0,0.0,0,Mason,0.0,430,False,,2026-08-15T16:00:07.879135Z,5.4,184341.jpg,0.0,False,Mount,0.0,False,,a,16,1,0,156,61,1373,88,0.0,0.0,Mount,,241.0,2023-07-05,1999-01-10,False,p184341,0,0,0,0,0,0,0,0,0,0,0,0,0,0.0,0.0,0.0,0.0,0,0,0,0,0,0.00,0.00,0.00,0.00,,,4.0,,,,[],,584,245,591,251,564,230,592,248,0.0,0.0,0.0,0.0,0.0,0.0,200,123,609,258,609,258,560,230,0.0,0.0,0.0,Man Utd,MUN
True,True,0.0,0.0,493250,0,0,-2,2,-27.7,-186,"[{'offset': 0, 'projected_percent': '-31.2', 'likelihood': -2}, {'offset': 1, 'projected_percent': '-51.2', 'likelihood': -3}, {'offset': 2, 'projected_percent': '-71.3', 'likelihood': -3}]",,False,0,3,0.0,0.0,0,Amad,0.0,431,False,Unspecified injury - Unknown return date,2026-08-22T11:00:08.617283Z,5.8,493250.jpg,0.0,False,Diallo,0.5,False,,i,16,1,0,1897,78,106277,4015,0.0,0.0,Amad,,54.0,2021-01-07,2002-07-11,False,p493250,0,0,0,0,0,0,0,0,0,0,0,0,0,0.0,0.0,0.0,0.0,0,0,0,0,0,0.00,0.00,0.00,0.00,4.0,,,,,,[],https://www.manutd.com/en/news/team-news-for-ipswich-visit-30-august,622,272,626,273,616,266,626,272,0.0,0.0,0.0,0.0,0.0,0.0,116,76,633,275,633,275,260,86,0.0,0.0,0.0,Man Utd,MUN
True,True,,,516895,0,0,0,0,1.2,366,"[{'offset': 0, 'projected_percent': '2.0', 'likelihood': 1}, {'offset': 1, 'projected_percent': '6.9', 'likelihood': 1}, {'offset': 2, 'projected_percent': '11.7', 'likelihood': 1}]",,False,0,3,4.7,4.7,9,Kobbie,4.7,432,False,,,5.5,516895.jpg,4.7,False,Mainoo,1.2,False,,a,16,1,14,30500,7558,29638,2814,0.9,2.5,Mainoo,,241.0,2022-10-15,2005-04-19,False,p516895,185,0,1,0,2,0,0,0,0,0,0,2,64,18.0,9.7,11.0,3.8,5,21,5,31,2,0.21,0.35,0.56,2.05,,,,,,,[],,189,72,188,104,140,70,201,89,0.1,0.0,0.17,0.27,1.0,0.97,177,108,57,28,62,29,172,53,0.97,0.0,15.08,Man Utd,MUN
True,True,0.0,0.0,232112,0,0,0,0,-54.1,-4,"[{'offset': 0, 'projected_percent': '-63.9', 'likelihood': -3}, {'offset': 1, 'projected_percent': '-120.4', 'likelihood': -5}, {'offset': 2, 'projected_percent': '-177.0', 'likelihood': -5}]",,False,0,3,0.0,0.0,0,Manuel,0.0,433,False,Knee injury - Unknown return date,2026-07-23T12:01:23.706702Z,5.0,232112.jpg,0.0,False,Ugarte Ribeiro,0.0,False,,i,16,1,0,64,8,178,21,0.0,0.0,Ugarte,,230.0,2024-08-30,2001-04-11,False,p232112,0,0,0,0,0,0,0,0,0,0,0,0,0,0.0,0.0,0.0,0.0,0,0,0,0,0,0.00,0.00,0.00,0.00,,,,,,,[],https://www.manutd.com/en/news/an-official-update-on-manuel-ugarte,537,216,540,223,498,191,545,219,0.0,0.0,0.0,0.0,0.0,0.0,286,173,566,233,566,233,633,275,0.0,0.0,0.0,Man Utd,MUN
True,True,,,547037,0,0,0,0,-92.2,-4,"[{'offset': 0, 'projected_percent': '-99.8', 'likelihood': -4}, {'offset': 1, 'projected_percent': '-144.1', 'likelihood': -5}, {'offset': 2, 'projected_percent': '-188.3', 'likelihood': -5}]",,False,0,3,0.0,0.0,0,Jack,0.0,434,False,,,5.0,547037.jpg,0.0,False,Fletcher,0.0,False,,a,16,1,0,152,27,400,45,0.0,0.0,J.Fletcher,Jack Fletcher,241.0,2024-07-12,2007-03-19,False,p547037,0,0,0,0,0,0,0,0,0,0,0,0,0,0.0,0.0,0.0,0.0,0,0,0,0,0,0.00,0.00,0.00,0.00,,,,,,,[],,568,236,576,243,542,216,576,239,0.0,0.0,0.0,0.0,0.0,0.0,351,212,595,251,595,251,599,253,0.0,0.0,0.0,Man Utd,MUN
True,True,,,576628,0,0,0,0,-95.0,-15,"[{'offset': 0, 'projected_percent': '-101.7', 'likelihood': -5}, {'offset': 1, 'projected_percent': '-140.5', 'likelihood': -5}, {'offset': 2, 'projected_percent': '-179.2', 'likelihood': -5}]",,False,0,3,0.3,0.3,0,Shea,0.3,435,False,,,5.0,576628.jpg,1.0,False,Lacey,0.1,False,,a,16,1,1,692,67,1859,231,0.1,0.2,Lacey,,241.0,2025-05-26,2007-04-14,False,p576628,10,0,0,0,0,0,0,0,0,0,0,0,3,0.2,0.6,0.0,0.1,0,1,0,1,0,0.00,0.00,0.00,0.00,,,,,,,[],,337,156,299,150,549,222,345,162,0.0,0.0,0.0,0.0,0.0,0.0,359,218,366,170,324,143,494,198,0.0,0.0,9.0,Man Utd,MUN
True,False,0.0,0.0,490881,0,0,0,0,0.0,-4,"[{'offset': 0, 'projected_percent': '0.0', 'likelihood': 0}, {'offset': 1, 'projected_percent': '0.0', 'likelihood': 0}, {'offset': 2, 'projected_percent': '0.0', 'likelihood': 0}]",,False,0,3,0.0,0.0,0,Toby,0.0,436,False,Has joined West Brom permanently,2026-09-01T13:16:48.584385Z,5.0,490881.jpg,0.0,False,Collyer,0.0,False,,u,16,1,0,150,0,728,113,0.0,0.0,Collyer,,241.0,2023-07-01,2004-01-03,False,p490881,0,0,0,0,0,0,0,0,0,0,0,0,0,0.0,0.0,0.0,0.0,0,0,0,0,0,0.00,0.00,0.00,0.00,,,,,,,[],,555,228,562,235,525,206,563,231,0.0,0.0,0.0,0.0,0.0,0.0,322,192,582,243,582,243,589,246,0.0,0.0,0.0,Man Utd,MUN
True,True,,,576620,0,0,0,0,-42.7,-8,"[{'offset': 0, 'projected_percent': '-43.7', 'likelihood': -3}, {'offset': 1, 'projected_percent': '-49.8', 'likelihood': -3}, {'offset': 2, 'projected_percent': '-55.9', 'likelihood': -3}]",,False,0,3,0.0,0.0,0,Bendito,0.0,437,False,,,4.5,576620.jpg,0.0,False,Mantato,0.2,False,,a,16,1,0,3284,561,5670,603,0.0,0.0,Bendito Mantato,,,,,False,p576620,0,0,0,0,0,0,0,0,0,0,0,0,0,0.0,0.0,0.0,0.0,0,0,0,0,0,0.00,0.00,0.00,0.00,,,,,,,[],,467,175,468,184,412,142,477,180,0.0,0.0,0.0,0.0,0.0,0.0,541,276,506,197,506,197,345,126,0.0,0.0,0.0,Man Utd,MUN
True,True,,,519913,0,0,0,0,-63.8,-35,"[{'offset': 0, 'projected_percent': '-66.5', 'likelihood': -3}, {'offset': 1, 'projected_percent': '-82.0', 'likelihood': -3}, {'offset': 2, 'projected_percent': '-97.4', 'likelihood': -4}]",,False,0,3,0.0,0.0,0,Tyler,0.0,438,False,,,4.5,519913.jpg,0.0,False,Fletcher,0.3,False,,a,16,1,0,3786,574,9265,961,0.0,0.0,Fletcher,Tyler Fletcher,243.0,2025-05-26,2007-03-19,False,p519913,0,0,0,0,0,0,0,0,0,0,0,0,0,0.0,0.0,0.0,0.0,0,0,0,0,0,0.00,0.00,0.00,0.00,,,,,,,[],,450,170,452,179,394,137,460,175,0.0,0.0,0.0,0.0,0.0,0.0,522,271,490,192,490,192,293,100,0.0,0.0,0.0,Man Utd,MUN
True,True,100.0,100.0,485711,0,0,0,0,-47.3,174,"[{'offset': 0, 'projected_percent': '-44.7', 'likelihood': -3}, {'offset': 1, 'projected_percent': '-29.7', 'likelihood': -2}, {'offset': 2, 'projected_percent': '-14.6', 'likelihood': -1}]",,False,0,4,2.3,2.3,5,Benjamin,2.3,439,False,,2026-07-23T12:01:23.722029Z,7.0,485711.jpg,2.3,False,Sesko,1.6,False,,a,16,1,7,52014,5879,72046,8420,0.3,1.0,Šeško,,195.0,2025-08-09,2003-05-31,False,p485711,53,1,0,0,3,0,0,0,0,0,0,0,35,2.2,11.0,11.0,2.4,0,3,0,3,0,0.32,0.01,0.33,1.43,,,,,,,[],,310,34,180,20,146,28,242,28,0.54,0.0,0.02,0.56,2.43,5.09,29,10,168,15,185,20,143,21,0.0,0.0,5.09,Man Utd,MUN
True,True,,,458249,0,0,-1,1,-23.6,-131,"[{'offset': 0, 'projected_percent': '-30.4', 'likelihood': -2}, {'offset': 1, 'projected_percent': '-69.7', 'likelihood': -3}, {'offset': 2, 'projected_percent': '-109.0', 'likelihood': -5}]",,False,0,4,0.0,0.0,0,Joshua,0.0,440,False,,,5.4,458249.jpg,0.0,False,Zirkzee,0.5,False,,a,16,1,0,9402,1742,28690,2653,0.0,0.0,Zirkzee,,152.0,2024-07-17,2001-05-22,False,p458249,0,0,0,0,0,0,0,0,0,0,0,0,0,0.0,0.0,0.0,0.0,0,0,0,0,0,0.00,0.00,0.00,0.00,,,,,,,[],,590,61,596,66,572,63,597,66,0.0,0.0,0.0,0.0,0.0,0.0,217,48,614,72,614,72,261,46,0.0,0.0,0.0,Man Utd,MUN
True,True,,,596047,0,0,0,0,0.3,15,"[{'offset': 0, 'projected_percent': '0.3', 'likelihood': 1}, {'offset': 1, 'projected_percent': '0.5', 'likelihood': 1}, {'offset': 2, 'projected_percent': '0.7', 'likelihood': 1}]",,False,0,4,0.0,0.0,0,Chido,0.0,441,False,,,4.5,596047.jpg,0.0,False,Obi,1.2,False,,a,16,1,0,31110,5676,31620,4213,0.0,0.0,Obi,,58.0,2025-02-15,2007-11-29,False,p596047,0,0,0,0,0,0,0,0,0,0,0,0,0,0.0,0.0,0.0,0.0,0,0,0,0,0,0.00,0.00,0.00,0.00,,,,,,,[],,473,45,474,50,418,47,483,50,0.0,0.0,0.0,0.0,0.0,0.0,549,75,512,56,512,56,171,26,0.0,0.0,0.0,Man Utd,MUN
True,True,,,465694,0,0,0,0,4.0,-7,"[{'offset': 0, 'projected_percent': '4.0', 'likelihood': 1}, {'offset': 1, 'projected_percent': '3.9', 'likelihood': 1}, {'offset': 2, 'projected_percent': '3.8', 'likelihood': 1}]",,False,0,3,1.3,1.3,2,Nico,1.3,405,False,,,5.5,465694.jpg,2.0,False,González Iglesias,0.3,False,,a,17,4,4,13976,1453,5702,987,0.2,0.7,N.Gonzalez,,200.0,2026-08-26,2002-01-03,False,p465694,146,0,0,1,2,0,0,0,1,0,0,0,20,7.2,29.5,0.0,3.7,3,8,0,11,2,0.00,0.21,0.21,2.07,,,,,,,[],,252,111,84,52,604,257,205,91,0.0,0.0,0.13,0.13,1.28,1.23,164,98,230,104,215,96,314,112,1.23,0.62,6.78,Newcastle,NEW
True,True,,,98747,0,0,0,0,-106.0,-134,"[{'offset': 0, 'projected_percent': '-109.0', 'likelihood': -5}, {'offset': 1, 'projected_percent': '-126.1', 'likelihood': -5}, {'offset': 2, 'projected_percent': '-143.2', 'likelihood': -5}]",,False,0,1,0.0,0.0,0,Nick,0.0,442,False,,,5.0,98747.jpg,0.0,False,Pope,1.1,False,,a,17,4,0,8696,1038,35570,4057,0.0,0.0,Pope,,241.0,2022-06-23,1992-04-19,False,p98747,0,0,0,0,0,0,0,0,0,0,0,0,0,0.0,0.0,0.0,0.0,0,0,0,0,0,0.00,0.00,0.00,0.00,,,,,,,[],,518,68,521,57,473,56,528,68,0.0,0.0,0.0,0.0,0.0,0.0,243,6,552,68,552,68,184,28,0.0,0.0,0.0,Newcastle,NEW
True,True,,,81441,0,0,0,0,-19.2,-11,"[{'offset': 0, 'projected_percent': '-26.6', 'likelihood': -2}, {'offset': 1, 'projected_percent': '-69.4', 'likelihood': -3}, {'offset': 2, 'projected_percent': '-112.2', 'likelihood': -5}]",,False,0,1,0.0,0.0,0,Mark,0.0,443,False,,,4.5,81441.jpg,0.0,False,Gillespie,0.0,False,,a,17,4,0,453,52,702,89,0.0,0.0,Gillespie,,241.0,2020-07-27,1992-03-27,False,p81441,0,0,0,0,0,0,0,0,0,0,0,0,0,0.0,0.0,0.0,0.0,0,0,0,0,0,0.00,0.00,0.00,0.00,,,,,,,[],,400,47,394,28,326,27,410,47,0.0,0.0,0.0,0.0,0.0,0.0,428,26,446,47,446,47,527,59,0.0,0.0,0.0,Newcastle,NEW
True,True,,,554578,0,0,0,0,-82.4,-4,"[{'offset': 0, 'projected_percent': '-86.2', 'likelihood': -3}, {'offset': 1, 'projected_percent': '-108.1', 'likelihood': -5}, {'offset': 2, 'projected_percent': '-130.0', 'likelihood': -5}]",,False,0,1,0.0,0.0,0,Ewen,0.0,444,False,,,4.5,554578.jpg,0.0,False,Jaouen,0.0,False,,a,17,4,0,348,42,902,93,0.0,0.0,Jaouen,,73.0,2026-06-15,2005-12-29,False,p554578,0,0,0,0,0,0,0,0,0,0,0,0,0,0.0,0.0,0.0,0.0,0,0,0,0,0,0.00,0.00,0.00,0.00,,,,,,,[],,459,64,461,50,403,49,469,64,0.0,0.0,0.0,0.0,0.0,0.0,532,48,499,64,499,64,553,64,0.0,0.0,0.0,Newcastle,NEW
True,True,,,465642,0,0,0,0,17.3,-107,"[{'offset': 0, 'projected_percent': '17.0', 'likelihood': 1}, {'offset': 1, 'projected_percent': '15.6', 'likelihood': 1}, {'offset': 2, 'projected_percent': '14.2', 'likelihood': 1}]",,False,0,2,2.7,2.7,-1,Malick,2.7,445,False,,,5.0,465642.jpg,2.7,False,Thiaw,2.2,False,,a,17,4,8,103742,11707,54260,11399,0.5,1.6,Thiaw,,80.0,2025-08-12,2001-08-08,False,p465642,270,0,0,1,4,1,0,0,0,0,0,0,25,44.6,1.7,0.0,4.6,21,6,0,21,3,0.00,0.07,0.07,5.47,,,,,,,[],,74,29,261,90,515,199,182,68,0.0,0.0,0.02,0.02,1.82,1.33,308,54,131,53,148,60,121,49,1.0,0.33,7.0,Newcastle,NEW
True,True,100.0,100.0,119471,0,0,0,0,-64.5,-42,"[{'offset': 0, 'projected_percent': '-68.8', 'likelihood': -3}, {'offset': 1, 'projected_percent': '-93.7', 'likelihood': -3}, {'offset': 2, 'projected_percent': '-118.6', 'likelihood': -5}]",,False,0,2,0.3,0.3,0,Fabian,0.3,446,False,,2026-08-15T16:30:07.209742Z,5.0,119471.jpg,1.0,False,Schär,0.2,False,,a,17,4,1,4270,320,8108,1330,0.1,0.2,Schär,,207.0,2018-07-26,1991-12-20,False,p119471,1,0,0,0,1,0,0,0,0,0,0,0,-1,0.0,0.0,0.0,0.0,0,0,0,0,0,0.00,0.00,0.00,0.79,,,2.0,,,,[],,521,197,523,197,477,190,530,197,0.0,0.0,0.0,0.0,71.1,90.0,247,37,356,130,306,121,323,116,0.0,0.0,0.0,Newcastle,NEW
True,True,,,220237,0,0,0,0,6.7,-24,"[{'offset': 0, 'projected_percent': '6.7', 'likelihood': 1}, {'offset': 1, 'projected_percent': '6.3', 'likelihood': 1}, {'offset': 2, 'projected_percent': '6.0', 'likelihood': 1}]",,False,0,2,3.0,3.0,1,Sven,3.0,447,False,,,5.0,220237.jpg,3.0,False,Botman,0.7,False,,a,17,4,9,26427,2090,12339,2216,0.6,1.8,Botman,,152.0,2022-06-28,2000-01-12,False,p220237,270,0,0,1,4,0,0,0,1,0,0,0,29,43.6,2.1,2.0,4.8,22,9,2,24,3,0.01,0.17,0.18,5.47,,,,,,,[],,76,31,244,81,231,87,178,65,0.0,0.0,0.06,0.06,1.82,1.33,276,44,115,44,129,51,237,87,1.0,0.33,8.0,Newcastle,NEW
True,True,0.0,0.0,78916,0,0,-1,1,-27.1,-302,"[{'offset': 0, 'projected_percent': '-29.6', 'likelihood': -2}, {'offset': 1, 'projected_percent': '-43.9', 'likelihood': -3}, {'offset': 2, 'projected_percent': '-58.2', 'likelihood': -3}]",,False,0,2,0.0,0.0,0,Dan,0.0,448,False,Ankle injury - Expected back 14 Sep,2026-08-23T18:00:08.367241Z,4.9,78916.jpg,0.0,False,Burn,1.0,False,,i,17,4,0,6890,94,129303,7024,0.0,0.0,Burn,,241.0,2022-01-31,1992-05-09,False,p78916,0,0,0,0,0,0,0,0,0,0,0,0,0,0.0,0.0,0.0,0.0,0,0,0,0,0,0.00,0.00,0.00,0.00,,,,,,,[],https://www.newcastleunited.com/en/news/confimed-line-up-opening-day-debuts-for-hornicek-dedic-and-steur-against-liverpool,491,191,492,192,437,183,500,191,0.0,0.0,0.0,0.0,0.0,0.0,378,67,529,197,529,197,191,72,0.0,0.0,0.0,Newcastle,NEW
True,True,,,487838,0,0,1,-1,52.7,3612,"[{'offset': 0, 'projected_percent': '61.0', 'likelihood': 3}, {'offset': 1, 'projected_percent': '108.8', 'likelihood': 5}, {'offset': 2, 'projected_percent': '156.5', 'likelihood': 5}]",,False,1,2,6.0,6.0,4,Lewis,6.0,449,False,,,5.1,487838.jpg,6.0,False,Hall,10.7,False,,a,17,4,18,757652,128315,118852,19350,1.2,3.5,Hall,,241.0,2024-07-01,2004-09-08,False,p487838,269,0,1,1,4,0,0,0,0,0,0,3,80,61.0,42.5,4.0,10.7,22,27,8,30,3,0.04,0.67,0.71,5.45,1.0,,1.0,,,,[],,27,8,45,9,201,71,60,13,0.01,0.0,0.22,0.23,1.82,1.34,237,35,32,15,35,16,42,15,1.0,0.33,10.04,Newcastle,NEW
True,True,100.0,0.0,441191,0,0,-1,1,-0.2,0,"[{'offset': 0, 'projected_percent': '-0.2', 'likelihood': -1}, {'offset': 1, 'projected_percent': '-0.2', 'likelihood': -1}, {'offset': 2, 'projected_percent': '-0.2', 'likelihood': -1}]",2026-09-13T11:30:07.888396Z,False,0,2,0.3,0.0,1,Tino,0.3,450,False,,2026-07-23T12:01:23.753221Z,4.9,441191.jpg,1.0,False,Livramento,0.0,False,,a,17,4,1,841,635,2262,174,0.1,0.2,Livramento,,241.0,2023-08-08,2002-11-12,False,p441191,1,0,0,0,0,0,0,0,0,0,0,0,3,0.0,0.0,0.0,0.0,0,0,0,0,0,0.00,0.00,0.00,0.02,,,,,,,[],,505,194,506,194,454,186,515,194,0.0,0.0,0.0,0.0,1.8,0.0,398,71,350,128,296,118,525,183,0.0,0.0,0.0,Newcastle,NEW
True,False,0.0,0.0,545477,0,0,0,0,0.0,-4,"[{'offset': 0, 'projected_percent': '0.0', 'likelihood': 0}, {'offset': 1, 'projected_percent': '0.0', 'likelihood': 0}, {'offset': 2, 'projected_percent': '0.0', 'likelihood': 0}]",,False,0,2,0.0,0.0,0,Alex,0.0,451,False,Has joined FC Kaiserslautern on loan for the rest of the season,2026-08-12T14:05:29.224600Z,4.0,545477.jpg,0.0,False,Murphy,0.1,False,,u,17,4,0,0,0,5439,337,0.0,0.0,A.Murphy,,104.0,2023-07-19,2004-06-25,False,p545477,0,0,0,0,0,0,0,0,0,0,0,0,0,0.0,0.0,0.0,0.0,0,0,0,0,0,0.00,0.00,0.00,0.00,,,,,,,[],,381,144,373,142,298,116,391,144,0.0,0.0,0.0,0.0,0.0,0.0,634,195,427,155,427,155,468,166,0.0,0.0,0.0,Newcastle,NEW
True,True,,,201666,0,0,0,0,17.8,1457,"[{'offset': 0, 'projected_percent': '21.1', 'likelihood': 2}, {'offset': 1, 'projected_percent': '40.4', 'likelihood': 3}, {'offset': 2, 'projected_percent': '59.6', 'likelihood': 3}]",,False,1,3,5.7,5.7,12,Harvey,5.7,453,False,,,6.0,201666.jpg,5.7,False,Barnes,1.5,False,,a,17,4,17,86093,45911,40490,7419,1.0,2.8,Barnes,,241.0,2023-07-23,1997-12-09,False,p201666,270,1,1,1,4,0,0,0,0,0,0,2,58,12.4,24.5,16.0,5.3,7,8,3,18,3,0.22,0.06,0.28,5.47,5.0,,,,,,[],,224,93,109,66,108,57,162,76,0.07,0.0,0.02,0.09,1.82,1.33,65,45,38,19,43,21,148,44,1.0,0.33,6.0,Newcastle,NEW
True,True,,,449434,0,0,1,-1,83.8,1296,"[{'offset': 0, 'projected_percent': '86.7', 'likelihood': 3}, {'offset': 1, 'projected_percent': '103.9', 'likelihood': 5}, {'offset': 2, 'projected_percent': '121.0', 'likelihood': 5}]",,False,0,3,6.0,6.0,1,Anthony,6.0,454,False,,,6.1,449434.jpg,6.0,False,Elanga,10.8,False,,a,17,4,18,1016116,110003,157526,51184,1.0,3.0,Elanga,,206.0,2025-07-11,2002-04-27,False,p449434,232,2,0,1,3,0,0,0,1,0,0,2,71,74.2,18.8,57.0,15.0,2,3,4,9,3,0.42,0.34,0.76,4.01,4.0,,,,,,[],,11,7,132,81,26,16,25,19,0.16,0.0,0.13,0.29,1.56,1.16,58,41,36,17,41,19,41,16,1.16,0.39,3.49,Newcastle,NEW
True,True,,,232653,-1,1,-1,1,1.0,106,"[{'offset': 0, 'projected_percent': '1.3', 'likelihood': 1}, {'offset': 1, 'projected_percent': '2.7', 'likelihood': 1}, {'offset': 2, 'projected_percent': '4.1', 'likelihood': 1}]",,False,0,3,2.3,2.3,6,Jacob,2.3,456,False,,,4.9,232653.jpg,2.3,False,Ramsey,0.3,False,,a,17,4,7,6855,3614,12418,1186,0.5,1.4,J.Ramsey,,241.0,2025-08-17,2001-05-28,False,p232653,69,1,0,0,1,0,0,0,1,0,0,0,26,8.0,5.5,4.0,1.7,3,6,2,11,0,0.17,0.16,0.33,1.92,,,,,,,[],,246,105,205,112,198,95,270,120,0.22,0.0,0.21,0.43,2.5,1.3,392,238,154,66,172,72,287,96,0.0,0.0,14.35,Newcastle,NEW
True,True,,,114243,0,0,-1,1,-18.1,-33,"[{'offset': 0, 'projected_percent': '-23.9', 'likelihood': -2}, {'offset': 1, 'projected_percent': '-57.2', 'likelihood': -3}, {'offset': 2, 'projected_percent': '-90.5', 'likelihood': -3}]",,False,0,3,0.7,0.7,1,Jacob,0.7,457,False,,,5.9,114243.jpg,0.7,False,Murphy,0.1,False,,a,17,4,2,2177,345,6789,635,0.1,0.3,J.Murphy,Jacob Murphy,241.0,2017-07-19,1995-02-24,False,p114243,35,0,0,0,1,0,0,0,1,0,0,0,7,2.2,3.2,4.0,0.8,1,4,1,6,0,0.00,0.20,0.20,1.46,2.0,,,,,,[],,309,139,227,124,206,99,304,137,0.0,0.0,0.51,0.51,3.75,2.57,88,57,324,148,379,178,387,142,0.0,0.0,15.43,Newcastle,NEW
True,True,0.0,0.0,180974,0,0,-1,1,-13.2,-4,"[{'offset': 0, 'projected_percent': '-14.8', 'likelihood': -1}, {'offset': 1, 'projected_percent': '-24.4', 'likelihood': -2}, {'offset': 2, 'projected_percent': '-34.0', 'likelihood': -2}]",,False,0,3,0.0,0.0,0,Joelinton Cássio,0.0,458,False,Unspecified injury - Unknown return date,2026-08-16T08:00:08.074045Z,5.4,180974.jpg,0.0,False,Apolinário de Lira,0.0,False,,i,17,4,0,145,11,1796,96,0.0,0.0,Joelinton,Joelinton,30.0,2019-07-24,1996-08-14,False,p180974,0,0,0,0,0,0,0,0,0,0,0,0,0,0.0,0.0,0.0,0.0,0,0,0,0,0,0.00,0.00,0.00,0.00,,,,,,,[],https://www.newcastleunited.com/en/news/matthias-jaissles-team-news-update-livramento-and-joelinton-latest-ahead-of-premier-league-opener,583,244,590,250,563,229,591,247,0.0,0.0,0.0,0.0,0.0,0.0,199,122,608,257,608,257,565,233,0.0,0.0,0.0,Newcastle,NEW
True,True,100.0,100.0,547719,0,0,0,0,0.8,-15,"[{'offset': 0, 'projected_percent': '0.7', 'likelihood': 1}, {'offset': 1, 'projected_percent': '0.5', 'likelihood': 1}, {'offset': 2, 'projected_percent': '0.3', 'likelihood': 1}]",,False,0,3,2.7,2.7,2,Lewis,2.7,459,False,,2026-07-23T12:01:23.785456Z,5.5,547719.jpg,2.7,False,Miley,0.1,False,,a,17,4,8,3968,366,2502,386,0.5,1.5,L.Miley,,241.0,2023-02-01,2006-05-01,False,p547719,227,0,0,1,3,0,0,0,1,0,0,0,40,26.8,36.1,3.0,6.6,10,15,1,26,3,0.05,0.07,0.12,4.39,3.0,,,,,,[],,146,54,56,43,212,102,131,67,0.02,0.0,0.03,0.05,1.74,1.19,183,112,140,61,155,66,454,180,1.19,0.4,10.31,Newcastle,NEW
True,True,,,200089,0,0,0,0,10.0,35,"[{'offset': 0, 'projected_percent': '10.1', 'likelihood': 1}, {'offset': 1, 'projected_percent': '10.5', 'likelihood': 1}, {'offset': 2, 'projected_percent': '11.0', 'likelihood': 1}]",,False,0,3,3.7,3.7,2,Joe,3.7,460,False,,,5.0,200089.jpg,3.7,False,Willock,0.4,False,,a,17,4,11,36074,5084,12040,2366,0.7,2.2,Willock,,241.0,2021-08-13,1999-08-20,False,p200089,166,1,0,1,3,0,0,0,0,0,0,0,34,38.4,18.2,17.0,6.6,2,3,3,8,2,0.52,0.20,0.72,3.57,,,,,,,[],,99,35,133,82,100,52,129,65,0.28,0.0,0.11,0.39,1.94,1.63,261,161,85,39,93,41,262,87,1.08,0.54,4.34,Newcastle,NEW
True,True,,,611665,0,0,-1,1,-68.1,-31,"[{'offset': 0, 'projected_percent': '-73.1', 'likelihood': -3}, {'offset': 1, 'projected_percent': '-101.9', 'likelihood': -5}, {'offset': 2, 'projected_percent': '-130.7', 'likelihood': -5}]",,False,0,3,0.3,0.3,0,Bazoumana,0.3,461,False,,,5.9,611665.jpg,1.0,False,Touré,0.1,False,,a,17,4,1,1280,110,11752,1064,0.1,0.2,Touré,,54.0,2026-07-05,2006-03-02,False,p611665,1,0,0,0,0,0,0,0,0,0,0,0,3,0.0,0.0,0.0,0.0,0,0,0,0,0,0.00,0.00,0.00,0.00,,,,,,,[],,632,277,632,277,627,273,633,277,0.0,0.0,0.0,0.0,0.0,0.0,113,73,381,179,360,167,373,137,0.0,0.0,0.0,Newcastle,NEW
True,True,,,636852,-1,1,-1,1,-3.1,-13,"[{'offset': 0, 'projected_percent': '-5.3', 'likelihood': -1}, {'offset': 1, 'projected_percent': '-17.8', 'likelihood': -1}, {'offset': 2, 'projected_percent': '-30.4', 'likelihood': -2}]",,False,0,3,1.0,1.0,1,Sean,1.0,462,False,,,4.9,636852.jpg,1.0,False,Steur,0.1,False,,a,17,4,3,1471,125,3808,461,0.2,0.6,Steur,,152.0,2026-07-09,2008-01-11,False,p636852,87,0,0,0,1,0,0,0,0,0,0,0,10,5.4,1.2,0.0,0.7,4,3,0,7,1,0.00,0.00,0.00,1.90,,,,,,,[],,265,118,277,142,467,174,305,138,0.0,0.0,0.0,0.0,1.97,1.03,417,254,256,112,303,128,447,177,1.03,0.0,7.24,Newcastle,NEW
True,False,0.0,0.0,470313,0,0,-1,1,0.0,-610,"[{'offset': 0, 'projected_percent': '0.0', 'likelihood': 0}, {'offset': 1, 'projected_percent': '0.0', 'likelihood': 0}, {'offset': 2, 'projected_percent': '0.0', 'likelihood': 0}]",,False,0,4,0.0,0.0,0,Nick,1.3,463,False,Has joined Juventus on loan for the rest of the season,2026-09-02T16:07:16.549304Z,5.9,470313.jpg,4.0,False,Woltemade,0.8,False,,u,17,4,4,14520,0,106532,18972,0.2,0.7,Woltemade,,80.0,2025-08-30,2002-02-14,False,p470313,19,0,1,0,0,0,0,0,0,0,0,0,18,18.2,10.5,11.0,4.0,0,0,0,0,0,0.02,0.01,0.03,0.38,,,,,,,[],,187,16,184,21,143,26,194,23,0.09,0.0,0.05,0.14,1.8,0.0,104,27,232,22,88,10,210,33,0.0,0.0,0.0,Newcastle,NEW
True,True,,,216646,1,-1,2,-2,5.4,3442,"[{'offset': 0, 'projected_percent': '8.3', 'likelihood': 1}, {'offset': 1, 'projected_percent': '25.1', 'likelihood': 2}, {'offset': 2, 'projected_percent': '41.9', 'likelihood': 3}]",,False,0,4,4.3,4.3,1,Yoane,4.3,464,False,,,6.2,216646.jpg,4.3,False,Wissa,16.3,False,,a,17,4,13,1460994,182898,164670,51174,0.7,2.1,Wissa,,50.0,2025-09-01,1996-09-03,False,p216646,261,1,1,1,3,0,0,0,2,0,0,2,51,55.6,26.6,74.0,15.6,2,10,5,17,3,1.35,0.05,1.40,4.30,,,,,2.0,,[],,42,3,95,8,12,5,23,5,0.47,0.0,0.02,0.49,1.48,1.03,57,13,69,6,74,7,24,5,1.03,0.34,5.86,Newcastle,NEW
True,True,0.0,0.0,538207,0,0,-1,1,-24.0,-164,"[{'offset': 0, 'projected_percent': '-27.0', 'likelihood': -2}, {'offset': 1, 'projected_percent': '-44.2', 'likelihood': -3}, {'offset': 2, 'projected_percent': '-61.4', 'likelihood': -3}]",,False,0,4,0.0,0.0,0,William,1.3,465,False,Foot injury - Unknown return date,2026-08-25T19:00:08.004915Z,5.9,538207.jpg,4.0,False,Osula,0.5,False,,i,17,4,4,20990,89,69195,4439,0.2,0.7,Osula,,58.0,2024-08-08,2003-08-04,False,p538207,55,0,1,0,1,0,0,0,0,0,0,0,18,28.2,13.7,8.0,5.0,2,2,1,5,1,0.06,0.14,0.20,1.48,,,,,1.0,,[],,141,13,155,15,161,29,172,19,0.1,0.0,0.23,0.33,2.42,1.64,109,29,234,24,89,11,258,44,1.64,0.0,8.18,Newcastle,NEW
True,False,0.0,0.0,599303,0,0,0,0,0.0,-227,"[{'offset': 0, 'projected_percent': '0.0', 'likelihood': 0}, {'offset': 1, 'projected_percent': '0.0', 'likelihood': 0}, {'offset': 2, 'projected_percent': '0.0', 'likelihood': 0}]",,False,0,4,0.0,0.0,0,Sean,0.0,466,False,Has joined Wolves on loan for the rest of the season,2026-09-04T12:37:43.515176Z,4.5,599303.jpg,0.0,False,Neave,0.7,False,,u,17,4,0,23805,0,28633,7109,0.0,0.0,Neave,,241.0,2025-02-07,2007-05-27,False,p599303,0,0,0,0,0,0,0,0,0,0,0,0,0,0.0,0.0,0.0,0.0,0,0,0,0,0,0.00,0.00,0.00,0.00,,,,,,,[],,475,46,476,51,420,48,485,51,0.0,0.0,0.0,0.0,0.0,0.0,551,76,514,57,514,57,223,37,0.0,0.0,0.0,Newcastle,NEW
True,True,,,632794,-1,1,-1,1,-2.3,-7,"[{'offset': 0, 'projected_percent': '-3.2', 'likelihood': -1}, {'offset': 1, 'projected_percent': '-8.2', 'likelihood': -1}, {'offset': 2, 'projected_percent': '-13.2', 'likelihood': -1}]",,False,0,3,0.3,0.3,0,Aladji,0.3,559,False,,,4.9,632794.jpg,1.0,False,Bamba,0.1,False,,a,17,4,1,1720,196,4791,502,0.1,0.2,Bamba,,73.0,2026-07-24,2006-07-14,False,p632794,14,0,0,0,1,0,0,0,0,0,0,0,5,4.0,0.0,0.0,0.4,1,0,1,2,0,0.00,0.00,0.00,1.04,,,,,,,[],,288,132,516,212,466,173,318,145,0.0,0.0,0.0,0.0,6.69,6.43,416,253,354,161,302,127,411,159,0.0,0.0,12.86,Newcastle,NEW
True,True,,,470551,0,0,0,0,14.6,149,"[{'offset': 0, 'projected_percent': '15.0', 'likelihood': 1}, {'offset': 1, 'projected_percent': '16.9', 'likelihood': 1}, {'offset': 2, 'projected_percent': '18.9', 'likelihood': 1}]",,False,0,1,3.3,3.3,2,Lukás,3.3,567,False,,,5.0,470551.jpg,3.3,False,Hornícek,1.2,False,,a,17,4,10,77132,13334,28644,5279,0.7,2.0,Horníček,,57.0,2026-08-03,2002-07-13,False,p470551,270,0,0,1,4,0,0,0,1,0,13,0,56,75.8,0.0,0.0,7.6,5,15,0,0,3,0.00,0.00,0.00,5.47,,,,,,,[],,8,1,555,65,518,65,108,1,0.0,4.33,0.0,0.0,1.82,1.33,312,15,99,7,110,7,168,25,1.0,0.33,0.0,Newcastle,NEW
True,True,,,463726,0,0,0,0,62.7,597,"[{'offset': 0, 'projected_percent': '64.0', 'likelihood': 3}, {'offset': 1, 'projected_percent': '71.9', 'likelihood': 3}, {'offset': 2, 'projected_percent': '79.8', 'likelihood': 3}]",,False,1,2,4.3,4.3,1,Amar,4.3,593,False,,,4.5,463726.jpg,4.3,False,Dedic,3.5,False,,a,17,4,13,379566,50562,68894,17535,1.0,2.9,Dedić,,27.0,2026-08-18,2002-08-18,False,p463726,270,0,1,1,4,0,0,0,0,0,0,2,39,59.0,31.6,5.0,9.6,13,11,5,18,3,0.14,0.08,0.22,5.47,,,,,,,[],,32,10,75,21,193,67,72,18,0.05,0.0,0.03,0.08,1.82,1.33,496,127,61,25,67,28,93,37,1.0,0.33,6.0,Newcastle,NEW
True,True,,,553746,0,0,0,0,0.0,13,"[{'offset': 0, 'projected_percent': '0.0', 'likelihood': 0}, {'offset': 1, 'projected_percent': '0.2', 'likelihood': 1}, {'offset': 2, 'projected_percent': '0.4', 'likelihood': 1}]",,False,0,2,0.0,0.0,0,Leo,0.0,609,False,,,4.0,553746.jpg,0.0,False,Shahar,0.3,False,,a,17,4,0,16259,1395,4959,998,0.0,0.0,Shahar,,241.0,2024-08-08,2007-03-18,False,p553746,0,0,0,0,0,0,0,0,0,0,0,0,0,0.0,0.0,0.0,0.0,0,0,0,0,0,0.00,0.00,0.00,0.00,,,,,,,[],,385,148,377,146,302,120,395,148,0.0,0.0,0.0,0.0,0.0,0.0,638,199,431,159,431,159,313,113,0.0,0.0,0.0,Newcastle,NEW
True,True,,,613221,0,0,0,0,0.0,0,"[{'offset': 0, 'projected_percent': '0.0', 'likelihood': 0}, {'offset': 1, 'projected_percent': '0.0', 'likelihood': 0}, {'offset': 2, 'projected_percent': '0.0', 'likelihood': 0}]",2026-09-15T14:51:08.352830Z,False,0,4,2.1,2.1,1,Matias,1.0,634,False,,,6.0,613221.jpg,1.0,False,Fernandez-Pardo,0.1,False,,a,17,4,1,7860,2476,1051,465,0.2,0.2,Fernandez-Pardo,,21.0,2026-09-01,2005-02-03,False,p613221,27,0,0,0,0,0,0,0,0,0,0,0,4,0.0,0.0,0.0,0.0,0,1,0,1,0,0.00,0.00,0.00,0.04,,,,,,,[],,640,75,640,75,636,75,640,75,0.0,0.0,0.0,0.0,0.13,0.0,83,20,282,34,362,45,464,66,0.0,0.0,3.33,Newcastle,NEW
True,True,,,463034,0,0,0,0,13.1,84,"[{'offset': 0, 'projected_percent': '13.3', 'likelihood': 1}, {'offset': 1, 'projected_percent': '14.4', 'likelihood': 1}, {'offset': 2, 'projected_percent': '15.5', 'likelihood': 1}]",,False,0,4,1.0,1.0,2,Liam,1.0,167,False,,,5.5,463034.jpg,1.5,False,Delap,0.8,False,,a,18,17,3,51138,6452,22812,3270,0.2,0.5,Delap,,241.0,2026-08-27,2003-02-08,False,p463034,97,0,0,1,1,0,0,0,0,0,0,0,15,4.0,10.1,7.0,2.1,2,3,0,5,1,0.13,0.06,0.19,1.22,,,,,3.0,,[],,290,28,187,24,179,31,255,30,0.12,0.0,0.06,0.18,1.13,0.93,161,41,272,32,247,28,212,34,0.93,0.93,4.64,Nott'm Forest,NFO
True,True,,,247348,0,0,-1,1,-28.9,-892,"[{'offset': 0, 'projected_percent': '-32.4', 'likelihood': -2}, {'offset': 1, 'projected_percent': '-52.1', 'likelihood': -3}, {'offset': 2, 'projected_percent': '-71.9', 'likelihood': -3}]",,False,0,2,0.3,0.3,1,Daniel,0.3,201,False,,,5.4,247348.jpg,0.5,False,Muñoz Mejía,6.2,False,,a,18,17,1,42748,3843,333501,26357,0.1,0.2,Muñoz,,48.0,2026-08-31,1996-05-26,False,p247348,85,0,0,0,2,0,0,0,0,0,0,0,1,1.2,1.8,21.0,2.4,3,1,2,5,1,0.26,0.01,0.27,1.10,,,,,,,[],,324,121,256,88,85,21,240,89,0.28,0.0,0.01,0.29,1.16,2.12,209,29,369,134,385,136,63,25,1.06,0.0,5.29,Nott'm Forest,NFO
True,True,,,85633,0,0,0,0,-45.6,32,"[{'offset': 0, 'projected_percent': '-45.1', 'likelihood': -3}, {'offset': 1, 'projected_percent': '-41.9', 'likelihood': -3}, {'offset': 2, 'projected_percent': '-38.6', 'likelihood': -2}]",,False,0,1,3.0,3.0,6,Matz,3.0,467,False,,,5.0,85633.jpg,3.0,False,Sels,1.4,False,,a,18,17,9,14593,2839,32599,2630,0.6,1.8,Sels,,21.0,2024-02-01,1992-02-26,False,p85633,270,0,0,1,3,0,0,0,0,0,4,0,38,30.8,0.0,0.0,3.1,4,26,0,0,3,0.00,0.01,0.01,3.28,,,,,,,[],,133,14,520,56,472,55,216,14,0.0,1.33,0.0,0.0,1.09,1.0,240,5,114,12,127,12,154,22,1.0,0.33,0.0,Nott'm Forest,NFO
True,True,,,221389,0,0,0,0,-41.7,-3,"[{'offset': 0, 'projected_percent': '-42.8', 'likelihood': -3}, {'offset': 1, 'projected_percent': '-49.1', 'likelihood': -3}, {'offset': 2, 'projected_percent': '-55.4', 'likelihood': -3}]",,False,0,1,0.0,0.0,0,John Victor,0.0,468,False,,,4.5,221389.jpg,0.0,False,Maciel Furtado,0.1,False,,a,18,17,0,502,65,1245,128,0.0,0.0,John,John Victor,30.0,2025-08-31,1996-02-13,False,p221389,0,0,0,0,0,0,0,0,0,0,0,0,0,0.0,0.0,0.0,0.0,0,0,0,0,0,0.00,0.00,0.00,0.00,,,,,,,[],,419,56,415,37,351,36,429,56,0.0,0.0,0.0,0.0,0.0,0.0,465,35,461,56,461,56,481,55,0.0,0.0,0.0,Nott'm Forest,NFO
True,True,,,215136,0,0,0,0,-31.9,518,"[{'offset': 0, 'projected_percent': '-30.4', 'likelihood': -2}, {'offset': 1, 'projected_percent': '-21.8', 'likelihood': -2}, {'offset': 2, 'projected_percent': '-13.1', 'likelihood': -1}]",,False,0,2,5.0,5.0,7,Neco,5.0,469,False,,,5.0,215136.jpg,5.0,False,Williams,8.3,False,,a,18,17,15,87733,20065,187254,16422,1.0,3.0,N.Williams,,244.0,2022-07-11,2001-04-13,False,p215136,270,0,1,1,3,0,0,0,0,0,0,1,57,49.6,31.1,12.0,9.3,12,19,12,24,3,0.12,0.24,0.36,3.28,2.0,,2.0,,,,[],,58,21,77,22,129,41,75,21,0.04,0.0,0.08,0.12,1.09,1.0,273,43,47,20,51,22,52,19,1.0,0.33,8.0,Nott'm Forest,NFO
True,False,0.0,0.0,485047,0,0,0,0,0.0,-22,"[{'offset': 0, 'projected_percent': '0.0', 'likelihood': 0}, {'offset': 1, 'projected_percent': '0.0', 'likelihood': 0}, {'offset': 2, 'projected_percent': '0.0', 'likelihood': 0}]",,False,0,2,0.0,0.0,0,Felipe,0.0,470,False,Has joined West Ham on loan for the rest of the season,2026-09-02T16:19:54.503286Z,5.0,485047.jpg,0.0,False,Rodrigues da Silva,0.0,False,,u,18,17,0,424,0,2462,429,0.0,0.0,Morato,Morato,30.0,2024-08-30,2001-06-30,False,p485047,0,0,0,0,0,0,0,0,0,0,0,0,0,0.0,0.0,0.0,0.0,0,0,0,0,0,0.00,0.00,0.00,0.00,,,,,,,[],,549,205,556,205,519,200,557,205,0.0,0.0,0.0,0.0,0.0,0.0,316,58,577,206,577,206,535,186,0.0,0.0,0.0,Nott'm Forest,NFO
True,True,,,227444,0,0,0,0,-56.1,63,"[{'offset': 0, 'projected_percent': '-55.2', 'likelihood': -3}, {'offset': 1, 'projected_percent': '-49.8', 'likelihood': -3}, {'offset': 2, 'projected_percent': '-44.4', 'likelihood': -3}]",,False,0,2,4.0,4.0,7,Nikola,4.0,471,False,,,5.5,227444.jpg,4.0,False,Milenković,1.6,False,,a,18,17,12,10482,2264,37162,2273,0.7,2.2,Milenković,,190.0,2024-07-18,1997-10-12,False,p227444,270,0,0,1,3,0,0,0,1,0,0,0,34,24.6,0.6,14.0,3.9,26,12,5,31,3,0.11,0.03,0.14,3.28,,,,,,,[],,156,70,301,112,120,37,197,74,0.04,0.0,0.01,0.05,1.09,1.0,145,17,77,32,82,35,140,59,1.0,0.33,10.33,Nott'm Forest,NFO
True,True,100.0,100.0,575476,0,0,0,0,-25.5,151,"[{'offset': 0, 'projected_percent': '-23.1', 'likelihood': -2}, {'offset': 1, 'projected_percent': '-9.7', 'likelihood': -1}, {'offset': 2, 'projected_percent': '0.6', 'likelihood': 1}]",,False,0,2,4.3,4.3,8,Murillo,4.3,472,False,,2026-07-23T12:01:23.801183Z,5.5,575476.jpg,4.3,False,Costa dos Santos,1.6,False,,a,18,17,13,21252,3012,34343,2354,0.8,2.4,Murillo,Murillo,30.0,2023-08-31,2002-07-04,False,p575476,269,0,0,1,3,0,0,0,0,0,0,0,42,43.4,26.2,8.0,7.8,24,10,6,30,3,0.35,0.28,0.63,3.28,,,3.0,,,,[],,78,32,98,30,160,54,104,37,0.12,0.0,0.09,0.21,1.1,1.0,188,25,67,28,72,30,146,61,1.0,0.33,10.04,Nott'm Forest,NFO
True,True,,,159506,0,0,0,0,-47.2,-337,"[{'offset': 0, 'projected_percent': '-49.9', 'likelihood': -3}, {'offset': 1, 'projected_percent': '-65.6', 'likelihood': -3}, {'offset': 2, 'projected_percent': '-81.2', 'likelihood': -3}]",,False,0,2,2.0,2.0,1,Ola,2.0,473,False,,,4.5,159506.jpg,2.0,False,Aina,3.0,False,,a,18,17,6,40834,2456,87490,13643,0.4,1.3,Aina,,157.0,2023-07-22,1996-10-08,False,p159506,216,0,0,1,2,0,0,0,2,0,0,0,34,27.8,51.1,15.0,9.4,7,12,7,14,3,0.04,0.52,0.56,2.90,,,,,,,[],,143,64,31,6,111,32,74,20,0.02,0.0,0.22,0.24,1.21,0.83,445,89,172,68,190,73,105,41,1.25,0.42,5.83,Nott'm Forest,NFO
True,True,,,575458,0,0,0,0,-33.7,14,"[{'offset': 0, 'projected_percent': '-32.1', 'likelihood': -2}, {'offset': 1, 'projected_percent': '-22.9', 'likelihood': -2}, {'offset': 2, 'projected_percent': '-13.7', 'likelihood': -1}]",,False,0,2,3.3,3.3,8,Jair,3.3,474,False,,,4.5,575458.jpg,3.3,False,Paula da Cunha Filho,0.2,False,,a,18,17,10,2577,1394,4173,620,0.7,2.2,Jair Cunha,Jair Cunha,30.0,2025-07-11,2005-03-07,False,p575458,270,0,0,1,3,0,0,0,1,0,0,0,35,35.4,1.7,0.0,3.7,23,5,5,28,3,0.03,0.01,0.04,3.28,,,,,,,[],,115,52,258,89,411,176,203,79,0.01,0.0,0.0,0.01,1.09,1.0,540,144,96,36,107,42,338,123,1.0,0.33,9.33,Nott'm Forest,NFO
True,True,0.0,0.0,500151,0,0,0,0,-13.6,2,"[{'offset': 0, 'projected_percent': '-5.7', 'likelihood': -1}, {'offset': 1, 'projected_percent': '0.0', 'likelihood': 0}, {'offset': 2, 'projected_percent': '0.1', 'likelihood': 1}]",,False,0,2,0.0,0.0,0,Nicolò,0.0,475,False,Knee injury - Unknown return date,2026-07-23T12:01:23.816304Z,4.5,500151.jpg,0.0,False,Savona,0.0,False,,i,18,17,0,162,15,186,7,0.0,0.0,Savona,,106.0,2025-08-30,2003-03-19,False,p500151,0,0,0,0,0,0,0,0,0,0,0,0,0,0.0,0.0,0.0,0.0,0,0,0,0,0,0.00,0.00,0.00,0.00,,,,,,,[],https://www.nottinghamforest.co.uk/news/2026/august/20/early-team-news-for-forest-s-clash-with-leeds/?utm_source=premier-league-web&utm_medium=referral&utm_campaign=pl-referral-always-on&utm_content=home&utm_term=live-bar,443,178,445,179,387,168,453,178,0.0,0.0,0.0,0.0,0.0,0.0,515,135,484,185,484,185,644,213,0.0,0.0,0.0,Nott'm Forest,NFO
True,True,,,204822,0,0,0,0,-34.8,-10,"[{'offset': 0, 'projected_percent': '-35.9', 'likelihood': -2}, {'offset': 1, 'projected_percent': '-42.3', 'likelihood': -3}, {'offset': 2, 'projected_percent': '-48.7', 'likelihood': -3}]",,False,0,2,0.0,0.0,0,Omar,0.0,476,False,,,4.0,204822.jpg,0.0,False,Richards,0.2,False,,a,18,17,0,2069,316,4607,483,0.0,0.0,O.Richards,,241.0,2022-07-10,1998-02-15,False,p204822,0,0,0,0,0,0,0,0,0,0,0,0,0,0.0,0.0,0.0,0.0,0,0,0,0,0,0.00,0.00,0.00,0.00,,,,,,,[],,358,130,350,128,274,101,368,130,0.0,0.0,0.0,0.0,0.0,0.0,602,172,405,142,405,142,327,120,0.0,0.0,0.0,Nott'm Forest,NFO
True,False,0.0,0.0,549067,0,0,0,0,0.0,-52,"[{'offset': 0, 'projected_percent': '0.0', 'likelihood': 0}, {'offset': 1, 'projected_percent': '0.0', 'likelihood': 0}, {'offset': 2, 'projected_percent': '0.0', 'likelihood': 0}]",,False,0,2,0.0,0.0,0,Zach,0.0,477,False,Has joined Southampton on loan for the rest of the season,2026-09-02T16:19:54.536676Z,4.0,549067.jpg,0.0,False,Abbott,0.2,False,,u,18,17,0,2459,0,8069,1581,0.0,0.0,Abbott,,241.0,2022-08-22,2006-05-13,False,p549067,0,0,0,0,0,0,0,0,0,0,0,0,0,0.0,0.0,0.0,0.0,0,0,0,0,0,0.00,0.00,0.00,0.00,,,,,,,[],,384,147,376,145,301,119,394,147,0.0,0.0,0.0,0.0,0.0,0.0,637,198,430,158,430,158,340,124,0.0,0.0,0.0,Nott'm Forest,NFO
True,True,,,470315,0,0,0,0,-69.2,0,"[{'offset': 0, 'projected_percent': '-69.2', 'likelihood': -3}, {'offset': 1, 'projected_percent': '-69.2', 'likelihood': -3}, {'offset': 2, 'projected_percent': '-69.2', 'likelihood': -3}]",,False,0,2,0.7,0.7,0,Luca,0.7,478,False,,,4.5,470315.jpg,1.0,False,Netz,0.0,False,,a,18,17,2,318,38,870,110,0.2,0.4,Netz,,80.0,2026-02-02,2003-05-15,False,p470315,20,0,0,0,1,0,0,0,0,0,0,0,3,2.0,0.9,0.0,0.3,0,1,1,1,0,0.00,0.00,0.00,0.13,,,,,,,[],,312,117,283,102,374,164,325,117,0.0,0.0,0.0,0.0,0.58,4.5,499,128,295,109,286,112,531,184,0.0,0.0,4.5,Nott'm Forest,NFO
True,False,0.0,0.0,538638,0,0,0,0,0.0,-21,"[{'offset': 0, 'projected_percent': '0.0', 'likelihood': 0}, {'offset': 1, 'projected_percent': '0.0', 'likelihood': 0}, {'offset': 2, 'projected_percent': '0.0', 'likelihood': 0}]",,False,0,2,0.0,0.0,0,Tyler,0.0,479,False,Has joined Charlton Athletic on loan for the rest of the season,2026-09-01T13:16:05.383880Z,4.0,538638.jpg,0.0,False,Bindon,0.1,False,,u,18,17,0,799,0,5168,810,0.0,0.0,Bindon,,154.0,2025-02-03,2005-01-27,False,p538638,0,0,0,0,0,0,0,0,0,0,0,0,0,0.0,0.0,0.0,0.0,0,0,0,0,0,0.00,0.00,0.00,0.00,,,,,,,[],,380,143,372,141,297,115,390,143,0.0,0.0,0.0,0.0,0.0,0.0,632,193,426,154,426,154,376,141,0.0,0.0,0.0,Nott'm Forest,NFO
True,True,100.0,100.0,222531,0,0,-1,1,10.2,389,"[{'offset': 0, 'projected_percent': '11.1', 'likelihood': 1}, {'offset': 1, 'projected_percent': '16.2', 'likelihood': 1}, {'offset': 2, 'projected_percent': '21.4', 'likelihood': 2}]",,False,1,3,6.0,6.0,3,Morgan,6.0,480,False,,2026-08-24T15:30:08.350159Z,7.9,222531.jpg,6.0,False,Gibbs-White,9.3,False,,a,18,17,18,258620,34644,425784,30021,0.8,2.3,Gibbs-White,,241.0,2022-08-19,2000-01-27,False,p222531,270,1,1,1,3,0,0,0,0,0,0,3,49,56.4,21.8,33.0,11.0,2,9,4,15,3,1.40,0.11,1.51,3.28,,,1.0,,1.0,,[],,40,18,119,73,58,33,57,37,0.47,0.0,0.04,0.51,1.09,1.0,10,6,37,18,42,20,45,17,1.0,0.33,5.0,Nott'm Forest,NFO
True,True,100.0,100.0,209046,0,0,-1,1,-39.4,-53,"[{'offset': 0, 'projected_percent': '-46.4', 'likelihood': -3}, {'offset': 1, 'projected_percent': '-86.7', 'likelihood': -3}, {'offset': 2, 'projected_percent': '-127.0', 'likelihood': -5}]",,False,0,3,0.3,0.3,0,Callum,0.3,482,False,,2026-07-23T12:01:23.832709Z,5.9,209046.jpg,1.0,False,Hudson-Odoi,0.2,False,,a,18,17,1,2609,274,11337,929,0.1,0.2,Hudson-Odoi,,241.0,2023-09-01,2000-11-07,False,p209046,1,0,0,0,0,0,0,0,0,0,0,0,2,0.0,0.3,0.0,0.0,0,0,0,0,0,0.00,0.00,0.00,0.00,,,4.0,,,,[],,626,273,320,162,619,267,629,273,0.0,0.0,0.0,0.0,0.0,0.0,93,60,379,178,355,163,347,128,0.0,0.0,0.0,Nott'm Forest,NFO
True,True,,,456512,0,0,0,0,7.6,-83,"[{'offset': 0, 'projected_percent': '7.4', 'likelihood': 1}, {'offset': 1, 'projected_percent': '6.3', 'likelihood': 1}, {'offset': 2, 'projected_percent': '5.2', 'likelihood': 1}]",,False,0,3,4.3,4.3,1,Dan,4.3,483,False,,,5.5,456512.jpg,4.3,False,Ndoye,0.7,False,,a,18,17,13,38896,3673,20126,3583,0.8,2.4,Ndoye,,207.0,2025-07-31,2000-10-25,False,p456512,184,1,0,1,1,0,0,0,0,0,0,2,40,37.2,25.5,36.0,9.9,2,13,2,17,3,0.35,0.63,0.98,2.48,,,,,,,[],,108,41,101,63,51,29,70,42,0.17,0.0,0.31,0.48,1.21,0.49,160,97,65,31,70,32,231,77,1.47,0.49,8.32,Nott'm Forest,NFO
True,False,0.0,0.0,503301,0,0,-1,1,0.0,-28,"[{'offset': 0, 'projected_percent': '0.0', 'likelihood': 0}, {'offset': 1, 'projected_percent': '0.0', 'likelihood': 0}, {'offset': 2, 'projected_percent': '0.0', 'likelihood': 0}]",,False,0,3,0.0,0.0,0,Omari,0.0,484,False,Has joined AC Milan on loan for the rest of the season,2026-09-01T13:23:52.340206Z,5.4,503301.jpg,0.0,False,Hutchinson,0.1,False,,u,18,17,0,427,0,7793,934,0.0,0.0,Hutchinson,,241.0,2025-08-16,2003-10-30,False,p503301,0,0,0,0,0,0,0,0,0,0,0,0,0,0.0,0.0,0.0,0.0,0,0,0,0,0,0.00,0.00,0.00,0.00,,,,,,,[],,597,255,602,259,580,242,604,257,0.0,0.0,0.0,0.0,0.0,0.0,226,141,618,265,618,265,421,165,0.0,0.0,0.0,Nott'm Forest,NFO
True,False,0.0,0.0,476887,0,0,0,0,0.0,-2,"[{'offset': 0, 'projected_percent': '0.0', 'likelihood': 0}, {'offset': 1, 'projected_percent': '0.0', 'likelihood': 0}, {'offset': 2, 'projected_percent': '0.0', 'likelihood': 0}]",,False,0,3,0.0,0.0,0,Dilane,0.0,485,False,Has joined Lille on loan for the rest of the season,2026-08-27T14:53:03.381941Z,5.5,476887.jpg,0.0,False,Bakwa,0.0,False,,u,18,17,0,107,0,989,52,0.0,0.0,Bakwa,,73.0,2025-09-01,2002-08-26,False,p476887,0,0,0,0,0,0,0,0,0,0,0,0,0,0.0,0.0,0.0,0.0,0,0,0,0,0,0.00,0.00,0.00,0.00,,,,,,,[],,614,266,618,267,606,259,619,267,0.0,0.0,0.0,0.0,0.0,0.0,168,102,628,272,628,272,616,263,0.0,0.0,0.0,Nott'm Forest,NFO
True,True,,,432714,0,0,0,0,1.1,-3,"[{'offset': 0, 'projected_percent': '1.1', 'likelihood': 1}, {'offset': 1, 'projected_percent': '1.0', 'likelihood': 1}, {'offset': 2, 'projected_percent': '1.0', 'likelihood': 1}]",,False,0,3,2.3,2.3,2,James,2.3,486,False,,,5.5,432714.jpg,2.3,False,McAtee,0.1,False,,a,18,17,7,4620,553,2343,340,0.4,1.3,McAtee,,241.0,2025-08-16,2002-10-18,False,p432714,253,0,0,2,2,0,0,0,1,0,0,0,56,19.8,61.0,0.0,8.1,4,14,5,23,3,0.13,0.54,0.67,3.15,1.0,,,,,,[],,176,68,17,16,601,254,97,50,0.05,0.0,0.19,0.24,1.12,0.71,152,92,162,70,179,76,451,179,1.07,0.71,8.18,Nott'm Forest,NFO
True,True,,,250199,-1,1,-1,1,-2.2,-7,"[{'offset': 0, 'projected_percent': '-3.7', 'likelihood': -1}, {'offset': 1, 'projected_percent': '-11.9', 'likelihood': -1}, {'offset': 2, 'projected_percent': '-20.1', 'likelihood': -2}]",,False,0,3,0.3,0.3,0,Nicolás,0.3,487,False,,,4.9,250199.jpg,1.0,False,Domínguez,0.1,False,,a,18,17,1,689,117,2443,235,0.1,0.2,Dominguez,,10.0,2023-09-01,1998-06-28,False,p250199,1,0,0,0,0,0,0,0,0,0,0,0,3,0.2,0.0,0.0,0.0,0,0,0,0,0,0.00,0.00,0.00,0.00,,,,,,,[],,334,153,502,203,450,163,511,200,0.0,0.0,0.0,0.0,0.0,0.0,394,240,349,158,295,123,475,188,0.0,0.0,0.0,Nott'm Forest,NFO
True,True,100.0,100.0,210462,0,0,-1,1,-0.1,0,"[{'offset': 0, 'projected_percent': '-0.1', 'likelihood': -1}, {'offset': 1, 'projected_percent': '-0.1', 'likelihood': -1}, {'offset': 2, 'projected_percent': '-0.1', 'likelihood': -1}]",2026-09-11T19:30:08.619340Z,False,0,3,0.7,0.7,0,Ibrahim,0.7,488,False,,2026-08-28T09:30:07.471668Z,4.9,210462.jpg,2.0,False,Sangaré,0.6,False,,a,18,17,2,5652,985,48635,2179,0.1,0.4,I.Sangaré,,54.0,2023-09-01,1997-12-02,False,p210462,90,0,0,0,1,0,0,0,0,0,0,0,10,17.8,13.0,3.0,3.4,3,3,0,6,1,0.03,0.01,0.04,0.47,,,,,,,[],,190,73,160,97,210,101,209,93,0.03,0.0,0.01,0.04,0.47,1.0,386,234,297,133,197,83,242,81,1.0,0.0,6.0,Nott'm Forest,NFO
True,True,100.0,100.0,204968,0,0,0,0,-3.8,-103,"[{'offset': 0, 'projected_percent': '-5.5', 'likelihood': -1}, {'offset': 1, 'projected_percent': '-15.5', 'likelihood': -1}, {'offset': 2, 'projected_percent': '-25.4', 'likelihood': -2}]",,False,0,3,0.0,0.0,0,Ryan,0.0,489,False,,2026-08-17T20:30:08.195072Z,4.5,204968.jpg,0.0,False,Yates,1.4,False,,a,18,17,0,22084,3022,60131,4865,0.0,0.0,Yates,,241.0,2018-08-01,1997-11-21,False,p204968,0,0,0,0,0,0,0,0,0,0,0,0,0,0.0,0.0,0.0,0.0,0,0,0,0,0,0.00,0.00,0.00,0.00,,,,,,,[],,417,162,412,171,347,128,427,167,0.0,0.0,0.0,0.0,0.0,0.0,460,261,459,184,459,184,152,46,0.0,0.0,0.0,Nott'm Forest,NFO
True,True,,,60689,0,0,-1,1,-46.9,-254,"[{'offset': 0, 'projected_percent': '-52.2', 'likelihood': -3}, {'offset': 1, 'projected_percent': '-82.6', 'likelihood': -3}, {'offset': 2, 'projected_percent': '-113.0', 'likelihood': -5}]",,False,0,4,0.7,0.7,1,Chris,0.7,490,False,,,5.9,60689.jpg,1.0,False,Wood,1.1,False,,a,18,17,2,14194,1845,78518,6259,0.1,0.3,Wood,,154.0,2023-07-01,1991-12-07,False,p60689,44,0,0,0,1,0,0,0,0,0,0,0,6,0.0,2.4,3.0,0.4,0,1,0,1,0,0.12,0.01,0.13,0.40,,,,,2.0,,[],,624,69,236,33,213,34,320,37,0.25,0.0,0.02,0.27,0.82,2.05,87,22,323,39,353,42,177,27,0.0,0.0,2.05,Nott'm Forest,NFO
True,True,,,482973,0,0,-1,1,-25.3,-616,"[{'offset': 0, 'projected_percent': '-30.4', 'likelihood': -2}, {'offset': 1, 'projected_percent': '-59.8', 'likelihood': -3}, {'offset': 2, 'projected_percent': '-89.2', 'likelihood': -3}]",,False,0,4,1.3,1.3,1,Igor Jesus,1.3,491,False,,,5.9,482973.jpg,1.3,False,Maciel da Cruz,2.9,False,,a,18,17,4,40070,4422,159775,19502,0.2,0.7,Igor Jesus,Igor Jesus,30.0,2025-07-05,2001-02-25,False,p482973,211,0,0,0,3,0,0,0,1,0,0,0,15,13.8,20.1,69.0,10.3,5,2,2,9,2,0.96,0.06,1.02,2.48,,,,,4.0,,[],,213,18,125,12,14,6,66,10,0.41,0.0,0.03,0.44,1.06,1.28,105,28,233,23,257,30,108,16,0.85,0.0,3.84,Nott'm Forest,NFO
True,True,,,465680,0,0,-1,1,0.3,7,"[{'offset': 0, 'projected_percent': '0.3', 'likelihood': 1}, {'offset': 1, 'projected_percent': '0.4', 'likelihood': 1}, {'offset': 2, 'projected_percent': '0.5', 'likelihood': 1}]",,False,0,4,0.3,0.3,0,Arnaud,0.3,493,False,,,5.4,465680.jpg,1.0,False,Kalimuendo,0.1,False,,a,18,17,1,1863,686,2290,284,0.1,0.2,Kalimuendo,,73.0,2025-08-18,2002-01-20,False,p465680,1,0,0,0,0,0,0,0,0,0,0,0,3,0.0,0.0,0.0,0.0,0,0,0,0,0,0.00,0.00,0.00,0.00,,,,,,,[],,591,62,597,67,573,64,598,67,0.0,0.0,0.0,0.0,0.0,0.0,218,49,370,43,331,35,490,67,0.0,0.0,0.0,Nott'm Forest,NFO
True,True,,,204561,0,0,0,0,-30.4,-5,"[{'offset': 0, 'projected_percent': '-31.6', 'likelihood': -2}, {'offset': 1, 'projected_percent': '-38.6', 'likelihood': -2}, {'offset': 2, 'projected_percent': '-45.5', 'likelihood': -3}]",,False,0,3,2.7,2.7,3,Xaver,2.7,558,False,,,5.0,204561.jpg,2.7,False,Schlager,0.1,False,,a,18,17,8,1852,275,2760,296,0.5,1.6,Schlager,Xaver Schlager,14.0,2026-07-23,1997-09-28,False,p204561,196,0,0,1,3,0,0,0,0,0,0,0,36,21.8,1.7,9.0,3.3,6,11,9,26,2,0.08,0.06,0.14,2.94,3.0,,,,,,[],,169,62,260,135,154,76,212,94,0.04,0.0,0.03,0.07,1.35,1.38,265,164,129,53,146,59,424,168,0.92,0.46,11.94,Nott'm Forest,NFO
True,True,,,568420,0,0,-1,1,-17.6,-80,"[{'offset': 0, 'projected_percent': '-20.9', 'likelihood': -2}, {'offset': 1, 'projected_percent': '-39.9', 'likelihood': -2}, {'offset': 2, 'projected_percent': '-58.9', 'likelihood': -3}]",,False,0,2,0.3,0.3,1,Ousmane,0.3,581,False,,,5.4,568420.jpg,1.0,False,Diomande,0.6,False,,a,18,17,1,7167,541,30474,2441,0.1,0.2,Diomande,,54.0,2026-08-11,2003-12-04,False,p568420,1,0,0,0,0,0,0,0,0,0,0,0,3,0.0,0.0,0.0,0.0,0,0,0,0,0,0.00,0.00,0.00,0.00,,,,,,,[],,600,210,603,210,583,208,606,210,0.0,0.0,0.0,0.0,0.0,0.0,231,32,374,135,338,127,243,90,0.0,0.0,0.0,Nott'm Forest,NFO
True,True,,,428971,0,0,0,0,0.1,-2,"[{'offset': 0, 'projected_percent': '0.1', 'likelihood': 1}, {'offset': 1, 'projected_percent': '0.0', 'likelihood': 0}, {'offset': 2, 'projected_percent': '0.0', 'likelihood': 0}]",,False,0,1,0.0,0.0,0,Steven,0.0,590,False,,,4.5,428971.jpg,0.0,False,Benda,0.1,False,,a,18,17,0,1745,170,1611,196,0.0,0.0,Benda,,80.0,2026-08-15,1998-10-01,False,p428971,0,0,0,0,0,0,0,0,0,0,0,0,0,0.0,0.0,0.0,0.0,0,0,0,0,0,0.00,0.00,0.00,0.00,,,,,,,[],,428,58,425,40,364,39,438,58,0.0,0.0,0.0,0.0,0.0,0.0,485,38,469,58,469,58,469,53,0.0,0.0,0.0,Nott'm Forest,NFO
True,True,,,469142,0,0,-1,1,-15.1,-168,"[{'offset': 0, 'projected_percent': '-15.6', 'likelihood': -1}, {'offset': 1, 'projected_percent': '-18.9', 'likelihood': -1}, {'offset': 2, 'projected_percent': '-22.1', 'likelihood': -2}]",,False,0,2,3.3,3.3,8,Jan Paul,3.3,112,False,,,4.9,469142.jpg,3.3,False,van Hecke,7.1,False,,a,19,6,10,63895,6099,338681,20334,0.7,2.0,Van Hecke,,152.0,2026-06-18,2000-06-08,False,p469142,270,0,0,1,5,0,0,0,0,0,0,2,41,54.8,16.5,35.0,10.6,16,11,5,21,3,0.20,0.07,0.27,5.51,,,,,,,[],,45,14,141,43,55,11,62,15,0.07,0.0,0.02,0.09,1.84,1.67,402,74,97,37,108,43,58,23,1.0,0.33,7.0,Spurs,TOT
True,True,,,109646,-1,1,-1,1,-1.9,-14,"[{'offset': 0, 'projected_percent': '-3.1', 'likelihood': -1}, {'offset': 1, 'projected_percent': '-9.7', 'likelihood': -1}, {'offset': 2, 'projected_percent': '-16.3', 'likelihood': -1}]",,False,0,2,0.0,0.0,0,Tosin,0.0,147,False,,,4.4,109646.jpg,0.0,False,Adarabioyo,0.2,False,,a,19,6,0,1033,217,5168,491,0.0,0.0,Tosin,,241.0,2026-09-01,1997-09-24,False,p109646,0,0,0,0,0,0,0,0,0,0,0,0,0,0.0,0.0,0.0,0.0,0,0,0,0,0,0.00,0.00,0.00,0.00,,,,,,,[],,398,160,390,158,318,135,408,160,0.0,0.0,0.0,0.0,0.0,0.0,569,152,444,171,444,171,352,130,0.0,0.0,0.0,Spurs,TOT
True,True,,,438234,0,0,0,0,40.0,-80,"[{'offset': 0, 'projected_percent': '39.8', 'likelihood': 2}, {'offset': 1, 'projected_percent': '38.8', 'likelihood': 2}, {'offset': 2, 'projected_percent': '37.7', 'likelihood': 2}]",,False,0,4,1.3,1.3,2,Omar,1.3,401,False,,,7.0,438234.jpg,2.0,False,Marmoush,2.2,False,,a,19,6,4,153820,13517,67807,12858,0.2,0.6,Marmoush,Omar Marmoush,63.0,2026-08-27,1999-02-07,False,p438234,173,0,0,1,2,0,0,0,0,0,0,0,20,9.2,35.1,28.0,7.2,0,3,1,4,2,0.34,0.08,0.42,1.60,,,5.0,,2.0,,"[{'property': 'loan_ineligible', 'notes': 'This player will not be available to face their parent club in Gameweek 19 as part of their loan conditions.', 'gameweek': 19, 'url': None}, {'property': 'loan_ineligible', 'notes': 'This player will not be available to face their parent club in Gameweek 25 as part of their loan conditions.', 'gameweek': 25, 'url': None}]",,238,21,63,4,68,15,119,16,0.18,0.0,0.04,0.22,0.83,1.04,28,9,242,27,226,25,118,17,1.04,0.52,2.08,Spurs,TOT
True,True,100.0,100.0,510281,0,0,0,0,11.0,-17,"[{'offset': 0, 'projected_percent': '11.0', 'likelihood': 1}, {'offset': 1, 'projected_percent': '10.8', 'likelihood': 1}, {'offset': 2, 'projected_percent': '10.5', 'likelihood': 1}]",,False,0,3,1.0,1.0,3,Sávio,1.0,403,False,,2026-08-29T16:30:08.380416Z,6.5,510281.jpg,3.0,False,Moreira de Oliveira,0.7,False,,a,19,6,3,74366,3483,49244,3574,0.2,0.5,Sávio,Sávio,30.0,2026-08-25,2004-04-10,False,p510281,60,0,0,1,0,0,0,0,0,0,0,0,15,0.0,0.0,0.0,0.0,0,0,0,0,1,0.02,0.27,0.29,0.49,4.0,,,,,,[],,648,288,648,288,647,287,648,288,0.03,0.0,0.4,0.43,0.74,0.0,44,30,283,130,142,57,228,75,1.5,1.5,0.0,Spurs,TOT
True,True,,,432422,0,0,-1,1,-26.3,-260,"[{'offset': 0, 'projected_percent': '-28.6', 'likelihood': -2}, {'offset': 1, 'projected_percent': '-41.5', 'likelihood': -3}, {'offset': 2, 'projected_percent': '-54.4', 'likelihood': -3}]",,False,0,3,3.0,3.0,5,Sandro,3.0,455,False,,,5.4,432422.jpg,3.0,False,Tonali,2.8,False,,a,19,6,9,32335,4185,160073,10541,0.6,1.7,Tonali,,106.0,2026-07-06,2000-05-08,False,p432422,254,0,0,1,5,0,0,0,0,0,0,0,52,11.2,32.7,12.0,5.6,5,10,5,20,3,0.09,0.09,0.18,5.51,,,6.0,,,,[],,227,94,73,47,130,66,152,72,0.03,0.0,0.03,0.06,1.95,1.77,211,131,120,50,135,55,111,34,1.06,0.35,7.09,Spurs,TOT
True,False,0.0,0.0,184254,0,0,0,0,0.0,-32,"[{'offset': 0, 'projected_percent': '0.0', 'likelihood': 0}, {'offset': 1, 'projected_percent': '0.0', 'likelihood': 0}, {'offset': 2, 'projected_percent': '0.0', 'likelihood': 0}]",,False,0,1,0.0,0.0,0,Guglielmo,0.0,494,False,Has joined Juventus on loan for the rest of the season,2026-08-19T13:55:33.193962Z,4.5,184254.jpg,0.0,False,Vicario,0.2,False,,u,19,6,0,0,0,18111,915,0.0,0.0,Vicario,,106.0,2023-07-01,1996-10-07,False,p184254,0,0,0,0,0,0,0,0,0,0,0,0,0,0.0,0.0,0.0,0.0,0,0,0,0,0,0.00,0.00,0.00,0.00,,,,,,,[],,414,54,409,35,343,34,424,54,0.0,0.0,0.0,0.0,0.0,0.0,452,33,457,54,457,54,351,39,0.0,0.0,0.0,Spurs,TOT
True,True,,,214572,0,0,0,0,1.3,13,"[{'offset': 0, 'projected_percent': '1.4', 'likelihood': 1}, {'offset': 1, 'projected_percent': '1.5', 'likelihood': 1}, {'offset': 2, 'projected_percent': '1.7', 'likelihood': 1}]",,False,0,1,0.0,0.0,0,Brandon,0.0,495,False,,,4.0,214572.jpg,0.0,False,Austin,1.0,False,,a,19,6,0,15381,2452,10881,1361,0.0,0.0,Austin,,241.0,2017-07-22,1999-01-08,False,p214572,0,0,0,0,0,0,0,0,0,0,0,0,0,0.0,0.0,0.0,0.0,0,0,0,0,0,0.00,0.00,0.00,0.00,,,,,,,[],,359,36,351,15,275,14,369,36,0.0,0.0,0.0,0.0,0.0,0.0,603,62,406,36,406,36,197,31,0.0,0.0,0.0,Spurs,TOT
True,True,,,485055,0,0,0,0,-37.6,8,"[{'offset': 0, 'projected_percent': '-37.6', 'likelihood': -2}, {'offset': 1, 'projected_percent': '-37.5', 'likelihood': -2}, {'offset': 2, 'projected_percent': '-37.5', 'likelihood': -2}]",,False,0,1,3.0,3.0,6,Antonín,3.0,496,False,,,4.5,485055.jpg,3.0,False,Kinský,19.1,False,,a,19,6,9,107191,20146,411653,57363,0.7,2.0,Kinsky,,57.0,2025-01-05,2003-03-13,False,p485055,270,0,0,1,5,0,0,0,0,0,6,0,43,47.4,0.0,0.0,4.8,6,26,0,0,3,0.00,0.00,0.00,5.51,,,,,,,[],,67,9,435,44,377,43,177,10,0.0,2.0,0.0,0.0,1.84,1.67,503,42,111,10,123,10,15,3,1.0,0.33,0.0,Spurs,TOT
True,True,,,67089,0,0,0,0,-9.7,-267,"[{'offset': 0, 'projected_percent': '-10.0', 'likelihood': -1}, {'offset': 1, 'projected_percent': '-12.1', 'likelihood': -1}, {'offset': 2, 'projected_percent': '-14.1', 'likelihood': -1}]",,False,0,1,0.0,0.0,0,Martin,0.0,497,False,,,4.0,67089.jpg,0.0,False,Dubravka,17.9,False,,a,19,6,0,196202,30104,209806,27158,0.0,0.0,Dubravka,,194.0,2026-07-01,1989-01-15,False,p67089,0,0,0,0,0,0,0,0,0,0,0,0,0,0.0,0.0,0.0,0.0,0,0,0,0,0,0.00,0.00,0.00,0.00,,,,,,,[],,344,27,334,6,256,5,353,27,0.0,0.0,0.0,0.0,0.0,0.0,581,53,391,27,391,27,21,4,0.0,0.0,0.0,Spurs,TOT
True,True,,,221466,0,0,-1,1,-43.1,-1278,"[{'offset': 0, 'projected_percent': '-49.0', 'likelihood': -3}, {'offset': 1, 'projected_percent': '-83.2', 'likelihood': -3}, {'offset': 2, 'projected_percent': '-117.3', 'likelihood': -5}]",,False,0,2,1.0,1.0,0,Marcos,1.0,498,False,,,5.9,221466.jpg,3.0,False,Senesi Barón,5.2,False,,a,19,6,3,22562,1238,288617,33798,0.2,0.5,Senesi,,10.0,2026-07-01,1997-05-10,False,p221466,90,0,0,0,3,0,0,0,0,0,0,0,10,36.6,2.2,0.0,3.9,11,2,5,16,1,0.00,0.02,0.02,3.87,,,,,,,[],,111,50,243,80,621,212,198,75,0.0,0.0,0.02,0.02,3.87,3.0,95,9,277,99,139,55,70,28,1.0,0.0,16.0,Spurs,TOT
True,True,100.0,100.0,441164,0,0,0,0,-39.6,521,"[{'offset': 0, 'projected_percent': '-38.5', 'likelihood': -2}, {'offset': 1, 'projected_percent': '-32.3', 'likelihood': -2}, {'offset': 2, 'projected_percent': '-26.0', 'likelihood': -2}]",,False,0,2,2.7,2.7,7,Pedro,2.7,499,False,,2026-08-21T15:22:48.149081Z,5.5,441164.jpg,4.0,False,Porro Sauceda,11.5,False,,a,19,6,8,85132,16168,564362,18659,0.5,1.5,Pedro Porro,,200.0,2023-07-01,1999-09-13,False,p441164,180,0,0,1,2,0,0,0,0,0,0,1,29,9.4,7.9,21.0,3.8,6,5,2,8,2,0.36,0.16,0.52,1.64,3.0,,1.0,,,,[],,236,96,196,63,87,22,200,77,0.18,0.0,0.08,0.26,0.82,1.0,157,19,135,54,84,36,37,13,1.0,0.5,4.0,Spurs,TOT
True,False,0.0,0.0,221632,0,0,0,0,0.0,-14,"[{'offset': 0, 'projected_percent': '0.0', 'likelihood': 0}, {'offset': 1, 'projected_percent': '0.0', 'likelihood': 0}, {'offset': 2, 'projected_percent': '0.0', 'likelihood': 0}]",,False,0,2,0.0,0.0,0,Cristian,0.0,500,False,Has joined Atletico Madrid permanently,2026-08-17T13:49:05.465401Z,5.0,221632.jpg,0.0,False,Romero,0.1,False,,u,19,6,0,0,0,15052,510,0.0,0.0,Romero,,10.0,2022-08-30,1998-04-27,False,p221632,0,0,0,0,0,0,0,0,0,0,0,0,0,0.0,0.0,0.0,0.0,0,0,0,0,0,0.00,0.00,0.00,0.00,,,,,,,[],,533,201,536,201,493,194,541,201,0.0,0.0,0.0,0.0,0.0,0.0,278,45,563,203,563,203,419,149,0.0,0.0,0.0,Spurs,TOT
True,True,,,122798,0,0,0,0,-65.2,-566,"[{'offset': 0, 'projected_percent': '-69.6', 'likelihood': -3}, {'offset': 1, 'projected_percent': '-94.8', 'likelihood': -3}, {'offset': 2, 'projected_percent': '-120.1', 'likelihood': -5}]",,False,0,2,2.0,2.0,1,Andrew,2.0,502,False,,,4.5,122798.jpg,2.0,False,Robertson,3.1,False,,a,19,6,6,37385,1509,102163,17514,0.4,1.3,Robertson,,243.0,2026-07-01,1994-03-11,False,p122798,186,0,0,0,4,0,0,0,0,0,0,0,23,43.0,36.0,27.0,10.6,12,5,3,15,2,0.06,0.08,0.14,4.78,1.0,,,,,,[],,81,35,57,12,69,14,61,14,0.03,0.0,0.04,0.07,2.31,1.94,440,86,171,67,189,72,104,40,0.97,0.0,7.26,Spurs,TOT
True,True,100.0,100.0,491279,0,0,0,0,-35.6,517,"[{'offset': 0, 'projected_percent': '-32.3', 'likelihood': -2}, {'offset': 1, 'projected_percent': '-13.4', 'likelihood': -1}, {'offset': 2, 'projected_percent': '2.0', 'likelihood': 1}]",,False,0,2,3.0,3.0,9,Micky,3.0,503,False,,2026-08-21T15:00:07.610517Z,5.0,491279.jpg,4.5,False,van de Ven,3.8,False,,a,19,6,9,34212,9281,209070,6351,0.6,1.8,Van de Ven,,152.0,2023-08-08,2001-04-19,False,p491279,180,0,0,1,2,0,0,0,1,0,0,3,35,15.2,2.1,0.0,1.7,13,8,4,17,2,0.57,0.02,0.59,1.64,,,,,,,[],,205,86,246,83,527,201,272,99,0.28,0.0,0.01,0.29,0.82,1.0,324,59,116,45,64,25,88,35,1.0,0.5,8.5,Spurs,TOT
True,False,0.0,0.0,232859,0,0,0,0,0.0,-65,"[{'offset': 0, 'projected_percent': '0.0', 'likelihood': 0}, {'offset': 1, 'projected_percent': '0.0', 'likelihood': 0}, {'offset': 2, 'projected_percent': '0.0', 'likelihood': 0}]",,False,0,2,0.0,0.0,0,Djed,0.0,505,False,Has joined Internazionale permanently,2026-08-18T14:13:08.454214Z,4.5,232859.jpg,0.0,False,Spence,0.3,False,,u,19,6,0,0,0,62166,2090,0.0,0.0,Spence,,241.0,2022-07-19,2000-08-09,False,p232859,0,0,0,0,0,0,0,0,0,0,0,0,0,0.0,0.0,0.0,0.0,0,0,0,0,0,0.00,0.00,0.00,0.00,,,,,,,[],,423,168,419,168,356,153,433,168,0.0,0.0,0.0,0.0,0.0,0.0,474,111,465,176,465,176,297,109,0.0,0.0,0.0,Spurs,TOT
True,True,,,487053,0,0,0,0,-88.4,-12,"[{'offset': 0, 'projected_percent': '-89.1', 'likelihood': -3}, {'offset': 1, 'projected_percent': '-93.1', 'likelihood': -3}, {'offset': 2, 'projected_percent': '-97.1', 'likelihood': -4}]",,False,0,2,2.3,2.3,5,Destiny,2.3,506,False,,,4.5,487053.jpg,2.3,False,Udogie,0.4,False,,a,19,6,7,3263,451,12340,861,0.5,1.6,Udogie,,106.0,2022-08-16,2002-11-28,False,p487053,86,0,0,1,1,0,0,0,1,0,0,0,21,5.2,12.2,2.0,1.9,3,4,1,4,1,0.00,0.23,0.23,1.17,,,,,,,[],,267,102,168,51,222,83,260,96,0.0,0.0,0.24,0.24,1.22,1.05,504,131,152,62,170,68,266,98,1.05,1.05,4.19,Spurs,TOT
True,False,0.0,0.0,548308,0,0,0,0,0.0,-3,"[{'offset': 0, 'projected_percent': '0.0', 'likelihood': 0}, {'offset': 1, 'projected_percent': '0.0', 'likelihood': 0}, {'offset': 2, 'projected_percent': '0.0', 'likelihood': 0}]",,False,0,2,0.0,0.0,0,Ashley,0.0,507,False,Has joined Middlesbrough permanently,2026-08-18T14:13:08.474144Z,4.5,548308.jpg,0.0,False,Phillips,0.0,False,,u,19,6,0,0,0,1017,47,0.0,0.0,Phillips,,241.0,2023-08-05,2005-06-26,False,p548308,0,0,0,0,0,0,0,0,0,0,0,0,0,0.0,0.0,0.0,0.0,0,0,0,0,0,0.00,0.00,0.00,0.00,,,,,,,[],,454,182,456,183,398,172,464,182,0.0,0.0,0.0,0.0,0.0,0.0,526,139,494,188,494,188,580,197,0.0,0.0,0.0,Spurs,TOT
True,True,,,115556,0,0,0,0,-56.5,-81,"[{'offset': 0, 'projected_percent': '-58.6', 'likelihood': -3}, {'offset': 1, 'projected_percent': '-70.7', 'likelihood': -3}, {'offset': 2, 'projected_percent': '-82.7', 'likelihood': -3}]",,False,0,2,0.0,0.0,0,Ben,0.0,508,False,,,4.0,115556.jpg,0.0,False,Davies,0.9,False,,a,19,6,0,7951,769,23148,2398,0.0,0.0,Davies,,244.0,2014-07-23,1993-04-24,False,p115556,0,0,0,0,0,0,0,0,0,0,0,0,0,0.0,0.0,0.0,0.0,0,0,0,0,0,0.00,0.00,0.00,0.00,,,,,,,[],,351,127,341,123,263,94,360,126,0.0,0.0,0.0,0.0,0.0,0.0,589,163,398,139,398,139,200,77,0.0,0.0,0.0,Spurs,TOT
True,True,,,640419,0,0,0,0,-0.9,1,"[{'offset': 0, 'projected_percent': '-0.5', 'likelihood': -1}, {'offset': 1, 'projected_percent': '0.0', 'likelihood': 0}, {'offset': 2, 'projected_percent': '0.0', 'likelihood': 0}]",,False,0,2,0.0,0.0,0,Jun'ai,0.0,509,False,,,4.0,640419.jpg,0.0,False,Byfield,0.1,False,,a,19,6,0,1229,191,1386,180,0.0,0.0,Byfield,,,,,False,p640419,0,0,0,0,0,0,0,0,0,0,0,0,0,0.0,0.0,0.0,0.0,0,0,0,0,0,0.00,0.00,0.00,0.00,,,,,,,[],,394,156,386,154,314,131,404,156,0.0,0.0,0.0,0.0,0.0,0.0,651,211,440,167,440,167,487,172,0.0,0.0,0.0,Spurs,TOT
True,True,,,499716,0,0,0,0,-10.7,-6,"[{'offset': 0, 'projected_percent': '-12.4', 'likelihood': -1}, {'offset': 1, 'projected_percent': '-22.7', 'likelihood': -2}, {'offset': 2, 'projected_percent': '-33.0', 'likelihood': -2}]",,False,0,2,0.0,0.0,0,James,0.0,510,False,,,4.0,499716.jpg,0.0,False,Rowswell,0.1,False,,a,19,6,0,1457,224,1837,219,0.0,0.0,Rowswell,,,,,False,p499716,0,0,0,0,0,0,0,0,0,0,0,0,0,0.0,0.0,0.0,0.0,0,0,0,0,0,0.00,0.00,0.00,0.00,,,,,,,[],,376,140,368,138,293,112,386,140,0.0,0.0,0.0,0.0,0.0,0.0,628,190,422,151,422,151,443,158,0.0,0.0,0.0,Spurs,TOT
True,False,0.0,0.0,616221,0,0,0,0,0.0,-60,"[{'offset': 0, 'projected_percent': '0.0', 'likelihood': 0}, {'offset': 1, 'projected_percent': '0.0', 'likelihood': 0}, {'offset': 2, 'projected_percent': '0.0', 'likelihood': 0}]",,False,0,2,0.0,0.0,0,João Victor,0.0,511,False,Has joined FC Porto on loan for the rest of the season,2026-09-01T13:24:26.858636Z,4.0,616221.jpg,0.0,False,de Souza Menezes,0.2,False,,u,19,6,0,2555,0,10639,1803,0.0,0.0,Souza,Souza,30.0,2026-01-22,2006-06-16,False,p616221,0,0,0,0,0,0,0,0,0,0,0,0,0,0.0,0.0,0.0,0.0,0,0,0,0,0,0.00,0.00,0.00,0.00,,,,,,,[],,393,155,385,153,313,130,403,155,0.0,0.0,0.0,0.0,0.0,0.0,650,210,439,166,439,166,324,117,0.0,0.0,0.0,Spurs,TOT
True,True,100.0,100.0,460842,0,0,0,0,1.2,4,"[{'offset': 0, 'projected_percent': '1.3', 'likelihood': 1}, {'offset': 1, 'projected_percent': '1.3', 'likelihood': 1}, {'offset': 2, 'projected_percent': '1.3', 'likelihood': 1}]",,False,0,3,0.7,0.7,1,Mohammed,0.7,512,False,,2026-07-23T12:01:23.848657Z,6.5,460842.jpg,1.0,False,Kudus,0.1,False,,a,19,6,2,5752,884,5220,741,0.1,0.3,Kudus,,81.0,2025-07-10,2000-08-02,False,p460842,51,0,0,0,1,0,0,0,0,0,0,0,17,1.2,3.3,11.0,1.6,0,5,0,5,0,0.04,0.17,0.21,0.67,6.0,,3.0,,3.0,,[],,326,148,225,122,145,72,276,123,0.07,0.0,0.3,0.37,1.18,1.76,41,28,333,155,368,173,402,153,0.0,0.0,8.82,Spurs,TOT
True,True,0.0,0.0,493362,0,0,0,0,-94.5,3,"[{'offset': 0, 'projected_percent': '-92.1', 'likelihood': -3}, {'offset': 1, 'projected_percent': '-78.4', 'likelihood': -3}, {'offset': 2, 'projected_percent': '-64.7', 'likelihood': -3}]",,False,0,3,0.0,0.0,0,Xavi,0.0,513,False,Knee injury - Unknown return date,2026-07-23T12:01:23.864304Z,6.0,493362.jpg,0.0,False,Simons,0.0,False,,i,19,6,0,180,25,800,75,0.0,0.0,Xavi,,152.0,2025-08-29,2003-04-21,False,p493362,0,0,0,0,0,0,0,0,0,0,0,0,0,0.0,0.0,0.0,0.0,0,0,0,0,0,0.00,0.00,0.00,0.00,,,2.0,,4.0,,[],,637,281,638,281,633,277,638,281,0.0,0.0,0.0,0.0,0.0,0.0,76,51,642,282,642,282,592,247,0.0,0.0,0.0,Spurs,TOT
True,True,,,511499,0,0,-1,1,-74.6,-42,"[{'offset': 0, 'projected_percent': '-78.0', 'likelihood': -3}, {'offset': 1, 'projected_percent': '-97.5', 'likelihood': -4}, {'offset': 2, 'projected_percent': '-117.0', 'likelihood': -5}]",,False,0,3,2.3,2.3,3,Mathys,2.3,514,False,,,5.9,511499.jpg,2.3,False,Tel,0.3,False,,a,19,6,7,6617,394,32242,2024,0.4,1.2,Tel,,73.0,2025-07-01,2005-04-27,False,p511499,230,0,0,1,4,0,0,0,0,0,0,0,38,14.2,29.3,43.0,8.6,1,11,1,13,3,0.20,0.14,0.34,5.11,5.0,,4.0,,,,[],,211,85,86,54,38,22,86,48,0.08,0.0,0.05,0.13,2.0,1.57,108,69,165,73,182,79,300,104,1.17,0.39,5.09,Spurs,TOT
True,True,75.0,75.0,172780,0,0,-1,1,-76.7,-236,"[{'offset': 0, 'projected_percent': '-82.6', 'likelihood': -3}, {'offset': 1, 'projected_percent': '-116.4', 'likelihood': -5}, {'offset': 2, 'projected_percent': '-150.3', 'likelihood': -5}]",,False,0,3,0.2,0.2,0,James,0.3,515,False,Shoulder injury - 75% chance of playing,2026-08-25T14:30:07.623508Z,6.4,172780.jpg,1.0,False,Maddison,0.5,False,,d,19,6,1,2910,49,80580,4536,0.0,0.2,Maddison,,241.0,2023-06-28,1996-11-23,False,p172780,22,0,0,0,0,0,0,0,0,0,0,0,6,4.4,8.3,8.0,2.1,1,1,0,2,0,0.00,0.01,0.01,0.85,,,,,,,[],https://www.tottenhamhotspur.com/news/1086784/team-news-porro-van-de-ven-available-maddison-a-doubt-for-charlton-clash?utm_source=chatgpt.com,281,129,194,108,163,79,256,115,0.0,0.0,0.04,0.04,3.48,0.0,48,33,384,180,364,169,250,83,0.0,0.0,8.18,Spurs,TOT
True,True,,,202993,0,0,0,0,-78.1,24,"[{'offset': 0, 'projected_percent': '-74.8', 'likelihood': -3}, {'offset': 1, 'projected_percent': '-55.9', 'likelihood': -3}, {'offset': 2, 'projected_percent': '-37.0', 'likelihood': -2}]",,False,0,3,2.7,2.7,5,Rodrigo,2.7,516,False,,,5.5,202993.jpg,2.7,False,Bentancur,0.2,False,,a,19,6,8,1786,353,5015,364,0.5,1.5,Bentancur,,230.0,2022-01-31,1997-06-25,False,p202993,225,0,0,1,3,0,0,0,0,0,0,0,39,17.4,21.8,0.0,4.0,14,13,6,33,2,0.02,0.04,0.06,3.82,,,,,,,[],,193,75,118,72,594,249,193,87,0.01,0.0,0.02,0.03,1.53,1.2,138,84,133,55,150,61,350,129,0.8,0.4,13.2,Spurs,TOT
True,True,0.0,0.0,550839,0,0,0,0,-15.9,1,"[{'offset': 0, 'projected_percent': '-7.3', 'likelihood': -1}, {'offset': 1, 'projected_percent': '0.0', 'likelihood': 0}, {'offset': 2, 'projected_percent': '0.0', 'likelihood': 0}]",,False,0,3,0.0,0.0,0,Wilson,0.0,517,False,Knee injury - Unknown return date,2026-07-23T12:01:23.879434Z,5.5,550839.jpg,0.0,False,Odobert,0.0,False,,i,19,6,0,54,11,62,5,0.0,0.0,Odobert,,73.0,2024-08-16,2004-11-28,False,p550839,0,0,0,0,0,0,0,0,0,0,0,0,0,0.0,0.0,0.0,0.0,0,0,0,0,0,0.00,0.00,0.00,0.00,,,,,,,[],https://www.tottenhamhotspur.com/news/1008505/odobert-suffers-acl-injury,618,270,622,271,611,263,622,270,0.0,0.0,0.0,0.0,0.0,0.0,186,115,629,273,629,273,651,289,0.0,0.0,0.0,Spurs,TOT
True,False,0.0,0.0,482442,0,0,-1,1,0.0,-74,"[{'offset': 0, 'projected_percent': '0.0', 'likelihood': 0}, {'offset': 1, 'projected_percent': '0.0', 'likelihood': 0}, {'offset': 2, 'projected_percent': '0.0', 'likelihood': 0}]",,False,0,3,0.0,0.0,0,Pape Matar,0.0,518,False,Has joined Juventus on loan for the rest of the season,2026-09-02T16:02:43.386849Z,4.9,482442.jpg,0.0,False,Sarr,0.1,False,,u,19,6,0,4138,0,18129,1858,0.0,0.0,P.M.Sarr,Pape Matar Sarr,189.0,2021-08-27,2002-09-14,False,p482442,0,0,0,0,0,0,0,0,0,0,0,0,0,0.0,0.0,0.0,0.0,0,0,0,0,0,0.00,0.00,0.00,0.00,,,,,,,[],,508,198,509,206,457,166,518,203,0.0,0.0,0.0,0.0,0.0,0.0,403,243,543,218,543,218,398,151,0.0,0.0,0.0,Spurs,TOT
True,True,,,232787,0,0,-1,1,-29.0,-16,"[{'offset': 0, 'projected_percent': '-30.8', 'likelihood': -2}, {'offset': 1, 'projected_percent': '-41.1', 'likelihood': -3}, {'offset': 2, 'projected_percent': '-51.5', 'likelihood': -3}]",,False,0,3,1.0,1.0,3,Conor,1.0,519,False,,,5.4,232787.jpg,1.5,False,Gallagher,0.2,False,,a,19,6,3,2499,267,11883,649,0.2,0.6,Gallagher,,241.0,2026-01-14,2000-02-06,False,p232787,128,0,0,1,2,0,0,0,1,0,0,0,24,0.0,5.5,1.0,0.5,1,8,5,14,2,0.02,0.12,0.14,2.58,,,,,,,[],,587,248,206,113,250,122,312,143,0.01,0.0,0.08,0.09,1.81,1.41,207,128,264,117,244,109,334,120,1.41,0.7,9.84,Spurs,TOT
True,True,,,570526,0,0,-1,1,-16.5,-23,"[{'offset': 0, 'projected_percent': '-19.9', 'likelihood': -1}, {'offset': 1, 'projected_percent': '-39.0', 'likelihood': -2}, {'offset': 2, 'projected_percent': '-58.1', 'likelihood': -3}]",,False,0,3,0.3,0.3,0,Lucas,0.3,520,False,,,5.4,570526.jpg,1.0,False,Bergvall,0.2,False,,a,19,6,1,1239,122,6308,615,0.1,0.2,Bergvall,,206.0,2024-07-01,2006-02-02,False,p570526,45,0,0,0,2,0,0,0,0,0,0,0,2,0.0,2.0,2.0,0.0,0,7,1,8,1,0.00,0.01,0.01,1.70,,,,,,,[],,601,258,249,130,239,115,607,259,0.0,0.0,0.02,0.02,3.4,4.0,232,146,375,175,339,154,354,130,2.0,0.0,16.0,Spurs,TOT
True,True,0.0,0.0,445044,0,0,0,0,-62.7,0,"[{'offset': 0, 'projected_percent': '-62.7', 'likelihood': -3}, {'offset': 1, 'projected_percent': '-62.7', 'likelihood': -3}, {'offset': 2, 'projected_percent': '-62.7', 'likelihood': -3}]",,False,0,3,0.0,0.0,0,Dejan,0.0,521,False,Knee injury - Unknown return date,2026-07-23T12:01:23.895175Z,6.5,445044.jpg,0.0,False,Kulusevski,0.0,False,,i,19,6,0,192,30,482,64,0.0,0.0,Kulusevski,,206.0,2023-07-01,2000-04-25,False,p445044,0,0,0,0,0,0,0,0,0,0,0,0,0,0.0,0.0,0.0,0.0,0,0,0,0,0,0.00,0.00,0.00,0.00,,,,,,,[],,646,287,646,287,645,286,646,287,0.0,0.0,0.0,0.0,0.0,0.0,39,27,648,288,648,288,607,258,0.0,0.0,0.0,Spurs,TOT
True,True,,,547701,0,0,0,0,-63.1,-42,"[{'offset': 0, 'projected_percent': '-68.0', 'likelihood': -3}, {'offset': 1, 'projected_percent': '-96.5', 'likelihood': -4}, {'offset': 2, 'projected_percent': '-124.9', 'likelihood': -5}]",,False,0,3,1.3,1.3,0,Archie,1.3,522,False,,,5.0,547701.jpg,2.0,False,Gray,0.2,False,,a,19,6,4,4224,352,7639,1049,0.3,0.8,Gray,,241.0,2024-07-02,2006-03-12,False,p547701,152,0,0,0,4,0,0,0,0,0,0,0,24,8.0,4.8,0.0,1.3,5,5,1,11,2,0.00,0.01,0.01,3.91,,,,,,,[],,248,107,212,117,543,217,285,128,0.0,0.0,0.01,0.01,2.32,2.37,352,213,228,102,207,90,339,124,1.18,0.0,6.51,Spurs,TOT
True,False,0.0,0.0,499721,0,0,0,0,0.0,-84,"[{'offset': 0, 'projected_percent': '0.0', 'likelihood': 0}, {'offset': 1, 'projected_percent': '0.0', 'likelihood': 0}, {'offset': 2, 'projected_percent': '0.0', 'likelihood': 0}]",,False,0,3,0.0,0.0,0,Mikey,1.0,523,False,Has joined FC Köln on loan for the rest of the season,2026-09-04T12:39:48.098158Z,5.0,499721.jpg,1.5,False,Moore,0.1,False,,u,19,6,3,3258,0,11141,2126,0.2,0.6,Moore,,241.0,2024-05-01,2007-08-11,False,p499721,89,0,0,0,4,0,0,0,0,0,0,0,11,14.2,6.3,56.0,7.5,0,2,1,3,1,0.40,0.02,0.42,3.26,,,,,,,[],,210,84,200,110,27,17,112,57,0.4,0.0,0.02,0.42,3.3,4.04,331,196,262,115,243,108,413,161,1.01,0.0,3.03,Spurs,TOT
True,True,,,499726,0,0,0,0,-84.1,-71,"[{'offset': 0, 'projected_percent': '-86.6', 'likelihood': -3}, {'offset': 1, 'projected_percent': '-100.7', 'likelihood': -5}, {'offset': 2, 'projected_percent': '-114.9', 'likelihood': -5}]",,False,0,3,0.0,0.0,0,Callum,0.0,524,False,,,4.5,499726.jpg,0.0,False,Olusesi,0.7,False,,a,19,6,0,4074,447,20782,2004,0.0,0.0,Olusesi,,,,,False,p499726,0,0,0,0,0,0,0,0,0,0,0,0,0,0.0,0.0,0.0,0.0,0,0,0,0,0,0.00,0.00,0.00,0.00,,,,,,,[],,441,169,443,178,385,136,451,174,0.0,0.0,0.0,0.0,0.0,0.0,513,270,482,191,482,191,229,76,0.0,0.0,0.0,Spurs,TOT
True,True,,,551226,0,0,-1,1,-62.5,-451,"[{'offset': 0, 'projected_percent': '-72.0', 'likelihood': -3}, {'offset': 1, 'projected_percent': '-127.3', 'likelihood': -5}, {'offset': 2, 'projected_percent': '-182.6', 'likelihood': -5}]",,False,0,3,1.0,1.0,0,Mateus,1.0,525,False,,,5.9,551226.jpg,1.0,False,Fernandes,1.1,False,,a,19,6,3,10077,606,83750,9416,0.2,0.5,Fernandes,Mateus Fernandes,173.0,2026-07-02,2004-07-10,False,p551226,142,0,0,0,3,0,0,0,1,0,0,0,33,21.2,73.5,3.0,9.7,0,6,4,10,1,0.01,0.23,0.24,2.94,2.0,,,,,,[],,173,65,11,11,214,103,71,43,0.01,0.0,0.15,0.16,1.86,1.9,110,70,280,128,359,166,180,55,0.63,0.0,6.34,Spurs,TOT
True,True,,,154566,0,0,-1,1,-31.6,-155,"[{'offset': 0, 'projected_percent': '-35.2', 'likelihood': -2}, {'offset': 1, 'projected_percent': '-56.4', 'likelihood': -3}, {'offset': 2, 'projected_percent': '-77.5', 'likelihood': -3}]",,False,0,4,1.0,1.0,1,Dominic,1.0,526,False,,,5.9,154566.jpg,1.0,False,Solanke-Mitchell,1.0,False,,a,19,6,3,17953,2209,61805,5649,0.2,0.5,Solanke,,241.0,2024-08-10,1997-09-14,False,p154566,43,0,0,0,0,0,0,0,0,0,0,0,8,3.2,0.3,11.0,1.5,1,0,0,1,0,0.44,0.00,0.44,0.89,,,,,1.0,,[],,300,30,319,40,142,25,278,33,0.92,0.0,0.0,0.92,1.86,0.0,89,23,276,33,354,43,192,31,0.0,0.0,2.09,Spurs,TOT
True,False,0.0,0.0,212319,0,0,-1,1,0.0,-873,"[{'offset': 0, 'projected_percent': '0.0', 'likelihood': 0}, {'offset': 1, 'projected_percent': '0.0', 'likelihood': 0}, {'offset': 2, 'projected_percent': '0.0', 'likelihood': 0}]",,False,0,4,0.0,0.0,0,Richarlison,0.7,527,False,not included in squad.,2026-09-04T12:32:39.183614Z,5.9,212319.jpg,2.0,False,de Andrade,1.3,False,,u,19,6,2,21439,0,196258,25558,0.1,0.3,Richarlison,Richarlison,30.0,2022-07-01,1997-05-10,False,p212319,67,0,0,0,3,0,0,0,0,0,0,0,6,0.0,2.2,0.0,0.2,1,0,0,1,1,0.00,0.00,0.00,3.02,,,,,,,[],,627,71,242,34,620,72,337,39,0.0,0.0,0.0,0.0,4.06,4.03,94,25,326,40,217,21,156,23,1.34,0.0,1.34,Spurs,TOT
True,False,0.0,0.0,490145,0,0,0,0,0.0,-434,"[{'offset': 0, 'projected_percent': '0.0', 'likelihood': 0}, {'offset': 1, 'projected_percent': '0.0', 'likelihood': 0}, {'offset': 2, 'projected_percent': '0.0', 'likelihood': 0}]",,False,0,4,0.0,0.0,0,Dane,0.0,528,False,Has joined Leyton Orient permanently,2026-09-02T16:02:43.413625Z,4.5,490145.jpg,0.0,False,Scarlett,1.6,False,,u,19,6,0,42525,0,63992,12063,0.0,0.0,Scarlett,,241.0,2020-08-21,2004-03-24,False,p490145,0,0,0,0,0,0,0,0,0,0,0,0,0,0.0,0.0,0.0,0.0,0,0,0,0,0,0.00,0.00,0.00,0.00,,,,,,,[],,436,36,438,42,380,38,446,41,0.0,0.0,0.0,0.0,0.0,0.0,508,66,477,48,477,48,145,22,0.0,0.0,0.0,Spurs,TOT
True,True,,,465920,0,0,-1,1,0.5,5,"[{'offset': 0, 'projected_percent': '0.5', 'likelihood': 1}, {'offset': 1, 'projected_percent': '0.6', 'likelihood': 1}, {'offset': 2, 'projected_percent': '0.6', 'likelihood': 1}]",,False,0,3,0.3,0.3,1,Mykhailo,0.3,578,False,,,5.4,465920.jpg,1.0,False,Mudryk,0.1,False,,a,19,6,1,4691,923,3057,439,0.1,0.2,Mudryk,,225.0,2026-09-01,2001-01-05,False,p465920,16,0,0,0,0,0,0,0,0,0,0,0,3,0.0,0.0,0.0,0.0,0,0,0,0,0,0.00,0.00,0.00,0.16,,,,,,,"[{'property': 'loan_ineligible', 'notes': 'This player will not be available to face their parent club in Gameweek 35 as part of their loan conditions.', 'gameweek': 35, 'url': None}, {'property': 'loan_ineligible', 'notes': 'This player will not be available to face their parent club in Gameweek 8 as part of their loan conditions.', 'gameweek': 8, 'url': None}]",,592,250,598,255,574,236,599,252,0.0,0.0,0.0,0.0,0.9,0.0,219,135,371,172,332,149,466,184,0.0,0.0,0.0,Spurs,TOT
True,True,,,611917,0,0,0,0,0.1,1,"[{'offset': 0, 'projected_percent': '0.1', 'likelihood': 1}, {'offset': 1, 'projected_percent': '0.1', 'likelihood': 1}, {'offset': 2, 'projected_percent': '0.2', 'likelihood': 1}]",,False,0,3,0.0,0.0,0,Luca,0.0,601,False,,,4.5,611917.jpg,0.0,False,Williams-Barnett,0.1,False,,a,19,6,0,8055,952,3347,597,0.0,0.0,Williams-Barnett,,241.0,2025-07-25,2008-10-01,False,p611917,0,0,0,0,0,0,0,0,0,0,0,0,0,0.0,0.0,0.0,0.0,0,0,0,0,0,0.00,0.00,0.00,0.00,,,,,,,[],,477,180,478,189,422,147,487,185,0.0,0.0,0.0,0.0,0.0,0.0,554,283,516,202,516,202,392,145,0.0,0.0,0.0,Spurs,TOT
True,True,,,135720,0,0,0,0,-87.9,1,"[{'offset': 0, 'projected_percent': '-87.9', 'likelihood': -3}, {'offset': 1, 'projected_percent': '-87.4', 'likelihood': -3}, {'offset': 2, 'projected_percent': '-87.0', 'likelihood': -3}]",,False,0,2,0.7,0.7,2,Kevin,0.7,501,False,,,5.0,135720.jpg,2.0,False,Danso,0.2,False,,a,20,56,2,2862,535,6215,471,0.1,0.4,Danso,,14.0,2026-09-01,1998-09-19,False,p135720,90,0,0,0,1,0,0,0,0,0,0,0,9,0.0,0.0,0.0,0.0,7,3,1,8,1,0.00,0.08,0.08,1.21,,,,,,,"[{'property': 'loan_ineligible', 'notes': 'This player will not be available to face their parent club in Gameweek 12 as part of their loan conditions.', 'gameweek': 23, 'url': None}, {'property': 'loan_ineligible', 'notes': 'This player will not be available to face their parent club in Gameweek 12 as part of their loan conditions.', 'gameweek': 12, 'url': None}]",,522,198,524,198,478,191,531,198,0.0,0.0,0.08,0.08,1.21,1.0,248,38,304,113,199,78,359,135,1.0,0.0,8.0,Sunderland,SUN
True,True,,,498016,0,0,0,0,-54.1,-345,"[{'offset': 0, 'projected_percent': '-56.6', 'likelihood': -3}, {'offset': 1, 'projected_percent': '-71.2', 'likelihood': -3}, {'offset': 2, 'projected_percent': '-85.7', 'likelihood': -3}]",,False,0,1,3.0,3.0,2,Robin,3.0,529,False,,,5.0,498016.jpg,3.0,False,Roefs,3.3,False,,a,20,56,9,15764,761,92444,12886,0.6,1.8,Roefs,,152.0,2025-08-01,2003-01-17,False,p498016,270,0,0,1,3,0,0,0,0,0,2,0,40,19.2,0.0,0.0,1.9,4,28,0,0,3,0.00,0.00,0.00,3.96,,,,,,,[],,181,19,566,66,531,66,262,19,0.0,0.67,0.0,0.0,1.32,1.0,329,16,117,13,131,13,99,17,1.0,0.33,0.0,Sunderland,SUN
True,False,0.0,0.0,232571,0,0,0,0,0.0,-8,"[{'offset': 0, 'projected_percent': '0.0', 'likelihood': 0}, {'offset': 1, 'projected_percent': '0.0', 'likelihood': 0}, {'offset': 2, 'projected_percent': '0.0', 'likelihood': 0}]",,False,0,1,0.0,0.0,0,Anthony,0.0,530,False,Has joined Wrexham permanently,2026-08-12T14:08:03.064533Z,4.0,232571.jpg,0.0,False,Patterson,0.1,False,,u,20,56,0,0,0,4267,344,0.0,0.0,Patterson,,241.0,2018-10-09,2000-05-10,False,p232571,0,0,0,0,0,0,0,0,0,0,0,0,0,0.0,0.0,0.0,0.0,0,0,0,0,0,0.00,0.00,0.00,0.00,,,,,,,[],,362,37,354,16,278,15,372,37,0.0,0.0,0.0,0.0,0.0,0.0,609,63,409,37,409,37,385,46,0.0,0.0,0.0,Sunderland,SUN
True,True,,,515046,0,0,0,0,-55.3,-10,"[{'offset': 0, 'projected_percent': '-58.1', 'likelihood': -3}, {'offset': 1, 'projected_percent': '-74.7', 'likelihood': -3}, {'offset': 2, 'projected_percent': '-91.2', 'likelihood': -3}]",,False,0,1,0.0,0.0,0,Melker,0.0,531,False,,,4.5,515046.jpg,0.0,False,Ellborg,0.1,False,,a,20,56,0,681,67,1993,188,0.0,0.0,Ellborg,,206.0,2026-02-01,2003-05-22,False,p515046,0,0,0,0,0,0,0,0,0,0,0,0,0,0.0,0.0,0.0,0.0,0,0,0,0,0,0.00,0.00,0.00,0.00,,,,,,,[],,448,61,450,47,392,46,458,61,0.0,0.0,0.0,0.0,0.0,0.0,520,45,488,61,488,61,448,49,0.0,0.0,0.0,Sunderland,SUN
True,True,,,223827,0,0,0,0,-105.7,-979,"[{'offset': 0, 'projected_percent': '-111.8', 'likelihood': -5}, {'offset': 1, 'projected_percent': '-147.3', 'likelihood': -5}, {'offset': 2, 'projected_percent': '-182.7', 'likelihood': -5}]",,False,0,2,4.0,4.0,4,Daniel,4.0,532,False,,,5.0,223827.jpg,4.0,False,Ballard,3.8,False,,a,20,56,12,30664,2238,171213,26714,0.8,2.4,Ballard,,242.0,2022-07-01,1999-09-22,False,p223827,270,0,0,1,3,0,0,0,1,0,0,0,43,41.8,2.4,7.0,5.1,24,6,5,29,3,0.09,0.15,0.24,3.96,,,,,,,[],,85,38,235,76,170,59,169,62,0.03,0.0,0.05,0.08,1.32,1.0,282,48,74,30,80,33,87,34,1.0,0.33,9.67,Sunderland,SUN
True,True,100.0,100.0,200834,0,0,0,0,-59.6,-160,"[{'offset': 0, 'projected_percent': '-61.3', 'likelihood': -3}, {'offset': 1, 'projected_percent': '-70.6', 'likelihood': -3}, {'offset': 2, 'projected_percent': '-80.0', 'likelihood': -3}]",,False,0,2,4.3,4.3,4,Nordi,4.3,533,False,,2026-08-09T08:30:05.954750Z,5.5,200834.jpg,6.5,False,Mukiele,2.4,False,,a,20,56,13,29304,2298,69491,6099,0.8,2.4,Mukiele,,73.0,2025-08-17,1997-11-01,False,p200834,180,0,0,1,1,0,0,0,0,0,0,1,44,42.6,8.0,2.0,5.3,27,10,6,33,2,0.00,0.03,0.03,2.16,,,,,,,[],,83,36,195,62,242,89,161,60,0.0,0.0,0.02,0.02,1.08,0.5,137,16,63,26,29,14,117,47,1.0,0.5,16.5,Sunderland,SUN
True,True,,,487676,0,0,0,0,-62.9,-1140,"[{'offset': 0, 'projected_percent': '-68.4', 'likelihood': -3}, {'offset': 1, 'projected_percent': '-99.7', 'likelihood': -4}, {'offset': 2, 'projected_percent': '-131.1', 'likelihood': -5}]",,False,0,2,3.0,3.0,1,Trai,3.0,534,False,,,4.5,487676.jpg,3.0,False,Hume,5.0,False,,a,20,56,9,32284,1104,164326,40402,0.7,2.0,Hume,,242.0,2022-01-04,2002-03-18,False,p487676,195,0,0,1,1,0,0,0,0,0,0,0,46,28.0,58.5,15.0,10.2,3,12,9,12,2,0.04,0.28,0.32,3.09,3.0,,,,,,[],,142,63,21,3,113,34,68,17,0.02,0.0,0.13,0.15,1.43,0.46,505,132,112,43,124,50,74,32,0.92,0.46,5.54,Sunderland,SUN
True,True,100.0,100.0,201895,-1,1,-1,1,-13.4,-85,"[{'offset': 0, 'projected_percent': '-17.0', 'likelihood': -1}, {'offset': 1, 'projected_percent': '-38.0', 'likelihood': -2}, {'offset': 2, 'projected_percent': '-59.0', 'likelihood': -3}]",,False,0,2,0.3,0.3,0,Omar,0.3,535,False,,2026-08-09T08:30:05.962393Z,4.9,201895.jpg,1.0,False,Alderete,0.3,False,,a,20,56,1,4231,158,17413,2109,0.1,0.2,Alderete,,168.0,2025-08-12,1996-12-26,False,p201895,23,0,0,0,1,0,0,0,0,0,0,0,2,0.0,0.6,0.0,0.0,0,2,0,0,0,0.00,0.01,0.01,0.10,,,,,,,[],,497,193,297,110,443,185,506,193,0.0,0.0,0.04,0.04,0.39,3.91,384,69,348,127,294,117,286,107,0.0,0.0,0.0,Sunderland,SUN
True,True,,,434399,0,0,0,0,-43.6,-27,"[{'offset': 0, 'projected_percent': '-45.3', 'likelihood': -3}, {'offset': 1, 'projected_percent': '-54.6', 'likelihood': -3}, {'offset': 2, 'projected_percent': '-63.9', 'likelihood': -3}]",,False,0,2,3.0,3.0,2,Reinildo,3.0,536,False,,,4.5,434399.jpg,3.0,False,Mandava,0.4,False,,a,20,56,9,3218,271,9099,1198,0.7,2.0,Reinildo,Reinildo Mandava,146.0,2025-07-08,1994-01-21,False,p434399,270,0,0,1,3,0,0,0,0,0,0,0,49,39.4,33.5,6.0,7.9,15,15,7,22,3,0.00,0.31,0.31,3.96,,,,,,,[],,95,43,70,18,185,64,101,36,0.0,0.0,0.1,0.1,1.32,1.0,486,120,110,42,122,49,273,100,1.0,0.33,7.33,Sunderland,SUN
True,False,0.0,0.0,519634,0,0,0,0,0.0,0,"[{'offset': 0, 'projected_percent': '0.0', 'likelihood': 0}, {'offset': 1, 'projected_percent': '0.0', 'likelihood': 0}, {'offset': 2, 'projected_percent': '0.0', 'likelihood': 0}]",,False,0,2,0.0,0.0,0,Jenson,0.0,537,False,Has joined Swansea City on loan for the rest of the season,2026-08-29T00:34:52.425076Z,4.5,519634.jpg,0.0,False,Seelt,0.0,False,,u,20,56,0,61,0,522,35,0.0,0.0,Seelt,,152.0,2023-07-01,2003-05-23,False,p519634,0,0,0,0,0,0,0,0,0,0,0,0,0,0.0,0.0,0.0,0.0,0,0,0,0,0,0.00,0.00,0.00,0.00,,,,,,,[],,449,181,451,182,393,171,459,181,0.0,0.0,0.0,0.0,0.0,0.0,521,138,489,187,489,187,617,206,0.0,0.0,0.0,Sunderland,SUN
True,False,0.0,0.0,477547,0,0,0,0,0.0,-5,"[{'offset': 0, 'projected_percent': '0.0', 'likelihood': 0}, {'offset': 1, 'projected_percent': '0.0', 'likelihood': 0}, {'offset': 2, 'projected_percent': '0.0', 'likelihood': 0}]",,False,0,2,0.0,0.0,0,Leo Fuhr,0.0,538,False,Has joined KV Mechelen on loan for the rest of the season,2026-08-12T14:08:03.081789Z,4.0,477547.jpg,0.0,False,Hjelde,0.0,False,,u,20,56,0,0,0,1819,149,0.0,0.0,Hjelde,,161.0,2024-01-30,2003-08-26,False,p477547,0,0,0,0,0,0,0,0,0,0,0,0,0,0.0,0.0,0.0,0.0,0,0,0,0,0,0.00,0.00,0.00,0.00,,,,,,,[],,370,136,362,134,287,108,380,136,0.0,0.0,0.0,0.0,0.0,0.0,622,186,417,148,417,148,506,176,0.0,0.0,0.0,Sunderland,SUN
True,True,,,167512,0,0,0,0,-47.5,-261,"[{'offset': 0, 'projected_percent': '-49.6', 'likelihood': -3}, {'offset': 1, 'projected_percent': '-62.0', 'likelihood': -3}, {'offset': 2, 'projected_percent': '-74.4', 'likelihood': -3}]",,False,0,2,0.3,0.3,0,Luke,0.3,539,False,,,4.0,167512.jpg,1.0,False,O'Nien,2.9,False,,a,20,56,1,10579,676,59502,8833,0.1,0.2,O'Nien,,241.0,2018-07-30,1994-11-21,False,p167512,66,0,0,0,1,0,0,0,1,0,0,0,1,11.4,1.4,4.0,1.7,4,4,1,5,1,0.01,0.01,0.02,1.69,,,,,,,[],,226,92,267,93,196,69,268,98,0.01,0.0,0.01,0.02,2.3,1.36,593,165,336,119,264,93,107,42,1.36,0.0,6.82,Sunderland,SUN
True,False,0.0,0.0,105717,0,0,0,0,0.0,-16,"[{'offset': 0, 'projected_percent': '0.0', 'likelihood': 0}, {'offset': 1, 'projected_percent': '0.0', 'likelihood': 0}, {'offset': 2, 'projected_percent': '0.0', 'likelihood': 0}]",,False,0,2,0.0,0.0,0,Arthur,0.0,540,False,Has joined Konyaspor permanently,2026-08-12T14:08:03.097784Z,4.0,105717.jpg,0.0,False,Masuaku,0.2,False,,u,20,56,0,0,0,8569,631,0.0,0.0,Masuaku,,50.0,2025-08-10,1993-11-07,False,p105717,0,0,0,0,0,0,0,0,0,0,0,0,0,0.0,0.0,0.0,0.0,0,0,0,0,0,0.00,0.00,0.00,0.00,,,,,,,[],,349,126,339,122,261,93,358,125,0.0,0.0,0.0,0.0,0.0,0.0,586,161,396,138,396,138,356,133,0.0,0.0,0.0,Sunderland,SUN
True,True,100.0,100.0,93605,0,0,0,0,-1.9,-16,"[{'offset': 0, 'projected_percent': '-3.2', 'likelihood': -1}, {'offset': 1, 'projected_percent': '-10.7', 'likelihood': -1}, {'offset': 2, 'projected_percent': '-18.3', 'likelihood': -1}]",,False,0,2,3.0,3.0,2,Thomas,3.0,541,False,,2026-08-16T08:30:07.830062Z,4.5,93605.jpg,3.0,False,Meunier,0.3,False,,a,20,56,9,3920,271,4628,572,0.7,2.0,Meunier,,21.0,2026-07-15,1991-09-12,False,p93605,243,0,0,1,3,0,0,0,0,0,0,0,32,36.4,25.3,20.0,8.2,12,8,2,14,3,0.21,0.13,0.34,3.51,,,,,,,[],,112,51,103,32,90,23,94,32,0.08,0.0,0.05,0.13,1.3,1.11,430,83,109,41,120,47,303,110,1.11,0.37,5.19,Sunderland,SUN
True,True,,,484420,0,0,-1,1,-53.7,-895,"[{'offset': 0, 'projected_percent': '-57.6', 'likelihood': -3}, {'offset': 1, 'projected_percent': '-80.2', 'likelihood': -3}, {'offset': 2, 'projected_percent': '-102.9', 'likelihood': -5}]",,False,0,3,4.3,4.3,8,Enzo,4.3,542,False,,,5.9,484420.jpg,4.3,False,Le Fée,5.4,False,,a,20,56,13,22056,3350,415147,36187,0.7,2.2,E.Le Fée,,73.0,2025-07-01,2000-02-03,False,p484420,258,1,0,1,2,0,0,0,0,0,0,1,51,8.0,31.1,30.0,7.0,1,7,6,14,3,1.21,0.23,1.44,3.76,1.0,,2.0,,2.0,,[],,249,108,78,50,64,38,124,62,0.42,0.0,0.08,0.5,1.31,0.7,106,67,68,32,73,33,66,21,1.05,0.35,4.88,Sunderland,SUN
True,True,0.0,0.0,547027,-1,1,-1,1,-11.1,-31,"[{'offset': 0, 'projected_percent': '-14.9', 'likelihood': -1}, {'offset': 1, 'projected_percent': '-36.8', 'likelihood': -2}, {'offset': 2, 'projected_percent': '-58.8', 'likelihood': -3}]",,False,0,3,0.0,0.0,0,Habib,1.7,543,False,Hamstring injury - Unknown return date,2026-08-30T16:30:08.428960Z,5.4,547027.jpg,2.5,False,Diarra,0.0,False,,i,20,56,5,508,9,4008,525,0.3,0.9,Diarra,,189.0,2025-07-01,2004-01-03,False,p547027,28,0,1,0,1,0,0,0,0,0,0,0,18,15.6,10.9,2.0,2.9,0,0,0,0,0,0.03,0.16,0.19,0.12,,,,,1.0,,[],https://www.safc.com/news/2026/september/03/le-bris-provides-diarra-injury-update/,203,81,181,103,238,114,221,98,0.1,0.0,0.51,0.61,0.39,3.21,228,143,209,96,163,70,507,207,0.0,0.0,0.0,Sunderland,SUN
True,True,,,84450,0,0,0,0,11.9,-335,"[{'offset': 0, 'projected_percent': '11.1', 'likelihood': 1}, {'offset': 1, 'projected_percent': '6.7', 'likelihood': 1}, {'offset': 2, 'projected_percent': '2.2', 'likelihood': 1}]",,False,0,3,6.0,6.0,3,Granit,6.0,544,False,,,5.5,84450.jpg,6.0,False,Xhaka,4.5,False,,a,20,56,18,96511,8605,78971,13680,1.1,3.3,Xhaka,,207.0,2025-07-30,1992-09-27,False,p84450,270,0,1,1,3,0,0,0,1,0,0,5,72,39.2,89.3,0.0,12.8,7,23,5,35,3,0.06,0.57,0.63,3.96,2.0,,1.0,,,,[],,97,34,6,6,586,246,38,29,0.02,0.0,0.19,0.21,1.32,1.0,123,79,33,14,36,15,79,26,1.0,0.33,11.67,Sunderland,SUN
True,True,,,577669,0,0,0,0,-79.5,-50,"[{'offset': 0, 'projected_percent': '-83.8', 'likelihood': -3}, {'offset': 1, 'projected_percent': '-108.6', 'likelihood': -5}, {'offset': 2, 'projected_percent': '-133.3', 'likelihood': -5}]",,False,0,3,2.0,2.0,1,Noah,2.0,545,False,,,5.0,577669.jpg,2.0,False,Sadiki,0.3,False,,a,20,56,6,3314,262,9706,1259,0.4,1.2,Sadiki,,50.0,2025-07-04,2004-12-17,False,p577669,253,0,0,1,3,0,0,0,1,0,0,0,55,33.0,39.9,31.0,10.4,6,7,3,16,3,0.36,0.23,0.59,3.57,,,,,,,[],,125,46,51,40,61,36,64,40,0.13,0.0,0.08,0.21,1.27,1.07,360,219,186,84,209,91,307,106,1.07,0.36,5.69,Sunderland,SUN
True,False,0.0,0.0,535818,0,0,-1,1,0.0,-14,"[{'offset': 0, 'projected_percent': '0.0', 'likelihood': 0}, {'offset': 1, 'projected_percent': '0.0', 'likelihood': 0}, {'offset': 2, 'projected_percent': '0.0', 'likelihood': 0}]",,False,0,3,0.0,0.0,0,Simon,0.0,546,False,Has joined Ajax on loan for the rest of the season,2026-08-20T14:00:08.416985Z,4.9,535818.jpg,0.0,False,Adingra,0.0,False,,u,20,56,0,240,0,5840,345,0.0,0.0,Adingra,,54.0,2025-07-10,2002-01-01,False,p535818,0,0,0,0,0,0,0,0,0,0,0,0,0,0.0,0.0,0.0,0.0,0,0,0,0,0,0.00,0.00,0.00,0.00,,,,,,,[],https://www.safc.com/news/2026/august/20/le-bris-provides-latest-team-news-ahead-of-ipswich/,511,200,512,208,460,168,521,205,0.0,0.0,0.0,0.0,0.0,0.0,410,248,546,220,546,220,516,211,0.0,0.0,0.0,Sunderland,SUN
True,True,,,461199,0,0,0,0,-101.0,0,"[{'offset': 0, 'projected_percent': '-101.0', 'likelihood': -5}, {'offset': 1, 'projected_percent': '-101.0', 'likelihood': -5}, {'offset': 2, 'projected_percent': '-101.0', 'likelihood': -5}]",,False,0,3,0.3,0.3,0,Romaine,0.3,547,False,,,5.0,461199.jpg,1.0,False,Mundle,0.0,False,,a,20,56,1,141,18,327,43,0.1,0.2,Mundle,,241.0,2024-02-01,2003-04-24,False,p461199,1,0,0,0,0,0,0,0,0,0,0,0,2,8.0,0.1,17.0,2.5,1,0,0,1,0,0.17,0.00,0.17,0.09,,,,,,,[],,247,106,327,165,102,53,233,104,15.3,0.0,0.0,15.3,8.1,0.0,303,182,361,165,313,134,613,262,0.0,0.0,90.0,Sunderland,SUN
True,True,,,554197,0,0,0,0,-103.2,-8,"[{'offset': 0, 'projected_percent': '-106.6', 'likelihood': -5}, {'offset': 1, 'projected_percent': '-126.1', 'likelihood': -5}, {'offset': 2, 'projected_percent': '-145.7', 'likelihood': -5}]",,False,0,3,0.7,0.7,0,Chris,0.7,548,False,,,5.0,554197.jpg,1.0,False,Rigg,0.1,False,,a,20,56,2,274,32,1671,189,0.1,0.4,Rigg,,241.0,2022-12-31,2007-06-18,False,p554197,17,0,0,0,1,0,0,0,0,0,0,0,6,0.0,0.3,0.0,0.0,0,1,0,1,0,0.00,0.00,0.00,0.44,,,,,,,[],,572,239,315,160,547,220,580,242,0.0,0.0,0.0,0.0,2.33,5.29,356,216,310,140,322,141,491,197,0.0,0.0,5.29,Sunderland,SUN
True,True,,,549912,0,0,-1,1,-34.5,-36,"[{'offset': 0, 'projected_percent': '-39.9', 'likelihood': -2}, {'offset': 1, 'projected_percent': '-71.0', 'likelihood': -3}, {'offset': 2, 'projected_percent': '-102.0', 'likelihood': -5}]",,False,0,3,0.3,0.3,0,Chemsdine,0.3,549,False,,,5.4,549912.jpg,1.0,False,Talbi,0.2,False,,a,20,56,1,781,70,7749,778,0.1,0.2,Talbi,,145.0,2025-07-09,2005-05-09,False,p549912,31,0,0,0,1,0,0,0,0,0,0,0,1,0.0,0.9,0.0,0.0,0,2,0,2,0,0.00,0.00,0.00,0.14,,,,,,,[],,599,257,287,146,581,243,605,258,0.0,0.0,0.0,0.0,0.41,2.9,229,144,373,174,336,152,358,131,0.0,0.0,5.81,Sunderland,SUN
True,True,,,699989,0,0,0,0,-50.5,0,"[{'offset': 0, 'projected_percent': '-50.5', 'likelihood': -3}, {'offset': 1, 'projected_percent': '-50.5', 'likelihood': -3}, {'offset': 2, 'projected_percent': '-50.5', 'likelihood': -3}]",,False,0,3,0.0,0.0,0,Djiamgone Jocelin Ta,0.0,550,False,,,5.0,699989.jpg,0.0,False,Bi,0.0,False,,a,20,56,0,151,20,222,20,0.0,0.0,Jocelin.T,,54.0,2026-01-16,2005-02-09,False,p699989,0,0,0,0,0,0,0,0,0,0,0,0,0,0.0,0.0,0.0,0.0,0,0,0,0,0,0.00,0.00,0.00,0.00,,,,,,,[],,581,243,588,249,559,227,589,246,0.0,0.0,0.0,0.0,0.0,0.0,377,229,606,256,606,256,622,267,0.0,0.0,0.0,Sunderland,SUN
True,True,,,536661,0,0,0,0,2.5,-17,"[{'offset': 0, 'projected_percent': '2.4', 'likelihood': 1}, {'offset': 1, 'projected_percent': '2.2', 'likelihood': 1}, {'offset': 2, 'projected_percent': '2.0', 'likelihood': 1}]",,False,0,3,3.3,3.3,2,Nilson,3.3,551,False,,,5.0,536661.jpg,3.3,False,Angulo,0.1,False,,a,20,56,10,10606,495,5287,796,0.7,2.0,N.Angulo,,62.0,2026-02-02,2003-06-19,False,p536661,185,1,0,1,2,0,0,0,1,0,0,0,47,40.0,20.0,16.0,7.6,2,12,3,17,3,0.15,0.12,0.27,3.00,,,3.0,,,,[],,91,32,127,76,107,56,109,56,0.07,0.0,0.06,0.13,1.46,0.97,347,208,100,47,111,49,372,136,1.46,0.49,8.27,Sunderland,SUN
True,True,,,441264,0,0,-1,1,-44.9,-2395,"[{'offset': 0, 'projected_percent': '-51.6', 'likelihood': -3}, {'offset': 1, 'projected_percent': '-90.1', 'likelihood': -3}, {'offset': 2, 'projected_percent': '-128.7', 'likelihood': -5}]",,False,0,4,2.0,2.0,2,Brian,2.0,552,False,,,5.9,441264.jpg,2.0,False,Brobbey,8.5,False,,a,20,56,6,71406,5853,539710,71066,0.3,1.0,Brobbey,,152.0,2025-09-01,2002-02-01,False,p441264,219,0,0,1,2,0,0,0,0,0,0,0,17,0.0,4.3,15.0,1.8,1,6,0,7,3,0.59,0.06,0.65,3.48,,,,,,,[],,628,72,216,29,118,23,265,31,0.24,0.0,0.02,0.26,1.43,0.82,99,26,194,17,219,22,50,7,1.23,0.41,2.88,Sunderland,SUN
True,True,,,437505,0,0,0,0,8.5,427,"[{'offset': 0, 'projected_percent': '9.5', 'likelihood': 1}, {'offset': 1, 'projected_percent': '15.1', 'likelihood': 1}, {'offset': 2, 'projected_percent': '20.8', 'likelihood': 2}]",,False,0,4,4.3,4.3,4,Wilson,4.3,553,False,,,5.5,437505.jpg,4.3,False,Isidor,1.3,False,,a,20,56,13,52098,13798,32100,4622,0.8,2.4,Isidor,,92.0,2025-02-01,2000-08-27,False,p437505,75,1,1,0,1,0,0,0,0,0,0,3,47,29.2,0.3,25.0,5.4,0,2,0,2,0,1.49,0.01,1.50,0.92,,,,,,,[],,135,12,318,39,76,17,158,18,1.79,0.0,0.01,1.8,1.1,1.2,154,40,64,5,69,6,165,25,0.0,0.0,2.4,Sunderland,SUN
True,True,100.0,100.0,638411,0,0,0,0,0.0,0,"[{'offset': 0, 'projected_percent': '0.0', 'likelihood': 0}, {'offset': 1, 'projected_percent': '0.0', 'likelihood': 0}, {'offset': 2, 'projected_percent': '0.0', 'likelihood': 0}]",2026-09-07T23:30:08.541669Z,False,0,2,0.0,0.0,0,Dayann,0.0,612,False,,2026-08-28T13:00:08.950445Z,4.5,638411.jpg,0.0,False,Méthalie,0.0,False,,a,20,56,0,500,43,158,31,0.0,0.0,Methalie,,73.0,2026-08-21,2006-02-15,False,p638411,0,0,0,0,0,0,0,0,0,0,0,0,0,0.0,0.0,0.0,0.0,0,0,0,0,0,0.00,0.00,0.00,0.00,,,,,,,[],,485,190,485,191,430,182,494,190,0.0,0.0,0.0,0.0,0.0,0.0,563,151,523,196,523,196,621,207,0.0,0.0,0.0,Sunderland,SUN
True,True,,,696104,0,0,0,0,0.0,0,"[{'offset': 0, 'projected_percent': '0.0', 'likelihood': 0}, {'offset': 1, 'projected_percent': '0.0', 'likelihood': 0}, {'offset': 2, 'projected_percent': '0.0', 'likelihood': 0}]",2026-09-08T14:02:40.674207Z,False,0,3,0.0,0.0,0,Jules,0.0,613,False,,,4.5,696104.jpg,0.0,False,Ahoka,0.2,False,,a,20,56,0,18254,2597,6010,1314,0.0,0.0,Ahoka,,50.0,2026-08-24,2006-05-08,False,p696104,0,0,0,0,0,0,0,0,0,0,0,0,0,0.0,0.0,0.0,0.0,0,0,0,0,0,0.00,0.00,0.00,0.00,,,,,,,[],,490,188,490,196,435,154,499,192,0.0,0.0,0.0,0.0,0.0,0.0,568,291,528,209,528,209,321,115,0.0,0.0,0.0,Sunderland,SUN
True,True,,,549940,0,0,0,0,0.0,0,"[{'offset': 0, 'projected_percent': '0.0', 'likelihood': 0}, {'offset': 1, 'projected_percent': '0.0', 'likelihood': 0}, {'offset': 2, 'projected_percent': '0.0', 'likelihood': 0}]",2026-09-15T14:57:14.467526Z,False,0,3,2.0,2.0,1,Malick,1.0,646,False,,,5.5,549940.jpg,1.0,False,Fofana,0.0,False,,a,20,56,1,2669,598,375,136,0.2,0.2,Fofana,,21.0,2026-09-01,2005-03-31,False,p549940,16,0,0,0,0,0,0,0,0,0,0,0,3,0.0,0.0,0.0,0.0,0,0,0,0,0,0.00,0.00,0.00,0.39,,,,,,,[],,617,269,621,270,610,262,621,269,0.0,0.0,0.0,0.0,2.19,0.0,184,113,274,124,350,161,552,226,0.0,0.0,0.0,Sunderland,SUN
True,True,,,661313,0,0,0,0,0.0,0,"[{'offset': 0, 'projected_percent': '0.0', 'likelihood': 0}, {'offset': 1, 'projected_percent': '0.0', 'likelihood': 0}, {'offset': 2, 'projected_percent': '0.0', 'likelihood': 0}]",2026-09-15T14:59:53.647628Z,False,0,4,1.0,1.0,0,Juan,0.0,651,False,,,4.5,661313.jpg,0.0,False,Angulo,0.3,False,,a,20,56,0,27033,11094,3936,2100,0.0,0.0,J.Angulo,,62.0,2026-09-01,2008-01-12,False,p661313,0,0,0,0,0,0,0,0,0,0,0,0,0,0.0,0.0,0.0,0.0,0,0,0,0,0,0.00,0.00,0.00,0.00,,,,,,,[],,487,48,487,53,432,50,496,53,0.0,0.0,0.0,0.0,0.0,0.0,565,78,525,59,525,59,296,49,0.0,0.0,0.0,Sunderland,SUN
