element,fixture,opponent_team,total_points,was_home,kickoff_time,team_h_score,team_a_score,round,modified,minutes,goals_scored,assists,clean_sheets,goals_conceded,own_goals,penalties_saved,penalties_missed,yellow_cards,red_cards,saves,bonus,bps,influence,creativity,threat,ict_index,clearances_blocks_interceptions,recoveries,tackles,defensive_contribution,starts,expected_goals,expected_assists,expected_goal_involvements,expected_goals_conceded,value,transfers_balance,selected,transfers_in,transfers_out,player_id
1,1,7,6,True,2026-08-21T19:00:00Z,3,0,1,False,90,0,0,1,0,0,0,0,0,0,1,0,24,11.8,0.0,0.0,1.2,1,8,0,0,1,0.00,0.00,0.00,0.20,60,0,3347153,0,0,1
1,20,2,6,False,2026-08-31T19:00:00Z,0,1,2,False,90,0,0,1,0,0,0,0,0,0,0,0,21,5.6,0.0,0.0,0.6,1,11,0,0,1,0.00,0.00,0.00,0.33,60,24756,3801300,106734,81978,1
2,1,7,0,True,2026-08-21T19:00:00Z,3,0,1,False,0,0,0,0,0,0,0,0,0,0,0,0,0,0.0,0.0,0.0,0.0,0,0,0,0,0,0.00,0.00,0.00,0.00,50,0,7415,0,0,2
2,20,2,0,False,2026-08-31T19:00:00Z,0,1,2,False,0,0,0,0,0,0,0,0,0,0,0,0,0,0.0,0.0,0.0,0.0,0,0,0,0,0,0.00,0.00,0.00,0.00,50,-1067,7844,322,1389,2
3,1,7,0,True,2026-08-21T19:00:00Z,3,0,1,False,0,0,0,0,0,0,0,0,0,0,0,0,0,0.0,0.0,0.0,0.0,0,0,0,0,0,0.00,0.00,0.00,0.00,50,0,2971,0,0,3
3,20,2,0,False,2026-08-31T19:00:00Z,0,1,2,False,0,0,0,0,0,0,0,0,0,0,0,0,0,0.0,0.0,0.0,0.0,0,0,0,0,0,0.00,0.00,0.00,0.00,50,-391,3125,101,492,3
4,1,7,5,True,2026-08-21T19:00:00Z,3,0,1,False,90,0,0,1,0,0,0,0,1,0,0,0,21,6.6,1.8,1.0,0.9,4,2,0,4,1,0.05,0.01,0.06,0.20,80,0,2647984,0,0,4
4,20,2,8,False,2026-08-31T19:00:00Z,0,1,2,False,90,0,0,1,0,0,0,0,0,0,0,0,23,18.2,3.2,6.0,2.7,8,5,2,10,1,0.13,0.02,0.15,0.33,80,-65343,2878770,58765,124108,4
5,1,7,0,True,2026-08-21T19:00:00Z,3,0,1,False,0,0,0,0,0,0,0,0,0,0,0,0,0,0.0,0.0,0.0,0.0,0,0,0,0,0,0.00,0.00,0.00,0.00,65,0,11200,0,0,5
5,20,2,0,False,2026-08-31T19:00:00Z,0,1,2,False,0,0,0,0,0,0,0,0,0,0,0,0,0,0.0,0.0,0.0,0.0,0,0,0,0,0,0.00,0.00,0.00,0.00,65,-2703,9810,401,3104,5
6,1,7,0,True,2026-08-21T19:00:00Z,3,0,1,False,0,0,0,0,0,0,0,0,0,0,0,0,0,0.0,0.0,0.0,0.0,0,0,0,0,0,0.00,0.00,0.00,0.00,60,0,26559,0,0,6
6,20,2,0,False,2026-08-31T19:00:00Z,0,1,2,False,0,0,0,0,0,0,0,0,0,0,0,0,0,0.0,0.0,0.0,0.0,0,0,0,0,0,0.00,0.00,0.00,0.00,60,-5970,25581,846,6816,6
7,1,7,3,True,2026-08-21T19:00:00Z,3,0,1,False,90,0,0,1,0,0,0,0,0,0,0,0,15,11.0,22.9,7.0,4.1,1,5,1,7,1,0.06,0.11,0.17,0.20,55,0,55656,0,0,7
7,20,2,3,False,2026-08-31T19:00:00Z,0,1,2,False,70,0,0,1,0,0,0,0,0,0,0,0,15,10.6,3.2,5.0,1.9,4,1,0,5,1,0.07,0.02,0.09,0.33,55,642,70615,9693,9051,7
8,1,7,9,True,2026-08-21T19:00:00Z,3,0,1,False,80,0,1,1,0,0,0,0,0,0,0,0,31,26.0,12.2,4.0,4.2,4,1,1,5,1,0.04,0.09,0.13,0.06,55,0,3542684,0,0,8
8,20,2,11,False,2026-08-31T19:00:00Z,0,1,2,False,90,0,1,1,0,0,0,0,0,0,0,2,30,21.2,11.9,9.0,4.2,2,4,1,3,1,0.11,0.46,0.57,0.33,56,268472,4150694,310105,41633,8
9,1,7,1,True,2026-08-21T19:00:00Z,3,0,1,False,9,0,0,0,0,0,0,0,0,0,0,0,3,0.4,0.5,0.0,0.1,0,0,0,0,0,0.00,0.00,0.00,0.15,55,0,165924,0,0,9
9,20,2,0,False,2026-08-31T19:00:00Z,0,1,2,False,0,0,0,0,0,0,0,0,0,0,0,0,0,0.0,0.0,0.0,0.0,0,0,0,0,0,0.00,0.00,0.00,0.00,54,-37136,145234,3910,41046,9
10,1,7,11,True,2026-08-21T19:00:00Z,3,0,1,False,90,0,1,1,0,0,0,0,0,0,0,2,37,33.2,26.8,13.0,7.3,4,3,1,5,1,0.18,0.21,0.39,0.20,55,0,401419,0,0,10
10,20,2,7,False,2026-08-31T19:00:00Z,0,1,2,False,90,0,0,1,0,0,0,0,0,0,0,1,26,16.4,20.3,0.0,3.7,3,2,1,4,1,0.00,0.05,0.05,0.33,55,119886,683136,144941,25055,10
11,1,7,6,True,2026-08-21T19:00:00Z,3,0,1,False,90,0,0,1,0,0,0,0,0,0,0,0,27,14.4,0.6,0.0,1.5,6,3,0,6,1,0.00,0.00,0.00,0.20,55,0,571606,0,0,11
11,20,2,6,False,2026-08-31T19:00:00Z,0,1,2,False,78,0,0,1,0,0,0,0,0,0,0,0,25,10.2,1.4,0.0,1.2,4,0,0,4,1,0.00,0.01,0.01,0.33,55,-30539,566006,15410,45949,11
12,1,7,9,True,2026-08-21T19:00:00Z,3,0,1,False,67,1,0,1,0,0,0,0,0,0,0,1,36,42.8,26.1,33.0,10.2,2,4,1,7,1,0.64,0.08,0.72,0.06,95,0,819914,0,0,12
12,20,2,11,False,2026-08-31T19:00:00Z,0,1,2,False,90,1,0,1,0,0,0,0,0,0,0,3,46,41.0,8.0,44.0,9.3,3,6,2,11,1,0.63,0.04,0.67,0.33,95,53683,1039189,88913,35230,12
13,1,7,3,True,2026-08-21T19:00:00Z,3,0,1,False,67,0,0,1,0,0,0,0,0,0,0,0,10,6.8,6.4,2.0,1.5,3,3,0,6,1,0.07,0.08,0.15,0.06,75,0,1604406,0,0,13
13,20,2,5,False,2026-08-31T19:00:00Z,0,1,2,False,84,0,0,1,0,0,0,0,0,0,0,0,19,24.0,27.6,0.0,5.2,2,7,3,12,1,0.00,0.10,0.10,0.33,75,-122235,1662633,35487,157722,13
14,1,7,1,True,2026-08-21T19:00:00Z,3,0,1,False,14,0,0,0,0,0,0,0,0,0,0,0,4,0.0,1.8,1.0,0.1,0,2,0,2,0,0.04,0.00,0.04,0.15,65,0,188164,0,0,14
14,20,2,1,False,2026-08-31T19:00:00Z,0,1,2,False,45,0,0,0,0,0,0,0,0,0,0,0,6,1.6,2.0,2.0,0.6,0,3,0,3,0,0.00,0.07,0.07,0.24,65,-38776,169814,5716,44492,14
15,1,7,11,True,2026-08-21T19:00:00Z,3,0,1,False,75,1,0,1,0,0,0,0,0,0,0,3,41,50.6,41.5,31.0,12.3,1,4,3,8,1,0.21,0.10,0.31,0.06,65,0,717252,0,0,15
15,20,2,3,False,2026-08-31T19:00:00Z,0,1,2,False,70,0,0,1,0,0,0,0,0,0,0,0,13,6.8,6.8,5.0,1.9,2,1,2,5,1,0.08,0.07,0.15,0.33,66,252699,1174125,289559,36860,15
16,1,7,1,True,2026-08-21T19:00:00Z,3,0,1,False,22,0,0,0,0,0,0,0,0,0,0,0,8,9.4,43.1,0.0,5.3,0,2,0,2,0,0.00,0.04,0.04,0.15,65,0,30442,0,0,16
16,20,2,0,False,2026-08-31T19:00:00Z,0,1,2,False,0,0,0,0,0,0,0,0,0,0,0,0,0,0.0,0.0,0.0,0.0,0,0,0,0,0,0.00,0.00,0.00,0.00,64,-6819,29476,1412,8231,16
17,1,7,1,True,2026-08-21T19:00:00Z,3,0,1,False,14,0,0,0,0,0,0,0,0,0,0,0,5,3.6,1.2,14.0,1.9,0,2,0,2,0,0.14,0.02,0.16,0.15,60,0,62671,0,0,17
17,20,2,1,False,2026-08-31T19:00:00Z,0,1,2,False,19,0,0,0,0,0,0,0,0,0,0,0,7,2.8,1.0,0.0,0.4,0,4,0,4,0,0.00,0.00,0.00,0.00,60,-12835,58253,2422,15257,17
18,1,7,0,True,2026-08-21T19:00:00Z,3,0,1,False,0,0,0,0,0,0,0,0,0,0,0,0,0,0.0,0.0,0.0,0.0,0,0,0,0,0,0.00,0.00,0.00,0.00,65,0,21290,0,0,18
18,20,2,0,False,2026-08-31T19:00:00Z,0,1,2,False,0,0,0,0,0,0,0,0,0,0,0,0,0,0.0,0.0,0.0,0.0,0,0,0,0,0,0.00,0.00,0.00,0.00,64,-5718,19331,1318,7036,18
19,1,7,1,True,2026-08-21T19:00:00Z,3,0,1,False,22,0,0,0,0,0,0,0,0,0,0,0,3,3.8,2.3,0.0,0.6,0,2,1,3,0,0.00,0.02,0.02,0.15,55,0,107568,0,0,19
19,20,2,1,False,2026-08-31T19:00:00Z,0,1,2,False,5,0,0,0,0,0,0,0,0,0,0,0,5,4.8,0.9,0.0,0.6,0,0,2,2,0,0.00,0.00,0.00,0.00,55,-19013,94430,1579,20592,19
20,1,7,0,True,2026-08-21T19:00:00Z,3,0,1,False,0,0,0,0,0,0,0,0,0,0,0,0,0,0.0,0.0,0.0,0.0,0,0,0,0,0,0.00,0.00,0.00,0.00,55,0,8920,0,0,20
20,20,2,0,False,2026-08-31T19:00:00Z,0,1,2,False,0,0,0,0,0,0,0,0,0,0,0,0,0,0.0,0.0,0.0,0.0,0,0,0,0,0,0.00,0.00,0.00,0.00,54,-1857,8233,473,2330,20
22,1,7,0,True,2026-08-21T19:00:00Z,3,0,1,False,0,0,0,0,0,0,0,0,0,0,0,0,0,0.0,0.0,0.0,0.0,0,0,0,0,0,0.00,0.00,0.00,0.00,55,0,1260,0,0,22
22,20,2,0,False,2026-08-31T19:00:00Z,0,1,2,False,0,0,0,0,0,0,0,0,0,0,0,0,0,0.0,0.0,0.0,0.0,0,0,0,0,0,0.00,0.00,0.00,0.00,55,-248,1254,76,324,22
23,1,7,0,True,2026-08-21T19:00:00Z,3,0,1,False,0,0,0,0,0,0,0,0,0,0,0,0,0,0.0,0.0,0.0,0.0,0,0,0,0,0,0.00,0.00,0.00,0.00,55,0,892,0,0,23
23,20,2,0,False,2026-08-31T19:00:00Z,0,1,2,False,0,0,0,0,0,0,0,0,0,0,0,0,0,0.0,0.0,0.0,0.0,0,0,0,0,0,0.00,0.00,0.00,0.00,55,-135,979,80,215,23
24,1,7,0,True,2026-08-21T19:00:00Z,3,0,1,False,0,0,0,0,0,0,0,0,0,0,0,0,0,0.0,0.0,0.0,0.0,0,0,0,0,0,0.00,0.00,0.00,0.00,55,0,853,0,0,24
24,20,2,0,False,2026-08-31T19:00:00Z,0,1,2,False,0,0,0,0,0,0,0,0,0,0,0,0,0,0.0,0.0,0.0,0.0,0,0,0,0,0,0.00,0.00,0.00,0.00,55,-108,966,64,172,24
25,1,7,0,True,2026-08-21T19:00:00Z,3,0,1,False,0,0,0,0,0,0,0,0,0,0,0,0,0,0.0,0.0,0.0,0.0,0,0,0,0,0,0.00,0.00,0.00,0.00,75,0,816962,0,0,25
25,20,2,0,False,2026-08-31T19:00:00Z,0,1,2,False,0,0,0,0,0,0,0,0,0,0,0,0,0,0.0,0.0,0.0,0.0,0,0,0,0,0,0.00,0.00,0.00,0.00,74,-229353,650596,8776,238129,25
26,1,7,6,True,2026-08-21T19:00:00Z,3,0,1,False,90,1,0,1,0,0,0,0,0,0,0,0,34,37.2,13.2,25.0,7.5,2,0,0,2,1,0.26,0.03,0.29,0.20,75,0,468616,0,0,26
26,20,2,2,False,2026-08-31T19:00:00Z,0,1,2,False,90,0,0,1,0,0,0,0,0,0,0,0,5,2.4,3.4,23.0,2.9,0,5,0,5,1,0.02,0.03,0.05,0.33,75,148783,752082,187608,38825,26
27,1,7,0,True,2026-08-21T19:00:00Z,3,0,1,False,0,0,0,0,0,0,0,0,0,0,0,0,0,0.0,0.0,0.0,0.0,0,0,0,0,0,0.00,0.00,0.00,0.00,60,0,31403,0,0,27
27,20,2,0,False,2026-08-31T19:00:00Z,0,1,2,False,0,0,0,0,0,0,0,0,0,0,0,0,0,0.0,0.0,0.0,0.0,0,0,0,0,0,0.00,0.00,0.00,0.00,60,-5264,32779,1914,7178,27
31,1,7,0,True,2026-08-21T19:00:00Z,3,0,1,False,0,0,0,0,0,0,0,0,0,0,0,0,0,0.0,0.0,0.0,0.0,0,0,0,0,0,0.00,0.00,0.00,0.00,45,0,1206127,0,0,31
31,20,2,1,False,2026-08-31T19:00:00Z,0,1,2,False,11,0,0,0,0,0,0,0,0,0,0,0,3,3.2,0.1,0.0,0.3,1,0,0,1,0,0.00,0.00,0.00,0.00,45,-179766,1061562,49821,229587,31
452,1,7,0,True,2026-08-21T19:00:00Z,3,0,1,False,0,0,0,0,0,0,0,0,0,0,0,0,0,0.0,0.0,0.0,0.0,0,0,0,0,0,0.00,0.00,0.00,0.00,70,0,391151,0,0,452
452,20,2,1,False,2026-08-31T19:00:00Z,0,1,2,False,19,0,0,0,0,0,0,0,0,0,0,0,4,1.4,0.8,2.0,0.4,0,3,0,3,0,0.00,0.01,0.01,0.00,69,-125705,265263,850,126555,452
557,1,7,6,True,2026-08-21T19:00:00Z,3,0,1,False,75,0,1,1,0,0,0,0,0,0,0,0,30,17.0,39.8,30.0,8.7,2,3,1,6,1,0.19,0.14,0.33,0.06,65,0,2247384,0,0,557
557,20,2,0,False,2026-08-31T19:00:00Z,0,1,2,False,45,0,0,0,0,0,0,0,1,0,0,0,1,0.0,11.8,4.0,1.6,1,2,0,3,1,0.00,0.01,0.01,0.10,65,180987,2597617,236687,55700,557
29,7,5,1,False,2026-08-23T13:00:00Z,4,0,1,False,90,0,0,0,4,0,0,0,0,0,3,0,1,28.2,0.0,0.0,2.8,2,6,0,0,1,0.00,0.00,0.00,3.77,45,0,10183,0,0,29
29,20,1,0,True,2026-08-31T19:00:00Z,0,1,2,False,0,0,0,0,0,0,0,0,0,0,0,0,0,0.0,0.0,0.0,0.0,0,0,0,0,0,0.00,0.00,0.00,0.00,45,-36,13320,845,881,29
30,7,5,0,False,2026-08-23T13:00:00Z,4,0,1,False,0,0,0,0,0,0,0,0,0,0,0,0,0,0.0,0.0,0.0,0.0,0,0,0,0,0,0.00,0.00,0.00,0.00,45,0,13780,0,0,30
30,20,1,0,True,2026-08-31T19:00:00Z,0,1,2,False,0,0,0,0,0,0,0,0,0,0,0,0,0,0.0,0.0,0.0,0.0,0,0,0,0,0,0.00,0.00,0.00,0.00,45,-4977,8690,0,4977,30
32,7,5,-1,False,2026-08-23T13:00:00Z,4,0,1,False,90,0,0,0,4,0,0,0,1,0,0,0,-8,12.0,1.1,0.0,1.3,5,0,2,7,1,0.00,0.00,0.00,3.77,45,0,789072,0,0,32
32,20,1,2,True,2026-08-31T19:00:00Z,0,1,2,False,77,0,0,0,1,0,0,0,0,0,0,0,8,14.0,1.8,7.0,2.3,2,1,4,6,1,0.15,0.01,0.16,1.04,45,-79349,749133,26978,106327,32
33,7,5,1,False,2026-08-23T13:00:00Z,4,0,1,False,16,0,0,0,0,0,0,0,0,0,0,0,5,2.0,0.0,0.0,0.2,0,0,1,1,0,0.00,0.00,0.00,0.22,45,0,29034,0,0,33
33,20,1,0,True,2026-08-31T19:00:00Z,0,1,2,False,0,0,0,0,0,0,0,0,0,0,0,0,0,0.0,0.0,0.0,0.0,0,0,0,0,0,0.00,0.00,0.00,0.00,45,-254,38144,3253,3507,33
34,7,5,0,False,2026-08-23T13:00:00Z,4,0,1,False,73,0,0,0,4,0,0,0,0,0,0,0,-14,0.0,0.7,0.0,0.0,5,1,0,5,1,0.00,0.00,0.00,3.55,45,0,38472,0,0,34
34,20,1,2,True,2026-08-31T19:00:00Z,0,1,2,False,90,0,0,0,1,0,0,0,0,0,0,0,6,11.0,0.8,0.0,1.2,3,8,1,4,1,0.00,0.01,0.01,1.04,45,-3229,41549,1831,5060,34
35,7,5,1,False,2026-08-23T13:00:00Z,4,0,1,False,16,0,0,0,0,0,0,0,0,0,0,0,3,2.2,0.5,0.0,0.3,1,0,0,1,0,0.00,0.00,0.00,0.22,50,0,5822,0,0,35
35,20,1,0,True,2026-08-31T19:00:00Z,0,1,2,False,0,0,0,0,0,0,0,0,0,0,0,0,0,0.0,0.0,0.0,0.0,0,0,0,0,0,0.00,0.00,0.00,0.00,50,-349,6973,636,985,35
36,7,5,0,False,2026-08-23T13:00:00Z,4,0,1,False,81,0,0,0,4,0,0,0,0,0,0,0,-9,9.2,0.8,3.0,1.3,7,2,2,9,1,0.03,0.00,0.03,3.62,45,0,71952,0,0,36
36,20,1,1,True,2026-08-31T19:00:00Z,0,1,2,False,90,0,0,0,1,0,0,0,1,0,0,0,-5,4.8,0.5,12.0,1.7,5,2,3,8,1,0.07,0.00,0.07,1.04,45,-6312,72655,2546,8858,36
37,7,5,-2,False,2026-08-23T13:00:00Z,4,0,1,False,90,0,0,0,4,1,0,0,0,0,0,0,-13,1.8,0.1,0.0,0.2,3,1,0,3,1,0.00,0.00,0.00,3.77,45,0,24630,0,0,37
37,20,1,2,True,2026-08-31T19:00:00Z,0,1,2,False,90,0,0,0,1,0,0,0,0,0,0,0,10,15.0,1.2,0.0,1.6,6,1,1,7,1,0.00,0.08,0.08,1.04,45,-2236,27172,1775,4011,37
38,7,5,0,False,2026-08-23T13:00:00Z,4,0,1,False,0,0,0,0,0,0,0,0,0,0,0,0,0,0.0,0.0,0.0,0.0,0,0,0,0,0,0.00,0.00,0.00,0.00,40,0,157304,0,0,38
38,20,1,0,True,2026-08-31T19:00:00Z,0,1,2,False,0,0,0,0,0,0,0,0,0,0,0,0,0,0.0,0.0,0.0,0.0,0,0,0,0,0,0.00,0.00,0.00,0.00,40,-6584,167046,7339,13923,38
39,7,5,0,False,2026-08-23T13:00:00Z,4,0,1,False,0,0,0,0,0,0,0,0,0,0,0,0,0,0.0,0.0,0.0,0.0,0,0,0,0,0,0.00,0.00,0.00,0.00,40,0,29043,0,0,39
39,20,1,0,True,2026-08-31T19:00:00Z,0,1,2,False,0,0,0,0,0,0,0,0,0,0,0,0,0,0.0,0.0,0.0,0.0,0,0,0,0,0,0.00,0.00,0.00,0.00,40,-7238,21591,0,7238,39
41,7,5,2,False,2026-08-23T13:00:00Z,4,0,1,False,85,0,0,0,4,0,0,0,0,0,0,0,4,0.0,16.3,8.0,2.2,3,3,1,7,1,0.13,0.09,0.22,3.62,60,0,120830,0,0,41
41,20,1,2,True,2026-08-31T19:00:00Z,0,1,2,False,90,0,0,0,1,0,0,0,0,0,0,0,9,5.0,13.2,9.0,2.7,0,4,1,5,1,0.04,0.02,0.06,1.04,60,-16866,114718,5020,21886,41
44,7,5,0,False,2026-08-23T13:00:00Z,4,0,1,False,0,0,0,0,0,0,0,0,0,0,0,0,0,0.0,0.0,0.0,0.0,0,0,0,0,0,0.00,0.00,0.00,0.00,55,0,12940,0,0,44
44,20,1,0,True,2026-08-31T19:00:00Z,0,1,2,False,0,0,0,0,0,0,0,0,0,0,0,0,0,0.0,0.0,0.0,0.0,0,0,0,0,0,0.00,0.00,0.00,0.00,55,-1655,14192,1002,2657,44
45,7,5,1,False,2026-08-23T13:00:00Z,4,0,1,False,81,0,0,0,4,0,0,0,1,0,0,0,8,1.6,2.4,1.0,0.5,2,3,1,6,1,0.04,0.01,0.05,3.62,55,0,290994,0,0,45
45,20,1,1,True,2026-08-31T19:00:00Z,0,1,2,False,90,0,0,0,1,0,0,0,1,0,0,0,2,0.0,12.0,10.0,1.7,1,2,1,4,1,0.05,0.05,0.10,1.04,55,-37047,274653,7606,44653,45
46,7,5,2,False,2026-08-23T13:00:00Z,4,0,1,False,73,0,0,0,4,0,0,0,0,0,0,0,11,9.4,21.4,7.0,3.8,1,0,0,1,1,0.10,0.02,0.12,3.55,50,0,20508,0,0,46
46,20,1,2,True,2026-08-31T19:00:00Z,0,1,2,False,77,0,0,0,1,0,0,0,0,0,0,0,23,12.8,23.3,2.0,3.8,1,6,3,10,1,0.03,0.02,0.05,1.04,50,-841,23246,1875,2716,46
47,7,5,2,False,2026-08-23T13:00:00Z,4,0,1,False,90,0,0,0,4,0,0,0,0,0,0,0,9,11.2,2.8,0.0,1.4,3,2,2,7,1,0.00,0.00,0.00,3.77,50,0,31172,0,0,47
47,20,1,2,True,2026-08-31T19:00:00Z,0,1,2,False,90,0,0,0,1,0,0,0,0,0,0,0,13,10.6,14.2,0.0,2.5,3,4,1,8,1,0.00,0.03,0.03,1.04,50,-2250,33591,2489,4739,47
48,7,5,0,False,2026-08-23T13:00:00Z,4,0,1,False,0,0,0,0,0,0,0,0,0,0,0,0,0,0.0,0.0,0.0,0.0,0,0,0,0,0,0.00,0.00,0.00,0.00,50,0,2081,0,0,48
48,20,1,0,True,2026-08-31T19:00:00Z,0,1,2,False,0,0,0,0,0,0,0,0,0,0,0,0,0,0.0,0.0,0.0,0.0,0,0,0,0,0,0.00,0.00,0.00,0.00,50,-372,2156,157,529,48
49,7,5,0,False,2026-08-23T13:00:00Z,4,0,1,False,0,0,0,0,0,0,0,0,0,0,0,0,0,0.0,0.0,0.0,0.0,0,0,0,0,0,0.00,0.00,0.00,0.00,50,0,394,0,0,49
49,20,1,0,True,2026-08-31T19:00:00Z,0,1,2,False,0,0,0,0,0,0,0,0,0,0,0,0,0,0.0,0.0,0.0,0.0,0,0,0,0,0,0.00,0.00,0.00,0.00,50,-120,271,0,120,49
50,7,5,0,False,2026-08-23T13:00:00Z,4,0,1,False,0,0,0,0,0,0,0,0,0,0,0,0,0,0.0,0.0,0.0,0.0,0,0,0,0,0,0.00,0.00,0.00,0.00,45,0,60228,0,0,50
50,20,1,0,True,2026-08-31T19:00:00Z,0,1,2,False,0,0,0,0,0,0,0,0,0,0,0,0,0,0.0,0.0,0.0,0.0,0,0,0,0,0,0.00,0.00,0.00,0.00,45,-3255,64781,3513,6768,50
51,7,5,2,False,2026-08-23T13:00:00Z,4,0,1,False,90,0,0,0,4,0,0,0,0,0,0,0,12,10.6,11.6,2.0,2.4,0,2,3,5,1,0.00,0.00,0.00,3.77,45,0,60759,0,0,51
51,20,1,2,True,2026-08-31T19:00:00Z,0,1,2,False,70,0,0,0,1,0,0,0,0,0,0,0,5,1.8,4.3,0.0,0.6,0,4,2,6,1,0.00,0.01,0.01,1.01,45,3259,72550,8743,5484,51
52,7,5,1,False,2026-08-23T13:00:00Z,4,0,1,False,8,0,0,0,0,0,0,0,0,0,0,0,5,4.0,0.0,0.0,0.4,1,1,1,3,0,0.00,0.00,0.00,0.14,50,0,3792,0,0,52
52,20,1,0,True,2026-08-31T19:00:00Z,0,1,2,False,19,0,0,0,0,0,0,0,1,0,0,0,2,1.2,0.8,2.0,0.4,0,1,1,2,0,0.00,0.00,0.00,0.02,50,-253,4426,343,596,52
53,7,5,0,False,2026-08-23T13:00:00Z,4,0,1,False,0,0,0,0,0,0,0,0,0,0,0,0,0,0.0,0.0,0.0,0.0,0,0,0,0,0,0.00,0.00,0.00,0.00,60,0,26624,0,0,53
53,20,1,0,True,2026-08-31T19:00:00Z,0,1,2,False,0,0,0,0,0,0,0,0,0,0,0,0,0,0.0,0.0,0.0,0.0,0,0,0,0,0,0.00,0.00,0.00,0.00,60,-8558,18618,232,8790,53
54,7,5,-2,False,2026-08-23T13:00:00Z,4,0,1,False,39,0,0,0,4,0,0,0,0,1,0,0,-2,1.0,11.0,0.0,1.2,1,2,4,7,1,0.00,0.01,0.01,2.58,55,0,6573,0,0,54
54,20,1,0,True,2026-08-31T19:00:00Z,0,1,2,False,0,0,0,0,0,0,0,0,0,0,0,0,0,0.0,0.0,0.0,0.0,0,0,0,0,0,0.00,0.00,0.00,0.00,55,-1729,5096,154,1883,54
55,7,5,0,False,2026-08-23T13:00:00Z,4,0,1,False,0,0,0,0,0,0,0,0,0,0,0,0,0,0.0,0.0,0.0,0.0,0,0,0,0,0,0.00,0.00,0.00,0.00,80,0,898121,0,0,55
55,20,1,0,True,2026-08-31T19:00:00Z,0,1,2,False,0,0,0,0,0,0,0,0,0,0,0,0,0,0.0,0.0,0.0,0.0,0,0,0,0,0,0.00,0.00,0.00,0.00,79,-265828,734872,10632,276460,55
56,7,5,0,False,2026-08-23T13:00:00Z,4,0,1,False,0,0,0,0,0,0,0,0,0,0,0,0,0,0.0,0.0,0.0,0.0,0,0,0,0,0,0.00,0.00,0.00,0.00,55,0,11764,0,0,56
56,20,1,1,True,2026-08-31T19:00:00Z,0,1,2,False,19,0,0,0,0,0,0,0,0,0,0,0,3,0.0,1.3,0.0,0.1,0,0,0,0,0,0.00,0.00,0.00,0.02,55,-2086,10592,597,2683,56
160,7,5,1,False,2026-08-23T13:00:00Z,4,0,1,False,4,0,0,0,0,0,0,0,0,0,0,0,2,0.0,0.0,0.0,0.0,0,0,0,0,0,0.00,0.00,0.00,0.14,60,0,54802,0,0,160
160,20,1,1,True,2026-08-31T19:00:00Z,0,1,2,False,12,0,0,0,0,0,0,0,0,0,0,0,3,0.2,2.0,0.0,0.2,0,2,0,2,0,0.00,0.00,0.00,0.00,60,-8554,53506,2021,10575,160
166,10,10,0,False,2026-08-24T19:00:00Z,2,3,1,False,0,0,0,0,0,0,0,0,0,0,0,0,0,0.0,0.0,0.0,0.0,0,0,0,0,0,0.00,0.00,0.00,0.00,65,0,29435,0,0,166
166,20,1,2,True,2026-08-31T19:00:00Z,0,1,2,False,70,0,0,0,1,0,0,0,0,0,0,0,11,4.2,5.9,2.0,1.2,0,3,0,3,1,0.00,0.10,0.10,1.01,65,-2878,63340,26989,5175,166
582,7,5,0,False,2026-08-23T13:00:00Z,4,0,1,False,0,0,0,0,0,0,0,0,0,0,0,0,0,0.0,0.0,0.0,0.0,0,0,0,0,0,0.00,0.00,0.00,0.00,55,0,46241,0,0,582
582,20,1,0,True,2026-08-31T19:00:00Z,0,1,2,False,0,0,0,0,0,0,0,0,0,0,0,0,0,0.0,0.0,0.0,0.0,0,0,0,0,0,0.00,0.00,0.00,0.00,55,-7757,40291,1166,8923,582
596,7,5,1,False,2026-08-23T13:00:00Z,4,0,1,False,8,0,0,0,0,0,0,0,0,0,0,0,3,4.0,0.0,0.0,0.4,0,0,2,2,0,0.00,0.00,0.00,0.14,45,0,7884,0,0,596
596,20,1,0,True,2026-08-31T19:00:00Z,0,1,2,False,0,0,0,0,0,0,0,0,0,0,0,0,0,0.0,0.0,0.0,0.0,0,0,0,0,0,0.00,0.00,0.00,0.00,45,-243,10673,856,1099,596
597,7,5,0,False,2026-08-23T13:00:00Z,4,0,1,False,0,0,0,0,0,0,0,0,0,0,0,0,0,0.0,0.0,0.0,0.0,0,0,0,0,0,0.00,0.00,0.00,0.00,50,0,61739,0,0,597
597,20,1,2,True,2026-08-31T19:00:00Z,0,1,2,False,90,0,0,0,1,0,0,0,0,0,1,0,8,13.6,0.0,0.0,1.4,2,9,0,0,1,0.00,0.00,0.00,1.04,50,-2542,82325,4229,6771,597
606,7,5,0,False,2026-08-23T13:00:00Z,4,0,1,False,0,0,0,0,0,0,0,0,0,0,0,0,0,0.0,0.0,0.0,0.0,0,0,0,0,0,0.00,0.00,0.00,0.00,40,0,0,0,0,606
606,20,1,0,True,2026-08-31T19:00:00Z,0,1,2,False,0,0,0,0,0,0,0,0,0,0,0,0,0,0.0,0.0,0.0,0.0,0,0,0,0,0,0.00,0.00,0.00,0.00,40,1314,5947,1560,246,606
607,7,5,0,False,2026-08-23T13:00:00Z,4,0,1,False,0,0,0,0,0,0,0,0,0,0,0,0,0,0.0,0.0,0.0,0.0,0,0,0,0,0,0.00,0.00,0.00,0.00,45,0,0,0,0,607
607,20,1,0,True,2026-08-31T19:00:00Z,0,1,2,False,0,0,0,0,0,0,0,0,0,0,0,0,0,0.0,0.0,0.0,0.0,0,0,0,0,0,0.00,0.00,0.00,0.00,45,2771,8874,3603,832,607
611,20,1,1,True,2026-08-31T19:00:00Z,0,1,2,False,12,0,0,0,0,0,0,0,0,0,0,0,4,3.6,0.8,0.0,0.4,0,0,2,2,0,0.00,0.00,0.00,0.00,45,1383,4588,1549,166,611
618,20,1,0,True,2026-08-31T19:00:00Z,0,1,2,False,0,0,0,0,0,0,0,0,0,0,0,0,0,0.0,0.0,0.0,0.0,0,0,0,0,0,0.00,0.00,0.00,0.00,60,205,386,212,7,618
57,8,15,2,False,2026-08-23T13:00:00Z,2,1,1,False,90,0,0,0,2,0,0,0,0,0,4,0,13,36.8,0.0,0.0,3.7,2,5,0,0,1,0.00,0.00,0.00,2.25,45,0,288326,0,0,57
57,12,9,3,True,2026-08-29T14:00:00Z,1,1,2,False,90,0,0,0,1,0,0,0,0,0,5,0,20,33.8,0.0,0.0,3.4,3,8,0,0,1,0.00,0.00,0.00,1.84,45,11325,332768,25378,14053,57
58,8,15,0,False,2026-08-23T13:00:00Z,2,1,1,False,0,0,0,0,0,0,0,0,0,0,0,0,0,0.0,0.0,0.0,0.0,0,0,0,0,0,0.00,0.00,0.00,0.00,40,0,283903,0,0,58
58,12,9,0,True,2026-08-29T14:00:00Z,1,1,2,False,0,0,0,0,0,0,0,0,0,0,0,0,0,0.0,0.0,0.0,0.0,0,0,0,0,0,0.00,0.00,0.00,0.00,40,-1091,317899,9562,10653,58
59,8,15,0,False,2026-08-23T13:00:00Z,2,1,1,False,0,0,0,0,0,0,0,0,0,0,0,0,0,0.0,0.0,0.0,0.0,0,0,0,0,0,0.00,0.00,0.00,0.00,40,0,16822,0,0,59
59,12,9,0,True,2026-08-29T14:00:00Z,1,1,2,False,0,0,0,0,0,0,0,0,0,0,0,0,0,0.0,0.0,0.0,0.0,0,0,0,0,0,0.00,0.00,0.00,0.00,40,-384,18847,1133,1517,59
60,8,15,1,False,2026-08-23T13:00:00Z,2,1,1,False,90,0,0,0,2,0,0,0,0,0,0,0,0,11.6,0.3,0.0,1.2,5,1,1,6,1,0.00,0.00,0.00,2.25,55,0,72436,0,0,60
60,12,9,4,True,2026-08-29T14:00:00Z,1,1,2,False,90,0,0,0,1,0,0,0,0,0,0,0,19,25.6,21.0,4.0,5.1,9,3,3,12,1,0.00,0.74,0.74,1.84,55,2412,89428,9153,6741,60
61,8,15,1,False,2026-08-23T13:00:00Z,2,1,1,False,90,0,0,0,2,0,0,0,0,0,0,0,0,15.4,1.3,0.0,1.7,5,7,2,7,1,0.00,0.00,0.00,2.25,55,0,392050,0,0,61
61,12,9,4,True,2026-08-29T14:00:00Z,1,1,2,False,90,0,0,0,1,0,0,0,0,0,0,2,27,27.8,23.7,4.0,5.6,7,6,2,9,1,0.00,0.07,0.07,1.84,55,-5220,417325,20601,25821,61
62,8,15,0,False,2026-08-23T13:00:00Z,2,1,1,False,0,0,0,0,0,0,0,0,0,0,0,0,0,0.0,0.0,0.0,0.0,0,0,0,0,0,0.00,0.00,0.00,0.00,50,0,15573,0,0,62
62,12,9,0,True,2026-08-29T14:00:00Z,1,1,2,False,0,0,0,0,0,0,0,0,0,0,0,0,0,0.0,0.0,0.0,0.0,0,0,0,0,0,0.00,0.00,0.00,0.00,50,401,19940,2722,2321,62
63,8,15,0,False,2026-08-23T13:00:00Z,2,1,1,False,0,0,0,0,0,0,0,0,0,0,0,0,0,0.0,0.0,0.0,0.0,0,0,0,0,0,0.00,0.00,0.00,0.00,50,0,1122,0,0,63
63,12,9,0,True,2026-08-29T14:00:00Z,1,1,2,False,0,0,0,0,0,0,0,0,0,0,0,0,0,0.0,0.0,0.0,0.0,0,0,0,0,0,0.00,0.00,0.00,0.00,50,-222,1026,74,296,63
64,8,15,1,False,2026-08-23T13:00:00Z,2,1,1,False,90,0,0,0,2,0,0,0,0,0,0,0,4,7.0,0.6,0.0,0.8,4,3,1,5,1,0.00,0.00,0.00,2.25,45,0,8561,0,0,64
64,12,9,1,True,2026-08-29T14:00:00Z,1,1,2,False,90,0,0,0,1,0,0,0,1,0,0,0,5,15.6,15.7,0.0,3.1,4,0,2,6,1,0.00,0.02,0.02,1.84,45,1827,13789,2845,1018,64
65,8,15,0,False,2026-08-23T13:00:00Z,2,1,1,False,0,0,0,0,0,0,0,0,0,0,0,0,0,0.0,0.0,0.0,0.0,0,0,0,0,0,0.00,0.00,0.00,0.00,45,0,1775,0,0,65
65,12,9,0,True,2026-08-29T14:00:00Z,1,1,2,False,0,0,0,0,0,0,0,0,0,0,0,0,0,0.0,0.0,0.0,0.0,0,0,0,0,0,0.00,0.00,0.00,0.00,45,-418,1571,88,506,65
66,8,15,0,False,2026-08-23T13:00:00Z,2,1,1,False,0,0,0,0,0,0,0,0,0,0,0,0,0,0.0,0.0,0.0,0.0,0,0,0,0,0,0.00,0.00,0.00,0.00,40,0,19739,0,0,66
66,12,9,0,True,2026-08-29T14:00:00Z,1,1,2,False,0,0,0,0,0,0,0,0,0,0,0,0,0,0.0,0.0,0.0,0.0,0,0,0,0,0,0.00,0.00,0.00,0.00,40,-2011,18565,416,2427,66
67,8,15,2,False,2026-08-23T13:00:00Z,2,1,1,False,88,0,0,0,1,0,0,0,0,0,0,0,9,6.2,11.3,17.0,3.5,1,0,0,1,1,0.04,0.03,0.07,2.06,65,0,242374,0,0,67
67,12,9,2,True,2026-08-29T14:00:00Z,1,1,2,False,90,0,0,0,1,0,0,0,0,0,0,0,4,8.6,3.5,44.0,5.6,1,3,1,5,1,0.40,0.02,0.42,1.84,65,1501,276541,23680,22179,67
68,8,15,10,False,2026-08-23T13:00:00Z,2,1,1,False,90,1,0,0,2,0,0,0,0,0,0,3,32,40.0,17.2,18.0,7.5,2,4,2,8,1,0.40,0.08,0.48,2.25,60,0,139421,0,0,68
68,12,9,1,True,2026-08-29T14:00:00Z,1,1,2,False,90,0,0,0,1,0,0,0,1,0,0,0,20,15.0,38.3,11.0,6.4,1,6,4,11,1,0.09,0.21,0.30,1.84,60,74776,254437,87207,12431,68
69,8,15,2,False,2026-08-23T13:00:00Z,2,1,1,False,90,0,0,0,2,0,0,0,0,0,0,0,17,11.4,4.8,0.0,1.6,1,6,4,11,1,0.00,0.01,0.01,2.25,60,0,134668,0,0,69
69,12,9,12,True,2026-08-29T14:00:00Z,1,1,2,False,86,1,0,1,0,0,0,0,1,0,0,3,39,47.6,32.1,21.0,10.1,3,9,3,15,1,0.26,0.27,0.53,1.71,60,-4366,145926,8520,12886,69
70,8,15,3,False,2026-08-23T13:00:00Z,2,1,1,False,74,0,0,1,0,0,0,0,0,0,0,0,15,11.0,14.3,17.0,4.2,1,5,3,9,1,0.11,0.00,0.11,1.94,60,0,96045,0,0,70
70,12,9,3,True,2026-08-29T14:00:00Z,1,1,2,False,80,0,0,1,0,0,0,0,0,0,0,0,12,11.2,26.9,57.0,9.5,0,5,0,5,1,0.61,0.05,0.66,1.67,60,6731,123176,16321,9590,70
71,8,15,3,False,2026-08-23T13:00:00Z,2,1,1,False,75,0,0,1,0,0,0,0,0,0,0,0,8,4.6,2.1,0.0,0.7,3,3,1,7,1,0.00,0.00,0.00,1.94,50,0,13065,0,0,71
71,12,9,3,True,2026-08-29T14:00:00Z,1,1,2,False,68,0,0,1,0,0,0,0,0,0,0,0,13,3.8,12.8,0.0,1.7,0,2,0,2,1,0.00,0.01,0.01,1.67,50,1552,18237,3259,1707,71
72,8,15,1,False,2026-08-23T13:00:00Z,2,1,1,False,1,0,0,0,1,0,0,0,0,0,0,0,3,0.2,0.1,2.0,0.2,0,1,0,1,0,0.00,0.00,0.00,0.19,50,0,7889,0,0,72
72,12,9,0,True,2026-08-29T14:00:00Z,1,1,2,False,0,0,0,0,0,0,0,0,0,0,0,0,0,0.0,0.0,0.0,0.0,0,0,0,0,0,0.00,0.00,0.00,0.00,50,-468,8171,365,833,72
73,8,15,1,False,2026-08-23T13:00:00Z,2,1,1,False,15,0,0,0,2,0,0,0,0,0,0,0,4,3.6,0.6,0.0,0.4,3,0,0,3,0,0.00,0.00,0.00,0.31,50,0,19512,0,0,73
73,12,9,1,True,2026-08-29T14:00:00Z,1,1,2,False,21,0,0,0,1,0,0,0,0,0,0,0,4,1.6,1.3,0.0,0.3,0,3,0,3,0,0.00,0.00,0.00,0.16,50,177,22708,3032,2855,73
74,8,15,0,False,2026-08-23T13:00:00Z,2,1,1,False,0,0,0,0,0,0,0,0,0,0,0,0,0,0.0,0.0,0.0,0.0,0,0,0,0,0,0.00,0.00,0.00,0.00,50,0,4610,0,0,74
74,12,9,1,True,2026-08-29T14:00:00Z,1,1,2,False,9,0,0,0,1,0,0,0,0,0,0,0,3,0.0,1.6,0.0,0.1,0,0,0,0,0,0.00,0.01,0.01,0.16,50,-93,5133,602,695,74
75,8,15,0,False,2026-08-23T13:00:00Z,2,1,1,False,0,0,0,0,0,0,0,0,0,0,0,0,0,0.0,0.0,0.0,0.0,0,0,0,0,0,0.00,0.00,0.00,0.00,50,0,1007,0,0,75
75,12,9,1,True,2026-08-29T14:00:00Z,1,1,2,False,3,0,0,0,1,0,0,0,0,0,0,0,5,2.8,0.3,0.0,0.3,0,1,1,2,0,0.00,0.00,0.00,0.13,50,364,1962,560,196,75
76,8,15,1,False,2026-08-23T13:00:00Z,2,1,1,False,15,0,0,0,2,0,0,0,0,0,0,0,5,2.8,0.6,0.0,0.3,0,1,1,2,0,0.00,0.00,0.00,0.31,50,0,1238,0,0,76
76,12,9,0,True,2026-08-29T14:00:00Z,1,1,2,False,0,0,0,0,0,0,0,0,0,0,0,0,0,0.0,0.0,0.0,0.0,0,0,0,0,0,0.00,0.00,0.00,0.00,50,-46,1576,100,146,76
77,8,15,0,False,2026-08-23T13:00:00Z,2,1,1,False,0,0,0,0,0,0,0,0,0,0,0,0,0,0.0,0.0,0.0,0.0,0,0,0,0,0,0.00,0.00,0.00,0.00,50,0,3087,0,0,77
77,12,9,0,True,2026-08-29T14:00:00Z,1,1,2,False,0,0,0,0,0,0,0,0,0,0,0,0,0,0.0,0.0,0.0,0.0,0,0,0,0,0,0.00,0.00,0.00,0.00,50,-922,2226,54,976,77
78,8,15,0,False,2026-08-23T13:00:00Z,2,1,1,False,0,0,0,0,0,0,0,0,0,0,0,0,0,0.0,0.0,0.0,0.0,0,0,0,0,0,0.00,0.00,0.00,0.00,75,0,42378,0,0,78
78,12,9,0,True,2026-08-29T14:00:00Z,1,1,2,False,0,0,0,0,0,0,0,0,0,0,0,0,0,0.0,0.0,0.0,0.0,0,0,0,0,0,0.00,0.00,0.00,0.00,75,-12946,30734,462,13408,78
79,8,15,4,False,2026-08-23T13:00:00Z,2,1,1,False,74,0,1,1,0,0,0,0,1,0,0,0,17,19.4,11.9,2.0,3.3,4,3,1,8,1,0.00,0.21,0.21,1.94,60,0,200122,0,0,79
79,12,9,5,True,2026-08-29T14:00:00Z,1,1,2,False,80,0,1,1,0,0,0,0,0,0,0,0,11,15.0,22.2,22.0,5.9,1,2,0,3,1,0.58,0.04,0.62,1.67,60,53599,300527,72625,19026,79
80,8,15,0,False,2026-08-23T13:00:00Z,2,1,1,False,0,0,0,0,0,0,0,0,0,0,0,0,0,0.0,0.0,0.0,0.0,0,0,0,0,0,0.00,0.00,0.00,0.00,55,0,3581,0,0,80
80,12,9,0,True,2026-08-29T14:00:00Z,1,1,2,False,0,0,0,0,0,0,0,0,0,0,0,0,0,0.0,0.0,0.0,0.0,0,0,0,0,0,0.00,0.00,0.00,0.00,55,-1070,2487,0,1070,80
81,8,15,0,False,2026-08-23T13:00:00Z,2,1,1,False,0,0,0,0,0,0,0,0,0,0,0,0,0,0.0,0.0,0.0,0.0,0,0,0,0,0,0.00,0.00,0.00,0.00,60,0,9051,0,0,81
81,12,9,1,True,2026-08-29T14:00:00Z,1,1,2,False,9,0,0,0,1,0,0,0,0,0,0,0,4,0.0,0.0,0.0,0.0,0,1,0,1,0,0.00,0.00,0.00,0.16,60,-182,11569,1000,1182,81
566,8,15,2,False,2026-08-23T13:00:00Z,2,1,1,False,90,0,0,0,2,0,0,0,1,0,0,0,5,31.4,0.3,0.0,3.2,13,1,0,13,1,0.00,0.00,0.00,2.25,50,0,23702,0,0,566
566,12,9,4,True,2026-08-29T14:00:00Z,1,1,2,False,90,0,0,0,1,0,0,0,0,0,0,0,11,18.6,1.8,13.0,3.3,8,4,2,10,1,0.25,0.03,0.28,1.84,50,5175,36812,7365,2190,566
573,8,15,0,False,2026-08-23T13:00:00Z,2,1,1,False,0,0,0,0,0,0,0,0,0,0,0,0,0,0.0,0.0,0.0,0.0,0,0,0,0,0,0.00,0.00,0.00,0.00,45,0,18342,0,0,573
573,12,9,0,True,2026-08-29T14:00:00Z,1,1,2,False,0,0,0,0,0,0,0,0,0,0,0,0,0,0.0,0.0,0.0,0.0,0,0,0,0,0,0.00,0.00,0.00,0.00,45,-1013,21445,452,1465,573
608,8,15,1,False,2026-08-23T13:00:00Z,2,1,1,False,15,0,0,0,2,0,0,0,0,0,0,0,6,3.4,0.8,17.0,2.1,0,1,0,1,0,0.10,0.00,0.10,0.31,50,0,0,0,0,608
608,12,9,0,True,2026-08-29T14:00:00Z,1,1,2,False,0,0,0,0,0,0,0,0,0,0,0,0,0,0.0,0.0,0.0,0.0,0,0,0,0,0,0.00,0.00,0.00,0.00,50,2056,4738,2477,421,608
615,12,9,0,True,2026-08-29T14:00:00Z,1,1,2,False,0,0,0,0,0,0,0,0,0,0,0,0,0,0.0,0.0,0.0,0.0,0,0,0,0,0,0.00,0.00,0.00,0.00,45,214,593,241,27,615
82,2,19,7,True,2026-08-22T16:30:00Z,3,0,1,False,90,0,0,1,0,0,0,0,0,0,4,0,34,31.4,0.0,0.0,3.1,0,5,0,0,1,0.00,0.01,0.01,0.57,50,0,513912,0,0,82
82,17,13,2,False,2026-08-30T13:00:00Z,1,1,2,False,90,0,0,0,1,0,0,0,0,0,1,0,7,9.4,0.0,0.0,0.9,2,4,0,0,1,0.00,0.00,0.00,1.46,50,54510,649790,74434,19924,82
83,2,19,0,True,2026-08-22T16:30:00Z,3,0,1,False,0,0,0,0,0,0,0,0,0,0,0,0,0,0.0,0.0,0.0,0.0,0,0,0,0,0,0.00,0.00,0.00,0.00,45,0,9667,0,0,83
83,17,13,0,False,2026-08-30T13:00:00Z,1,1,2,False,0,0,0,0,0,0,0,0,0,0,0,0,0,0.0,0.0,0.0,0.0,0,0,0,0,0,0.00,0.00,0.00,0.00,45,-248,10896,642,890,83
84,2,19,6,True,2026-08-22T16:30:00Z,3,0,1,False,90,0,0,1,0,0,0,0,0,0,0,0,21,11.6,21.5,17.0,5.0,3,3,0,3,1,0.34,0.04,0.38,0.57,55,0,156847,0,0,84
84,17,13,3,False,2026-08-30T13:00:00Z,1,1,2,False,90,0,0,0,1,0,0,0,1,0,0,0,14,28.0,0.9,34.0,6.3,11,8,2,13,1,0.17,0.01,0.18,1.46,55,15716,207535,25089,9373,84
85,2,19,0,True,2026-08-22T16:30:00Z,3,0,1,False,0,0,0,0,0,0,0,0,0,0,0,0,0,0.0,0.0,0.0,0.0,0,0,0,0,0,0.00,0.00,0.00,0.00,50,0,14391,0,0,85
85,17,13,0,False,2026-08-30T13:00:00Z,1,1,2,False,0,0,0,0,0,0,0,0,0,0,0,0,0,0.0,0.0,0.0,0.0,0,0,0,0,0,0.00,0.00,0.00,0.00,50,-3978,10710,145,4123,85
86,2,19,10,True,2026-08-22T16:30:00Z,3,0,1,False,90,1,0,1,0,0,0,0,0,0,0,2,37,47.2,15.9,19.0,8.2,4,5,1,10,1,0.77,0.12,0.89,0.57,55,0,38558,0,0,86
86,17,13,6,False,2026-08-30T13:00:00Z,1,1,2,False,87,0,1,0,1,0,0,0,0,0,0,1,29,38.4,31.6,2.0,7.2,3,6,2,11,1,0.02,0.13,0.15,1.46,55,45826,116486,52542,6716,86
87,2,19,8,True,2026-08-22T16:30:00Z,3,0,1,False,90,0,0,1,0,0,0,0,0,0,0,0,29,20.0,0.9,35.0,5.6,8,3,2,10,1,0.11,0.02,0.13,0.57,45,0,318142,0,0,87
87,17,13,3,False,2026-08-30T13:00:00Z,1,1,2,False,90,0,0,0,1,0,0,0,1,0,0,0,7,37.8,21.0,2.0,6.1,17,2,0,17,1,0.00,0.01,0.01,1.46,45,56076,412431,69978,13902,87
88,2,19,13,True,2026-08-22T16:30:00Z,3,0,1,False,75,1,0,1,0,0,0,0,0,0,0,1,36,33.8,1.5,46.0,8.1,4,5,0,4,1,0.50,0.00,0.50,0.47,45,0,282611,0,0,88
88,17,13,2,False,2026-08-30T13:00:00Z,1,1,2,False,87,0,0,0,1,0,0,0,0,0,0,0,9,14.4,16.0,8.0,3.8,3,4,1,4,1,0.02,0.21,0.23,1.46,46,289643,778776,310803,21160,88
89,2,19,0,True,2026-08-22T16:30:00Z,3,0,1,False,0,0,0,0,0,0,0,0,0,0,0,0,0,0.0,0.0,0.0,0.0,0,0,0,0,0,0.00,0.00,0.00,0.00,45,0,22322,0,0,89
89,17,13,1,False,2026-08-30T13:00:00Z,1,1,2,False,2,0,0,0,0,0,0,0,0,0,0,0,3,0.0,0.0,0.0,0.0,0,0,0,0,0,0.00,0.00,0.00,0.00,45,-1602,24226,544,2146,89
90,2,19,1,True,2026-08-22T16:30:00Z,3,0,1,False,14,0,0,0,0,0,0,0,0,0,0,0,2,0.0,0.3,0.0,0.0,0,2,0,0,0,0.00,0.00,0.00,0.10,45,0,5416,0,0,90
90,17,13,1,False,2026-08-30T13:00:00Z,1,1,2,False,2,0,0,0,0,0,0,0,0,0,0,0,6,4.0,4.1,0.0,0.8,0,0,1,1,0,0.00,0.02,0.02,0.00,45,83,7643,623,540,90
92,2,19,0,True,2026-08-22T16:30:00Z,3,0,1,False,0,0,0,0,0,0,0,0,0,0,0,0,0,0.0,0.0,0.0,0.0,0,0,0,0,0,0.00,0.00,0.00,0.00,45,0,1635,0,0,92
92,17,13,0,False,2026-08-30T13:00:00Z,1,1,2,False,0,0,0,0,0,0,0,0,0,0,0,0,0,0.0,0.0,0.0,0.0,0,0,0,0,0,0.00,0.00,0.00,0.00,45,-86,1940,112,198,92
93,2,19,0,True,2026-08-22T16:30:00Z,3,0,1,False,0,0,0,0,0,0,0,0,0,0,0,0,0,0.0,0.0,0.0,0.0,0,0,0,0,0,0.00,0.00,0.00,0.00,45,0,15125,0,0,93
93,17,13,0,False,2026-08-30T13:00:00Z,1,1,2,False,0,0,0,0,0,0,0,0,0,0,0,0,0,0.0,0.0,0.0,0.0,0,0,0,0,0,0.00,0.00,0.00,0.00,45,-1064,16511,142,1206,93
94,2,19,3,True,2026-08-22T16:30:00Z,3,0,1,False,90,0,0,1,0,0,0,0,0,0,0,0,17,14.4,11.8,59.0,8.5,1,5,3,9,1,0.52,0.01,0.53,0.57,60,0,330810,0,0,94
94,17,13,10,False,2026-08-30T13:00:00Z,1,1,2,False,87,1,0,0,1,0,0,0,0,0,0,3,34,45.6,11.1,34.0,9.1,3,4,2,9,1,0.25,0.02,0.27,1.46,60,-791,344201,24998,25789,94
95,2,19,3,True,2026-08-22T16:30:00Z,3,0,1,False,66,0,0,1,0,0,0,0,0,0,0,0,6,1.0,30.8,15.0,4.7,2,4,0,6,1,0.05,0.29,0.34,0.47,65,0,105835,0,0,95
95,17,13,1,False,2026-08-30T13:00:00Z,1,1,2,False,29,0,0,0,1,0,0,0,0,0,0,0,16,15.4,15.5,2.0,3.3,3,3,1,7,0,0.02,0.08,0.10,1.36,65,-3604,110686,7348,10952,95
96,2,19,1,True,2026-08-22T16:30:00Z,3,0,1,False,14,0,0,0,0,0,0,0,0,0,0,0,6,7.6,26.3,0.0,3.4,0,3,1,4,0,0.00,0.11,0.11,0.10,55,0,52929,0,0,96
96,17,13,3,False,2026-08-30T13:00:00Z,1,1,2,False,68,0,0,1,0,0,0,0,0,0,0,0,20,16.6,32.4,25.0,7.4,2,5,2,9,1,0.03,0.13,0.16,0.13,55,-5226,52568,2318,7544,96
97,2,19,6,True,2026-08-22T16:30:00Z,3,0,1,False,66,0,1,1,0,0,0,0,0,0,0,0,22,12.6,46.2,13.0,7.2,0,3,2,5,1,0.08,0.34,0.42,0.47,55,0,16245,0,0,97
97,17,13,0,False,2026-08-30T13:00:00Z,1,1,2,False,0,0,0,0,0,0,0,0,0,0,0,0,0,0.0,0.0,0.0,0.0,0,0,0,0,0,0.00,0.00,0.00,0.00,55,2521,22961,3858,1337,97
98,2,19,9,True,2026-08-22T16:30:00Z,3,0,1,False,90,1,0,1,0,0,0,0,1,0,0,0,35,53.2,38.8,24.0,11.6,6,3,4,13,1,0.39,0.17,0.56,0.57,50,0,9018,0,0,98
98,17,13,1,False,2026-08-30T13:00:00Z,1,1,2,False,90,0,0,0,1,0,0,0,1,0,0,0,11,16.4,35.4,4.0,5.6,5,2,3,10,1,0.00,0.14,0.14,1.46,50,29474,49684,33759,4285,98
99,2,19,0,True,2026-08-22T16:30:00Z,3,0,1,False,0,0,0,0,0,0,0,0,0,0,0,0,0,0.0,0.0,0.0,0.0,0,0,0,0,0,0.00,0.00,0.00,0.00,50,0,187,0,0,99
99,17,13,0,False,2026-08-30T13:00:00Z,1,1,2,False,0,0,0,0,0,0,0,0,0,0,0,0,0,0.0,0.0,0.0,0.0,0,0,0,0,0,0.00,0.00,0.00,0.00,50,-17,190,28,45,99
100,2,19,0,True,2026-08-22T16:30:00Z,3,0,1,False,0,0,0,0,0,0,0,0,0,0,0,0,0,0.0,0.0,0.0,0.0,0,0,0,0,0,0.00,0.00,0.00,0.00,50,0,1459,0,0,100
100,17,13,0,False,2026-08-30T13:00:00Z,1,1,2,False,0,0,0,0,0,0,0,0,0,0,0,0,0,0.0,0.0,0.0,0.0,0,0,0,0,0,0.00,0.00,0.00,0.00,50,-91,1624,155,246,100
102,2,19,1,True,2026-08-22T16:30:00Z,3,0,1,False,23,0,0,0,0,0,0,0,0,0,0,0,7,2.2,0.8,3.0,0.6,1,3,2,6,0,0.04,0.00,0.04,0.10,50,0,123741,0,0,102
102,17,13,1,False,2026-08-30T13:00:00Z,1,1,2,False,21,0,0,0,1,0,0,0,0,0,0,0,4,3.0,12.5,4.0,2.0,0,0,0,0,0,0.00,0.01,0.01,1.32,50,-12434,112295,745,13179,102
103,2,19,0,True,2026-08-22T16:30:00Z,3,0,1,False,0,0,0,0,0,0,0,0,0,0,0,0,0,0.0,0.0,0.0,0.0,0,0,0,0,0,0.00,0.00,0.00,0.00,50,0,2396,0,0,103
103,17,13,0,False,2026-08-30T13:00:00Z,1,1,2,False,0,0,0,0,0,0,0,0,0,0,0,0,0,0.0,0.0,0.0,0.0,0,0,0,0,0,0.00,0.00,0.00,0.00,50,-189,2549,164,353,103
105,2,19,1,True,2026-08-22T16:30:00Z,3,0,1,False,23,0,0,0,0,0,0,0,0,0,0,0,9,10.6,34.9,1.0,4.7,0,6,2,8,0,0.03,0.35,0.38,0.10,60,0,14244,0,0,105
105,17,13,2,False,2026-08-30T13:00:00Z,1,1,2,False,60,0,0,1,0,0,0,0,1,0,0,0,4,3.2,25.9,15.0,4.4,0,1,0,1,1,0.11,0.06,0.17,0.09,60,-433,16949,1958,2391,105
106,2,19,0,True,2026-08-22T16:30:00Z,3,0,1,False,82,0,0,1,0,0,0,1,0,0,0,0,-3,2.2,4.0,8.0,1.4,1,4,0,5,1,1.00,0.08,1.08,0.50,80,0,1509299,0,0,106
106,17,13,2,False,2026-08-30T13:00:00Z,1,1,2,False,90,0,0,0,1,0,0,0,0,0,0,0,2,2.4,6.2,55.0,6.4,0,3,1,4,1,0.80,0.01,0.81,1.46,80,-49395,1635017,91772,141167,106
107,2,19,0,True,2026-08-22T16:30:00Z,3,0,1,False,0,0,0,0,0,0,0,0,0,0,0,0,0,0.0,0.0,0.0,0.0,0,0,0,0,0,0.00,0.00,0.00,0.00,45,0,78000,0,0,107
107,17,13,0,False,2026-08-30T13:00:00Z,1,1,2,False,0,0,0,0,0,0,0,0,0,0,0,0,0,0.0,0.0,0.0,0.0,0,0,0,0,0,0.00,0.00,0.00,0.00,45,-252,89302,8191,8443,107
108,2,19,1,True,2026-08-22T16:30:00Z,3,0,1,False,7,0,0,0,0,0,0,0,0,0,0,0,4,2.2,10.3,5.0,1.8,0,0,0,0,0,0.03,0.04,0.07,0.07,55,0,30450,0,0,108
108,17,13,1,False,2026-08-30T13:00:00Z,1,1,2,False,2,0,0,0,0,0,0,0,0,0,0,0,3,0.0,0.1,7.0,0.7,0,1,0,1,0,0.04,0.00,0.04,0.00,55,-457,37634,4351,4808,108
565,2,19,14,True,2026-08-22T16:30:00Z,3,0,1,False,75,0,2,1,0,0,0,0,0,0,0,3,41,31.6,21.8,21.0,7.4,4,7,2,13,1,0.05,0.33,0.38,0.47,55,0,294770,0,0,565
565,17,13,4,False,2026-08-30T13:00:00Z,1,1,2,False,90,0,0,0,1,0,0,0,0,0,0,0,16,24.4,25.3,11.0,6.1,5,5,4,14,1,0.21,0.03,0.24,1.46,56,420422,902725,443762,23340,565
620,17,13,0,False,2026-08-30T13:00:00Z,1,1,2,False,0,0,0,0,0,0,0,0,0,0,0,0,0,0.0,0.0,0.0,0.0,0,0,0,0,0,0.00,0.00,0.00,0.00,45,563,817,600,37,620
109,7,2,6,True,2026-08-23T13:00:00Z,4,0,1,False,90,0,0,1,0,0,0,0,0,0,0,0,25,6.6,0.0,0.0,0.7,0,4,0,0,1,0.00,0.00,0.00,0.29,45,0,1987586,0,0,109
109,16,6,0,False,2026-08-30T13:00:00Z,4,3,2,False,90,0,0,0,4,0,0,0,0,0,1,0,-1,10.2,0.0,0.0,1.0,0,14,0,0,1,0.00,0.00,0.00,2.93,45,39276,2133814,84756,45480,109
111,7,2,0,True,2026-08-23T13:00:00Z,4,0,1,False,0,0,0,0,0,0,0,0,0,0,0,0,0,0.0,0.0,0.0,0.0,0,0,0,0,0,0.00,0.00,0.00,0.00,40,0,369830,0,0,111
111,16,6,0,False,2026-08-30T13:00:00Z,4,3,2,False,0,0,0,0,0,0,0,0,0,0,0,0,0,0.0,0.0,0.0,0.0,0,0,0,0,0,0.00,0.00,0.00,0.00,40,-3330,398691,10714,14044,111
113,7,2,0,True,2026-08-23T13:00:00Z,4,0,1,False,0,0,0,0,0,0,0,0,0,0,0,0,0,0.0,0.0,0.0,0.0,0,0,0,0,0,0.00,0.00,0.00,0.00,45,0,265528,0,0,113
113,16,6,0,False,2026-08-30T13:00:00Z,4,3,2,False,90,0,0,0,4,0,0,0,0,0,0,0,-4,2.8,16.7,8.0,2.8,0,2,0,0,1,0.02,0.01,0.03,2.93,45,-48824,221172,2580,51404,113
114,7,2,6,True,2026-08-23T13:00:00Z,4,0,1,False,90,0,0,1,0,0,0,0,0,0,0,0,29,15.2,7.3,6.0,2.9,5,4,1,6,1,0.00,0.04,0.04,0.29,45,0,19109,0,0,114
114,16,6,-1,False,2026-08-30T13:00:00Z,4,3,2,False,90,0,0,0,4,0,0,0,1,0,0,0,-2,16.8,26.6,11.0,5.4,3,2,0,3,1,0.05,0.11,0.16,2.93,45,2544,26909,4103,1559,114
115,7,2,17,True,2026-08-23T13:00:00Z,4,0,1,False,77,1,1,1,0,0,0,0,0,0,0,2,46,40.6,45.3,43.0,12.9,1,3,3,4,1,1.47,0.21,1.68,0.29,45,0,151636,0,0,115
115,16,6,0,False,2026-08-30T13:00:00Z,4,3,2,False,90,0,0,0,4,0,0,0,0,0,0,0,-2,8.8,23.7,5.0,3.8,2,3,0,2,1,0.03,0.05,0.08,2.93,46,473840,847829,494998,21158,115
116,7,2,6,True,2026-08-23T13:00:00Z,4,0,1,False,90,0,0,1,0,0,0,0,0,0,0,0,24,13.4,6.4,0.0,2.0,1,2,1,2,1,0.00,0.04,0.04,0.29,45,0,88762,0,0,116
116,16,6,-1,False,2026-08-30T13:00:00Z,4,3,2,False,90,0,0,0,4,0,0,0,1,0,0,0,-4,14.8,2.0,0.0,1.7,2,4,1,3,1,0.00,0.01,0.01,2.93,45,8033,118436,13343,5310,116
117,7,2,0,True,2026-08-23T13:00:00Z,4,0,1,False,0,0,0,0,0,0,0,0,0,0,0,0,0,0.0,0.0,0.0,0.0,0,0,0,0,0,0.00,0.00,0.00,0.00,45,0,1583,0,0,117
117,16,6,0,False,2026-08-30T13:00:00Z,4,3,2,False,0,0,0,0,0,0,0,0,0,0,0,0,0,0.0,0.0,0.0,0.0,0,0,0,0,0,0.00,0.00,0.00,0.00,45,-33,1892,191,224,117
118,7,2,0,True,2026-08-23T13:00:00Z,4,0,1,False,0,0,0,0,0,0,0,0,0,0,0,0,0,0.0,0.0,0.0,0.0,0,0,0,0,0,0.00,0.00,0.00,0.00,45,0,7195,0,0,118
118,16,6,0,False,2026-08-30T13:00:00Z,4,3,2,False,0,0,0,0,0,0,0,0,0,0,0,0,0,0.0,0.0,0.0,0.0,0,0,0,0,0,0.00,0.00,0.00,0.00,45,-404,8240,471,875,118
119,7,2,1,True,2026-08-23T13:00:00Z,4,0,1,False,26,0,0,0,0,0,0,0,0,0,0,0,7,8.2,1.9,18.0,2.8,3,0,1,4,0,0.12,0.00,0.12,0.10,45,0,2148,0,0,119
119,16,6,0,False,2026-08-30T13:00:00Z,4,3,2,False,10,0,0,0,0,0,0,0,1,0,0,0,-1,0.0,0.3,0.0,0.0,0,0,0,0,0,0.00,0.00,0.00,0.04,45,59,3512,285,226,119
120,7,2,0,True,2026-08-23T13:00:00Z,4,0,1,False,0,0,0,0,0,0,0,0,0,0,0,0,0,0.0,0.0,0.0,0.0,0,0,0,0,0,0.00,0.00,0.00,0.00,50,0,3997,0,0,120
120,16,6,0,False,2026-08-30T13:00:00Z,4,3,2,False,0,0,0,0,0,0,0,0,0,0,0,0,0,0.0,0.0,0.0,0.0,0,0,0,0,0,0.00,0.00,0.00,0.00,50,84,5185,768,684,120
121,7,2,0,True,2026-08-23T13:00:00Z,4,0,1,False,0,0,0,0,0,0,0,0,0,0,0,0,0,0.0,0.0,0.0,0.0,0,0,0,0,0,0.00,0.00,0.00,0.00,60,0,4360,0,0,121
121,16,6,0,False,2026-08-30T13:00:00Z,4,3,2,False,0,0,0,0,0,0,0,0,0,0,0,0,0,0.0,0.0,0.0,0.0,0,0,0,0,0,0.00,0.00,0.00,0.00,60,-1078,4114,159,1237,121
122,7,2,0,True,2026-08-23T13:00:00Z,4,0,1,False,0,0,0,0,0,0,0,0,0,0,0,0,0,0.0,0.0,0.0,0.0,0,0,0,0,0,0.00,0.00,0.00,0.00,60,0,9337,0,0,122
122,16,6,0,False,2026-08-30T13:00:00Z,4,3,2,False,0,0,0,0,0,0,0,0,0,0,0,0,0,0.0,0.0,0.0,0.0,0,0,0,0,0,0.00,0.00,0.00,0.00,60,-3381,6199,140,3521,122
123,7,2,16,True,2026-08-23T13:00:00Z,4,0,1,False,63,2,0,1,0,0,0,0,0,0,0,3,54,72.8,13.4,59.0,14.5,0,1,2,3,1,1.41,0.02,1.43,0.19,60,0,39219,0,0,123
123,16,6,0,False,2026-08-30T13:00:00Z,4,3,2,False,0,0,0,0,0,0,0,0,0,0,0,0,0,0.0,0.0,0.0,0.0,0,0,0,0,0,0.00,0.00,0.00,0.00,60,101743,230171,139828,38085,123
124,7,2,2,True,2026-08-23T13:00:00Z,4,0,1,False,90,0,0,1,0,0,0,0,1,0,0,0,18,21.0,56.9,8.0,8.6,0,2,3,5,1,0.00,0.27,0.27,0.29,55,0,1308033,0,0,124
124,16,6,13,False,2026-08-30T13:00:00Z,4,3,2,False,90,1,1,0,4,0,0,0,0,0,0,3,46,47.8,33.2,23.0,10.4,2,3,1,6,1,0.05,0.11,0.16,2.93,55,-81694,1268429,24179,105873,124
125,7,2,5,True,2026-08-23T13:00:00Z,4,0,1,False,90,0,1,1,0,0,0,0,0,0,0,0,22,19.8,11.4,15.0,4.6,1,4,2,7,1,0.08,0.44,0.52,0.29,55,0,78765,0,0,125
125,16,6,0,False,2026-08-30T13:00:00Z,4,3,2,False,0,0,0,0,0,0,0,0,0,0,0,0,0,0.0,0.0,0.0,0.0,0,0,0,0,0,0.00,0.00,0.00,0.00,55,8880,98683,23887,15007,125
126,7,2,0,True,2026-08-23T13:00:00Z,4,0,1,False,0,0,0,0,0,0,0,0,0,0,0,0,0,0.0,0.0,0.0,0.0,0,0,0,0,0,0.00,0.00,0.00,0.00,55,0,8249,0,0,126
126,16,6,0,False,2026-08-30T13:00:00Z,4,3,2,False,0,0,0,0,0,0,0,0,0,0,0,0,0,0.0,0.0,0.0,0.0,0,0,0,0,0,0.00,0.00,0.00,0.00,55,-696,10143,656,1352,126
127,7,2,6,True,2026-08-23T13:00:00Z,4,0,1,False,85,0,1,1,0,0,0,0,0,0,0,0,27,33.0,25.1,41.0,9.9,2,1,3,6,1,0.18,0.48,0.66,0.29,50,0,355972,0,0,127
127,16,6,5,False,2026-08-30T13:00:00Z,4,3,2,False,90,0,1,0,4,0,0,0,0,0,0,0,15,4.6,20.3,42.0,6.7,1,2,2,5,1,0.38,0.17,0.55,2.93,50,7080,380491,23952,16872,127
128,7,2,0,True,2026-08-23T13:00:00Z,4,0,1,False,0,0,0,0,0,0,0,0,0,0,0,0,0,0.0,0.0,0.0,0.0,0,0,0,0,0,0.00,0.00,0.00,0.00,50,0,528,0,0,128
128,16,6,0,False,2026-08-30T13:00:00Z,4,3,2,False,0,0,0,0,0,0,0,0,0,0,0,0,0,0.0,0.0,0.0,0.0,0,0,0,0,0,0.00,0.00,0.00,0.00,50,-173,346,0,173,128
129,7,2,2,True,2026-08-23T13:00:00Z,4,0,1,False,63,0,0,1,0,0,0,0,1,0,0,0,8,0.0,15.0,6.0,1.7,1,3,0,4,1,0.11,0.03,0.14,0.19,55,0,61091,0,0,129
129,16,6,0,False,2026-08-30T13:00:00Z,4,3,2,False,0,0,0,0,0,0,0,0,0,0,0,0,0,0.0,0.0,0.0,0.0,0,0,0,0,0,0.00,0.00,0.00,0.00,55,-4277,62632,3334,7611,129
130,7,2,7,True,2026-08-23T13:00:00Z,4,0,1,False,77,0,0,1,0,0,0,0,0,0,0,1,32,16.6,26.3,6.0,4.9,4,5,4,8,1,0.09,0.05,0.14,0.29,50,0,22925,0,0,130
130,16,6,0,False,2026-08-30T13:00:00Z,4,3,2,False,79,0,0,0,4,0,0,0,0,0,0,0,6,20.4,9.2,4.0,3.4,7,4,0,7,1,0.03,0.08,0.11,2.89,50,10371,43921,13428,3057,130
132,7,2,0,True,2026-08-23T13:00:00Z,4,0,1,False,0,0,0,0,0,0,0,0,0,0,0,0,0,0.0,0.0,0.0,0.0,0,0,0,0,0,0.00,0.00,0.00,0.00,45,0,6770,0,0,132
132,16,6,0,False,2026-08-30T13:00:00Z,4,3,2,False,0,0,0,0,0,0,0,0,0,0,0,0,0,0.0,0.0,0.0,0.0,0,0,0,0,0,0.00,0.00,0.00,0.00,45,-1532,5161,0,1532,132
133,7,2,0,True,2026-08-23T13:00:00Z,4,0,1,False,0,0,0,0,0,0,0,0,0,0,0,0,0,0.0,0.0,0.0,0.0,0,0,0,0,0,0.00,0.00,0.00,0.00,50,0,241,0,0,133
133,16,6,0,False,2026-08-30T13:00:00Z,4,3,2,False,0,0,0,0,0,0,0,0,0,0,0,0,0,0.0,0.0,0.0,0.0,0,0,0,0,0,0.00,0.00,0.00,0.00,50,-56,182,0,56,133
134,7,2,0,True,2026-08-23T13:00:00Z,4,0,1,False,0,0,0,0,0,0,0,0,0,0,0,0,0,0.0,0.0,0.0,0.0,0,0,0,0,0,0.00,0.00,0.00,0.00,45,0,24725,0,0,134
134,16,6,0,False,2026-08-30T13:00:00Z,4,3,2,False,0,0,0,0,0,0,0,0,0,0,0,0,0,0.0,0.0,0.0,0.0,0,0,0,0,0,0.00,0.00,0.00,0.00,45,-1072,27277,1708,2780,134
135,7,2,1,True,2026-08-23T13:00:00Z,4,0,1,False,12,0,0,0,0,0,0,0,0,0,0,0,3,0.2,1.3,0.0,0.2,0,0,0,0,0,0.00,0.03,0.03,0.00,50,0,6623,0,0,135
135,16,6,0,False,2026-08-30T13:00:00Z,4,3,2,False,0,0,0,0,0,0,0,0,0,0,0,0,0,0.0,0.0,0.0,0.0,0,0,0,0,0,0.00,0.00,0.00,0.00,50,-506,6909,373,879,135
137,7,2,0,True,2026-08-23T13:00:00Z,4,0,1,False,0,0,0,0,0,0,0,0,0,0,0,0,0,0.0,0.0,0.0,0.0,0,0,0,0,0,0.00,0.00,0.00,0.00,55,0,879,0,0,137
137,16,6,0,False,2026-08-30T13:00:00Z,4,3,2,False,0,0,0,0,0,0,0,0,0,0,0,0,0,0.0,0.0,0.0,0.0,0,0,0,0,0,0.00,0.00,0.00,0.00,55,-168,839,84,252,137
138,7,2,1,True,2026-08-23T13:00:00Z,4,0,1,False,26,0,0,0,0,0,0,0,0,0,0,0,-1,0.0,0.4,10.0,0.9,0,1,1,2,0,0.18,0.00,0.18,0.10,55,0,19339,0,0,138
138,16,6,5,False,2026-08-30T13:00:00Z,4,3,2,False,79,0,1,0,4,0,0,0,0,0,0,0,17,5.0,15.1,17.0,3.7,0,6,0,6,1,0.17,0.02,0.19,2.89,55,-767,22097,1384,2151,138
139,7,2,0,True,2026-08-23T13:00:00Z,4,0,1,False,0,0,0,0,0,0,0,0,0,0,0,0,0,0.0,0.0,0.0,0.0,0,0,0,0,0,0.00,0.00,0.00,0.00,50,0,2877,0,0,139
139,16,6,0,False,2026-08-30T13:00:00Z,4,3,2,False,0,0,0,0,0,0,0,0,0,0,0,0,0,0.0,0.0,0.0,0.0,0,0,0,0,0,0.00,0.00,0.00,0.00,50,-305,3163,318,623,139
328,7,2,0,True,2026-08-23T13:00:00Z,4,0,1,False,0,0,0,0,0,0,0,0,0,0,0,0,0,0.0,0.0,0.0,0.0,0,0,0,0,0,0.00,0.00,0.00,0.00,50,0,19933,0,0,328
328,16,6,0,False,2026-08-30T13:00:00Z,4,3,2,False,0,0,0,0,0,0,0,0,0,0,0,0,0,0.0,0.0,0.0,0.0,0,0,0,0,0,0.00,0.00,0.00,0.00,50,-1138,22519,1416,2554,328
504,7,2,6,True,2026-08-23T13:00:00Z,4,0,1,False,90,0,0,1,0,0,0,0,0,0,0,0,19,12.4,4.5,12.0,2.9,4,2,0,4,1,0.13,0.03,0.16,0.29,50,0,221596,0,0,504
504,16,6,0,False,2026-08-30T13:00:00Z,4,3,2,False,90,0,0,0,4,0,0,0,0,0,0,0,-2,22.8,8.3,5.0,3.6,7,3,1,8,1,0.03,0.02,0.05,2.93,50,8839,250629,21186,12347,504
594,7,2,0,True,2026-08-23T13:00:00Z,4,0,1,False,0,0,0,0,0,0,0,0,0,0,0,0,0,0.0,0.0,0.0,0.0,0,0,0,0,0,0.00,0.00,0.00,0.00,60,0,20944,0,0,594
594,16,6,1,False,2026-08-30T13:00:00Z,4,3,2,False,10,0,0,0,0,0,0,0,0,0,0,0,3,0.0,3.7,0.0,0.4,0,0,0,0,0,0.00,0.00,0.00,0.04,60,-1622,25435,2519,4141,594
600,7,2,1,True,2026-08-23T13:00:00Z,4,0,1,False,12,0,0,0,0,0,0,0,0,0,0,0,7,4.2,15.4,4.0,2.4,0,2,0,2,0,0.00,0.05,0.05,0.00,50,0,633,0,0,600
600,16,6,1,False,2026-08-30T13:00:00Z,4,3,2,False,16,0,0,0,1,0,0,0,0,0,0,0,6,3.0,1.3,2.0,0.6,0,0,1,1,0,0.00,0.01,0.01,0.10,50,75,1521,218,143,600
605,7,2,1,True,2026-08-23T13:00:00Z,4,0,1,False,4,0,0,0,0,0,0,0,0,0,0,0,3,0.6,2.7,0.0,0.3,0,0,0,0,0,0.00,0.01,0.01,0.00,45,0,0,0,0,605
605,16,6,8,False,2026-08-30T13:00:00Z,4,3,2,False,73,1,0,0,3,0,0,0,0,0,0,1,39,50.8,20.1,42.0,11.3,2,2,3,7,1,0.70,0.16,0.86,2.83,45,3387,9806,4339,952,605
614,16,6,0,False,2026-08-30T13:00:00Z,4,3,2,False,0,0,0,0,0,0,0,0,0,0,0,0,0,0.0,0.0,0.0,0.0,0,0,0,0,0,0.00,0.00,0.00,0.00,45,952,1839,1006,54,614
624,16,6,0,False,2026-08-30T13:00:00Z,4,3,2,False,0,0,0,0,0,0,0,0,0,0,0,0,0,0.0,0.0,0.0,0.0,0,0,0,0,0,0.00,0.00,0.00,0.00,50,0,0,0,0,624
28,7,5,0,False,2026-08-23T13:00:00Z,4,0,1,False,0,0,0,0,0,0,0,0,0,0,0,0,0,0.0,0.0,0.0,0.0,0,0,0,0,0,0.00,0.00,0.00,0.00,50,0,388040,0,0,28
28,16,5,2,True,2026-08-30T13:00:00Z,4,3,2,False,90,0,0,0,3,0,0,0,0,0,4,0,18,36.2,20.0,0.0,5.6,1,13,0,0,1,0.00,0.01,0.01,1.41,50,-42289,419555,14876,8115,28
40,10,10,8,False,2026-08-24T19:00:00Z,2,3,1,False,81,1,0,0,2,0,0,0,0,0,0,1,37,48.8,53.5,29.0,13.1,0,5,2,7,1,0.96,0.10,1.06,1.24,75,0,2178086,0,0,40
40,16,5,5,True,2026-08-30T13:00:00Z,4,3,2,False,90,0,1,0,3,0,0,0,0,0,0,0,28,26.8,46.5,23.0,9.6,1,3,1,5,1,0.14,1.01,1.15,1.41,75,180102,2607781,251851,71749,40
101,10,10,0,False,2026-08-24T19:00:00Z,2,3,1,False,0,0,0,0,0,0,0,0,0,0,0,0,0,0.0,0.0,0.0,0.0,0,0,0,0,0,0.00,0.00,0.00,0.00,50,0,3629,0,0,101
101,16,5,0,True,2026-08-30T13:00:00Z,4,3,2,False,0,0,0,0,0,0,0,0,0,0,0,0,0,0.0,0.0,0.0,0.0,0,0,0,0,0,0.00,0.00,0.00,0.00,50,-477,3715,214,691,101
136,10,10,0,False,2026-08-24T19:00:00Z,2,3,1,False,0,0,0,0,0,0,0,0,0,0,0,0,0,0.0,0.0,0.0,0.0,0,0,0,0,0,0.00,0.00,0.00,0.00,60,0,112037,0,0,136
136,16,5,0,True,2026-08-30T13:00:00Z,4,3,2,False,0,0,0,0,0,0,0,0,0,0,0,0,0,0.0,0.0,0.0,0.0,0,0,0,0,0,0.00,0.00,0.00,0.00,60,-19289,96753,3136,22425,136
140,10,10,2,False,2026-08-24T19:00:00Z,2,3,1,False,90,0,0,0,2,0,0,0,0,0,4,0,6,21.4,0.0,0.0,2.1,1,5,0,0,1,0.00,0.01,0.01,1.33,50,0,207899,0,0,140
140,16,5,0,True,2026-08-30T13:00:00Z,4,3,2,False,0,0,0,0,0,0,0,0,0,0,0,0,0,0.0,0.0,0.0,0.0,0,0,0,0,0,0.00,0.00,0.00,0.00,50,-18267,217448,8924,27191,140
141,10,10,0,False,2026-08-24T19:00:00Z,2,3,1,False,0,0,0,0,0,0,0,0,0,0,0,0,0,0.0,0.0,0.0,0.0,0,0,0,0,0,0.00,0.00,0.00,0.00,50,0,1796,0,0,141
141,16,5,0,True,2026-08-30T13:00:00Z,4,3,2,False,0,0,0,0,0,0,0,0,0,0,0,0,0,0.0,0.0,0.0,0.0,0,0,0,0,0,0.00,0.00,0.00,0.00,50,-501,1280,0,501,141
142,10,10,0,False,2026-08-24T19:00:00Z,2,3,1,False,90,0,0,0,2,0,0,0,1,0,0,0,5,23.4,16.8,19.0,5.9,6,4,0,6,1,0.10,0.07,0.17,1.33,55,0,879361,0,0,142
142,16,5,1,True,2026-08-30T13:00:00Z,4,3,2,False,22,0,0,0,1,0,0,0,0,0,0,0,-1,0.4,0.4,2.0,0.3,0,1,0,0,0,0.00,0.00,0.00,0.14,55,-18793,987947,62525,81318,142
143,10,10,0,False,2026-08-24T19:00:00Z,2,3,1,False,0,0,0,0,0,0,0,0,0,0,0,0,0,0.0,0.0,0.0,0.0,0,0,0,0,0,0.00,0.00,0.00,0.00,55,0,21121,0,0,143
143,16,5,0,True,2026-08-30T13:00:00Z,4,3,2,False,0,0,0,0,0,0,0,0,0,0,0,0,0,0.0,0.0,0.0,0.0,0,0,0,0,0,0.00,0.00,0.00,0.00,55,-8058,12877,0,8058,143
144,10,10,1,False,2026-08-24T19:00:00Z,2,3,1,False,75,0,0,0,2,0,0,0,0,0,0,0,2,7.2,9.8,6.0,2.3,2,4,1,3,1,0.00,0.03,0.03,1.11,50,0,98423,0,0,144
144,16,5,1,True,2026-08-30T13:00:00Z,4,3,2,False,90,0,0,0,3,0,0,0,0,0,0,0,-1,7.8,0.7,0.0,0.9,4,3,1,5,1,0.00,0.01,0.01,1.41,50,2378,122291,13325,10947,144
145,10,10,0,False,2026-08-24T19:00:00Z,2,3,1,False,0,0,0,0,0,0,0,0,0,0,0,0,0,0.0,0.0,0.0,0.0,0,0,0,0,0,0.00,0.00,0.00,0.00,50,0,1057,0,0,145
145,16,5,0,True,2026-08-30T13:00:00Z,4,3,2,False,67,0,0,0,2,0,0,0,1,0,0,0,-2,19.4,0.9,0.0,2.0,9,0,0,9,1,0.00,0.01,0.01,1.26,50,552,3489,813,261,145
146,10,10,0,False,2026-08-24T19:00:00Z,2,3,1,False,0,0,0,0,0,0,0,0,0,0,0,0,0,0.0,0.0,0.0,0.0,0,0,0,0,0,0.00,0.00,0.00,0.00,45,0,2313,0,0,146
146,16,5,0,True,2026-08-30T13:00:00Z,4,3,2,False,0,0,0,0,0,0,0,0,0,0,0,0,0,0.0,0.0,0.0,0.0,0,0,0,0,0,0.00,0.00,0.00,0.00,45,-568,2126,232,800,146
148,10,10,1,False,2026-08-24T19:00:00Z,2,3,1,False,64,0,0,0,2,0,0,0,0,0,0,0,5,8.4,12.3,11.0,3.2,1,2,2,3,1,0.01,0.03,0.04,1.05,45,0,40724,0,0,148
148,16,5,4,True,2026-08-30T13:00:00Z,4,3,2,False,90,0,1,0,3,0,0,0,0,0,0,0,12,30.0,20.7,0.0,5.1,4,3,2,6,1,0.00,0.06,0.06,1.41,45,-126,47286,4358,4484,148
149,10,10,0,False,2026-08-24T19:00:00Z,2,3,1,False,90,0,0,0,2,0,0,0,1,0,0,0,6,6.0,1.6,7.0,1.5,2,3,2,4,1,0.01,0.03,0.04,1.33,50,0,142918,0,0,149
149,16,5,1,True,2026-08-30T13:00:00Z,4,3,2,False,71,0,0,0,2,0,0,0,0,0,0,0,2,13.2,0.4,0.0,1.4,8,2,1,9,1,0.00,0.00,0.00,1.31,50,-7208,150119,10571,17779,149
150,10,10,0,False,2026-08-24T19:00:00Z,2,3,1,False,0,0,0,0,0,0,0,0,0,0,0,0,0,0.0,0.0,0.0,0.0,0,0,0,0,0,0.00,0.00,0.00,0.00,45,0,6689,0,0,150
150,16,5,0,True,2026-08-30T13:00:00Z,4,3,2,False,0,0,0,0,0,0,0,0,0,0,0,0,0,0.0,0.0,0.0,0.0,0,0,0,0,0,0.00,0.00,0.00,0.00,45,-544,7741,405,949,150
151,10,10,3,False,2026-08-24T19:00:00Z,2,3,1,False,90,0,0,0,2,0,0,0,0,0,0,0,13,33.2,2.2,2.0,3.7,10,6,5,15,1,0.00,0.01,0.01,1.33,45,0,24066,0,0,151
151,16,5,1,True,2026-08-30T13:00:00Z,4,3,2,False,22,0,0,0,1,0,0,0,0,0,0,0,-1,6.2,0.1,0.0,0.6,2,0,1,3,0,0.00,0.00,0.00,0.14,45,4931,37116,8065,3134,151
152,10,10,0,False,2026-08-24T19:00:00Z,2,3,1,False,0,0,0,0,0,0,0,0,0,0,0,0,0,0.0,0.0,0.0,0.0,0,0,0,0,0,0.00,0.00,0.00,0.00,55,0,263643,0,0,152
152,16,5,0,True,2026-08-30T13:00:00Z,4,3,2,False,0,0,0,0,0,0,0,0,0,0,0,0,0,0.0,0.0,0.0,0.0,0,0,0,0,0,0.00,0.00,0.00,0.00,55,-64977,209865,4960,69937,152
154,10,10,13,False,2026-08-24T19:00:00Z,2,3,1,False,82,1,1,0,2,0,0,0,0,0,0,3,60,65.2,41.3,54.0,16.1,0,7,2,9,1,0.28,0.19,0.47,1.24,95,0,919516,0,0,154
154,16,5,7,True,2026-08-30T13:00:00Z,4,3,2,False,90,1,0,0,3,0,0,0,0,0,0,0,28,40.8,25.3,26.0,9.2,2,4,2,8,1,0.66,0.13,0.79,1.41,95,344912,1644351,376872,31960,154
156,10,10,1,False,2026-08-24T19:00:00Z,2,3,1,False,14,0,0,0,0,0,0,0,0,0,0,0,9,5.2,4.1,4.0,1.3,0,3,1,4,0,0.03,0.07,0.10,0.22,65,0,116795,0,0,156
156,16,5,7,True,2026-08-30T13:00:00Z,4,3,2,False,67,1,0,0,2,0,0,0,0,0,0,0,32,45.2,25.6,38.0,10.9,3,1,0,4,1,0.41,0.33,0.74,1.26,65,-17727,117566,5635,23362,156
157,10,10,1,False,2026-08-24T19:00:00Z,2,3,1,False,7,0,0,0,0,0,0,0,0,0,0,0,3,0.2,0.4,0.0,0.1,0,1,0,1,0,0.00,0.00,0.00,0.09,65,0,109575,0,0,157
157,16,5,0,True,2026-08-30T13:00:00Z,4,3,2,False,0,0,0,0,0,0,0,0,0,0,0,0,0,0.0,0.0,0.0,0.0,0,0,0,0,0,0.00,0.00,0.00,0.00,65,-18220,111448,5564,23784,157
158,10,10,0,False,2026-08-24T19:00:00Z,2,3,1,False,0,0,0,0,0,0,0,0,0,0,0,0,0,0.0,0.0,0.0,0.0,0,0,0,0,0,0.00,0.00,0.00,0.00,60,0,3231,0,0,158
158,16,5,0,True,2026-08-30T13:00:00Z,4,3,2,False,0,0,0,0,0,0,0,0,0,0,0,0,0,0.0,0.0,0.0,0.0,0,0,0,0,0,0.00,0.00,0.00,0.00,60,-502,3391,271,773,158
159,10,10,0,False,2026-08-24T19:00:00Z,2,3,1,False,0,0,0,0,0,0,0,0,0,0,0,0,0,0.0,0.0,0.0,0.0,0,0,0,0,0,0.00,0.00,0.00,0.00,55,0,347122,0,0,159
159,16,5,1,True,2026-08-30T13:00:00Z,4,3,2,False,13,0,0,0,0,0,0,0,0,0,0,0,3,0.0,0.1,0.0,0.0,0,0,0,0,0,0.00,0.00,0.00,0.07,55,-88842,282404,9481,98323,159
161,10,10,1,False,2026-08-24T19:00:00Z,2,3,1,False,64,0,0,0,2,0,0,0,1,0,0,0,8,13.6,21.9,33.0,6.9,2,4,3,9,1,0.21,0.03,0.24,1.05,50,0,4654,0,0,161
161,16,5,7,True,2026-08-30T13:00:00Z,4,3,2,False,67,1,0,0,2,0,0,0,0,0,0,0,32,39.0,0.8,33.0,7.3,3,3,1,7,1,0.54,0.00,0.54,1.26,50,254,6337,1173,919,161
163,10,10,0,False,2026-08-24T19:00:00Z,2,3,1,False,0,0,0,0,0,0,0,0,0,0,0,0,0,0.0,0.0,0.0,0.0,0,0,0,0,0,0.00,0.00,0.00,0.00,45,0,18298,0,0,163
163,16,5,0,True,2026-08-30T13:00:00Z,4,3,2,False,0,0,0,0,0,0,0,0,0,0,0,0,0,0.0,0.0,0.0,0.0,0,0,0,0,0,0.00,0.00,0.00,0.00,45,-1635,18847,1252,2887,163
164,10,10,1,False,2026-08-24T19:00:00Z,2,3,1,False,8,0,0,0,0,0,0,0,0,0,0,0,2,1.2,0.3,2.0,0.4,1,0,0,1,0,0.00,0.00,0.00,0.09,55,0,3758,0,0,164
164,16,5,0,True,2026-08-30T13:00:00Z,4,3,2,False,0,0,0,0,0,0,0,0,0,0,0,0,0,0.0,0.0,0.0,0.0,0,0,0,0,0,0.00,0.00,0.00,0.00,55,-589,4061,231,820,164
165,10,10,11,False,2026-08-24T19:00:00Z,2,3,1,False,90,1,1,0,2,0,0,0,0,0,0,2,45,51.2,23.0,37.0,11.1,1,2,0,3,1,0.63,0.06,0.69,1.33,75,0,5764207,0,0,165
165,16,5,9,True,2026-08-30T13:00:00Z,4,3,2,False,90,1,1,0,3,1,0,0,0,0,0,2,44,52.8,22.5,46.0,12.1,0,2,1,3,1,1.23,0.04,1.27,1.41,76,377023,6802308,405188,28165,165
168,10,10,0,False,2026-08-24T19:00:00Z,2,3,1,False,0,0,0,0,0,0,0,0,0,0,0,0,0,0.0,0.0,0.0,0.0,0,0,0,0,0,0.00,0.00,0.00,0.00,50,0,42801,0,0,168
168,16,5,0,True,2026-08-30T13:00:00Z,4,3,2,False,0,0,0,0,0,0,0,0,0,0,0,0,0,0.0,0.0,0.0,0.0,0,0,0,0,0,0.00,0.00,0.00,0.00,50,-3968,43955,2178,6146,168
169,10,10,0,False,2026-08-24T19:00:00Z,2,3,1,False,0,0,0,0,0,0,0,0,0,0,0,0,0,0.0,0.0,0.0,0.0,0,0,0,0,0,0.00,0.00,0.00,0.00,45,0,30422,0,0,169
169,16,5,0,True,2026-08-30T13:00:00Z,4,3,2,False,0,0,0,0,0,0,0,0,0,0,0,0,0,0.0,0.0,0.0,0.0,0,0,0,0,0,0.00,0.00,0.00,0.00,45,-1480,34265,2929,4409,169
170,10,10,0,False,2026-08-24T19:00:00Z,2,3,1,False,0,0,0,0,0,0,0,0,0,0,0,0,0,0.0,0.0,0.0,0.0,0,0,0,0,0,0.00,0.00,0.00,0.00,50,0,11724,0,0,170
170,16,5,0,True,2026-08-30T13:00:00Z,4,3,2,False,0,0,0,0,0,0,0,0,0,0,0,0,0,0.0,0.0,0.0,0.0,0,0,0,0,0,0.00,0.00,0.00,0.00,50,-884,14647,1450,2334,170
200,10,10,6,False,2026-08-24T19:00:00Z,2,3,1,False,90,0,1,0,2,0,0,0,0,0,0,0,25,44.2,11.2,2.0,5.7,7,2,5,12,1,0.00,0.20,0.20,1.33,60,0,792478,0,0,200
200,16,5,1,True,2026-08-30T13:00:00Z,4,3,2,False,90,0,0,0,3,0,0,0,0,0,0,0,-3,13.0,0.1,6.0,1.9,8,1,1,9,1,0.02,0.00,0.02,1.41,60,18715,946023,63522,44807,200
560,10,10,0,False,2026-08-24T19:00:00Z,2,3,1,False,0,0,0,0,0,0,0,0,0,0,0,0,0,0.0,0.0,0.0,0.0,0,0,0,0,0,0.00,0.00,0.00,0.00,45,0,6087,0,0,560
560,16,5,0,True,2026-08-30T13:00:00Z,4,3,2,False,0,0,0,0,0,0,0,0,0,0,0,0,0,0.0,0.0,0.0,0.0,0,0,0,0,0,0.00,0.00,0.00,0.00,45,-370,7073,395,765,560
561,10,10,0,False,2026-08-24T19:00:00Z,2,3,1,False,0,0,0,0,0,0,0,0,0,0,0,0,0,0.0,0.0,0.0,0.0,0,0,0,0,0,0.00,0.00,0.00,0.00,45,0,1770,0,0,561
561,16,5,0,True,2026-08-30T13:00:00Z,4,3,2,False,0,0,0,0,0,0,0,0,0,0,0,0,0,0.0,0.0,0.0,0.0,0,0,0,0,0,0.00,0.00,0.00,0.00,45,-324,1737,122,446,561
568,10,10,0,False,2026-08-24T19:00:00Z,2,3,1,False,0,0,0,0,0,0,0,0,0,0,0,0,0,0.0,0.0,0.0,0.0,0,0,0,0,0,0.00,0.00,0.00,0.00,55,0,12041,0,0,568
568,16,5,1,True,2026-08-30T13:00:00Z,4,3,2,False,8,0,0,0,1,0,0,0,0,0,0,0,1,0.0,0.0,4.0,0.2,1,0,0,1,0,0.04,0.00,0.04,0.07,55,-1133,13561,528,1661,568
583,10,10,1,False,2026-08-24T19:00:00Z,2,3,1,False,25,0,0,0,0,0,0,0,0,0,0,0,3,2.4,0.2,2.0,0.5,1,1,0,1,0,0.00,0.00,0.00,0.28,50,0,17073,0,0,583
583,16,5,1,True,2026-08-30T13:00:00Z,4,3,2,False,18,0,0,0,1,0,0,0,0,0,0,0,1,6.4,0.3,0.0,0.7,2,1,1,3,0,0.00,0.02,0.02,0.09,50,-1477,19574,1081,2558,583
91,2,19,0,True,2026-08-22T16:30:00Z,3,0,1,False,0,0,0,0,0,0,0,0,0,0,0,0,0,0.0,0.0,0.0,0.0,0,0,0,0,0,0.00,0.00,0.00,0.00,45,0,7000,0,0,91
91,13,11,1,True,2026-08-29T14:00:00Z,0,1,2,False,12,0,0,0,1,0,0,0,0,0,0,0,-1,3.8,0.7,0.0,0.5,2,0,0,2,0,0.00,0.00,0.00,0.54,45,-397,7757,574,971,91
104,1,1,2,False,2026-08-21T19:00:00Z,3,0,1,False,90,0,0,0,3,0,0,0,0,0,0,0,8,3.6,1.6,0.0,0.5,3,5,1,9,1,0.00,0.01,0.01,1.88,50,0,13188,0,0,104
104,13,11,0,True,2026-08-29T14:00:00Z,0,1,2,False,0,0,0,0,0,0,0,0,0,0,0,0,0,0.0,0.0,0.0,0.0,0,0,0,0,0,0.00,0.00,0.00,0.00,50,856,16442,2456,1600,104
110,1,1,1,False,2026-08-21T19:00:00Z,3,0,1,False,90,0,0,0,3,0,0,0,0,0,2,0,0,14.2,0.0,0.0,1.4,1,7,0,0,1,0.00,0.01,0.01,1.88,45,0,100521,0,0,110
110,13,11,2,True,2026-08-29T14:00:00Z,0,1,2,False,90,0,0,0,1,0,0,0,0,0,1,0,10,10.6,0.0,0.0,1.1,1,13,0,0,1,0.00,0.00,0.00,0.72,45,7259,122624,11931,4672,110
171,1,1,0,False,2026-08-21T19:00:00Z,3,0,1,False,0,0,0,0,0,0,0,0,0,0,0,0,0,0.0,0.0,0.0,0.0,0,0,0,0,0,0.00,0.00,0.00,0.00,40,0,142267,0,0,171
171,13,11,0,True,2026-08-29T14:00:00Z,0,1,2,False,0,0,0,0,0,0,0,0,0,0,0,0,0,0.0,0.0,0.0,0.0,0,0,0,0,0,0.00,0.00,0.00,0.00,40,-3777,152756,2634,6411,171
172,1,1,0,False,2026-08-21T19:00:00Z,3,0,1,False,0,0,0,0,0,0,0,0,0,0,0,0,0,0.0,0.0,0.0,0.0,0,0,0,0,0,0.00,0.00,0.00,0.00,45,0,42690,0,0,172
172,13,11,0,True,2026-08-29T14:00:00Z,0,1,2,False,0,0,0,0,0,0,0,0,0,0,0,0,0,0.0,0.0,0.0,0.0,0,0,0,0,0,0.00,0.00,0.00,0.00,45,-3213,45549,227,3440,172
173,1,1,3,False,2026-08-21T19:00:00Z,3,0,1,False,90,0,0,0,3,0,0,0,0,0,0,0,11,23.2,11.2,1.0,3.5,9,2,1,10,1,0.02,0.01,0.03,1.88,40,0,721945,0,0,173
173,13,11,8,True,2026-08-29T14:00:00Z,0,1,2,False,77,0,0,1,0,0,0,0,0,0,0,2,28,17.0,0.7,0.0,1.8,9,6,0,9,1,0.00,0.01,0.01,0.18,40,14221,791028,38111,23890,173
174,1,1,0,False,2026-08-21T19:00:00Z,3,0,1,False,0,0,0,0,0,0,0,0,0,0,0,0,0,0.0,0.0,0.0,0.0,0,0,0,0,0,0.00,0.00,0.00,0.00,40,0,60272,0,0,174
174,13,11,0,True,2026-08-29T14:00:00Z,0,1,2,False,0,0,0,0,0,0,0,0,0,0,0,0,0,0.0,0.0,0.0,0.0,0,0,0,0,0,0.00,0.00,0.00,0.00,40,-4266,64130,520,4786,174
175,1,1,1,False,2026-08-21T19:00:00Z,3,0,1,False,90,0,0,0,3,0,0,0,0,0,0,0,-8,10.6,2.0,2.0,1.5,6,3,1,7,1,0.00,0.01,0.01,1.88,40,0,1257228,0,0,175
175,13,11,2,True,2026-08-29T14:00:00Z,0,1,2,False,90,0,0,0,1,0,0,0,0,0,0,0,15,15.4,33.9,6.0,5.5,1,3,1,2,1,0.00,0.19,0.19,0.72,40,-15407,1295672,34451,49858,175
176,1,1,1,False,2026-08-21T19:00:00Z,3,0,1,False,90,0,0,0,3,0,0,0,0,0,0,0,-4,13.8,3.8,0.0,1.8,6,1,0,6,1,0.00,0.02,0.02,1.88,40,0,73424,0,0,176
176,13,11,2,True,2026-08-29T14:00:00Z,0,1,2,False,90,0,0,0,1,0,0,0,0,0,0,0,15,15.2,7.3,17.0,4.0,1,3,2,3,1,0.18,0.05,0.23,0.72,40,-830,82832,3224,4054,176
177,1,1,0,False,2026-08-21T19:00:00Z,3,0,1,False,0,0,0,0,0,0,0,0,0,0,0,0,0,0.0,0.0,0.0,0.0,0,0,0,0,0,0.00,0.00,0.00,0.00,40,0,6032,0,0,177
177,13,11,0,True,2026-08-29T14:00:00Z,0,1,2,False,0,0,0,0,0,0,0,0,0,0,0,0,0,0.0,0.0,0.0,0.0,0,0,0,0,0,0.00,0.00,0.00,0.00,40,-582,5764,168,750,177
178,1,1,0,False,2026-08-21T19:00:00Z,3,0,1,False,0,0,0,0,0,0,0,0,0,0,0,0,0,0.0,0.0,0.0,0.0,0,0,0,0,0,0.00,0.00,0.00,0.00,40,0,7091,0,0,178
178,13,11,0,True,2026-08-29T14:00:00Z,0,1,2,False,0,0,0,0,0,0,0,0,0,0,0,0,0,0.0,0.0,0.0,0.0,0,0,0,0,0,0.00,0.00,0.00,0.00,40,-238,8500,506,744,178
179,1,1,0,False,2026-08-21T19:00:00Z,3,0,1,False,0,0,0,0,0,0,0,0,0,0,0,0,0,0.0,0.0,0.0,0.0,0,0,0,0,0,0.00,0.00,0.00,0.00,40,0,3977,0,0,179
179,13,11,0,True,2026-08-29T14:00:00Z,0,1,2,False,0,0,0,0,0,0,0,0,0,0,0,0,0,0.0,0.0,0.0,0.0,0,0,0,0,0,0.00,0.00,0.00,0.00,40,-260,3984,160,420,179
180,1,1,0,False,2026-08-21T19:00:00Z,3,0,1,False,0,0,0,0,0,0,0,0,0,0,0,0,0,0.0,0.0,0.0,0.0,0,0,0,0,0,0.00,0.00,0.00,0.00,40,0,16501,0,0,180
180,13,11,0,True,2026-08-29T14:00:00Z,0,1,2,False,0,0,0,0,0,0,0,0,0,0,0,0,0,0.0,0.0,0.0,0.0,0,0,0,0,0,0.00,0.00,0.00,0.00,40,-1282,16943,946,2228,180
181,1,1,0,False,2026-08-21T19:00:00Z,3,0,1,False,0,0,0,0,0,0,0,0,0,0,0,0,0,0.0,0.0,0.0,0.0,0,0,0,0,0,0.00,0.00,0.00,0.00,40,0,3736,0,0,181
181,13,11,0,True,2026-08-29T14:00:00Z,0,1,2,False,0,0,0,0,0,0,0,0,0,0,0,0,0,0.0,0.0,0.0,0.0,0,0,0,0,0,0.00,0.00,0.00,0.00,40,-82,4079,256,338,181
182,1,1,1,False,2026-08-21T19:00:00Z,3,0,1,False,90,0,0,0,3,0,0,0,0,0,0,0,1,28.8,0.8,0.0,3.0,9,4,0,9,1,0.00,0.01,0.01,1.88,40,0,75420,0,0,182
182,13,11,1,True,2026-08-29T14:00:00Z,0,1,2,False,90,0,0,0,1,0,0,0,1,0,0,0,4,11.4,2.1,5.0,1.9,4,1,0,4,1,0.02,0.04,0.06,0.72,40,-1183,84795,3328,4511,182
183,1,1,1,False,2026-08-21T19:00:00Z,3,0,1,False,20,0,0,0,0,0,0,0,0,0,0,0,3,5.6,3.8,17.0,2.6,0,4,1,5,0,0.15,0.00,0.15,0.29,50,0,13002,0,0,183
183,13,11,3,True,2026-08-29T14:00:00Z,0,1,2,False,70,0,0,1,0,0,0,0,0,0,0,0,12,6.8,27.7,4.0,3.9,1,4,1,6,1,0.06,0.09,0.15,0.02,50,-49,14191,1250,1299,183
184,1,1,2,False,2026-08-21T19:00:00Z,3,0,1,False,90,0,0,0,3,0,0,0,0,0,0,0,14,13.4,3.7,0.0,1.7,4,3,0,7,1,0.00,0.01,0.01,1.88,50,0,17412,0,0,184
184,13,11,2,True,2026-08-29T14:00:00Z,0,1,2,False,90,0,0,0,1,0,0,0,0,0,0,0,14,14.2,20.9,2.0,3.7,1,9,0,10,1,0.01,0.04,0.05,0.72,50,674,20154,2290,1616,184
185,1,1,0,False,2026-08-21T19:00:00Z,3,0,1,False,0,0,0,0,0,0,0,0,0,0,0,0,0,0.0,0.0,0.0,0.0,0,0,0,0,0,0.00,0.00,0.00,0.00,50,0,10294,0,0,185
185,13,11,1,True,2026-08-29T14:00:00Z,0,1,2,False,31,0,0,0,1,0,0,0,0,0,0,0,8,6.2,5.9,7.0,1.9,0,2,2,4,0,0.02,0.02,0.04,0.69,50,-1318,9710,137,1455,185
186,1,1,0,False,2026-08-21T19:00:00Z,3,0,1,False,0,0,0,0,0,0,0,0,0,0,0,0,0,0.0,0.0,0.0,0.0,0,0,0,0,0,0.00,0.00,0.00,0.00,55,0,11314,0,0,186
186,13,11,1,True,2026-08-29T14:00:00Z,0,1,2,False,57,0,0,0,0,0,0,0,0,0,0,0,4,4.2,16.0,0.0,2.0,2,2,0,4,1,0.00,0.06,0.06,0.02,55,-1089,12149,489,1578,186
187,1,1,0,False,2026-08-21T19:00:00Z,3,0,1,False,0,0,0,0,0,0,0,0,0,0,0,0,0,0.0,0.0,0.0,0.0,0,0,0,0,0,0.00,0.00,0.00,0.00,50,0,1503,0,0,187
187,13,11,0,True,2026-08-29T14:00:00Z,0,1,2,False,0,0,0,0,0,0,0,0,0,0,0,0,0,0.0,0.0,0.0,0.0,0,0,0,0,0,0.00,0.00,0.00,0.00,50,-230,1391,69,299,187
188,1,1,1,False,2026-08-21T19:00:00Z,3,0,1,False,28,0,0,0,0,0,0,0,0,0,0,0,8,6.8,16.4,0.0,2.3,1,0,0,1,0,0.00,0.11,0.11,0.32,55,0,15509,0,0,188
188,13,11,1,True,2026-08-29T14:00:00Z,0,1,2,False,19,0,0,0,1,0,0,0,0,0,0,0,2,0.0,3.6,0.0,0.3,0,2,0,2,0,0.00,0.01,0.01,0.69,55,-1275,16221,549,1824,188
189,1,1,0,False,2026-08-21T19:00:00Z,3,0,1,False,0,0,0,0,0,0,0,0,0,0,0,0,0,0.0,0.0,0.0,0.0,0,0,0,0,0,0.00,0.00,0.00,0.00,45,0,28435,0,0,189
189,13,11,0,True,2026-08-29T14:00:00Z,0,1,2,False,0,0,0,0,0,0,0,0,0,0,0,0,0,0.0,0.0,0.0,0.0,0,0,0,0,0,0.00,0.00,0.00,0.00,45,-2158,28459,1013,3171,189
190,1,1,2,False,2026-08-21T19:00:00Z,3,0,1,False,81,0,0,0,3,0,0,0,0,0,0,0,11,1.8,6.0,3.0,1.1,3,5,0,8,1,0.04,0.02,0.06,1.76,55,0,12321,0,0,190
190,13,11,1,True,2026-08-29T14:00:00Z,0,1,2,False,58,0,0,0,0,0,0,0,0,0,0,0,7,7.0,18.5,5.0,3.1,2,3,1,6,1,0.05,0.13,0.18,0.02,55,1311,16325,2762,1451,190
191,1,1,0,False,2026-08-21T19:00:00Z,3,0,1,False,0,0,0,0,0,0,0,0,0,0,0,0,0,0.0,0.0,0.0,0.0,0,0,0,0,0,0.00,0.00,0.00,0.00,45,0,16813,0,0,191
191,13,11,0,True,2026-08-29T14:00:00Z,0,1,2,False,0,0,0,0,0,0,0,0,0,0,0,0,0,0.0,0.0,0.0,0.0,0,0,0,0,0,0.00,0.00,0.00,0.00,45,-1193,16655,680,1873,191
192,1,1,0,False,2026-08-21T19:00:00Z,3,0,1,False,0,0,0,0,0,0,0,0,0,0,0,0,0,0.0,0.0,0.0,0.0,0,0,0,0,0,0.00,0.00,0.00,0.00,45,0,62690,0,0,192
192,13,11,0,True,2026-08-29T14:00:00Z,0,1,2,False,0,0,0,0,0,0,0,0,0,0,0,0,0,0.0,0.0,0.0,0.0,0,0,0,0,0,0.00,0.00,0.00,0.00,45,-4618,62913,2576,7194,192
193,1,1,0,False,2026-08-21T19:00:00Z,3,0,1,False,0,0,0,0,0,0,0,0,0,0,0,0,0,0.0,0.0,0.0,0.0,0,0,0,0,0,0.00,0.00,0.00,0.00,55,0,18871,0,0,193
193,13,11,0,True,2026-08-29T14:00:00Z,0,1,2,False,0,0,0,0,0,0,0,0,0,0,0,0,0,0.0,0.0,0.0,0.0,0,0,0,0,0,0.00,0.00,0.00,0.00,55,-5318,13634,107,5425,193
194,1,1,2,False,2026-08-21T19:00:00Z,3,0,1,False,69,0,0,0,3,0,0,0,0,0,0,0,9,4.6,1.1,0.0,0.6,5,1,0,6,1,0.00,0.02,0.02,1.60,50,0,66198,0,0,194
194,13,11,1,True,2026-08-29T14:00:00Z,0,1,2,False,32,0,0,0,1,0,0,0,0,0,0,0,5,1.2,2.0,2.0,0.5,0,2,0,2,0,0.00,0.00,0.00,0.69,50,6706,83366,14594,7888,194
195,1,1,2,False,2026-08-21T19:00:00Z,3,0,1,False,69,0,0,0,3,0,0,0,0,0,0,0,7,2.6,12.3,2.0,1.7,1,2,0,3,1,0.00,0.01,0.01,1.60,50,0,78607,0,0,195
195,13,11,0,True,2026-08-29T14:00:00Z,0,1,2,False,0,0,0,0,0,0,0,0,0,0,0,0,0,0.0,0.0,0.0,0.0,0,0,0,0,0,0.00,0.00,0.00,0.00,50,10333,100916,19936,9603,195
196,1,1,0,False,2026-08-21T19:00:00Z,3,0,1,False,0,0,0,0,0,0,0,0,0,0,0,0,0,0.0,0.0,0.0,0.0,0,0,0,0,0,0.00,0.00,0.00,0.00,50,0,1827,0,0,196
196,13,11,0,True,2026-08-29T14:00:00Z,0,1,2,False,0,0,0,0,0,0,0,0,0,0,0,0,0,0.0,0.0,0.0,0.0,0,0,0,0,0,0.00,0.00,0.00,0.00,50,-590,1206,0,590,196
197,1,1,0,False,2026-08-21T19:00:00Z,3,0,1,False,0,0,0,0,0,0,0,0,0,0,0,0,0,0.0,0.0,0.0,0.0,0,0,0,0,0,0.00,0.00,0.00,0.00,45,0,4620,0,0,197
197,13,11,0,True,2026-08-29T14:00:00Z,0,1,2,False,0,0,0,0,0,0,0,0,0,0,0,0,0,0.0,0.0,0.0,0.0,0,0,0,0,0,0.00,0.00,0.00,0.00,45,-788,3783,0,788,197
492,1,1,1,False,2026-08-21T19:00:00Z,3,0,1,False,20,0,0,0,0,0,0,0,0,0,0,0,4,0.0,1.4,0.0,0.1,0,1,0,1,0,0.00,0.00,0.00,0.29,55,0,76129,0,0,492
492,13,11,2,True,2026-08-29T14:00:00Z,0,1,2,False,90,0,0,0,1,0,0,0,0,0,0,0,6,10.0,23.6,65.0,9.9,1,2,0,3,1,0.93,0.03,0.96,0.72,55,-639,83094,8654,9293,492
575,1,1,1,False,2026-08-21T19:00:00Z,3,0,1,False,61,0,0,0,3,0,0,0,1,0,0,0,2,0.0,3.1,0.0,0.0,0,3,0,3,1,0.00,0.00,0.00,1.56,50,0,23536,0,0,575
575,13,11,3,True,2026-08-29T14:00:00Z,0,1,2,False,70,0,0,1,0,0,0,0,0,0,0,0,17,9.4,16.0,7.0,3.2,3,4,0,7,1,0.03,0.13,0.16,0.02,50,-1578,23711,997,2575,575
584,1,1,1,False,2026-08-21T19:00:00Z,3,0,1,False,8,0,0,0,0,0,0,0,0,0,0,0,3,0.4,0.3,0.0,0.1,0,1,0,1,0,0.00,0.00,0.00,0.13,55,0,12932,0,0,584
584,13,11,1,True,2026-08-29T14:00:00Z,0,1,2,False,19,0,0,0,1,0,0,0,0,0,0,0,2,0.2,1.5,0.0,0.2,0,0,0,0,0,0.00,0.02,0.02,0.69,55,-1042,13996,386,1428,584
599,1,1,0,False,2026-08-21T19:00:00Z,3,0,1,False,0,0,0,0,0,0,0,0,0,0,0,0,0,0.0,0.0,0.0,0.0,0,0,0,0,0,0.00,0.00,0.00,0.00,50,0,7348,0,0,599
599,13,11,0,True,2026-08-29T14:00:00Z,0,1,2,False,0,0,0,0,0,0,0,0,0,0,0,0,0,0.0,0.0,0.0,0.0,0,0,0,0,0,0.00,0.00,0.00,0.00,50,330,9736,1724,1394,599
623,13,11,0,True,2026-08-29T14:00:00Z,0,1,2,False,0,0,0,0,0,0,0,0,0,0,0,0,0,0.0,0.0,0.0,0.0,0,0,0,0,0,0.00,0.00,0.00,0.00,40,0,0,0,0,623
42,3,9,1,False,2026-08-22T14:00:00Z,2,0,1,False,27,0,0,0,0,0,0,0,0,0,0,0,3,3.2,1.8,7.0,1.2,0,0,1,1,0,0.03,0.02,0.05,0.14,55,0,3238,0,0,42
42,11,15,1,True,2026-08-28T19:00:00Z,1,4,2,False,27,0,0,0,1,0,0,0,0,0,0,0,3,2.2,0.3,0.0,0.3,1,0,0,1,0,0.00,0.01,0.01,0.20,55,-140,4594,483,623,42
153,10,10,0,False,2026-08-24T19:00:00Z,2,3,1,False,0,0,0,0,0,0,0,0,0,0,0,0,0,0.0,0.0,0.0,0.0,0,0,0,0,0,0.00,0.00,0.00,0.00,45,0,5243,0,0,153
153,11,15,1,True,2026-08-28T19:00:00Z,1,4,2,False,16,0,0,0,1,0,0,0,0,0,0,0,-2,1.2,0.0,0.0,0.1,0,1,1,1,0,0.00,0.00,0.00,0.20,45,-323,6037,525,848,153
198,3,9,2,False,2026-08-22T14:00:00Z,2,0,1,False,90,0,0,0,2,0,0,0,0,0,3,0,14,28.2,0.0,0.0,2.8,3,13,0,0,1,0.00,0.00,0.00,1.12,50,0,171144,0,0,198
198,11,15,1,True,2026-08-28T19:00:00Z,1,4,2,False,90,0,0,0,4,0,0,0,0,0,4,0,4,30.2,0.0,0.0,3.0,2,11,0,0,1,0.00,0.00,0.00,2.21,50,-7870,182716,5904,13774,198
199,3,9,0,False,2026-08-22T14:00:00Z,2,0,1,False,0,0,0,0,0,0,0,0,0,0,0,0,0,0.0,0.0,0.0,0.0,0,0,0,0,0,0.00,0.00,0.00,0.00,45,0,10987,0,0,199
199,11,15,0,True,2026-08-28T19:00:00Z,1,4,2,False,0,0,0,0,0,0,0,0,0,0,0,0,0,0.0,0.0,0.0,0.0,0,0,0,0,0,0.00,0.00,0.00,0.00,45,-908,11403,468,1376,199
202,3,9,3,False,2026-08-22T14:00:00Z,2,0,1,False,90,0,0,0,2,0,0,0,0,0,0,0,13,42.6,0.7,0.0,4.3,14,1,2,16,1,0.00,0.00,0.00,1.12,50,0,66477,0,0,202
202,11,15,0,True,2026-08-28T19:00:00Z,1,4,2,False,90,0,0,0,4,0,0,0,0,0,0,0,-4,15.0,0.1,17.0,3.2,4,2,2,6,1,0.04,0.00,0.04,2.21,50,-2246,71981,4208,6454,202
203,3,9,1,False,2026-08-22T14:00:00Z,2,0,1,False,90,0,0,0,2,0,0,0,0,0,0,0,9,27.4,5.7,5.0,3.8,4,3,4,8,1,0.05,0.01,0.06,1.12,50,0,30748,0,0,203
203,11,15,0,True,2026-08-28T19:00:00Z,1,4,2,False,90,0,0,0,4,0,0,0,0,0,0,0,-1,22.8,0.5,0.0,2.3,6,1,1,7,1,0.00,0.00,0.00,2.21,50,-3200,29914,821,4021,203
204,3,9,1,False,2026-08-22T14:00:00Z,2,0,1,False,90,0,0,0,2,0,0,0,0,0,0,0,9,11.6,13.8,2.0,2.7,3,4,2,5,1,0.00,0.01,0.01,1.12,45,0,580791,0,0,204
204,11,15,0,True,2026-08-28T19:00:00Z,1,4,2,False,90,0,0,0,4,0,0,0,0,0,0,0,-8,11.6,21.6,7.0,4.0,3,1,2,5,1,0.11,0.16,0.27,2.21,45,-44374,548942,5965,50339,204
205,3,9,0,False,2026-08-22T14:00:00Z,2,0,1,False,0,0,0,0,0,0,0,0,0,0,0,0,0,0.0,0.0,0.0,0.0,0,0,0,0,0,0.00,0.00,0.00,0.00,45,0,2785,0,0,205
205,11,15,0,True,2026-08-28T19:00:00Z,1,4,2,False,0,0,0,0,0,0,0,0,0,0,0,0,0,0.0,0.0,0.0,0.0,0,0,0,0,0,0.00,0.00,0.00,0.00,45,-226,3040,126,352,205
206,3,9,1,False,2026-08-22T14:00:00Z,2,0,1,False,72,0,0,0,2,0,0,0,0,0,0,0,7,12.6,1.3,0.0,1.4,6,3,1,7,1,0.00,0.01,0.01,0.98,45,0,6521,0,0,206
206,11,15,0,True,2026-08-28T19:00:00Z,1,4,2,False,0,0,0,0,0,0,0,0,0,0,0,0,0,0.0,0.0,0.0,0.0,0,0,0,0,0,0.00,0.00,0.00,0.00,45,-2523,4410,320,2843,206
207,3,9,0,False,2026-08-22T14:00:00Z,2,0,1,False,0,0,0,0,0,0,0,0,0,0,0,0,0,0.0,0.0,0.0,0.0,0,0,0,0,0,0.00,0.00,0.00,0.00,45,0,7928,0,0,207
207,11,15,1,True,2026-08-28T19:00:00Z,1,4,2,False,15,0,0,0,1,0,0,0,0,0,0,0,1,2.2,0.1,0.0,0.2,0,0,1,1,0,0.00,0.00,0.00,0.20,45,-1081,7384,199,1280,207
208,3,9,0,False,2026-08-22T14:00:00Z,2,0,1,False,0,0,0,0,0,0,0,0,0,0,0,0,0,0.0,0.0,0.0,0.0,0,0,0,0,0,0.00,0.00,0.00,0.00,65,0,424225,0,0,208
208,11,15,0,True,2026-08-28T19:00:00Z,1,4,2,False,0,0,0,0,0,0,0,0,0,0,0,0,0,0.0,0.0,0.0,0.0,0,0,0,0,0,0.00,0.00,0.00,0.00,64,-204476,227391,2102,206578,208
210,3,9,4,False,2026-08-22T14:00:00Z,2,0,1,False,90,0,0,0,2,0,0,0,0,0,0,0,20,16.8,30.9,0.0,4.8,4,8,2,14,1,0.00,0.24,0.24,1.12,55,0,75177,0,0,210
210,11,15,2,True,2026-08-28T19:00:00Z,1,4,2,False,90,0,0,0,4,0,0,0,0,0,0,0,21,16.2,24.7,0.0,4.1,0,3,4,7,1,0.00,0.07,0.07,2.21,55,-1090,88998,6710,7800,210
211,3,9,1,False,2026-08-22T14:00:00Z,2,0,1,False,35,0,0,0,0,0,0,0,0,0,0,0,4,2.0,6.3,6.0,1.4,0,3,2,5,0,0.06,0.02,0.08,0.27,55,0,18106,0,0,211
211,11,15,5,True,2026-08-28T19:00:00Z,1,4,2,False,67,0,1,0,3,0,0,0,0,0,0,0,27,10.8,34.2,9.0,5.4,2,6,2,10,1,0.05,0.07,0.12,2.01,55,-2144,18326,314,2458,211
212,3,9,0,False,2026-08-22T14:00:00Z,2,0,1,False,0,0,0,0,0,0,0,0,0,0,0,0,0,0.0,0.0,0.0,0.0,0,0,0,0,0,0.00,0.00,0.00,0.00,45,0,1093674,0,0,212
212,11,15,0,True,2026-08-28T19:00:00Z,1,4,2,False,0,0,0,0,0,0,0,0,0,0,0,0,0,0.0,0.0,0.0,0.0,0,0,0,0,0,0.00,0.00,0.00,0.00,45,-69998,1064673,20182,90180,212
213,3,9,0,False,2026-08-22T14:00:00Z,2,0,1,False,0,0,0,0,0,0,0,0,0,0,0,0,0,0.0,0.0,0.0,0.0,0,0,0,0,0,0.00,0.00,0.00,0.00,50,0,10665,0,0,213
213,11,15,0,True,2026-08-28T19:00:00Z,1,4,2,False,0,0,0,0,0,0,0,0,0,0,0,0,0,0.0,0.0,0.0,0.0,0,0,0,0,0,0.00,0.00,0.00,0.00,50,-1246,10302,204,1450,213
214,3,9,3,False,2026-08-22T14:00:00Z,2,0,1,False,90,0,0,0,2,0,0,0,1,0,0,0,25,20.4,29.3,0.0,5.0,3,8,3,14,1,0.00,0.27,0.27,1.12,50,0,24728,0,0,214
214,11,15,2,True,2026-08-28T19:00:00Z,1,4,2,False,90,0,0,0,4,0,0,0,0,0,0,0,21,17.6,2.8,7.0,2.7,1,2,6,9,1,0.05,0.02,0.07,2.21,50,-1150,27191,1944,3094,214
215,3,9,0,False,2026-08-22T14:00:00Z,2,0,1,False,0,0,0,0,0,0,0,0,0,0,0,0,0,0.0,0.0,0.0,0.0,0,0,0,0,0,0.00,0.00,0.00,0.00,50,0,1134,0,0,215
215,11,15,0,True,2026-08-28T19:00:00Z,1,4,2,False,0,0,0,0,0,0,0,0,0,0,0,0,0,0.0,0.0,0.0,0.0,0,0,0,0,0,0.00,0.00,0.00,0.00,50,-107,1141,69,176,215
216,3,9,0,False,2026-08-22T14:00:00Z,2,0,1,False,0,0,0,0,0,0,0,0,0,0,0,0,0,0.0,0.0,0.0,0.0,0,0,0,0,0,0.00,0.00,0.00,0.00,50,0,3728,0,0,216
216,11,15,0,True,2026-08-28T19:00:00Z,1,4,2,False,0,0,0,0,0,0,0,0,0,0,0,0,0,0.0,0.0,0.0,0.0,0,0,0,0,0,0.00,0.00,0.00,0.00,50,-379,3956,211,590,216
217,3,9,0,False,2026-08-22T14:00:00Z,2,0,1,False,0,0,0,0,0,0,0,0,0,0,0,0,0,0.0,0.0,0.0,0.0,0,0,0,0,0,0.00,0.00,0.00,0.00,50,0,3157,0,0,217
217,11,15,0,True,2026-08-28T19:00:00Z,1,4,2,False,0,0,0,0,0,0,0,0,0,0,0,0,0,0.0,0.0,0.0,0.0,0,0,0,0,0,0.00,0.00,0.00,0.00,50,-697,2546,17,714,217
218,3,9,0,False,2026-08-22T14:00:00Z,2,0,1,False,0,0,0,0,0,0,0,0,0,0,0,0,0,0.0,0.0,0.0,0.0,0,0,0,0,0,0.00,0.00,0.00,0.00,50,0,6199,0,0,218
218,11,15,0,True,2026-08-28T19:00:00Z,1,4,2,False,0,0,0,0,0,0,0,0,0,0,0,0,0,0.0,0.0,0.0,0.0,0,0,0,0,0,0.00,0.00,0.00,0.00,50,-811,6115,248,1059,218
219,3,9,0,False,2026-08-22T14:00:00Z,2,0,1,False,0,0,0,0,0,0,0,0,0,0,0,0,0,0.0,0.0,0.0,0.0,0,0,0,0,0,0.00,0.00,0.00,0.00,50,0,550,0,0,219
219,11,15,0,True,2026-08-28T19:00:00Z,1,4,2,False,0,0,0,0,0,0,0,0,0,0,0,0,0,0.0,0.0,0.0,0.0,0,0,0,0,0,0.00,0.00,0.00,0.00,50,-51,578,39,90,219
220,3,9,0,False,2026-08-22T14:00:00Z,2,0,1,False,0,0,0,0,0,0,0,0,0,0,0,0,0,0.0,0.0,0.0,0.0,0,0,0,0,0,0.00,0.00,0.00,0.00,45,0,255,0,0,220
220,11,15,0,True,2026-08-28T19:00:00Z,1,4,2,False,0,0,0,0,0,0,0,0,0,0,0,0,0,0.0,0.0,0.0,0.0,0,0,0,0,0,0.00,0.00,0.00,0.00,45,-65,187,0,65,220
221,3,9,0,False,2026-08-22T14:00:00Z,2,0,1,False,0,0,0,0,0,0,0,0,0,0,0,0,0,0.0,0.0,0.0,0.0,0,0,0,0,0,0.00,0.00,0.00,0.00,45,0,8076,0,0,221
221,11,15,0,True,2026-08-28T19:00:00Z,1,4,2,False,0,0,0,0,0,0,0,0,0,0,0,0,0,0.0,0.0,0.0,0.0,0,0,0,0,0,0.00,0.00,0.00,0.00,45,-589,8204,399,988,221
222,3,9,1,False,2026-08-22T14:00:00Z,2,0,1,False,27,0,0,0,0,0,0,0,0,0,0,0,3,1.0,3.5,17.0,2.2,0,0,0,0,0,0.25,0.01,0.26,0.14,60,0,50940,0,0,222
222,11,15,2,True,2026-08-28T19:00:00Z,1,4,2,False,62,0,0,0,3,0,0,0,0,0,0,0,13,5.2,0.3,4.0,1.0,2,1,1,4,1,0.05,0.00,0.05,2.01,60,-6261,50504,1510,7771,222
223,3,9,2,False,2026-08-22T14:00:00Z,2,0,1,False,62,0,0,0,2,0,0,0,0,0,0,0,-3,1.4,12.3,11.0,2.5,1,2,2,5,1,0.70,0.02,0.72,0.98,65,0,504100,0,0,223
223,11,15,0,True,2026-08-28T19:00:00Z,1,4,2,False,0,0,0,0,0,0,0,0,0,0,0,0,0,0.0,0.0,0.0,0.0,0,0,0,0,0,0.00,0.00,0.00,0.00,65,-48482,510630,23951,72433,223
224,3,9,1,False,2026-08-22T14:00:00Z,2,0,1,False,55,0,0,0,2,0,0,0,0,0,0,0,12,10.4,24.5,23.0,5.8,1,1,1,3,1,0.60,0.58,1.18,0.84,55,0,43148,0,0,224
224,11,15,2,True,2026-08-28T19:00:00Z,1,4,2,False,67,0,0,0,3,0,0,0,0,0,0,0,8,2.6,10.6,8.0,2.1,1,3,2,6,1,0.36,0.00,0.36,2.01,55,-2517,47953,3263,5780,224
225,3,9,0,False,2026-08-22T14:00:00Z,2,0,1,False,0,0,0,0,0,0,0,0,0,0,0,0,0,0.0,0.0,0.0,0.0,0,0,0,0,0,0.00,0.00,0.00,0.00,50,0,0,0,0,225
225,11,15,0,True,2026-08-28T19:00:00Z,1,4,2,False,0,0,0,0,0,0,0,0,0,0,0,0,0,0.0,0.0,0.0,0.0,0,0,0,0,0,0.00,0.00,0.00,0.00,50,0,0,0,0,225
241,3,9,2,False,2026-08-22T14:00:00Z,2,0,1,False,62,0,0,0,2,0,0,0,0,0,0,0,11,9.6,4.7,2.0,1.6,3,2,0,5,1,0.05,0.02,0.07,0.98,55,0,15735,0,0,241
241,11,15,1,True,2026-08-28T19:00:00Z,1,4,2,False,22,0,0,0,1,0,0,0,0,0,0,0,2,0.4,0.3,0.0,0.1,1,1,0,2,0,0.00,0.00,0.00,0.20,55,-1356,16698,472,1828,241
555,3,9,0,False,2026-08-22T14:00:00Z,2,0,1,False,0,0,0,0,0,0,0,0,0,0,0,0,0,0.0,0.0,0.0,0.0,0,0,0,0,0,0.00,0.00,0.00,0.00,40,0,156141,0,0,555
555,11,15,0,True,2026-08-28T19:00:00Z,1,4,2,False,0,0,0,0,0,0,0,0,0,0,0,0,0,0.0,0.0,0.0,0.0,0,0,0,0,0,0.00,0.00,0.00,0.00,40,-290,183203,5945,6235,555
577,3,9,1,False,2026-08-22T14:00:00Z,2,0,1,False,18,0,0,0,0,0,0,0,0,0,0,0,3,2.4,2.4,0.0,0.5,1,1,0,1,0,0.00,0.01,0.01,0.14,45,0,31543,0,0,577
577,11,15,1,True,2026-08-28T19:00:00Z,1,4,2,False,73,0,0,0,3,0,0,0,0,0,0,0,-3,12.6,1.3,2.0,1.6,7,3,1,8,1,0.00,0.00,0.00,2.01,45,-1838,34647,829,2667,577
588,3,9,1,False,2026-08-22T14:00:00Z,2,0,1,False,35,0,0,0,0,0,0,0,0,0,0,0,12,24.0,26.5,4.0,5.5,5,3,4,9,0,0.00,0.16,0.16,0.27,50,0,8418,0,0,588
588,11,15,2,True,2026-08-28T19:00:00Z,1,4,2,False,74,0,0,0,3,0,0,0,1,0,0,0,9,26.4,1.5,3.0,3.1,4,5,10,14,1,0.02,0.00,0.02,2.01,50,-365,10199,462,827,588
595,3,9,0,False,2026-08-22T14:00:00Z,2,0,1,False,0,0,0,0,0,0,0,0,0,0,0,0,0,0.0,0.0,0.0,0.0,0,0,0,0,0,0.00,0.00,0.00,0.00,50,0,1214,0,0,595
595,11,15,1,True,2026-08-28T19:00:00Z,1,4,2,False,22,0,0,0,1,0,0,0,0,0,0,0,3,1.4,1.3,0.0,0.3,0,0,1,1,0,0.00,0.00,0.00,0.20,50,-72,1414,101,173,595
21,3,8,0,True,2026-08-22T14:00:00Z,2,0,1,False,0,0,0,0,0,0,0,0,0,0,0,0,0,0.0,0.0,0.0,0.0,0,0,0,0,0,0.00,0.00,0.00,0.00,50,0,10920,0,0,21
21,12,3,0,False,2026-08-29T14:00:00Z,1,1,2,False,0,0,0,0,0,0,0,0,0,0,0,0,0,0.0,0.0,0.0,0.0,0,0,0,0,0,0.00,0.00,0.00,0.00,50,-2764,8315,102,2866,21
209,3,8,1,True,2026-08-22T14:00:00Z,2,0,1,False,6,0,0,0,0,0,0,0,0,0,0,0,3,4.0,0.3,0.0,0.4,2,0,0,2,0,0.00,0.00,0.00,0.29,60,0,15299,0,0,209
209,12,3,1,False,2026-08-29T14:00:00Z,1,1,2,False,28,0,0,0,0,0,0,0,0,0,0,0,1,1.2,0.0,0.0,0.1,0,1,1,2,0,0.00,0.00,0.00,1.58,60,-1848,15402,732,2580,209
226,3,8,7,True,2026-08-22T14:00:00Z,2,0,1,False,90,0,0,1,0,0,0,0,0,0,4,0,34,31.8,0.0,0.0,3.2,0,12,0,0,1,0.00,0.02,0.02,1.96,55,0,698199,0,0,226
226,12,3,3,False,2026-08-29T14:00:00Z,1,1,2,False,90,0,0,0,1,0,0,0,0,0,4,0,22,31.6,0.0,0.0,3.2,4,11,0,0,1,0.00,0.00,0.00,2.16,55,35349,878157,63539,28190,226
227,3,8,0,True,2026-08-22T14:00:00Z,2,0,1,False,0,0,0,0,0,0,0,0,0,0,0,0,0,0.0,0.0,0.0,0.0,0,0,0,0,0,0.00,0.00,0.00,0.00,50,0,3019,0,0,227
227,12,3,0,False,2026-08-29T14:00:00Z,1,1,2,False,0,0,0,0,0,0,0,0,0,0,0,0,0,0.0,0.0,0.0,0.0,0,0,0,0,0,0.00,0.00,0.00,0.00,50,-113,3593,290,403,227
228,3,8,0,True,2026-08-22T14:00:00Z,2,0,1,False,0,0,0,0,0,0,0,0,0,0,0,0,0,0.0,0.0,0.0,0.0,0,0,0,0,0,0.00,0.00,0.00,0.00,45,0,3498,0,0,228
228,12,3,0,False,2026-08-29T14:00:00Z,1,1,2,False,0,0,0,0,0,0,0,0,0,0,0,0,0,0.0,0.0,0.0,0.0,0,0,0,0,0,0.00,0.00,0.00,0.00,45,-136,4235,243,379,228
229,3,8,6,True,2026-08-22T14:00:00Z,2,0,1,False,90,0,0,1,0,0,0,0,0,0,0,0,25,15.2,0.8,4.0,2.0,8,4,1,9,1,0.05,0.00,0.05,1.96,60,0,765229,0,0,229
229,12,3,12,False,2026-08-29T14:00:00Z,1,1,2,False,90,1,0,0,1,0,0,0,0,0,0,2,27,54.8,11.3,19.0,8.5,9,3,1,10,1,0.10,0.01,0.11,2.16,60,5670,861719,42736,37066,229
230,3,8,6,True,2026-08-22T14:00:00Z,2,0,1,False,90,0,0,1,0,0,0,0,0,0,0,0,27,18.6,0.8,6.0,2.5,6,2,2,8,1,0.00,0.01,0.01,1.96,55,0,141420,0,0,230
230,12,3,4,False,2026-08-29T14:00:00Z,1,1,2,False,90,0,0,0,1,0,0,0,0,0,0,0,6,22.6,1.5,33.0,5.7,11,3,1,12,1,0.09,0.01,0.10,2.16,55,10185,183710,19103,8918,230
231,3,8,0,True,2026-08-22T14:00:00Z,2,0,1,False,0,0,0,0,0,0,0,0,0,0,0,0,0,0.0,0.0,0.0,0.0,0,0,0,0,0,0.00,0.00,0.00,0.00,50,0,151116,0,0,231
231,12,3,0,False,2026-08-29T14:00:00Z,1,1,2,False,0,0,0,0,0,0,0,0,0,0,0,0,0,0.0,0.0,0.0,0.0,0,0,0,0,0,0.00,0.00,0.00,0.00,50,-21625,136213,3260,24885,231
232,3,8,0,True,2026-08-22T14:00:00Z,2,0,1,False,0,0,0,0,0,0,0,0,0,0,0,0,0,0.0,0.0,0.0,0.0,0,0,0,0,0,0.00,0.00,0.00,0.00,50,0,44689,0,0,232
232,12,3,0,False,2026-08-29T14:00:00Z,1,1,2,False,0,0,0,0,0,0,0,0,0,0,0,0,0,0.0,0.0,0.0,0.0,0,0,0,0,0,0.00,0.00,0.00,0.00,50,-6326,42208,1403,7729,232
233,3,8,6,True,2026-08-22T14:00:00Z,2,0,1,False,90,0,0,1,0,0,0,0,0,0,0,0,27,12.8,13.8,2.0,2.9,4,4,0,4,1,0.00,0.05,0.05,1.96,45,0,134687,0,0,233
233,12,3,4,False,2026-08-29T14:00:00Z,1,1,2,False,90,0,0,0,1,0,0,0,0,0,0,0,7,36.8,1.0,0.0,3.8,11,7,1,12,1,0.00,0.01,0.01,2.16,45,12714,164056,21784,9070,233
234,3,8,0,True,2026-08-22T14:00:00Z,2,0,1,False,0,0,0,0,0,0,0,0,0,0,0,0,0,0.0,0.0,0.0,0.0,0,0,0,0,0,0.00,0.00,0.00,0.00,45,0,2948,0,0,234
234,12,3,0,False,2026-08-29T14:00:00Z,1,1,2,False,0,0,0,0,0,0,0,0,0,0,0,0,0,0.0,0.0,0.0,0.0,0,0,0,0,0,0.00,0.00,0.00,0.00,45,-162,3302,207,369,234
235,3,8,0,True,2026-08-22T14:00:00Z,2,0,1,False,0,0,0,0,0,0,0,0,0,0,0,0,0,0.0,0.0,0.0,0.0,0,0,0,0,0,0.00,0.00,0.00,0.00,40,0,16732,0,0,235
235,12,3,0,False,2026-08-29T14:00:00Z,1,1,2,False,0,0,0,0,0,0,0,0,0,0,0,0,0,0.0,0.0,0.0,0.0,0,0,0,0,0,0.00,0.00,0.00,0.00,40,-679,18113,1009,1688,235
236,3,8,11,True,2026-08-22T14:00:00Z,2,0,1,False,90,1,0,1,0,0,0,0,0,0,0,3,40,42.8,28.3,27.0,9.8,1,5,2,8,1,0.12,0.17,0.29,1.92,65,0,288693,0,0,236
236,12,3,2,False,2026-08-29T14:00:00Z,1,1,2,False,90,0,0,0,1,0,0,0,0,0,0,0,24,19.4,52.3,9.0,8.1,0,7,3,10,1,0.06,0.16,0.22,2.16,65,105696,473030,132647,26951,236
238,8,3,1,True,2026-08-23T13:00:00Z,2,1,1,False,8,0,0,0,0,0,0,0,0,0,0,0,2,1.0,0.6,0.0,0.2,0,0,1,1,0,0.00,0.00,0.00,0.00,65,0,16005,0,0,238
238,11,8,0,False,2026-08-28T19:00:00Z,1,4,2,False,0,0,0,0,0,0,0,0,0,0,0,0,0,0.0,0.0,0.0,0.0,0,0,0,0,0,0.00,0.00,0.00,0.00,65,-1201,21085,1202,2403,238
239,3,8,1,True,2026-08-22T14:00:00Z,2,0,1,False,11,0,0,0,0,0,0,0,0,0,0,0,6,4.8,11.8,2.0,1.9,0,0,1,1,0,0.00,0.03,0.03,0.34,60,0,11659,0,0,239
239,12,3,1,False,2026-08-29T14:00:00Z,1,1,2,False,61,0,0,0,1,0,0,0,1,0,0,0,9,3.4,1.1,0.0,0.5,0,7,3,10,1,0.00,0.00,0.00,0.58,60,-116,13621,1533,1649,239
242,3,8,3,True,2026-08-22T14:00:00Z,2,0,1,False,83,0,0,1,0,0,0,0,0,0,0,0,13,7.0,23.4,25.0,5.5,3,4,0,7,1,0.18,0.08,0.26,1.67,55,0,24527,0,0,242
242,12,3,2,False,2026-08-29T14:00:00Z,1,1,2,False,61,0,0,0,1,0,0,0,0,0,0,0,12,6.0,12.2,16.0,3.4,0,1,1,2,1,0.05,0.01,0.06,0.58,55,-209,28043,2273,2482,242
243,3,8,1,True,2026-08-22T14:00:00Z,2,0,1,False,1,0,0,0,0,0,0,0,0,0,0,0,7,5.0,0.3,17.0,2.2,0,2,1,3,0,0.02,0.00,0.02,0.04,50,0,8329,0,0,243
243,12,3,0,False,2026-08-29T14:00:00Z,1,1,2,False,4,0,0,0,0,0,0,0,1,0,0,0,-2,0.0,0.5,8.0,0.5,0,0,0,0,0,0.03,0.02,0.05,0.00,50,-385,9333,753,1138,243
244,3,8,8,True,2026-08-22T14:00:00Z,2,0,1,False,90,0,1,1,0,0,0,0,0,0,0,0,25,28.8,14.7,4.0,4.8,3,11,2,16,1,0.00,0.04,0.04,1.96,50,0,6793,0,0,244
244,12,3,2,False,2026-08-29T14:00:00Z,1,1,2,False,86,0,0,0,1,0,0,0,0,0,0,0,12,11.2,12.3,0.0,2.4,3,3,3,9,1,0.00,0.03,0.03,2.16,50,10319,24656,12786,2467,244
245,3,8,0,True,2026-08-22T14:00:00Z,2,0,1,False,0,0,0,0,0,0,0,0,0,0,0,0,0,0.0,0.0,0.0,0.0,0,0,0,0,0,0.00,0.00,0.00,0.00,55,0,3592,0,0,245
245,12,3,0,False,2026-08-29T14:00:00Z,1,1,2,False,0,0,0,0,0,0,0,0,0,0,0,0,0,0.0,0.0,0.0,0.0,0,0,0,0,0,0.00,0.00,0.00,0.00,55,-550,3529,201,751,245
246,3,8,3,True,2026-08-22T14:00:00Z,2,0,1,False,90,0,0,1,0,0,0,0,0,0,0,0,12,13.8,13.0,2.0,2.9,2,5,2,9,1,0.00,0.06,0.06,1.96,50,0,5179,0,0,246
246,12,3,2,False,2026-08-29T14:00:00Z,1,1,2,False,85,0,0,0,1,0,0,0,0,0,0,0,13,8.4,2.3,0.0,1.1,2,4,3,9,1,0.00,0.01,0.01,2.16,50,-118,5759,518,636,246
247,3,8,3,True,2026-08-22T14:00:00Z,2,0,1,False,78,0,0,1,0,0,0,0,0,0,0,0,16,8.6,12.2,5.0,2.6,1,4,2,7,1,0.01,0.01,0.02,1.62,55,0,24410,0,0,247
247,12,3,1,False,2026-08-29T14:00:00Z,1,1,2,False,28,0,0,0,0,0,0,0,0,0,0,0,3,7.8,1.4,2.0,1.1,2,1,0,3,0,0.00,0.01,0.01,1.58,55,-2358,24628,844,3202,247
248,3,8,1,True,2026-08-22T14:00:00Z,2,0,1,False,11,0,0,0,0,0,0,0,0,0,0,0,3,0.0,0.0,2.0,0.2,0,0,0,0,0,0.05,0.00,0.05,0.34,55,0,249740,0,0,248
248,12,3,1,False,2026-08-29T14:00:00Z,1,1,2,False,20,0,0,0,0,0,0,0,0,0,0,0,2,3.0,0.3,3.0,0.6,1,0,0,1,0,0.04,0.00,0.04,1.58,55,-35102,227543,7709,42811,248
249,3,8,8,True,2026-08-22T14:00:00Z,2,0,1,False,78,1,0,1,0,0,0,0,0,0,0,2,37,38.0,19.0,41.0,9.8,0,2,1,3,1,0.45,0.09,0.54,1.62,55,0,117327,0,0,249
249,12,3,2,False,2026-08-29T14:00:00Z,1,1,2,False,69,0,0,0,1,0,0,0,0,0,0,0,6,10.0,11.7,58.0,8.0,2,1,0,3,1,1.48,0.00,1.48,0.58,55,127837,352239,150265,22428,249
250,10,6,2,True,2026-08-24T19:00:00Z,2,3,1,False,90,0,0,0,3,0,0,0,0,0,3,0,11,29.6,0.0,0.0,3.0,1,9,0,0,1,0.00,0.00,0.00,2.24,45,0,272035,0,0,250
250,19,20,3,False,2026-08-30T13:00:00Z,1,0,2,False,90,0,0,0,1,0,0,0,0,0,3,0,11,19.2,0.0,0.0,1.9,2,8,0,0,1,0.00,0.00,0.00,2.02,45,645,300981,12174,11529,250
251,10,6,0,True,2026-08-24T19:00:00Z,2,3,1,False,0,0,0,0,0,0,0,0,0,0,0,0,0,0.0,0.0,0.0,0.0,0,0,0,0,0,0.00,0.00,0.00,0.00,40,0,107540,0,0,251
251,19,20,0,False,2026-08-30T13:00:00Z,1,0,2,False,0,0,0,0,0,0,0,0,0,0,0,0,0,0.0,0.0,0.0,0.0,0,0,0,0,0,0.00,0.00,0.00,0.00,40,-2636,117798,1492,4128,251
252,10,6,0,True,2026-08-24T19:00:00Z,2,3,1,False,0,0,0,0,0,0,0,0,0,0,0,0,0,0.0,0.0,0.0,0.0,0,0,0,0,0,0.00,0.00,0.00,0.00,40,0,13569,0,0,252
252,19,20,0,False,2026-08-30T13:00:00Z,1,0,2,False,0,0,0,0,0,0,0,0,0,0,0,0,0,0.0,0.0,0.0,0.0,0,0,0,0,0,0.00,0.00,0.00,0.00,40,185,15794,805,620,252
253,10,6,0,True,2026-08-24T19:00:00Z,2,3,1,False,0,0,0,0,0,0,0,0,0,0,0,0,0,0.0,0.0,0.0,0.0,0,0,0,0,0,0.00,0.00,0.00,0.00,50,0,3342,0,0,253
253,19,20,1,False,2026-08-30T13:00:00Z,1,0,2,False,90,0,0,0,1,0,0,0,1,0,0,0,4,17.8,12.9,2.0,3.3,8,2,0,8,1,0.00,0.04,0.04,2.02,50,1684,7735,2314,630,253
254,10,6,1,True,2026-08-24T19:00:00Z,2,3,1,False,81,0,0,0,3,0,0,0,0,0,0,0,4,21.6,25.2,3.0,5.0,4,5,3,7,1,0.13,0.04,0.17,2.21,45,0,148513,0,0,254
254,19,20,2,False,2026-08-30T13:00:00Z,1,0,2,False,90,0,0,0,1,0,0,0,0,0,0,0,10,9.8,4.6,0.0,1.4,0,2,3,3,1,0.00,0.02,0.02,2.02,45,1752,165662,11181,9429,254
255,10,6,3,True,2026-08-24T19:00:00Z,2,3,1,False,90,0,0,0,3,0,0,0,0,0,0,0,7,32.8,21.3,0.0,5.4,9,3,1,10,1,0.00,0.03,0.03,2.24,45,0,1787,0,0,255
255,19,20,0,False,2026-08-30T13:00:00Z,1,0,2,False,0,0,0,0,0,0,0,0,0,0,0,0,0,0.0,0.0,0.0,0.0,0,0,0,0,0,0.00,0.00,0.00,0.00,45,522,3423,781,259,255
256,10,6,0,True,2026-08-24T19:00:00Z,2,3,1,False,0,0,0,0,0,0,0,0,0,0,0,0,0,0.0,0.0,0.0,0.0,0,0,0,0,0,0.00,0.00,0.00,0.00,45,0,24681,0,0,256
256,19,20,0,False,2026-08-30T13:00:00Z,1,0,2,False,0,0,0,0,0,0,0,0,0,0,0,0,0,0.0,0.0,0.0,0.0,0,0,0,0,0,0.00,0.00,0.00,0.00,45,-1723,25956,338,2061,256
257,10,6,0,True,2026-08-24T19:00:00Z,2,3,1,False,90,0,0,0,3,0,0,0,1,0,0,0,1,13.8,3.8,2.0,2.0,3,4,1,4,1,0.02,0.02,0.04,2.24,45,0,64737,0,0,257
257,19,20,2,False,2026-08-30T13:00:00Z,1,0,2,False,90,0,0,0,1,0,0,0,0,0,0,0,13,19.4,2.6,0.0,2.2,6,6,1,7,1,0.00,0.01,0.01,2.02,45,821,75885,6863,6042,257
258,10,6,6,True,2026-08-24T19:00:00Z,2,3,1,False,90,0,2,0,3,0,0,0,1,0,0,0,21,38.0,27.8,23.0,8.9,5,4,1,6,1,0.09,0.18,0.27,2.24,45,0,26346,0,0,258
258,19,20,6,False,2026-08-30T13:00:00Z,1,0,2,False,67,0,0,1,0,0,0,0,0,0,0,0,18,0.0,0.7,0.0,0.0,1,2,1,2,1,0.00,0.00,0.00,0.26,45,9481,45933,12096,2615,258
261,10,6,2,True,2026-08-24T19:00:00Z,2,3,1,False,90,0,0,0,3,0,0,0,0,0,0,0,17,12.4,11.3,0.0,2.4,3,6,1,10,1,0.00,0.04,0.04,2.24,55,0,88413,0,0,261
261,19,20,2,False,2026-08-30T13:00:00Z,1,0,2,False,90,0,0,0,1,0,0,0,0,0,0,0,20,12.0,35.5,2.0,5.0,1,2,1,4,1,0.01,0.40,0.41,2.02,55,-3301,95898,6095,9396,261
262,10,6,0,True,2026-08-24T19:00:00Z,2,3,1,False,0,0,0,0,0,0,0,0,0,0,0,0,0,0.0,0.0,0.0,0.0,0,0,0,0,0,0.00,0.00,0.00,0.00,55,0,35036,0,0,262
262,19,20,1,False,2026-08-30T13:00:00Z,1,0,2,False,14,0,0,0,0,0,0,0,0,0,0,0,5,5.2,22.8,7.0,3.5,0,1,0,1,0,0.06,0.02,0.08,0.41,55,-3334,36765,1414,4748,262
263,10,6,1,True,2026-08-24T19:00:00Z,2,3,1,False,17,0,0,0,0,0,0,0,0,0,0,0,2,5.2,1.9,0.0,0.7,0,1,2,3,0,0.00,0.01,0.01,0.03,55,0,5144,0,0,263
263,19,20,1,False,2026-08-30T13:00:00Z,1,0,2,False,7,0,0,0,0,0,0,0,0,0,0,0,2,0.0,1.5,0.0,0.1,0,0,0,0,0,0.00,0.04,0.04,0.17,55,-443,5495,419,862,263
264,10,6,2,True,2026-08-24T19:00:00Z,2,3,1,False,66,0,0,0,3,0,0,0,0,0,0,0,10,9.8,13.8,6.0,3.0,1,2,3,6,1,0.00,0.26,0.26,2.21,55,0,26829,0,0,264
264,19,20,3,False,2026-08-30T13:00:00Z,1,0,2,False,67,0,0,1,0,0,0,0,0,0,0,0,8,7.0,12.4,6.0,2.5,1,2,2,5,1,0.00,0.01,0.01,0.26,55,1523,33606,4520,2997,264
265,10,6,2,True,2026-08-24T19:00:00Z,2,3,1,False,72,0,0,0,3,0,0,0,0,0,0,0,14,13.6,23.1,7.0,4.4,1,2,1,4,1,0.03,0.03,0.06,2.21,50,0,38470,0,0,265
265,19,20,2,False,2026-08-30T13:00:00Z,1,0,2,False,82,0,0,0,1,0,0,0,0,0,0,0,14,6.0,27.9,2.0,3.6,0,2,0,2,1,0.00,0.20,0.20,1.85,50,-1868,38868,1465,3333,265
266,10,6,0,True,2026-08-24T19:00:00Z,2,3,1,False,0,0,0,0,0,0,0,0,0,0,0,0,0,0.0,0.0,0.0,0.0,0,0,0,0,0,0.00,0.00,0.00,0.00,50,0,464,0,0,266
266,19,20,0,False,2026-08-30T13:00:00Z,1,0,2,False,0,0,0,0,0,0,0,0,0,0,0,0,0,0.0,0.0,0.0,0.0,0,0,0,0,0,0.00,0.00,0.00,0.00,50,-103,379,12,115,266
268,10,6,7,True,2026-08-24T19:00:00Z,2,3,1,False,90,1,0,0,3,0,0,0,0,0,0,0,34,41.6,15.6,41.0,9.8,2,4,2,8,1,0.17,0.04,0.21,2.24,55,0,14215,0,0,268
268,19,20,2,False,2026-08-30T13:00:00Z,1,0,2,False,90,0,0,0,1,0,0,0,0,0,0,0,8,10.6,4.5,21.0,3.6,1,1,2,4,1,0.47,0.03,0.50,2.02,55,30519,59498,34683,4164,268
269,10,6,1,True,2026-08-24T19:00:00Z,2,3,1,False,17,0,0,0,0,0,0,0,0,0,0,0,7,6.6,0.5,19.0,2.6,1,1,0,1,0,0.03,0.00,0.03,0.03,45,0,39784,0,0,269
269,19,20,1,False,2026-08-30T13:00:00Z,1,0,2,False,22,0,0,0,1,0,0,0,0,0,0,0,3,8.6,11.0,8.0,2.8,0,1,1,1,0,0.02,0.12,0.14,1.77,45,-2055,41879,959,3014,269
270,10,6,0,True,2026-08-24T19:00:00Z,2,3,1,False,0,0,0,0,0,0,0,0,0,0,0,0,0,0.0,0.0,0.0,0.0,0,0,0,0,0,0.00,0.00,0.00,0.00,45,0,139875,0,0,270
270,19,20,0,False,2026-08-30T13:00:00Z,1,0,2,False,0,0,0,0,0,0,0,0,0,0,0,0,0,0.0,0.0,0.0,0.0,0,0,0,0,0,0.00,0.00,0.00,0.00,45,-8921,141446,5582,14503,270
271,10,6,1,True,2026-08-24T19:00:00Z,2,3,1,False,8,0,0,0,0,0,0,0,0,0,0,0,6,6.0,11.5,7.0,2.5,1,0,0,1,0,0.02,0.00,0.02,0.03,55,0,52452,0,0,271
271,19,20,0,False,2026-08-30T13:00:00Z,1,0,2,False,0,0,0,0,0,0,0,0,0,0,0,0,0,0.0,0.0,0.0,0.0,0,0,0,0,0,0.00,0.00,0.00,0.00,55,-4078,54718,2812,6890,271
272,10,6,0,True,2026-08-24T19:00:00Z,2,3,1,False,0,0,0,0,0,0,0,0,0,0,0,0,0,0.0,0.0,0.0,0.0,0,0,0,0,0,0.00,0.00,0.00,0.00,45,0,669004,0,0,272
272,19,20,0,False,2026-08-30T13:00:00Z,1,0,2,False,0,0,0,0,0,0,0,0,0,0,0,0,0,0.0,0.0,0.0,0.0,0,0,0,0,0,0.00,0.00,0.00,0.00,45,-20589,685336,23688,44277,272
569,10,6,6,True,2026-08-24T19:00:00Z,2,3,1,False,90,1,0,0,3,0,0,0,0,0,0,0,33,37.2,4.3,40.0,8.2,0,1,1,2,1,0.73,0.01,0.74,2.24,60,0,180799,0,0,569
569,19,20,2,False,2026-08-30T13:00:00Z,1,0,2,False,90,0,0,0,1,0,0,0,0,0,0,0,2,5.6,2.8,24.0,3.2,2,2,0,4,1,0.27,0.01,0.28,2.02,60,135011,399587,152218,17207,569
570,10,6,2,True,2026-08-24T19:00:00Z,2,3,1,False,72,0,0,0,3,0,0,0,0,0,0,0,10,2.8,7.3,8.0,1.8,0,2,2,4,1,0.16,0.01,0.17,2.21,55,0,18267,0,0,570
570,19,20,1,False,2026-08-30T13:00:00Z,1,0,2,False,75,0,0,0,1,0,0,0,1,0,0,0,6,3.0,1.3,3.0,0.7,3,6,0,9,1,0.02,0.00,0.02,1.62,55,-874,20418,910,1784,570
580,10,6,1,True,2026-08-24T19:00:00Z,2,3,1,False,23,0,0,0,0,0,0,0,0,0,0,0,5,3.4,1.3,0.0,0.5,0,2,1,3,0,0.00,0.00,0.00,0.03,50,0,8110,0,0,580
580,19,20,1,False,2026-08-30T13:00:00Z,1,0,2,False,22,0,0,0,1,0,0,0,0,0,0,0,2,0.6,2.8,6.0,0.9,1,1,0,2,0,0.09,0.03,0.12,1.77,50,-449,8645,359,808,580
610,10,6,0,True,2026-08-24T19:00:00Z,2,3,1,False,0,0,0,0,0,0,0,0,0,0,0,0,0,0.0,0.0,0.0,0.0,0,0,0,0,0,0.00,0.00,0.00,0.00,40,0,0,0,0,610
610,19,20,0,False,2026-08-30T13:00:00Z,1,0,2,False,0,0,0,0,0,0,0,0,0,0,0,0,0,0.0,0.0,0.0,0.0,0,0,0,0,0,0.00,0.00,0.00,0.00,40,2577,7950,3051,474,610
626,19,20,0,False,2026-08-30T13:00:00Z,1,0,2,False,0,0,0,0,0,0,0,0,0,0,0,0,0,0.0,0.0,0.0,0.0,0,0,0,0,0,0.00,0.00,0.00,0.00,45,0,0,0,0,626
240,3,8,0,True,2026-08-22T14:00:00Z,2,0,1,False,0,0,0,0,0,0,0,0,0,0,0,0,0,0.0,0.0,0.0,0.0,0,0,0,0,0,0.00,0.00,0.00,0.00,50,0,1417,0,0,240
240,12,3,1,False,2026-08-29T14:00:00Z,1,1,2,False,4,0,0,0,0,0,0,0,0,0,0,0,2,0.0,0.0,0.0,0.0,0,0,0,0,0,0.00,0.00,0.00,0.00,50,-327,1093,21,348,240
273,4,16,0,True,2026-08-22T11:30:00Z,2,0,1,False,0,0,0,0,0,0,0,0,0,0,0,0,0,0.0,0.0,0.0,0.0,0,0,0,0,0,0.00,0.00,0.00,0.00,40,0,138196,0,0,273
273,13,7,0,False,2026-08-29T14:00:00Z,0,1,2,False,0,0,0,0,0,0,0,0,0,0,0,0,0,0.0,0.0,0.0,0.0,0,0,0,0,0,0.00,0.00,0.00,0.00,40,-3979,150763,3115,7094,273
274,4,16,0,True,2026-08-22T11:30:00Z,2,0,1,False,0,0,0,0,0,0,0,0,0,0,0,0,0,0.0,0.0,0.0,0.0,0,0,0,0,0,0.00,0.00,0.00,0.00,45,0,11096,0,0,274
274,13,7,0,False,2026-08-29T14:00:00Z,0,1,2,False,0,0,0,0,0,0,0,0,0,0,0,0,0,0.0,0.0,0.0,0.0,0,0,0,0,0,0.00,0.00,0.00,0.00,45,-1614,9646,124,1738,274
275,4,16,0,True,2026-08-22T11:30:00Z,2,0,1,False,0,0,0,0,0,0,0,0,0,0,0,0,0,0.0,0.0,0.0,0.0,0,0,0,0,0,0.00,0.00,0.00,0.00,40,0,1022,0,0,275
275,13,7,0,False,2026-08-29T14:00:00Z,0,1,2,False,0,0,0,0,0,0,0,0,0,0,0,0,0,0.0,0.0,0.0,0.0,0,0,0,0,0,0.00,0.00,0.00,0.00,40,-111,909,0,111,275
276,4,16,0,True,2026-08-22T11:30:00Z,2,0,1,False,0,0,0,0,0,0,0,0,0,0,0,0,0,0.0,0.0,0.0,0.0,0,0,0,0,0,0.00,0.00,0.00,0.00,40,0,3519,0,0,276
276,13,7,0,False,2026-08-29T14:00:00Z,0,1,2,False,0,0,0,0,0,0,0,0,0,0,0,0,0,0.0,0.0,0.0,0.0,0,0,0,0,0,0.00,0.00,0.00,0.00,40,-383,3116,0,383,276
277,4,16,8,True,2026-08-22T11:30:00Z,2,0,1,False,90,0,0,1,0,0,0,0,0,0,0,0,27,43.4,0.1,2.0,4.6,20,3,1,21,1,0.00,0.00,0.00,1.83,40,0,134746,0,0,277
277,13,7,9,False,2026-08-29T14:00:00Z,0,1,2,False,90,0,0,1,0,0,0,0,0,0,0,1,25,23.8,0.4,0.0,2.4,12,1,1,13,1,0.00,0.00,0.00,1.29,40,31730,197783,42937,11207,277
278,4,16,0,True,2026-08-22T11:30:00Z,2,0,1,False,0,0,0,0,0,0,0,0,0,0,0,0,0,0.0,0.0,0.0,0.0,0,0,0,0,0,0.00,0.00,0.00,0.00,40,0,12660,0,0,278
278,13,7,0,False,2026-08-29T14:00:00Z,0,1,2,False,0,0,0,0,0,0,0,0,0,0,0,0,0,0.0,0.0,0.0,0.0,0,0,0,0,0,0.00,0.00,0.00,0.00,40,-2221,10606,99,2320,278
279,4,16,14,True,2026-08-22T11:30:00Z,2,0,1,False,63,1,0,1,0,0,0,0,0,0,0,2,39,44.2,0.2,35.0,7.9,7,3,0,7,1,0.52,0.00,0.52,0.86,40,0,83256,0,0,279
279,13,7,6,False,2026-08-29T14:00:00Z,0,1,2,False,90,0,0,1,0,0,0,0,0,0,0,0,24,15.6,0.8,0.0,1.6,5,5,2,7,1,0.00,0.00,0.00,1.29,40,63813,200860,79406,15593,279
280,4,16,6,True,2026-08-22T11:30:00Z,2,0,1,False,69,0,0,1,0,0,0,0,0,0,0,0,23,5.8,11.3,0.0,1.7,1,3,1,2,1,0.00,0.01,0.01,1.16,40,0,59278,0,0,280
280,13,7,0,False,2026-08-29T14:00:00Z,0,1,2,False,45,0,0,0,0,0,0,0,1,0,0,0,2,4.6,0.3,0.0,0.5,4,1,0,4,1,0.00,0.00,0.00,1.09,40,-2458,62770,2623,5081,280
281,4,16,1,True,2026-08-22T11:30:00Z,2,0,1,False,20,0,0,0,0,0,0,0,0,0,0,0,4,2.2,0.0,1.0,0.3,2,2,1,3,0,0.05,0.00,0.05,0.67,40,0,1668,0,0,281
281,13,7,1,False,2026-08-29T14:00:00Z,0,1,2,False,45,0,0,0,0,0,0,0,0,0,0,0,4,4.2,0.4,0.0,0.5,3,2,0,3,0,0.00,0.00,0.00,0.20,40,695,7175,1108,413,281
282,4,16,6,True,2026-08-22T11:30:00Z,2,0,1,False,84,0,0,1,0,0,0,0,0,0,0,0,24,13.8,18.8,4.0,3.7,5,1,1,6,1,0.02,0.07,0.09,1.76,40,0,67208,0,0,282
282,13,7,6,False,2026-08-29T14:00:00Z,0,1,2,False,90,0,0,1,0,0,0,0,0,0,0,0,21,9.6,15.0,2.0,2.7,1,4,1,2,1,0.00,0.07,0.07,1.29,40,8701,90479,12892,4191,282
283,4,16,0,True,2026-08-22T11:30:00Z,2,0,1,False,0,0,0,0,0,0,0,0,0,0,0,0,0,0.0,0.0,0.0,0.0,0,0,0,0,0,0.00,0.00,0.00,0.00,40,0,1251,0,0,283
283,13,7,0,False,2026-08-29T14:00:00Z,0,1,2,False,0,0,0,0,0,0,0,0,0,0,0,0,0,0.0,0.0,0.0,0.0,0,0,0,0,0,0.00,0.00,0.00,0.00,40,-171,1177,57,228,283
284,4,16,0,True,2026-08-22T11:30:00Z,2,0,1,False,0,0,0,0,0,0,0,0,0,0,0,0,0,0.0,0.0,0.0,0.0,0,0,0,0,0,0.00,0.00,0.00,0.00,40,0,7616,0,0,284
284,13,7,0,False,2026-08-29T14:00:00Z,0,1,2,False,0,0,0,0,0,0,0,0,0,0,0,0,0,0.0,0.0,0.0,0.0,0,0,0,0,0,0.00,0.00,0.00,0.00,40,-284,8232,675,959,284
285,4,16,1,True,2026-08-22T11:30:00Z,2,0,1,False,26,0,0,0,0,0,0,0,0,0,0,0,3,4.2,0.0,0.0,0.4,2,1,0,2,0,0.00,0.00,0.00,0.96,40,0,8697,0,0,285
285,13,7,0,False,2026-08-29T14:00:00Z,0,1,2,False,0,0,0,0,0,0,0,0,0,0,0,0,0,0.0,0.0,0.0,0.0,0,0,0,0,0,0.00,0.00,0.00,0.00,40,-44,13083,646,690,285
286,4,16,3,True,2026-08-22T11:30:00Z,2,0,1,False,90,0,0,1,0,0,0,0,0,0,0,0,8,10.6,2.2,7.0,2.0,3,3,4,10,1,0.05,0.03,0.08,1.83,50,0,40446,0,0,286
286,13,7,6,False,2026-08-29T14:00:00Z,0,1,2,False,82,0,1,1,0,0,0,0,0,0,0,0,23,23.2,12.1,11.0,4.6,3,5,2,10,1,0.12,0.02,0.14,1.11,50,9859,63814,13890,4031,286
287,4,16,0,True,2026-08-22T11:30:00Z,2,0,1,False,19,0,0,0,0,0,0,0,1,0,0,0,2,2.0,0.3,2.0,0.4,1,1,1,3,0,0.00,0.00,0.00,0.67,50,0,6086,0,0,287
287,13,7,6,False,2026-08-29T14:00:00Z,0,1,2,False,31,1,0,0,0,0,0,0,0,0,0,0,24,34.0,0.8,13.0,4.8,1,0,0,1,0,0.58,0.00,0.58,0.20,50,-682,6233,305,987,287
288,4,16,0,True,2026-08-22T11:30:00Z,2,0,1,False,0,0,0,0,0,0,0,0,0,0,0,0,0,0.0,0.0,0.0,0.0,0,0,0,0,0,0.00,0.00,0.00,0.00,45,0,35457,0,0,288
288,13,7,0,False,2026-08-29T14:00:00Z,0,1,2,False,0,0,0,0,0,0,0,0,0,0,0,0,0,0.0,0.0,0.0,0.0,0,0,0,0,0,0.00,0.00,0.00,0.00,45,-2542,35966,1716,4258,288
289,4,16,2,True,2026-08-22T11:30:00Z,2,0,1,False,90,0,0,1,0,0,0,0,1,0,0,0,9,19.0,2.4,0.0,2.1,4,1,4,9,1,0.00,0.00,0.00,1.83,45,0,57929,0,0,289
289,13,7,0,False,2026-08-29T14:00:00Z,0,1,2,False,0,0,0,0,0,0,0,0,0,0,0,0,0,0.0,0.0,0.0,0.0,0,0,0,0,0,0.00,0.00,0.00,0.00,45,4451,71261,10141,5690,289
290,4,16,6,True,2026-08-22T11:30:00Z,2,0,1,False,90,0,1,1,0,0,0,0,0,0,0,0,20,18.4,19.3,0.0,3.8,0,2,1,3,1,0.00,0.44,0.44,1.83,45,0,272889,0,0,290
290,13,7,2,False,2026-08-29T14:00:00Z,0,1,2,False,90,0,0,1,0,0,0,0,1,0,0,0,6,9.8,2.8,2.0,1.5,2,4,4,10,1,0.00,0.01,0.01,1.29,45,69997,391444,92371,22374,290
291,4,16,0,True,2026-08-22T11:30:00Z,2,0,1,False,0,0,0,0,0,0,0,0,0,0,0,0,0,0.0,0.0,0.0,0.0,0,0,0,0,0,0.00,0.00,0.00,0.00,45,0,600,0,0,291
291,13,7,0,False,2026-08-29T14:00:00Z,0,1,2,False,0,0,0,0,0,0,0,0,0,0,0,0,0,0.0,0.0,0.0,0.0,0,0,0,0,0,0.00,0.00,0.00,0.00,45,-32,625,64,96,291
292,4,16,0,True,2026-08-22T11:30:00Z,2,0,1,False,0,0,0,0,0,0,0,0,0,0,0,0,0,0.0,0.0,0.0,0.0,0,0,0,0,0,0.00,0.00,0.00,0.00,50,0,1546,0,0,292
292,13,7,0,False,2026-08-29T14:00:00Z,0,1,2,False,0,0,0,0,0,0,0,0,0,0,0,0,0,0.0,0.0,0.0,0.0,0,0,0,0,0,0.00,0.00,0.00,0.00,50,-178,1668,209,387,292
293,4,16,0,True,2026-08-22T11:30:00Z,2,0,1,False,0,0,0,0,0,0,0,0,0,0,0,0,0,0.0,0.0,0.0,0.0,0,0,0,0,0,0.00,0.00,0.00,0.00,50,0,555,0,0,293
293,13,7,0,False,2026-08-29T14:00:00Z,0,1,2,False,0,0,0,0,0,0,0,0,0,0,0,0,0,0.0,0.0,0.0,0.0,0,0,0,0,0,0.00,0.00,0.00,0.00,50,-197,353,0,197,293
294,4,16,0,True,2026-08-22T11:30:00Z,2,0,1,False,0,0,0,0,0,0,0,0,0,0,0,0,0,0.0,0.0,0.0,0.0,0,0,0,0,0,0.00,0.00,0.00,0.00,45,0,10995,0,0,294
294,13,7,0,False,2026-08-29T14:00:00Z,0,1,2,False,0,0,0,0,0,0,0,0,0,0,0,0,0,0.0,0.0,0.0,0.0,0,0,0,0,0,0.00,0.00,0.00,0.00,45,-1658,10090,491,2149,294
295,4,16,5,True,2026-08-22T11:30:00Z,2,0,1,False,90,0,1,1,0,0,0,0,0,0,0,0,21,17.2,21.1,52.0,9.0,3,2,0,5,1,0.16,0.01,0.17,1.83,55,0,113765,0,0,295
295,13,7,1,False,2026-08-29T14:00:00Z,0,1,2,False,90,0,0,1,0,0,0,0,1,0,0,0,7,0.8,13.3,8.0,2.2,0,4,0,4,1,0.00,0.01,0.01,1.29,55,66700,219548,82641,15941,295
296,4,16,0,True,2026-08-22T11:30:00Z,2,0,1,False,0,0,0,0,0,0,0,0,0,0,0,0,0,0.0,0.0,0.0,0.0,0,0,0,0,0,0.00,0.00,0.00,0.00,50,0,3400,0,0,296
296,13,7,0,False,2026-08-29T14:00:00Z,0,1,2,False,0,0,0,0,0,0,0,0,0,0,0,0,0,0.0,0.0,0.0,0.0,0,0,0,0,0,0.00,0.00,0.00,0.00,50,-26,4113,914,940,296
297,4,16,0,True,2026-08-22T11:30:00Z,2,0,1,False,0,0,0,0,0,0,0,0,0,0,0,0,0,0.0,0.0,0.0,0.0,0,0,0,0,0,0.00,0.00,0.00,0.00,45,0,2774,0,0,297
297,13,7,0,False,2026-08-29T14:00:00Z,0,1,2,False,0,0,0,0,0,0,0,0,0,0,0,0,0,0.0,0.0,0.0,0.0,0,0,0,0,0,0.00,0.00,0.00,0.00,45,-462,2377,64,526,297
298,4,16,0,True,2026-08-22T11:30:00Z,2,0,1,False,0,0,0,0,0,0,0,0,0,0,0,0,0,0.0,0.0,0.0,0.0,0,0,0,0,0,0.00,0.00,0.00,0.00,45,0,40958,0,0,298
298,13,7,0,False,2026-08-29T14:00:00Z,0,1,2,False,0,0,0,0,0,0,0,0,0,0,0,0,0,0.0,0.0,0.0,0.0,0,0,0,0,0,0.00,0.00,0.00,0.00,45,-8866,31698,0,8866,298
299,4,16,0,True,2026-08-22T11:30:00Z,2,0,1,False,0,0,0,0,0,0,0,0,0,0,0,0,0,0.0,0.0,0.0,0.0,0,0,0,0,0,0.00,0.00,0.00,0.00,45,0,6401,0,0,299
299,13,7,0,False,2026-08-29T14:00:00Z,0,1,2,False,0,0,0,0,0,0,0,0,0,0,0,0,0,0.0,0.0,0.0,0.0,0,0,0,0,0,0.00,0.00,0.00,0.00,45,-1210,5122,0,1210,299
340,4,16,0,True,2026-08-22T11:30:00Z,2,0,1,False,0,0,0,0,0,0,0,0,0,0,0,0,0,0.0,0.0,0.0,0.0,0,0,0,0,0,0.00,0.00,0.00,0.00,50,0,1365,0,0,340
340,13,7,0,False,2026-08-29T14:00:00Z,0,1,2,False,0,0,0,0,0,0,0,0,0,0,0,0,0,0.0,0.0,0.0,0.0,0,0,0,0,0,0.00,0.00,0.00,0.00,50,-243,1160,45,288,340
556,4,16,1,True,2026-08-22T11:30:00Z,2,0,1,False,5,0,0,0,0,0,0,0,0,0,0,0,3,0.4,0.0,0.0,0.0,0,1,0,0,0,0.00,0.00,0.00,0.07,40,0,218902,0,0,556
556,13,7,0,False,2026-08-29T14:00:00Z,0,1,2,False,0,0,0,0,0,0,0,0,0,0,0,0,0,0.0,0.0,0.0,0.0,0,0,0,0,0,0.00,0.00,0.00,0.00,40,-10048,224749,5393,15441,556
563,4,16,0,True,2026-08-22T11:30:00Z,2,0,1,False,0,0,0,0,0,0,0,0,0,0,0,0,0,0.0,0.0,0.0,0.0,0,0,0,0,0,0.00,0.00,0.00,0.00,50,0,2175,0,0,563
563,13,7,1,False,2026-08-29T14:00:00Z,0,1,2,False,45,0,0,0,0,0,0,0,0,0,0,0,6,11.0,13.4,0.0,2.4,2,1,0,3,1,0.00,0.00,0.00,1.09,50,-210,2129,118,328,563
572,4,16,10,True,2026-08-22T11:30:00Z,2,0,1,False,90,0,0,1,0,0,0,0,0,0,5,3,41,34.6,0.0,0.0,3.5,0,22,0,0,1,0.00,0.00,0.00,1.83,45,0,48305,0,0,572
572,13,7,10,False,2026-08-29T14:00:00Z,0,1,2,False,90,0,0,1,0,0,0,0,0,0,3,3,32,26.2,0.0,0.0,2.6,0,11,0,0,1,0.00,0.00,0.00,1.29,45,89555,301344,101970,12415,572
574,4,16,0,True,2026-08-22T11:30:00Z,2,0,1,False,0,0,0,0,0,0,0,0,0,0,0,0,0,0.0,0.0,0.0,0.0,0,0,0,0,0,0.00,0.00,0.00,0.00,50,0,7500,0,0,574
574,13,7,0,False,2026-08-29T14:00:00Z,0,1,2,False,0,0,0,0,0,0,0,0,0,0,0,0,0,0.0,0.0,0.0,0.0,0,0,0,0,0,0.00,0.00,0.00,0.00,50,-662,7716,307,969,574
576,4,16,3,True,2026-08-22T11:30:00Z,2,0,1,False,70,0,0,1,0,0,0,0,0,0,0,0,11,8.4,4.8,0.0,1.3,1,2,3,6,1,0.00,0.03,0.03,1.16,50,0,6733,0,0,576
576,13,7,0,False,2026-08-29T14:00:00Z,0,1,2,False,58,0,0,0,0,0,0,0,1,0,0,0,-2,0.0,4.3,7.0,0.9,2,5,0,7,1,0.01,0.01,0.02,1.09,50,833,9465,1430,597,576
585,4,16,1,True,2026-08-22T11:30:00Z,2,0,1,False,26,0,0,0,0,0,0,0,0,0,0,0,4,8.0,0.0,0.0,0.8,4,0,0,4,0,0.00,0.00,0.00,0.96,40,0,53978,0,0,585
585,13,7,1,False,2026-08-29T14:00:00Z,0,1,2,False,31,0,0,0,0,0,0,0,0,0,0,0,3,3.0,0.2,0.0,0.3,1,0,0,1,0,0.00,0.00,0.00,0.20,40,-831,63919,2771,3602,585
586,4,16,15,True,2026-08-22T11:30:00Z,2,0,1,False,63,1,0,1,0,0,0,0,0,0,0,1,35,51.8,0.6,33.0,8.5,13,2,0,13,1,0.28,0.00,0.28,0.86,40,0,92688,0,0,586
586,13,7,1,False,2026-08-29T14:00:00Z,0,1,2,False,58,0,0,0,0,0,0,0,0,0,0,0,9,27.6,0.0,7.0,3.5,7,2,2,9,1,0.01,0.00,0.01,1.09,40,160120,418634,179580,19460,586
589,4,16,0,True,2026-08-22T11:30:00Z,2,0,1,False,0,0,0,0,0,0,0,0,0,0,0,0,0,0.0,0.0,0.0,0.0,0,0,0,0,0,0.00,0.00,0.00,0.00,50,0,2352,0,0,589
589,13,7,1,False,2026-08-29T14:00:00Z,0,1,2,False,45,0,0,0,0,0,0,0,0,0,0,0,6,12.8,0.9,0.0,1.4,1,2,3,6,0,0.00,0.01,0.01,0.20,50,-178,2781,135,313,589
617,13,7,1,False,2026-08-29T14:00:00Z,0,1,2,False,7,0,0,0,0,0,0,0,0,0,0,0,3,0.4,0.3,0.0,0.1,0,0,0,0,0,0.00,0.00,0.00,0.18,50,23,49,25,2,617
259,5,20,2,True,2026-08-22T14:00:00Z,2,1,1,False,90,0,0,0,1,0,0,0,0,0,0,0,7,7.2,0.8,2.0,1.0,4,6,1,5,1,0.00,0.01,0.01,0.66,40,0,1668644,0,0,259
259,18,16,2,False,2026-08-30T15:30:00Z,5,2,2,False,90,0,0,0,5,0,0,0,0,0,0,0,7,40.8,0.3,0.0,4.1,12,4,0,12,1,0.00,0.00,0.00,4.77,40,-44411,1683238,26513,70924,259
267,5,20,5,True,2026-08-22T14:00:00Z,2,1,1,False,90,0,1,0,1,0,0,0,0,0,0,0,22,23.4,14.8,2.0,4.0,2,3,1,6,1,0.00,0.02,0.02,0.66,50,0,10816,0,0,267
267,18,16,1,False,2026-08-30T15:30:00Z,5,2,2,False,72,0,0,0,4,0,0,0,1,0,0,0,11,17.4,11.9,2.0,3.1,7,1,3,11,1,0.02,0.02,0.04,3.91,50,-167,12592,1178,1345,267
300,5,20,0,True,2026-08-22T14:00:00Z,2,1,1,False,0,0,0,0,0,0,0,0,0,0,0,0,0,0.0,0.0,0.0,0.0,0,0,0,0,0,0.00,0.00,0.00,0.00,45,0,47085,0,0,300
300,18,16,0,False,2026-08-30T15:30:00Z,5,2,2,False,0,0,0,0,0,0,0,0,0,0,0,0,0,0.0,0.0,0.0,0.0,0,0,0,0,0,0.00,0.00,0.00,0.00,45,-4363,48759,209,4572,300
301,5,20,0,True,2026-08-22T14:00:00Z,2,1,1,False,0,0,0,0,0,0,0,0,0,0,0,0,0,0.0,0.0,0.0,0.0,0,0,0,0,0,0.00,0.00,0.00,0.00,40,0,426453,0,0,301
301,18,16,0,False,2026-08-30T15:30:00Z,5,2,2,False,0,0,0,0,0,0,0,0,0,0,0,0,0,0.0,0.0,0.0,0.0,0,0,0,0,0,0.00,0.00,0.00,0.00,40,-9662,442454,7686,17348,301
302,5,20,0,True,2026-08-22T14:00:00Z,2,1,1,False,0,0,0,0,0,0,0,0,0,0,0,0,0,0.0,0.0,0.0,0.0,0,0,0,0,0,0.00,0.00,0.00,0.00,40,0,40566,0,0,302
302,18,16,0,False,2026-08-30T15:30:00Z,5,2,2,False,0,0,0,0,0,0,0,0,0,0,0,0,0,0.0,0.0,0.0,0.0,0,0,0,0,0,0.00,0.00,0.00,0.00,40,140,44640,1959,1819,302
303,5,20,0,True,2026-08-22T14:00:00Z,2,1,1,False,0,0,0,0,0,0,0,0,0,0,0,0,0,0.0,0.0,0.0,0.0,0,0,0,0,0,0.00,0.00,0.00,0.00,40,0,57775,0,0,303
303,18,16,0,False,2026-08-30T15:30:00Z,5,2,2,False,0,0,0,0,0,0,0,0,0,0,0,0,0,0.0,0.0,0.0,0.0,0,0,0,0,0,0.00,0.00,0.00,0.00,40,-4615,60443,332,4947,303
304,5,20,4,True,2026-08-22T14:00:00Z,2,1,1,False,90,0,0,0,1,0,0,0,0,0,0,0,16,48.0,24.5,2.0,7.5,16,6,2,18,1,0.00,0.16,0.16,0.66,40,0,313565,0,0,304
304,18,16,0,False,2026-08-30T15:30:00Z,5,2,2,False,90,0,0,0,5,0,0,0,0,0,0,0,-14,0.0,0.8,9.0,0.9,1,2,0,1,1,0.07,0.01,0.08,4.77,40,1655,338381,15639,13984,304
305,5,20,2,True,2026-08-22T14:00:00Z,2,1,1,False,90,0,0,0,1,0,0,0,0,0,0,0,10,15.2,2.3,0.0,1.8,7,4,0,7,1,0.00,0.01,0.01,0.66,40,0,479363,0,0,305
305,18,16,6,False,2026-08-30T15:30:00Z,5,2,2,False,90,1,0,0,5,0,0,0,0,0,0,0,1,47.0,14.7,50.0,11.2,4,1,0,4,1,0.54,0.12,0.66,4.77,40,-13968,482824,7322,21290,305
306,5,20,2,True,2026-08-22T14:00:00Z,2,1,1,False,90,0,0,0,1,0,0,0,0,0,0,0,12,16.4,1.3,0.0,1.8,4,1,3,7,1,0.00,0.00,0.00,0.66,40,0,134129,0,0,306
306,18,16,-1,False,2026-08-30T15:30:00Z,5,2,2,False,90,0,0,0,5,1,0,0,1,0,0,0,-13,18.4,1.3,0.0,2.0,9,4,1,10,1,0.00,0.01,0.01,4.77,40,-4475,141835,1636,6111,306
307,5,20,0,True,2026-08-22T14:00:00Z,2,1,1,False,0,0,0,0,0,0,0,0,0,0,0,0,0,0.0,0.0,0.0,0.0,0,0,0,0,0,0.00,0.00,0.00,0.00,40,0,10016,0,0,307
307,18,16,0,False,2026-08-30T15:30:00Z,5,2,2,False,0,0,0,0,0,0,0,0,0,0,0,0,0,0.0,0.0,0.0,0.0,0,0,0,0,0,0.00,0.00,0.00,0.00,40,-595,10501,427,1022,307
308,5,20,0,True,2026-08-22T14:00:00Z,2,1,1,False,0,0,0,0,0,0,0,0,0,0,0,0,0,0.0,0.0,0.0,0.0,0,0,0,0,0,0.00,0.00,0.00,0.00,40,0,56130,0,0,308
308,18,16,1,False,2026-08-30T15:30:00Z,5,2,2,False,17,0,0,0,1,0,0,0,0,0,0,0,-1,5.0,0.5,0.0,0.6,2,0,1,3,0,0.00,0.00,0.00,0.86,40,-4147,59266,269,4416,308
309,5,20,4,True,2026-08-22T14:00:00Z,2,1,1,False,79,0,0,0,1,0,0,0,0,0,0,0,26,13.0,7.3,4.0,2.4,4,6,2,12,1,0.03,0.03,0.06,0.63,50,0,11544,0,0,309
309,18,16,2,False,2026-08-30T15:30:00Z,5,2,2,False,61,0,0,0,3,0,0,0,0,0,0,0,6,11.6,12.1,2.0,2.6,4,4,1,9,1,0.00,0.02,0.02,2.85,50,-196,14039,1197,1393,309
310,5,20,0,True,2026-08-22T14:00:00Z,2,1,1,False,0,0,0,0,0,0,0,0,0,0,0,0,0,0.0,0.0,0.0,0.0,0,0,0,0,0,0.00,0.00,0.00,0.00,50,0,430,0,0,310
310,18,16,0,False,2026-08-30T15:30:00Z,5,2,2,False,0,0,0,0,0,0,0,0,0,0,0,0,0,0.0,0.0,0.0,0.0,0,0,0,0,0,0.00,0.00,0.00,0.00,50,-104,328,8,112,310
311,5,20,0,True,2026-08-22T14:00:00Z,2,1,1,False,0,0,0,0,0,0,0,0,0,0,0,0,0,0.0,0.0,0.0,0.0,0,0,0,0,0,0.00,0.00,0.00,0.00,50,0,562,0,0,311
311,18,16,0,False,2026-08-30T15:30:00Z,5,2,2,False,0,0,0,0,0,0,0,0,0,0,0,0,0,0.0,0.0,0.0,0.0,0,0,0,0,0,0.00,0.00,0.00,0.00,50,-191,366,0,191,311
312,5,20,0,True,2026-08-22T14:00:00Z,2,1,1,False,0,0,0,0,0,0,0,0,0,0,0,0,0,0.0,0.0,0.0,0.0,0,0,0,0,0,0.00,0.00,0.00,0.00,45,0,4505,0,0,312
312,18,16,0,False,2026-08-30T15:30:00Z,5,2,2,False,0,0,0,0,0,0,0,0,0,0,0,0,0,0.0,0.0,0.0,0.0,0,0,0,0,0,0.00,0.00,0.00,0.00,45,-772,3887,111,883,312
313,5,20,7,True,2026-08-22T14:00:00Z,2,1,1,False,19,1,0,0,0,0,0,0,0,0,0,1,27,33.6,0.6,18.0,5.2,0,1,1,2,0,0.10,0.00,0.10,0.03,55,0,24135,0,0,313
313,18,16,0,False,2026-08-30T15:30:00Z,5,2,2,False,0,0,0,0,0,0,0,0,0,0,0,0,0,0.0,0.0,0.0,0.0,0,0,0,0,0,0.00,0.00,0.00,0.00,55,759,29170,3202,2443,313
314,5,20,0,True,2026-08-22T14:00:00Z,2,1,1,False,0,0,0,0,0,0,0,0,0,0,0,0,0,0.0,0.0,0.0,0.0,0,0,0,0,0,0.00,0.00,0.00,0.00,50,0,1539,0,0,314
314,18,16,0,False,2026-08-30T15:30:00Z,5,2,2,False,0,0,0,0,0,0,0,0,0,0,0,0,0,0.0,0.0,0.0,0.0,0,0,0,0,0,0.00,0.00,0.00,0.00,50,-206,1468,37,243,314
315,5,20,2,True,2026-08-22T14:00:00Z,2,1,1,False,65,0,0,0,1,0,0,0,0,0,0,0,22,18.6,28.4,8.0,5.5,1,2,4,7,1,0.00,0.41,0.41,0.63,55,0,21235,0,0,315
315,18,16,4,False,2026-08-30T15:30:00Z,5,2,2,False,82,0,1,0,5,0,0,0,1,0,0,0,25,26.6,42.3,2.0,7.1,1,2,1,4,1,0.00,0.22,0.22,4.59,55,-2198,21573,570,2768,315
316,5,20,9,True,2026-08-22T14:00:00Z,2,1,1,False,65,1,0,0,1,0,0,0,0,0,0,3,41,45.6,26.3,40.0,11.2,1,1,1,3,1,0.82,0.06,0.88,0.63,55,0,33590,0,0,316
316,18,16,1,False,2026-08-30T15:30:00Z,5,2,2,False,45,0,0,0,1,0,0,0,0,0,0,0,7,1.0,11.1,2.0,1.4,1,0,0,1,1,0.00,0.00,0.00,0.77,55,59997,182058,76807,16810,316
317,5,20,0,True,2026-08-22T14:00:00Z,2,1,1,False,0,0,0,0,0,0,0,0,0,0,0,0,0,0.0,0.0,0.0,0.0,0,0,0,0,0,0.00,0.00,0.00,0.00,50,0,25160,0,0,317
317,18,16,0,False,2026-08-30T15:30:00Z,5,2,2,False,0,0,0,0,0,0,0,0,0,0,0,0,0,0.0,0.0,0.0,0.0,0,0,0,0,0,0.00,0.00,0.00,0.00,50,-8695,16241,0,8695,317
318,5,20,0,True,2026-08-22T14:00:00Z,2,1,1,False,0,0,0,0,0,0,0,0,0,0,0,0,0,0.0,0.0,0.0,0.0,0,0,0,0,0,0.00,0.00,0.00,0.00,55,0,14821,0,0,318
318,18,16,0,False,2026-08-30T15:30:00Z,5,2,2,False,0,0,0,0,0,0,0,0,0,0,0,0,0,0.0,0.0,0.0,0.0,0,0,0,0,0,0.00,0.00,0.00,0.00,55,-3822,12592,106,3928,318
319,5,20,0,True,2026-08-22T14:00:00Z,2,1,1,False,0,0,0,0,0,0,0,0,0,0,0,0,0,0.0,0.0,0.0,0.0,0,0,0,0,0,0.00,0.00,0.00,0.00,50,0,1030,0,0,319
319,18,16,0,False,2026-08-30T15:30:00Z,5,2,2,False,0,0,0,0,0,0,0,0,0,0,0,0,0,0.0,0.0,0.0,0.0,0,0,0,0,0,0.00,0.00,0.00,0.00,50,-409,615,0,409,319
320,5,20,1,True,2026-08-22T14:00:00Z,2,1,1,False,24,0,0,0,0,0,0,0,0,0,0,0,3,1.4,0.0,2.0,0.3,0,2,1,3,0,0.00,0.00,0.00,0.03,50,0,47871,0,0,320
320,18,16,5,False,2026-08-30T15:30:00Z,5,2,2,False,45,1,0,0,4,0,0,0,0,0,0,0,30,33.2,1.7,17.0,5.2,0,0,0,0,0,0.97,0.00,0.97,4.01,50,-1625,52422,4625,6250,320
321,5,20,1,True,2026-08-22T14:00:00Z,2,1,1,False,10,0,0,0,0,0,0,0,0,0,0,0,3,0.0,0.1,0.0,0.0,0,0,0,0,0,0.00,0.00,0.00,0.03,45,0,199675,0,0,321
321,18,16,0,False,2026-08-30T15:30:00Z,5,2,2,False,0,0,0,0,0,0,0,0,0,0,0,0,0,0.0,0.0,0.0,0.0,0,0,0,0,0,0.00,0.00,0.00,0.00,45,17271,247770,40712,23441,321
322,5,20,0,True,2026-08-22T14:00:00Z,2,1,1,False,0,0,0,0,0,0,0,0,0,0,0,0,0,0.0,0.0,0.0,0.0,0,0,0,0,0,0.00,0.00,0.00,0.00,50,0,13332,0,0,322
322,18,16,0,False,2026-08-30T15:30:00Z,5,2,2,False,0,0,0,0,0,0,0,0,0,0,0,0,0,0.0,0.0,0.0,0.0,0,0,0,0,0,0.00,0.00,0.00,0.00,50,-2247,12213,755,3002,322
323,5,20,1,True,2026-08-22T14:00:00Z,2,1,1,False,24,0,0,0,0,0,0,0,0,0,0,0,4,1.2,1.3,0.0,0.3,0,2,1,3,0,0.00,0.00,0.00,0.03,45,0,130440,0,0,323
323,18,16,1,False,2026-08-30T15:30:00Z,5,2,2,False,7,0,0,0,0,0,0,0,0,0,0,0,3,0.2,0.0,0.0,0.0,0,1,0,1,0,0.00,0.00,0.00,0.18,45,-5950,133761,5615,11565,323
324,5,20,0,True,2026-08-22T14:00:00Z,2,1,1,False,0,0,0,0,0,0,0,0,0,0,0,0,0,0.0,0.0,0.0,0.0,0,0,0,0,0,0.00,0.00,0.00,0.00,50,0,4850,0,0,324
324,18,16,0,False,2026-08-30T15:30:00Z,5,2,2,False,0,0,0,0,0,0,0,0,0,0,0,0,0,0.0,0.0,0.0,0.0,0,0,0,0,0,0.00,0.00,0.00,0.00,50,-639,4692,47,686,324
554,5,20,0,True,2026-08-22T14:00:00Z,2,1,1,False,0,0,0,0,0,0,0,0,0,0,0,0,0,0.0,0.0,0.0,0.0,0,0,0,0,0,0.00,0.00,0.00,0.00,45,0,3509,0,0,554
554,18,16,0,False,2026-08-30T15:30:00Z,5,2,2,False,0,0,0,0,0,0,0,0,0,0,0,0,0,0.0,0.0,0.0,0.0,0,0,0,0,0,0.00,0.00,0.00,0.00,45,-583,3085,54,637,554
562,5,20,2,True,2026-08-22T14:00:00Z,2,1,1,False,79,0,0,0,1,0,0,0,0,0,0,0,7,12.6,1.4,7.0,2.1,3,2,4,9,1,0.61,0.00,0.61,0.63,55,0,37656,0,0,562
562,18,16,2,False,2026-08-30T15:30:00Z,5,2,2,False,72,0,0,0,4,0,0,0,0,0,0,0,10,8.0,1.4,19.0,2.8,3,1,1,5,1,0.06,0.01,0.07,3.91,55,-3302,37115,740,4042,562
564,5,20,2,True,2026-08-22T14:00:00Z,2,1,1,False,90,0,0,0,1,0,0,0,0,0,2,0,12,14.4,0.0,0.0,1.4,1,10,0,0,1,0.00,0.00,0.00,0.66,45,0,57252,0,0,564
564,18,16,2,False,2026-08-30T15:30:00Z,5,2,2,False,90,0,0,0,5,0,0,0,0,0,6,0,9,46.4,0.0,0.0,4.6,4,13,0,0,1,0.00,0.01,0.01,4.77,45,-2247,62701,1329,3576,564
571,5,20,0,True,2026-08-22T14:00:00Z,2,1,1,False,0,0,0,0,0,0,0,0,0,0,0,0,0,0.0,0.0,0.0,0.0,0,0,0,0,0,0.00,0.00,0.00,0.00,50,0,12850,0,0,571
571,18,16,0,False,2026-08-30T15:30:00Z,5,2,2,False,0,0,0,0,0,0,0,0,0,0,0,0,0,0.0,0.0,0.0,0.0,0,0,0,0,0,0.00,0.00,0.00,0.00,50,-1993,11870,214,2207,571
591,5,20,5,True,2026-08-22T14:00:00Z,2,1,1,False,70,0,1,0,1,0,0,0,0,0,0,0,24,21.6,14.0,18.0,5.4,2,5,1,8,1,0.23,0.31,0.54,0.63,55,0,24595,0,0,591
591,18,16,5,False,2026-08-30T15:30:00Z,5,2,2,False,90,0,1,0,5,0,0,0,0,0,0,0,25,21.8,12.4,21.0,5.5,0,7,1,8,1,0.40,0.31,0.71,4.77,55,13215,48266,17669,4454,591
592,5,20,1,True,2026-08-22T14:00:00Z,2,1,1,False,10,0,0,0,0,0,0,0,0,0,0,0,4,5.2,10.0,0.0,1.5,2,0,0,2,0,0.00,0.00,0.00,0.03,40,0,86218,0,0,592
592,18,16,1,False,2026-08-30T15:30:00Z,5,2,2,False,17,0,0,0,1,0,0,0,0,0,0,0,-1,0.6,0.6,0.0,0.1,0,1,0,0,0,0.00,0.00,0.00,0.86,40,-3097,99458,2769,5866,592
602,5,20,0,True,2026-08-22T14:00:00Z,2,1,1,False,0,0,0,0,0,0,0,0,0,0,0,0,0,0.0,0.0,0.0,0.0,0,0,0,0,0,0.00,0.00,0.00,0.00,45,0,0,0,0,602
602,18,16,0,False,2026-08-30T15:30:00Z,5,2,2,False,0,0,0,0,0,0,0,0,0,0,0,0,0,0.0,0.0,0.0,0.0,0,0,0,0,0,0.00,0.00,0.00,0.00,45,942,3086,1275,333,602
619,18,16,1,False,2026-08-30T15:30:00Z,5,2,2,False,28,0,0,0,2,0,0,0,0,0,0,0,11,7.2,12.0,2.0,2.1,2,3,1,6,0,0.00,0.01,0.01,1.92,50,84,127,89,5,619
260,6,18,3,False,2026-08-22T14:00:00Z,0,1,1,False,65,0,0,1,0,0,0,0,0,0,0,0,8,6.2,15.3,4.0,2.6,0,0,2,2,1,0.00,0.02,0.02,0.53,65,0,577649,0,0,260
260,17,4,1,True,2026-08-30T13:00:00Z,1,1,2,False,45,0,0,0,0,0,0,0,0,0,0,0,7,8.4,12.1,6.0,2.7,2,3,1,6,0,0.01,0.04,0.05,1.13,65,-42839,557212,14929,57768,260
326,6,18,0,False,2026-08-22T14:00:00Z,0,1,1,False,0,0,0,0,0,0,0,0,0,0,0,0,0,0.0,0.0,0.0,0.0,0,0,0,0,0,0.00,0.00,0.00,0.00,45,0,52897,0,0,326
326,17,4,0,True,2026-08-30T13:00:00Z,1,1,2,False,0,0,0,0,0,0,0,0,0,0,0,0,0,0.0,0.0,0.0,0.0,0,0,0,0,0,0.00,0.00,0.00,0.00,45,-5031,54468,328,5359,326
327,6,18,10,False,2026-08-22T14:00:00Z,0,1,1,False,90,0,0,1,0,0,0,0,0,0,0,2,28,23.6,0.4,15.0,3.9,11,5,1,12,1,0.11,0.00,0.11,0.66,50,0,27043,0,0,327
327,17,4,1,True,2026-08-30T13:00:00Z,1,1,2,False,45,0,0,0,1,0,0,0,0,0,0,0,0,8.4,0.2,0.0,0.9,5,2,0,5,1,0.00,0.00,0.00,0.55,50,37035,96315,45219,8184,327
329,6,18,6,False,2026-08-22T14:00:00Z,0,1,1,False,90,0,0,1,0,0,0,0,0,0,0,0,21,14.4,14.4,5.0,3.4,6,1,1,7,1,0.03,0.06,0.09,0.66,45,0,330772,0,0,329
329,17,4,1,True,2026-08-30T13:00:00Z,1,1,2,False,33,0,0,0,0,0,0,0,0,0,0,0,4,8.6,0.3,2.0,1.1,4,1,0,4,1,0.00,0.00,0.00,0.35,45,9026,358288,21600,12574,329
330,6,18,6,False,2026-08-22T14:00:00Z,0,1,1,False,90,0,0,1,0,0,0,0,0,0,0,0,24,7.0,1.1,0.0,0.8,2,3,1,3,1,0.00,0.00,0.00,0.66,45,0,45674,0,0,330
330,17,4,2,True,2026-08-30T13:00:00Z,1,1,2,False,67,0,0,0,1,0,0,0,0,0,0,0,9,18.6,11.3,4.0,3.4,5,5,2,7,1,0.00,0.01,0.01,0.74,45,2801,54809,5925,3124,330
331,6,18,0,False,2026-08-22T14:00:00Z,0,1,1,False,0,0,0,0,0,0,0,0,0,0,0,0,0,0.0,0.0,0.0,0.0,0,0,0,0,0,0.00,0.00,0.00,0.00,45,0,5099,0,0,331
331,17,4,0,True,2026-08-30T13:00:00Z,1,1,2,False,0,0,0,0,0,0,0,0,0,0,0,0,0,0.0,0.0,0.0,0.0,0,0,0,0,0,0.00,0.00,0.00,0.00,45,-926,4329,66,992,331
332,6,18,10,False,2026-08-22T14:00:00Z,0,1,1,False,90,0,0,1,0,0,0,0,0,0,0,2,28,24.6,2.3,2.0,2.9,6,4,6,12,1,0.00,0.01,0.01,0.66,45,0,52732,0,0,332
332,17,4,2,True,2026-08-30T13:00:00Z,1,1,2,False,90,0,0,0,1,0,0,0,0,0,0,0,12,24.6,11.8,9.0,4.5,6,3,2,8,1,0.03,0.01,0.04,1.67,45,34143,121554,43534,9391,332
333,6,18,0,False,2026-08-22T14:00:00Z,0,1,1,False,0,0,0,0,0,0,0,0,0,0,0,0,0,0.0,0.0,0.0,0.0,0,0,0,0,0,0.00,0.00,0.00,0.00,45,0,512,0,0,333
333,17,4,0,True,2026-08-30T13:00:00Z,1,1,2,False,0,0,0,0,0,0,0,0,0,0,0,0,0,0.0,0.0,0.0,0.0,0,0,0,0,0,0.00,0.00,0.00,0.00,45,-170,335,0,170,333
334,6,18,6,False,2026-08-22T14:00:00Z,0,1,1,False,90,0,0,1,0,0,0,0,0,0,0,0,25,15.6,0.6,17.0,3.3,7,1,0,7,1,0.09,0.00,0.09,0.66,50,0,306283,0,0,334
334,17,4,4,True,2026-08-30T13:00:00Z,1,1,2,False,90,0,0,0,1,0,0,0,0,0,0,0,17,51.6,0.8,2.0,5.4,17,3,2,19,1,0.00,0.01,0.01,1.67,50,9697,336009,21539,11842,334
335,6,18,13,False,2026-08-22T14:00:00Z,0,1,1,False,90,1,0,1,0,0,0,0,0,0,0,3,37,47.8,2.3,16.0,6.6,8,5,3,16,1,0.10,0.05,0.15,0.66,60,0,80326,0,0,335
335,17,4,4,True,2026-08-30T13:00:00Z,1,1,2,False,90,0,0,0,1,0,0,0,0,0,0,0,13,24.6,17.0,4.0,4.6,8,4,4,16,1,0.07,0.01,0.08,1.67,60,67665,255319,81344,13679,335
336,6,18,1,False,2026-08-22T14:00:00Z,0,1,1,False,24,0,0,0,0,0,0,0,0,0,0,0,10,10.0,14.0,4.0,2.8,1,2,2,5,0,0.00,0.16,0.16,0.13,60,0,45369,0,0,336
336,17,4,2,True,2026-08-30T13:00:00Z,1,1,2,False,68,0,0,0,1,0,0,0,0,0,0,0,11,6.4,7.5,10.0,2.4,1,0,1,2,1,0.08,0.01,0.09,0.74,60,-7813,40559,1355,9168,336
337,6,18,3,False,2026-08-22T14:00:00Z,0,1,1,False,81,0,0,1,0,0,0,0,0,0,0,0,16,8.0,1.1,7.0,1.6,0,6,1,7,1,0.01,0.01,0.02,0.58,55,0,87156,0,0,337
337,17,4,1,True,2026-08-30T13:00:00Z,1,1,2,False,45,0,0,0,1,0,0,0,0,0,0,0,6,2.2,0.6,0.0,0.3,1,1,1,3,1,0.00,0.01,0.01,0.55,55,-5840,85405,2593,8433,337
338,6,18,5,False,2026-08-22T14:00:00Z,0,1,1,False,90,0,0,1,0,0,0,0,0,0,0,0,18,18.6,23.3,0.0,4.2,6,5,2,13,1,0.00,0.04,0.04,0.66,55,0,132659,0,0,338
338,17,4,2,True,2026-08-30T13:00:00Z,1,1,2,False,90,0,0,0,1,0,0,0,0,0,0,0,12,19.6,16.6,1.0,3.7,5,3,2,10,1,0.01,0.09,0.10,1.67,55,-4850,133624,4591,9441,338
339,6,18,1,False,2026-08-22T14:00:00Z,0,1,1,False,8,0,0,0,0,0,0,0,0,0,0,0,3,0.0,0.2,0.0,0.0,0,0,0,0,0,0.00,0.00,0.00,0.07,50,0,12582,0,0,339
339,17,4,0,True,2026-08-30T13:00:00Z,1,1,2,False,0,0,0,0,0,0,0,0,0,0,0,0,0,0.0,0.0,0.0,0.0,0,0,0,0,0,0.00,0.00,0.00,0.00,50,-1056,12723,575,1631,339
341,6,18,0,False,2026-08-22T14:00:00Z,0,1,1,False,0,0,0,0,0,0,0,0,0,0,0,0,0,0.0,0.0,0.0,0.0,0,0,0,0,0,0.00,0.00,0.00,0.00,50,0,2172,0,0,341
341,17,4,0,True,2026-08-30T13:00:00Z,1,1,2,False,0,0,0,0,0,0,0,0,0,0,0,0,0,0.0,0.0,0.0,0.0,0,0,0,0,0,0.00,0.00,0.00,0.00,50,-678,1522,18,696,341
342,6,18,0,False,2026-08-22T14:00:00Z,0,1,1,False,0,0,0,0,0,0,0,0,0,0,0,0,0,0.0,0.0,0.0,0.0,0,0,0,0,0,0.00,0.00,0.00,0.00,50,0,135,0,0,342
342,17,4,0,True,2026-08-30T13:00:00Z,1,1,2,False,0,0,0,0,0,0,0,0,0,0,0,0,0,0.0,0.0,0.0,0.0,0,0,0,0,0,0.00,0.00,0.00,0.00,50,-36,98,0,36,342
343,6,18,0,False,2026-08-22T14:00:00Z,0,1,1,False,0,0,0,0,0,0,0,0,0,0,0,0,0,0.0,0.0,0.0,0.0,0,0,0,0,0,0.00,0.00,0.00,0.00,50,0,11272,0,0,343
343,17,4,1,True,2026-08-30T13:00:00Z,1,1,2,False,22,0,0,0,0,0,0,0,0,0,0,0,2,0.0,1.1,12.0,1.1,0,2,0,2,0,0.24,0.01,0.25,0.93,50,-873,11703,863,1736,343
344,6,18,0,False,2026-08-22T14:00:00Z,0,1,1,False,0,0,0,0,0,0,0,0,0,0,0,0,0,0.0,0.0,0.0,0.0,0,0,0,0,0,0.00,0.00,0.00,0.00,50,0,461,0,0,344
344,17,4,0,True,2026-08-30T13:00:00Z,1,1,2,False,0,0,0,0,0,0,0,0,0,0,0,0,0,0.0,0.0,0.0,0.0,0,0,0,0,0,0.00,0.00,0.00,0.00,50,-120,362,9,129,344
345,6,18,0,False,2026-08-22T14:00:00Z,0,1,1,False,0,0,0,0,0,0,0,0,0,0,0,0,0,0.0,0.0,0.0,0.0,0,0,0,0,0,0.00,0.00,0.00,0.00,50,0,23052,0,0,345
345,17,4,1,True,2026-08-30T13:00:00Z,1,1,2,False,45,0,0,0,0,0,0,0,0,0,0,0,6,20.0,1.8,0.0,2.2,5,3,3,11,0,0.00,0.01,0.01,1.13,50,-3334,21386,899,4233,345
346,6,18,1,False,2026-08-22T14:00:00Z,0,1,1,False,90,0,0,1,0,0,0,0,1,0,0,0,-2,0.0,0.8,11.0,0.7,0,2,0,2,1,0.13,0.00,0.13,0.66,60,0,2823371,0,0,346
346,17,4,8,True,2026-08-30T13:00:00Z,1,1,2,False,90,1,0,0,1,0,0,0,0,0,0,2,31,38.4,4.0,35.0,7.7,3,1,0,4,1,0.92,0.02,0.94,1.67,60,-104622,2823193,84314,188936,346
347,6,18,0,False,2026-08-22T14:00:00Z,0,1,1,False,0,0,0,0,0,0,0,0,0,0,0,0,0,0.0,0.0,0.0,0.0,0,0,0,0,0,0.00,0.00,0.00,0.00,55,0,53564,0,0,347
347,17,4,4,True,2026-08-30T13:00:00Z,1,1,2,False,21,0,1,0,0,0,0,0,0,0,0,0,18,18.2,20.3,6.0,4.5,0,1,0,1,0,0.10,0.00,0.10,0.93,55,-7627,51231,1917,9544,347
348,6,18,0,False,2026-08-22T14:00:00Z,0,1,1,False,0,0,0,0,0,0,0,0,0,0,0,0,0,0.0,0.0,0.0,0.0,0,0,0,0,0,0.00,0.00,0.00,0.00,50,0,17239,0,0,348
348,17,4,0,True,2026-08-30T13:00:00Z,1,1,2,False,0,0,0,0,0,0,0,0,0,0,0,0,0,0.0,0.0,0.0,0.0,0,0,0,0,0,0.00,0.00,0.00,0.00,50,-5351,11733,0,5351,348
349,6,18,0,False,2026-08-22T14:00:00Z,0,1,1,False,0,0,0,0,0,0,0,0,0,0,0,0,0,0.0,0.0,0.0,0.0,0,0,0,0,0,0.00,0.00,0.00,0.00,45,0,5936,0,0,349
349,17,4,0,True,2026-08-30T13:00:00Z,1,1,2,False,0,0,0,0,0,0,0,0,0,0,0,0,0,0.0,0.0,0.0,0.0,0,0,0,0,0,0.00,0.00,0.00,0.00,45,-726,5489,325,1051,349
385,6,18,9,False,2026-08-22T14:00:00Z,0,1,1,False,90,0,0,1,0,0,0,0,0,0,3,2,28,19.4,0.0,0.0,1.9,0,9,0,0,1,0.00,0.00,0.00,0.66,50,0,265439,0,0,385
385,17,4,3,True,2026-08-30T13:00:00Z,1,1,2,False,90,0,0,0,1,0,0,0,0,0,4,0,20,37.6,0.0,0.0,3.8,0,11,0,0,1,0.00,0.00,0.00,1.67,50,48690,437245,63794,15104,385
598,6,18,0,False,2026-08-22T14:00:00Z,0,1,1,False,0,0,0,0,0,0,0,0,0,0,0,0,0,0.0,0.0,0.0,0.0,0,0,0,0,0,0.00,0.00,0.00,0.00,45,0,1842,0,0,598
598,17,4,1,True,2026-08-30T13:00:00Z,1,1,2,False,56,0,0,0,1,0,0,0,0,0,0,0,9,16.0,1.1,6.0,2.3,5,4,1,6,0,0.00,0.00,0.00,1.32,45,75,2511,354,279,598
603,6,18,0,False,2026-08-22T14:00:00Z,0,1,1,False,0,0,0,0,0,0,0,0,0,0,0,0,0,0.0,0.0,0.0,0.0,0,0,0,0,0,0.00,0.00,0.00,0.00,40,0,0,0,0,603
603,17,4,0,True,2026-08-30T13:00:00Z,1,1,2,False,0,0,0,0,0,0,0,0,0,0,0,0,0,0.0,0.0,0.0,0.0,0,0,0,0,0,0.00,0.00,0.00,0.00,40,1169,7187,1488,319,603
604,6,18,0,False,2026-08-22T14:00:00Z,0,1,1,False,0,0,0,0,0,0,0,0,0,0,0,0,0,0.0,0.0,0.0,0.0,0,0,0,0,0,0.00,0.00,0.00,0.00,45,0,0,0,0,604
604,17,4,0,True,2026-08-30T13:00:00Z,1,1,2,False,0,0,0,0,0,0,0,0,0,0,0,0,0,0.0,0.0,0.0,0.0,0,0,0,0,0,0.00,0.00,0.00,0.00,45,2319,7215,3029,710,604
625,17,4,0,True,2026-08-30T13:00:00Z,1,1,2,False,0,0,0,0,0,0,0,0,0,0,0,0,0,0.0,0.0,0.0,0.0,0,0,0,0,0,0.00,0.00,0.00,0.00,40,0,0,0,0,625
350,9,17,2,False,2026-08-23T15:30:00Z,2,2,1,False,90,0,0,0,2,0,0,0,0,0,3,0,7,17.8,0.0,0.0,1.8,2,6,0,0,1,0.00,0.00,0.00,1.58,55,0,302846,0,0,350
350,14,18,0,True,2026-08-29T11:30:00Z,2,2,2,False,90,0,0,0,2,0,0,0,1,0,1,0,-5,7.6,0.0,0.0,0.8,2,4,0,0,1,0.00,0.00,0.00,2.30,55,4084,377543,25307,21223,350
351,9,17,0,False,2026-08-23T15:30:00Z,2,2,1,False,0,0,0,0,0,0,0,0,0,0,0,0,0,0.0,0.0,0.0,0.0,0,0,0,0,0,0.00,0.00,0.00,0.00,50,0,13503,0,0,351
351,14,18,0,True,2026-08-29T11:30:00Z,2,2,2,False,0,0,0,0,0,0,0,0,0,0,0,0,0,0.0,0.0,0.0,0.0,0,0,0,0,0,0.00,0.00,0.00,0.00,50,-1380,15032,658,2038,351
352,9,17,0,False,2026-08-23T15:30:00Z,2,2,1,False,0,0,0,0,0,0,0,0,0,0,0,0,0,0.0,0.0,0.0,0.0,0,0,0,0,0,0.00,0.00,0.00,0.00,40,0,97477,0,0,352
352,14,18,0,True,2026-08-29T11:30:00Z,2,2,2,False,0,0,0,0,0,0,0,0,0,0,0,0,0,0.0,0.0,0.0,0.0,0,0,0,0,0,0.00,0.00,0.00,0.00,40,-2260,107195,3263,5523,352
353,9,17,0,False,2026-08-23T15:30:00Z,2,2,1,False,0,0,0,0,0,0,0,0,0,0,0,0,0,0.0,0.0,0.0,0.0,0,0,0,0,0,0.00,0.00,0.00,0.00,40,0,2936,0,0,353
353,14,18,0,True,2026-08-29T11:30:00Z,2,2,2,False,0,0,0,0,0,0,0,0,0,0,0,0,0,0.0,0.0,0.0,0.0,0,0,0,0,0,0.00,0.00,0.00,0.00,40,-448,2467,0,448,353
354,9,17,0,False,2026-08-23T15:30:00Z,2,2,1,False,0,0,0,0,0,0,0,0,0,0,0,0,0,0.0,0.0,0.0,0.0,0,0,0,0,0,0.00,0.00,0.00,0.00,40,0,1351,0,0,354
354,14,18,0,True,2026-08-29T11:30:00Z,2,2,2,False,0,0,0,0,0,0,0,0,0,0,0,0,0,0.0,0.0,0.0,0.0,0,0,0,0,0,0.00,0.00,0.00,0.00,40,-16,1453,163,179,354
355,9,17,0,False,2026-08-23T15:30:00Z,2,2,1,False,0,0,0,0,0,0,0,0,0,0,0,0,0,0.0,0.0,0.0,0.0,0,0,0,0,0,0.00,0.00,0.00,0.00,40,0,11845,0,0,355
355,14,18,0,True,2026-08-29T11:30:00Z,2,2,2,False,0,0,0,0,0,0,0,0,0,0,0,0,0,0.0,0.0,0.0,0.0,0,0,0,0,0,0.00,0.00,0.00,0.00,40,-69,13945,644,713,355
356,9,17,2,False,2026-08-23T15:30:00Z,2,2,1,False,90,0,0,0,2,0,0,0,1,0,0,0,8,25.6,1.6,24.0,5.1,9,6,2,11,1,0.25,0.01,0.26,1.58,65,0,1670280,0,0,356
356,14,18,1,True,2026-08-29T11:30:00Z,2,2,2,False,90,0,0,0,2,0,0,0,0,0,0,0,5,24.6,4.3,2.0,3.1,7,5,0,7,1,0.00,0.03,0.03,2.30,65,-4506,1939518,74614,79120,356
357,9,17,0,False,2026-08-23T15:30:00Z,2,2,1,False,90,0,0,0,2,0,0,0,1,0,0,0,3,13.6,37.8,10.0,6.1,1,3,1,2,1,0.01,0.09,0.10,1.58,55,0,302241,0,0,357
357,14,18,1,True,2026-08-29T11:30:00Z,2,2,2,False,70,0,0,0,2,0,0,0,0,0,0,0,9,12.8,13.8,4.0,3.1,4,3,2,6,1,0.00,0.02,0.02,2.23,55,-9049,339802,24520,33569,357
358,9,17,0,False,2026-08-23T15:30:00Z,2,2,1,False,90,0,0,0,2,0,0,0,1,0,0,0,3,18.0,13.8,12.0,4.4,4,3,3,7,1,0.02,0.02,0.04,1.58,55,0,332539,0,0,358
358,14,18,1,True,2026-08-29T11:30:00Z,2,2,2,False,70,0,0,0,2,0,0,0,0,0,0,0,9,24.0,12.8,0.0,3.7,7,4,1,8,1,0.00,0.01,0.01,2.23,55,-18742,347978,15645,34387,358
359,9,17,0,False,2026-08-23T15:30:00Z,2,2,1,False,0,0,0,0,0,0,0,0,0,0,0,0,0,0.0,0.0,0.0,0.0,0,0,0,0,0,0.00,0.00,0.00,0.00,50,0,1714,0,0,359
359,14,18,0,True,2026-08-29T11:30:00Z,2,2,2,False,0,0,0,0,0,0,0,0,0,0,0,0,0,0.0,0.0,0.0,0.0,0,0,0,0,0,0.00,0.00,0.00,0.00,50,-330,1606,79,409,359
360,9,17,0,False,2026-08-23T15:30:00Z,2,2,1,False,0,0,0,0,0,0,0,0,0,0,0,0,0,0.0,0.0,0.0,0.0,0,0,0,0,0,0.00,0.00,0.00,0.00,50,0,957,0,0,360
360,14,18,0,True,2026-08-29T11:30:00Z,2,2,2,False,0,0,0,0,0,0,0,0,0,0,0,0,0,0.0,0.0,0.0,0.0,0,0,0,0,0,0.00,0.00,0.00,0.00,50,-140,1023,79,219,360
361,9,17,0,False,2026-08-23T15:30:00Z,2,2,1,False,0,0,0,0,0,0,0,0,0,0,0,0,0,0.0,0.0,0.0,0.0,0,0,0,0,0,0.00,0.00,0.00,0.00,40,0,10838,0,0,361
361,14,18,0,True,2026-08-29T11:30:00Z,2,2,2,False,0,0,0,0,0,0,0,0,0,0,0,0,0,0.0,0.0,0.0,0.0,0,0,0,0,0,0.00,0.00,0.00,0.00,40,-529,11947,608,1137,361
362,9,17,1,False,2026-08-23T15:30:00Z,2,2,1,False,69,0,0,0,2,0,0,0,0,0,0,0,9,12.4,11.9,0.0,2.4,2,3,1,3,1,0.00,0.02,0.02,1.04,50,0,205604,0,0,362
362,14,18,3,True,2026-08-29T11:30:00Z,2,2,2,False,76,0,0,0,2,0,0,0,0,0,0,0,13,30.8,15.1,2.0,4.8,8,4,3,11,1,0.00,0.05,0.05,2.23,50,4556,235410,22712,18156,362
363,9,17,0,False,2026-08-23T15:30:00Z,2,2,1,False,0,0,0,0,0,0,0,0,0,0,0,0,0,0.0,0.0,0.0,0.0,0,0,0,0,0,0.00,0.00,0.00,0.00,40,0,4082,0,0,363
363,14,18,0,True,2026-08-29T11:30:00Z,2,2,2,False,0,0,0,0,0,0,0,0,0,0,0,0,0,0.0,0.0,0.0,0.0,0,0,0,0,0,0.00,0.00,0.00,0.00,40,-337,4039,182,519,363
364,9,17,0,False,2026-08-23T15:30:00Z,2,2,1,False,0,0,0,0,0,0,0,0,0,0,0,0,0,0.0,0.0,0.0,0.0,0,0,0,0,0,0.00,0.00,0.00,0.00,50,0,6683,0,0,364
364,14,18,1,True,2026-08-29T11:30:00Z,2,2,2,False,19,0,0,0,0,0,0,0,0,0,0,0,4,3.6,1.3,9.0,1.4,0,0,0,0,0,0.04,0.01,0.05,0.07,50,-643,7352,339,982,364
365,9,17,0,False,2026-08-23T15:30:00Z,2,2,1,False,0,0,0,0,0,0,0,0,0,0,0,0,0,0.0,0.0,0.0,0.0,0,0,0,0,0,0.00,0.00,0.00,0.00,40,0,19328,0,0,365
365,14,18,0,True,2026-08-29T11:30:00Z,2,2,2,False,0,0,0,0,0,0,0,0,0,0,0,0,0,0.0,0.0,0.0,0.0,0,0,0,0,0,0.00,0.00,0.00,0.00,40,-3114,18344,638,3752,365
366,9,17,2,False,2026-08-23T15:30:00Z,2,2,1,False,62,0,0,0,2,0,0,0,0,0,0,0,16,9.8,17.9,29.0,5.7,0,4,1,5,1,0.26,0.04,0.30,0.51,75,0,1122658,0,0,366
366,14,18,4,True,2026-08-29T11:30:00Z,2,2,2,False,90,0,1,0,2,0,0,0,1,0,0,0,23,27.8,24.3,22.0,7.4,0,7,3,10,1,0.23,0.20,0.43,2.30,75,-98339,1118328,24923,123262,366
367,9,17,12,False,2026-08-23T15:30:00Z,2,2,1,False,90,1,0,0,2,0,0,0,0,0,0,3,33,44.0,34.0,37.0,11.5,4,5,3,12,1,0.30,0.15,0.45,1.58,70,0,310403,0,0,367
367,14,18,5,True,2026-08-29T11:30:00Z,2,2,2,False,70,0,1,0,2,0,0,0,0,0,0,0,21,23.2,27.8,6.0,5.7,1,2,0,3,1,0.00,0.65,0.65,2.23,70,177953,653797,205704,27751,367
368,9,17,8,False,2026-08-23T15:30:00Z,2,2,1,False,90,1,0,0,2,0,0,0,0,0,0,1,29,50.4,47.1,21.0,11.9,2,4,1,7,1,0.85,0.27,1.12,1.58,70,0,3733259,0,0,368
368,14,18,4,True,2026-08-29T11:30:00Z,2,2,2,False,90,0,0,0,2,0,0,0,0,0,0,0,24,21.4,40.7,4.0,6.6,3,7,3,13,1,0.16,0.17,0.33,2.30,70,177598,4309636,245003,67405,368
369,9,17,2,False,2026-08-23T15:30:00Z,2,2,1,False,62,0,0,0,2,0,0,0,0,0,0,0,9,2.4,6.0,5.0,1.3,0,2,1,3,1,0.04,0.02,0.06,0.51,60,0,104767,0,0,369
369,14,18,1,True,2026-08-29T11:30:00Z,2,2,2,False,19,0,0,0,0,0,0,0,0,0,0,0,5,2.0,1.3,2.0,0.5,0,0,0,0,0,0.00,0.03,0.03,0.07,60,-9330,106917,5547,14877,369
370,9,17,0,False,2026-08-23T15:30:00Z,2,2,1,False,0,0,0,0,0,0,0,0,0,0,0,0,0,0.0,0.0,0.0,0.0,0,0,0,0,0,0.00,0.00,0.00,0.00,55,0,11756,0,0,370
370,14,18,0,True,2026-08-29T11:30:00Z,2,2,2,False,0,0,0,0,0,0,0,0,0,0,0,0,0,0.0,0.0,0.0,0.0,0,0,0,0,0,0.00,0.00,0.00,0.00,55,-2965,10863,585,3550,370
371,9,17,5,False,2026-08-23T15:30:00Z,2,2,1,False,77,0,1,0,2,0,0,0,0,0,0,0,26,24.4,16.0,4.0,4.4,2,8,1,11,1,0.06,0.05,0.11,1.10,60,0,172067,0,0,371
371,14,18,1,True,2026-08-29T11:30:00Z,2,2,2,False,19,0,0,0,0,0,0,0,0,0,0,0,7,4.4,12.1,0.0,1.7,0,0,1,1,0,0.00,0.01,0.01,0.07,60,-178,196536,15005,15183,371
372,9,17,1,False,2026-08-23T15:30:00Z,2,2,1,False,27,0,0,0,0,0,0,0,0,0,0,0,9,5.8,1.4,0.0,0.7,0,1,2,3,0,0.00,0.01,0.01,1.07,55,0,151941,0,0,372
372,14,18,2,True,2026-08-29T11:30:00Z,2,2,2,False,76,0,0,0,2,0,0,0,0,0,0,0,10,12.6,7.7,0.0,2.0,2,5,3,10,1,0.00,0.39,0.39,2.23,55,-14941,156781,6567,21508,372
373,9,17,0,False,2026-08-23T15:30:00Z,2,2,1,False,0,0,0,0,0,0,0,0,0,0,0,0,0,0.0,0.0,0.0,0.0,0,0,0,0,0,0.00,0.00,0.00,0.00,55,0,4822,0,0,373
373,14,18,0,True,2026-08-29T11:30:00Z,2,2,2,False,0,0,0,0,0,0,0,0,0,0,0,0,0,0.0,0.0,0.0,0.0,0,0,0,0,0,0.00,0.00,0.00,0.00,55,-1095,3769,33,1128,373
374,9,17,0,False,2026-08-23T15:30:00Z,2,2,1,False,0,0,0,0,0,0,0,0,0,0,0,0,0,0.0,0.0,0.0,0.0,0,0,0,0,0,0.00,0.00,0.00,0.00,50,0,5090,0,0,374
374,14,18,0,True,2026-08-29T11:30:00Z,2,2,2,False,0,0,0,0,0,0,0,0,0,0,0,0,0,0.0,0.0,0.0,0.0,0,0,0,0,0,0.00,0.00,0.00,0.00,50,-500,6389,485,985,374
375,9,17,0,False,2026-08-23T15:30:00Z,2,2,1,False,0,0,0,0,0,0,0,0,0,0,0,0,0,0.0,0.0,0.0,0.0,0,0,0,0,0,0.00,0.00,0.00,0.00,50,0,3729,0,0,375
375,14,18,1,True,2026-08-29T11:30:00Z,2,2,2,False,13,0,0,0,0,0,0,0,0,0,0,0,3,6.4,2.2,0.0,0.9,1,2,2,5,0,0.00,0.00,0.00,0.07,50,-534,3607,139,673,375
376,9,17,0,False,2026-08-23T15:30:00Z,2,2,1,False,0,0,0,0,0,0,0,0,0,0,0,0,0,0.0,0.0,0.0,0.0,0,0,0,0,0,0.00,0.00,0.00,0.00,50,0,157,0,0,376
376,14,18,0,True,2026-08-29T11:30:00Z,2,2,2,False,0,0,0,0,0,0,0,0,0,0,0,0,0,0.0,0.0,0.0,0.0,0,0,0,0,0,0.00,0.00,0.00,0.00,50,-21,173,8,29,376
377,9,17,4,False,2026-08-23T15:30:00Z,2,2,1,False,27,0,1,0,0,0,0,0,0,0,0,0,15,4.0,8.9,14.0,2.7,0,0,0,0,0,0.10,0.04,0.14,1.07,65,0,48042,0,0,377
377,14,18,6,True,2026-08-29T11:30:00Z,2,2,2,False,90,1,0,0,2,0,0,0,1,0,0,0,24,42.2,16.8,29.0,8.8,4,1,2,7,1,0.32,0.19,0.51,2.30,65,573,60184,6486,5913,377
378,9,17,0,False,2026-08-23T15:30:00Z,2,2,1,False,0,0,0,0,0,0,0,0,0,0,0,0,0,0.0,0.0,0.0,0.0,0,0,0,0,0,0.00,0.00,0.00,0.00,45,0,24189,0,0,378
378,14,18,0,True,2026-08-29T11:30:00Z,2,2,2,False,0,0,0,0,0,0,0,0,0,0,0,0,0,0.0,0.0,0.0,0.0,0,0,0,0,0,0.00,0.00,0.00,0.00,45,-2017,25168,883,2900,378
379,9,17,2,False,2026-08-23T15:30:00Z,2,2,1,False,90,0,0,0,2,0,0,0,0,0,0,0,6,11.4,14.6,66.0,9.2,1,0,0,1,1,1.09,0.01,1.10,1.58,90,0,1493302,0,0,379
379,14,18,8,True,2026-08-29T11:30:00Z,2,2,2,False,90,1,0,0,2,0,0,0,0,0,0,2,30,34.0,10.3,48.0,9.2,0,0,1,1,1,0.99,0.00,0.99,2.30,90,-28097,1629014,73036,101133,379
380,9,17,0,False,2026-08-23T15:30:00Z,2,2,1,False,0,0,0,0,0,0,0,0,0,0,0,0,0,0.0,0.0,0.0,0.0,0,0,0,0,0,0.00,0.00,0.00,0.00,75,0,14410,0,0,380
380,14,18,0,True,2026-08-29T11:30:00Z,2,2,2,False,0,0,0,0,0,0,0,0,0,0,0,0,0,0.0,0.0,0.0,0.0,0,0,0,0,0,0.00,0.00,0.00,0.00,75,-3098,14299,709,3807,380
381,9,17,1,False,2026-08-23T15:30:00Z,2,2,1,False,12,0,0,0,0,0,0,0,0,0,0,0,4,1.2,0.5,7.0,0.9,0,1,0,1,0,0.03,0.00,0.03,0.48,50,0,1626,0,0,381
381,14,18,0,True,2026-08-29T11:30:00Z,2,2,2,False,0,0,0,0,0,0,0,0,0,0,0,0,0,0.0,0.0,0.0,0.0,0,0,0,0,0,0.00,0.00,0.00,0.00,50,-54,2137,156,210,381
382,9,17,0,False,2026-08-23T15:30:00Z,2,2,1,False,0,0,0,0,0,0,0,0,0,0,0,0,0,0.0,0.0,0.0,0.0,0,0,0,0,0,0.00,0.00,0.00,0.00,45,0,3221,0,0,382
382,14,18,0,True,2026-08-29T11:30:00Z,2,2,2,False,0,0,0,0,0,0,0,0,0,0,0,0,0,0.0,0.0,0.0,0.0,0,0,0,0,0,0.00,0.00,0.00,0.00,45,-253,3423,309,562,382
383,9,17,0,False,2026-08-23T15:30:00Z,2,2,1,False,0,0,0,0,0,0,0,0,0,0,0,0,0,0.0,0.0,0.0,0.0,0,0,0,0,0,0.00,0.00,0.00,0.00,55,0,6399,0,0,383
383,14,18,0,True,2026-08-29T11:30:00Z,2,2,2,False,0,0,0,0,0,0,0,0,0,0,0,0,0,0.0,0.0,0.0,0.0,0,0,0,0,0,0.00,0.00,0.00,0.00,55,-836,7117,380,1216,383
579,9,17,1,False,2026-08-23T15:30:00Z,2,2,1,False,20,0,0,0,0,0,0,0,0,0,0,0,3,13.2,1.2,0.0,1.4,3,1,1,4,0,0.00,0.03,0.03,0.54,55,0,211388,0,0,579
579,14,18,0,True,2026-08-29T11:30:00Z,2,2,2,False,13,0,0,0,0,0,0,0,1,0,0,0,-1,5.8,2.3,0.0,0.8,1,2,0,1,0,0.00,0.01,0.01,0.07,55,-9867,267054,23907,33774,579
155,10,10,1,False,2026-08-24T19:00:00Z,2,3,1,False,25,0,0,0,0,0,0,0,0,0,0,0,6,3.4,12.0,0.0,1.5,0,3,0,3,0,0.00,0.02,0.02,0.28,70,0,442051,0,0,155
155,16,5,0,True,2026-08-30T13:00:00Z,4,3,2,False,0,0,0,0,0,0,0,0,0,0,0,0,0,0.0,0.0,0.0,0.0,0,0,0,0,0,0.00,0.00,0.00,0.00,70,-74211,430662,14954,89165,155
237,3,8,9,True,2026-08-22T14:00:00Z,2,0,1,False,90,0,1,1,0,0,0,0,0,0,0,1,36,40.8,39.8,48.0,12.9,0,8,4,12,1,0.24,0.32,0.56,1.96,60,0,1434152,0,0,237
237,12,3,4,False,2026-08-29T14:00:00Z,1,1,2,False,90,0,0,0,1,0,0,0,0,0,0,0,16,12.6,14.5,10.0,3.7,5,7,1,13,1,0.02,0.07,0.09,2.16,60,62668,1595715,122688,60020,237
384,8,3,3,True,2026-08-23T13:00:00Z,2,1,1,False,90,0,0,0,1,0,0,0,0,0,3,0,12,26.8,0.0,0.0,2.7,1,4,0,0,1,0.00,0.00,0.00,0.65,55,0,722204,0,0,384
384,11,8,0,False,2026-08-28T19:00:00Z,1,4,2,False,90,0,0,0,1,1,0,0,0,0,1,0,5,6.8,0.0,0.0,0.7,0,8,0,0,1,0.00,0.00,0.00,0.66,55,-10944,828113,34008,44952,384
386,8,3,0,True,2026-08-23T13:00:00Z,2,1,1,False,0,0,0,0,0,0,0,0,0,0,0,0,0,0.0,0.0,0.0,0.0,0,0,0,0,0,0.00,0.00,0.00,0.00,45,0,2479,0,0,386
386,11,8,0,False,2026-08-28T19:00:00Z,1,4,2,False,0,0,0,0,0,0,0,0,0,0,0,0,0,0.0,0.0,0.0,0.0,0,0,0,0,0,0.00,0.00,0.00,0.00,45,-101,2853,135,236,386
387,8,3,2,True,2026-08-23T13:00:00Z,2,1,1,False,62,0,0,0,1,0,0,0,0,0,0,0,5,8.8,30.4,11.0,5.0,1,5,1,2,1,0.07,0.41,0.48,0.55,65,0,1877660,0,0,387
387,11,8,2,False,2026-08-28T19:00:00Z,1,4,2,False,88,0,0,0,1,0,0,0,0,0,0,0,11,3.6,7.8,5.0,1.6,0,2,1,1,1,0.02,0.02,0.04,0.66,65,-38546,2068744,68784,107330,387
388,8,3,10,True,2026-08-23T13:00:00Z,2,1,1,False,90,1,0,0,1,0,0,0,0,0,0,2,31,43.6,17.5,28.0,8.9,1,4,3,4,1,0.89,0.32,1.21,0.65,60,0,1521853,0,0,388
388,11,8,2,False,2026-08-28T19:00:00Z,1,4,2,False,90,0,0,0,1,0,0,0,0,0,0,0,12,24.2,15.8,0.0,4.0,5,4,0,5,1,0.00,0.04,0.04,0.66,60,140987,1952448,182745,41758,388
389,8,3,1,True,2026-08-23T13:00:00Z,2,1,1,False,33,0,0,0,0,0,0,0,0,0,0,0,4,3.8,1.5,4.0,0.9,1,2,0,1,0,0.00,0.04,0.04,0.10,60,0,123928,0,0,389
389,11,8,0,False,2026-08-28T19:00:00Z,1,4,2,False,0,0,0,0,0,0,0,0,0,0,0,0,0,0.0,0.0,0.0,0.0,0,0,0,0,0,0.00,0.00,0.00,0.00,60,-14462,142089,3031,17493,389
390,8,3,2,True,2026-08-23T13:00:00Z,2,1,1,False,90,0,0,0,1,0,0,0,0,0,0,0,11,24.4,17.9,2.0,4.4,6,8,0,6,1,0.00,0.14,0.14,0.65,55,0,148709,0,0,390
390,11,8,2,False,2026-08-28T19:00:00Z,1,4,2,False,90,0,0,0,1,0,0,0,0,0,0,0,19,27.0,22.3,35.0,8.4,5,6,1,6,1,0.09,0.57,0.66,0.66,55,-2699,176387,9858,12557,390
391,8,3,9,True,2026-08-23T13:00:00Z,2,1,1,False,90,1,0,0,1,0,0,0,0,0,0,1,28,47.6,13.3,17.0,7.8,5,5,2,7,1,0.19,0.05,0.24,0.65,55,0,980214,0,0,391
391,11,8,5,False,2026-08-28T19:00:00Z,1,4,2,False,74,0,1,0,1,0,0,0,0,0,0,0,18,27.6,30.8,2.0,6.0,1,0,1,2,1,0.00,0.04,0.04,0.66,55,193061,1383738,228418,35357,391
392,8,3,0,True,2026-08-23T13:00:00Z,2,1,1,False,0,0,0,0,0,0,0,0,0,0,0,0,0,0.0,0.0,0.0,0.0,0,0,0,0,0,0.00,0.00,0.00,0.00,55,0,79425,0,0,392
392,11,8,0,False,2026-08-28T19:00:00Z,1,4,2,False,0,0,0,0,0,0,0,0,0,0,0,0,0,0.0,0.0,0.0,0.0,0,0,0,0,0,0.00,0.00,0.00,0.00,55,-14163,77633,2616,16779,392
393,8,3,2,True,2026-08-23T13:00:00Z,2,1,1,False,90,0,0,0,1,0,0,0,0,0,0,0,14,17.0,3.4,0.0,2.0,2,6,2,4,1,0.00,0.02,0.02,0.65,55,0,147622,0,0,393
393,11,8,2,False,2026-08-28T19:00:00Z,1,4,2,False,88,0,0,0,1,0,0,0,0,0,0,0,17,21.0,5.3,4.0,3.0,3,3,4,7,1,0.00,0.02,0.02,0.66,55,-8451,170855,6086,14537,393
394,8,3,0,True,2026-08-23T13:00:00Z,2,1,1,False,0,0,0,0,0,0,0,0,0,0,0,0,0,0.0,0.0,0.0,0.0,0,0,0,0,0,0.00,0.00,0.00,0.00,50,0,1089,0,0,394
394,11,8,0,False,2026-08-28T19:00:00Z,1,4,2,False,0,0,0,0,0,0,0,0,0,0,0,0,0,0.0,0.0,0.0,0.0,0,0,0,0,0,0.00,0.00,0.00,0.00,50,-357,720,0,357,394
395,8,3,1,True,2026-08-23T13:00:00Z,2,1,1,False,56,0,0,0,1,0,0,0,0,0,0,0,-1,3.8,3.8,39.0,4.7,2,0,0,2,1,0.17,0.02,0.19,0.55,45,0,18491,0,0,395
395,11,8,0,False,2026-08-28T19:00:00Z,1,4,2,False,0,0,0,0,0,0,0,0,0,0,0,0,0,0.0,0.0,0.0,0.0,0,0,0,0,0,0.00,0.00,0.00,0.00,45,1097,25045,3620,2523,395
396,8,3,0,True,2026-08-23T13:00:00Z,2,1,1,False,0,0,0,0,0,0,0,0,0,0,0,0,0,0.0,0.0,0.0,0.0,0,0,0,0,0,0.00,0.00,0.00,0.00,45,0,1856,0,0,396
396,11,8,1,False,2026-08-28T19:00:00Z,1,4,2,False,1,0,0,0,0,0,0,0,0,0,0,0,3,1.2,0.9,0.0,0.2,0,0,0,0,0,0.00,0.00,0.00,0.00,45,-138,2034,102,240,396
397,8,3,2,True,2026-08-23T13:00:00Z,2,1,1,False,90,0,0,0,1,0,0,0,0,0,0,0,16,5.8,8.9,31.0,4.6,0,4,1,5,1,0.06,0.02,0.08,0.65,85,0,2354040,0,0,397
397,11,8,5,False,2026-08-28T19:00:00Z,1,4,2,False,90,0,1,0,1,0,0,0,0,0,0,0,33,29.2,43.0,40.0,11.2,0,2,1,3,1,0.06,0.57,0.63,0.66,85,-124110,2377196,49100,173210,397
398,8,3,1,True,2026-08-23T13:00:00Z,2,1,1,False,81,0,0,0,1,0,0,0,1,0,0,0,15,10.4,49.6,15.0,7.5,0,3,3,6,1,0.12,0.40,0.52,0.65,70,0,387178,0,0,398
398,11,8,9,False,2026-08-28T19:00:00Z,1,4,2,False,90,0,2,0,1,0,0,0,0,0,0,1,38,42.8,45.8,17.0,10.6,2,4,1,7,1,0.87,0.45,1.32,0.66,70,-26374,400716,20147,46521,398
399,8,3,8,True,2026-08-23T13:00:00Z,2,1,1,False,27,0,2,0,0,0,0,0,0,0,0,1,28,39.2,48.8,4.0,9.2,0,0,0,0,0,0.00,0.50,0.50,0.10,75,0,679336,0,0,399
399,11,8,14,False,2026-08-28T19:00:00Z,1,4,2,False,81,2,0,0,1,0,0,0,1,0,0,3,60,74.8,47.8,49.0,17.2,0,3,0,3,1,0.35,0.55,0.90,0.66,75,161916,1073154,203318,41402,399
400,8,3,0,True,2026-08-23T13:00:00Z,2,1,1,False,0,0,0,0,0,0,0,0,0,0,0,0,0,0.0,0.0,0.0,0.0,0,0,0,0,0,0.00,0.00,0.00,0.00,75,0,191182,0,0,400
400,11,8,0,False,2026-08-28T19:00:00Z,1,4,2,False,0,0,0,0,0,0,0,0,0,0,0,0,0,0.0,0.0,0.0,0.0,0,0,0,0,0,0.00,0.00,0.00,0.00,75,-69521,122950,494,70015,400
402,8,3,0,True,2026-08-23T13:00:00Z,2,1,1,False,0,0,0,0,0,0,0,0,0,0,0,0,0,0.0,0.0,0.0,0.0,0,0,0,0,0,0.00,0.00,0.00,0.00,65,0,2341,0,0,402
402,11,8,0,False,2026-08-28T19:00:00Z,1,4,2,False,0,0,0,0,0,0,0,0,0,0,0,0,0,0.0,0.0,0.0,0.0,0,0,0,0,0,0.00,0.00,0.00,0.00,65,-796,1526,0,796,402
404,8,3,0,True,2026-08-23T13:00:00Z,2,1,1,False,0,0,0,0,0,0,0,0,0,0,0,0,0,0.0,0.0,0.0,0.0,0,0,0,0,0,0.00,0.00,0.00,0.00,60,0,11692,0,0,404
404,11,8,0,False,2026-08-28T19:00:00Z,1,4,2,False,0,0,0,0,0,0,0,0,0,0,0,0,0,0.0,0.0,0.0,0.0,0,0,0,0,0,0.00,0.00,0.00,0.00,60,-5624,5966,0,5624,404
406,8,3,1,True,2026-08-23T13:00:00Z,2,1,1,False,27,0,0,0,0,0,0,0,0,0,0,0,3,2.2,2.1,0.0,0.4,0,2,0,2,0,0.00,0.01,0.01,0.10,55,0,6303,0,0,406
406,11,8,1,False,2026-08-28T19:00:00Z,1,4,2,False,15,0,0,0,0,0,0,0,0,0,0,0,9,2.0,3.1,0.0,0.5,0,0,0,0,0,0.00,0.01,0.01,0.00,55,-460,8589,829,1289,406
407,8,3,0,True,2026-08-23T13:00:00Z,2,1,1,False,0,0,0,0,0,0,0,0,0,0,0,0,0,0.0,0.0,0.0,0.0,0,0,0,0,0,0.00,0.00,0.00,0.00,50,0,1572,0,0,407
407,11,8,0,False,2026-08-28T19:00:00Z,1,4,2,False,0,0,0,0,0,0,0,0,0,0,0,0,0,0.0,0.0,0.0,0.0,0,0,0,0,0,0.00,0.00,0.00,0.00,50,-204,1653,93,297,407
408,8,3,0,True,2026-08-23T13:00:00Z,2,1,1,False,0,0,0,0,0,0,0,0,0,0,0,0,0,0.0,0.0,0.0,0.0,0,0,0,0,0,0.00,0.00,0.00,0.00,50,0,1073,0,0,408
408,11,8,0,False,2026-08-28T19:00:00Z,1,4,2,False,0,0,0,0,0,0,0,0,0,0,0,0,0,0.0,0.0,0.0,0.0,0,0,0,0,0,0.00,0.00,0.00,0.00,50,-305,762,0,305,408
409,8,3,0,True,2026-08-23T13:00:00Z,2,1,1,False,0,0,0,0,0,0,0,0,0,0,0,0,0,0.0,0.0,0.0,0.0,0,0,0,0,0,0.00,0.00,0.00,0.00,45,0,16621,0,0,409
409,11,8,0,False,2026-08-28T19:00:00Z,1,4,2,False,0,0,0,0,0,0,0,0,0,0,0,0,0,0.0,0.0,0.0,0.0,0,0,0,0,0,0.00,0.00,0.00,0.00,45,-1559,17482,927,2486,409
410,8,3,0,True,2026-08-23T13:00:00Z,2,1,1,False,0,0,0,0,0,0,0,0,0,0,0,0,0,0.0,0.0,0.0,0.0,0,0,0,0,0,0.00,0.00,0.00,0.00,50,0,1505,0,0,410
410,11,8,0,False,2026-08-28T19:00:00Z,1,4,2,False,0,0,0,0,0,0,0,0,0,0,0,0,0,0.0,0.0,0.0,0.0,0,0,0,0,0,0.00,0.00,0.00,0.00,50,-207,1523,76,283,410
411,8,3,2,True,2026-08-23T13:00:00Z,2,1,1,False,90,0,0,0,1,0,0,0,0,0,0,0,6,3.8,5.2,50.0,5.9,0,3,0,3,1,0.74,0.02,0.76,0.65,155,0,6209794,0,0,411
411,11,8,13,False,2026-08-28T19:00:00Z,1,4,2,False,90,2,0,0,1,0,0,0,0,0,0,3,60,69.0,0.1,51.0,12.0,3,2,0,5,1,0.66,0.00,0.66,0.66,155,-34247,6731685,69605,103852,411
481,8,3,2,True,2026-08-23T13:00:00Z,2,1,1,False,62,0,0,0,1,0,0,0,0,0,0,0,14,7.2,20.8,0.0,2.8,1,3,2,6,1,0.00,0.25,0.25,0.55,65,0,707651,0,0,481
481,11,8,3,False,2026-08-28T19:00:00Z,1,4,2,False,81,0,0,0,1,0,0,0,1,0,0,0,25,25.0,20.2,13.0,5.8,4,5,5,14,1,0.07,0.22,0.29,0.66,64,-143069,597491,10236,153305,481
587,8,3,0,True,2026-08-23T13:00:00Z,2,1,1,False,0,0,0,0,0,0,0,0,0,0,0,0,0,0.0,0.0,0.0,0.0,0,0,0,0,0,0.00,0.00,0.00,0.00,50,0,1589,0,0,587
587,11,8,0,False,2026-08-28T19:00:00Z,1,4,2,False,0,0,0,0,0,0,0,0,0,0,0,0,0,0.0,0.0,0.0,0.0,0,0,0,0,0,0.00,0.00,0.00,0.00,50,-130,2020,94,224,587
616,11,8,1,False,2026-08-28T19:00:00Z,1,4,2,False,8,0,0,0,0,0,0,0,0,0,0,0,3,1.8,4.3,0.0,0.6,1,0,0,1,0,0.00,0.12,0.12,0.00,55,2706,4327,3055,349,616
621,11,8,1,False,2026-08-28T19:00:00Z,1,4,2,False,8,0,0,0,0,0,0,0,0,0,0,0,3,0.0,0.5,1.0,0.1,0,0,0,0,0,0.10,0.00,0.10,0.00,45,0,0,0,0,621
622,11,8,1,False,2026-08-28T19:00:00Z,1,4,2,False,1,0,0,0,0,0,0,0,0,0,0,0,3,0.6,0.8,0.0,0.1,0,1,0,0,0,0.00,0.00,0.00,0.00,40,0,0,0,0,622
43,4,11,2,False,2026-08-22T11:30:00Z,2,0,1,False,66,0,0,0,2,0,0,0,0,0,0,0,13,5.0,11.3,4.0,2.0,0,5,0,5,1,0.04,0.11,0.15,0.94,60,0,224637,0,0,43
43,18,12,4,True,2026-08-30T15:30:00Z,5,2,2,False,90,0,0,0,2,0,0,0,0,0,0,0,26,33.2,46.3,20.0,10.0,4,7,2,13,1,0.47,0.11,0.58,2.06,60,-23073,232262,12631,35704,43
131,7,2,0,True,2026-08-23T13:00:00Z,4,0,1,False,0,0,0,0,0,0,0,0,0,0,0,0,0,0.0,0.0,0.0,0.0,0,0,0,0,0,0.00,0.00,0.00,0.00,50,0,17798,0,0,131
131,18,12,0,True,2026-08-30T15:30:00Z,5,2,2,False,0,0,0,0,0,0,0,0,0,0,0,0,0,0.0,0.0,0.0,0.0,0,0,0,0,0,0.00,0.00,0.00,0.00,50,-2097,17743,2324,4421,131
162,4,11,2,False,2026-08-22T11:30:00Z,2,0,1,False,66,0,0,0,2,0,0,0,0,0,0,0,17,11.4,4.2,2.0,1.8,3,5,1,9,1,0.00,0.23,0.23,0.94,50,0,93940,0,0,162
162,18,12,1,True,2026-08-30T15:30:00Z,5,2,2,False,10,0,0,0,1,0,0,0,0,0,0,0,2,6.2,0.7,0.0,0.7,0,2,3,5,0,0.00,0.00,0.00,1.00,50,-7693,96490,7456,15149,162
325,4,11,0,False,2026-08-22T11:30:00Z,2,0,1,False,0,0,0,0,0,0,0,0,0,0,0,0,0,0.0,0.0,0.0,0.0,0,0,0,0,0,0.00,0.00,0.00,0.00,45,0,3043,0,0,325
325,18,12,0,True,2026-08-30T15:30:00Z,5,2,2,False,0,0,0,0,0,0,0,0,0,0,0,0,0,0.0,0.0,0.0,0.0,0,0,0,0,0,0.00,0.00,0.00,0.00,45,-15,3863,242,257,325
412,4,11,1,False,2026-08-22T11:30:00Z,2,0,1,False,90,0,0,0,2,0,0,0,0,0,2,0,7,20.2,0.0,0.0,2.0,2,8,0,0,1,0.00,0.00,0.00,1.01,50,0,1497029,0,0,412
412,18,12,2,True,2026-08-30T15:30:00Z,5,2,2,False,90,0,0,0,2,0,0,0,0,0,3,0,11,27.0,0.0,0.0,2.7,1,6,0,0,1,0.00,0.00,0.00,2.06,50,-53896,1543070,34714,88610,412
413,4,11,0,False,2026-08-22T11:30:00Z,2,0,1,False,0,0,0,0,0,0,0,0,0,0,0,0,0,0.0,0.0,0.0,0.0,0,0,0,0,0,0.00,0.00,0.00,0.00,45,0,2353,0,0,413
413,18,12,0,True,2026-08-30T15:30:00Z,5,2,2,False,0,0,0,0,0,0,0,0,0,0,0,0,0,0.0,0.0,0.0,0.0,0,0,0,0,0,0.00,0.00,0.00,0.00,45,-588,1739,0,588,413
414,4,11,0,False,2026-08-22T11:30:00Z,2,0,1,False,0,0,0,0,0,0,0,0,0,0,0,0,0,0.0,0.0,0.0,0.0,0,0,0,0,0,0.00,0.00,0.00,0.00,40,0,9078,0,0,414
414,18,12,0,True,2026-08-30T15:30:00Z,5,2,2,False,0,0,0,0,0,0,0,0,0,0,0,0,0,0.0,0.0,0.0,0.0,0,0,0,0,0,0.00,0.00,0.00,0.00,40,-790,8703,215,1005,414
415,4,11,0,False,2026-08-22T11:30:00Z,2,0,1,False,45,0,0,0,2,0,0,0,1,0,0,0,-11,0.0,1.2,16.0,0.7,1,0,0,1,1,0.47,0.03,0.50,0.92,60,0,121744,0,0,415
415,18,12,1,True,2026-08-30T15:30:00Z,5,2,2,False,10,0,0,0,1,0,0,0,0,0,0,0,4,7.0,11.7,39.0,5.8,1,0,1,2,0,0.18,0.01,0.19,1.00,60,-23853,107542,4808,28661,415
416,4,11,0,False,2026-08-22T11:30:00Z,2,0,1,False,0,0,0,0,0,0,0,0,0,0,0,0,0,0.0,0.0,0.0,0.0,0,0,0,0,0,0.00,0.00,0.00,0.00,50,0,2274,0,0,416
416,18,12,0,True,2026-08-30T15:30:00Z,5,2,2,False,0,0,0,0,0,0,0,0,0,0,0,0,0,0.0,0.0,0.0,0.0,0,0,0,0,0,0.00,0.00,0.00,0.00,50,-381,2498,117,498,416
417,4,11,1,False,2026-08-22T11:30:00Z,2,0,1,False,10,0,0,0,0,0,0,0,0,0,0,0,6,7.6,11.3,0.0,1.9,1,1,2,3,0,0.00,0.00,0.00,0.00,50,0,246316,0,0,417
417,18,12,2,True,2026-08-30T15:30:00Z,5,2,2,False,73,0,0,0,1,0,0,0,0,0,0,0,12,16.4,42.2,33.0,9.2,4,1,0,4,1,0.15,0.12,0.27,1.06,50,-25442,242125,8190,33632,417
418,4,11,1,False,2026-08-22T11:30:00Z,2,0,1,False,90,0,0,0,2,0,0,0,0,0,0,0,15,25.4,28.6,19.0,7.3,4,5,0,4,1,0.04,0.40,0.44,1.01,50,0,1650905,0,0,418
418,18,12,4,True,2026-08-30T15:30:00Z,5,2,2,False,90,0,1,0,2,0,0,0,0,0,0,0,13,7.2,1.5,6.0,1.5,4,4,1,5,1,0.03,0.01,0.04,2.06,50,-53358,1686850,52953,106311,418
419,4,11,0,False,2026-08-22T11:30:00Z,2,0,1,False,0,0,0,0,0,0,0,0,0,0,0,0,0,0.0,0.0,0.0,0.0,0,0,0,0,0,0.00,0.00,0.00,0.00,50,0,115360,0,0,419
419,18,12,1,True,2026-08-30T15:30:00Z,5,2,2,False,90,0,0,0,2,0,0,0,0,0,0,0,2,4.8,1.8,3.0,1.0,0,6,0,0,1,0.03,0.06,0.09,2.06,50,-12800,127444,6775,19575,419
420,4,11,0,False,2026-08-22T11:30:00Z,2,0,1,False,0,0,0,0,0,0,0,0,0,0,0,0,0,0.0,0.0,0.0,0.0,0,0,0,0,0,0.00,0.00,0.00,0.00,50,0,62047,0,0,420
420,18,12,1,True,2026-08-30T15:30:00Z,5,2,2,False,16,0,0,0,1,0,0,0,0,0,0,0,-2,1.8,1.8,0.0,0.4,2,1,0,2,0,0.00,0.01,0.01,1.00,50,-9208,62806,1536,10744,420
421,4,11,1,False,2026-08-22T11:30:00Z,2,0,1,False,90,0,0,0,2,0,0,0,0,0,0,0,5,6.8,2.6,11.0,2.0,1,4,1,2,1,0.12,0.04,0.16,1.01,45,0,33647,0,0,421
421,18,12,0,True,2026-08-30T15:30:00Z,5,2,2,False,0,0,0,0,0,0,0,0,0,0,0,0,0,0.0,0.0,0.0,0.0,0,0,0,0,0,0.00,0.00,0.00,0.00,45,-1103,40184,3088,4191,421
422,4,11,1,False,2026-08-22T11:30:00Z,2,0,1,False,79,0,0,0,2,0,0,0,0,0,0,0,8,17.4,29.4,9.0,5.6,4,3,1,5,1,0.22,0.05,0.27,1.01,45,0,56217,0,0,422
422,18,12,1,True,2026-08-30T15:30:00Z,5,2,2,False,17,0,0,0,1,0,0,0,0,0,0,0,-1,1.4,1.3,0.0,0.3,0,0,0,0,0,0.00,0.00,0.00,1.00,45,-238,70057,5854,6092,422
423,4,11,1,False,2026-08-22T11:30:00Z,2,0,1,False,90,0,0,0,2,0,0,0,0,0,0,0,13,25.2,59.2,6.0,9.0,3,3,1,4,1,0.00,0.26,0.26,1.01,45,0,1947696,0,0,423
423,18,12,2,True,2026-08-30T15:30:00Z,5,2,2,False,72,0,0,0,1,0,0,0,0,0,0,0,12,18.4,1.6,4.0,2.4,4,2,4,8,1,0.00,0.02,0.02,1.06,45,-74162,1935721,42927,117089,423
424,4,11,0,False,2026-08-22T11:30:00Z,2,0,1,False,0,0,0,0,0,0,0,0,0,0,0,0,0,0.0,0.0,0.0,0.0,0,0,0,0,0,0.00,0.00,0.00,0.00,40,0,18310,0,0,424
424,18,12,0,True,2026-08-30T15:30:00Z,5,2,2,False,0,0,0,0,0,0,0,0,0,0,0,0,0,0.0,0.0,0.0,0.0,0,0,0,0,0,0.00,0.00,0.00,0.00,40,-1093,19337,888,1981,424
425,4,11,0,False,2026-08-22T11:30:00Z,2,0,1,False,0,0,0,0,0,0,0,0,0,0,0,0,0,0.0,0.0,0.0,0.0,0,0,0,0,0,0.00,0.00,0.00,0.00,40,0,2582,0,0,425
425,18,12,0,True,2026-08-30T15:30:00Z,5,2,2,False,0,0,0,0,0,0,0,0,0,0,0,0,0,0.0,0.0,0.0,0.0,0,0,0,0,0,0.00,0.00,0.00,0.00,40,-680,1885,0,680,425
426,4,11,2,False,2026-08-22T11:30:00Z,2,0,1,False,90,0,0,0,2,0,0,0,0,0,0,0,18,20.2,55.4,17.0,9.3,1,5,0,6,1,0.08,0.26,0.34,1.01,120,0,4653303,0,0,426
426,18,12,23,True,2026-08-30T15:30:00Z,5,2,2,False,90,3,1,0,2,0,0,0,0,0,0,3,87,132.4,62.5,66.0,26.1,1,5,2,8,1,2.02,0.48,2.50,2.06,120,-180062,4770471,48518,228580,426
427,4,11,2,False,2026-08-22T11:30:00Z,2,0,1,False,90,0,0,0,2,0,0,0,0,0,0,0,12,9.6,28.1,49.0,8.7,0,4,0,4,1,0.50,0.23,0.73,1.01,80,0,3492739,0,0,427
427,18,12,11,True,2026-08-30T15:30:00Z,5,2,2,False,90,1,1,0,2,0,0,0,1,0,0,2,37,45.6,43.3,35.0,12.4,0,2,3,5,1,1.76,0.21,1.97,2.06,80,-137963,3537164,82225,220188,427
428,4,11,2,False,2026-08-22T11:30:00Z,2,0,1,False,79,0,0,0,2,0,0,0,0,0,0,0,14,5.4,28.2,35.0,6.9,0,3,0,3,1,0.24,0.21,0.45,1.01,80,0,901042,0,0,428
428,18,12,9,True,2026-08-30T15:30:00Z,5,2,2,False,79,0,2,0,1,0,0,0,0,0,0,1,31,20.0,27.6,28.0,7.6,0,2,0,2,1,0.11,0.15,0.26,1.06,80,-66103,924196,26854,92957,428
429,4,11,1,False,2026-08-22T11:30:00Z,2,0,1,False,45,0,0,0,0,0,0,0,0,0,0,0,9,11.6,48.6,4.0,6.4,0,1,0,1,0,0.00,0.10,0.10,0.09,70,0,134653,0,0,429
429,18,12,2,True,2026-08-30T15:30:00Z,5,2,2,False,79,0,0,0,1,0,0,0,0,0,0,0,17,16.0,34.3,58.0,10.8,0,3,3,6,1,0.26,0.05,0.31,1.06,70,-7014,165554,15064,22078,429
430,4,11,0,False,2026-08-22T11:30:00Z,2,0,1,False,0,0,0,0,0,0,0,0,0,0,0,0,0,0.0,0.0,0.0,0.0,0,0,0,0,0,0.00,0.00,0.00,0.00,55,0,3202,0,0,430
430,18,12,0,True,2026-08-30T15:30:00Z,5,2,2,False,0,0,0,0,0,0,0,0,0,0,0,0,0,0.0,0.0,0.0,0.0,0,0,0,0,0,0.00,0.00,0.00,0.00,55,-660,2752,35,695,430
431,4,11,0,False,2026-08-22T11:30:00Z,2,0,1,False,0,0,0,0,0,0,0,0,0,0,0,0,0,0.0,0.0,0.0,0.0,0,0,0,0,0,0.00,0.00,0.00,0.00,60,0,145627,0,0,431
431,18,12,0,True,2026-08-30T15:30:00Z,5,2,2,False,0,0,0,0,0,0,0,0,0,0,0,0,0,0.0,0.0,0.0,0.0,0,0,0,0,0,0.00,0.00,0.00,0.00,59,-57883,91945,1576,59459,431
432,4,11,1,False,2026-08-22T11:30:00Z,2,0,1,False,23,0,0,0,0,0,0,0,0,0,0,0,7,2.8,2.5,2.0,0.7,0,1,0,1,0,0.07,0.01,0.08,0.07,55,0,89014,0,0,432
432,18,12,4,True,2026-08-30T15:30:00Z,5,2,2,False,79,0,0,0,1,0,0,0,0,0,0,0,25,15.2,7.2,9.0,3.1,2,10,3,15,1,0.14,0.27,0.41,1.06,55,-10233,93316,3460,13693,432
433,4,11,0,False,2026-08-22T11:30:00Z,2,0,1,False,0,0,0,0,0,0,0,0,0,0,0,0,0,0.0,0.0,0.0,0.0,0,0,0,0,0,0.00,0.00,0.00,0.00,50,0,333,0,0,433
433,18,12,0,True,2026-08-30T15:30:00Z,5,2,2,False,0,0,0,0,0,0,0,0,0,0,0,0,0,0.0,0.0,0.0,0.0,0,0,0,0,0,0.00,0.00,0.00,0.00,50,-64,348,24,88,433
434,4,11,0,False,2026-08-22T11:30:00Z,2,0,1,False,0,0,0,0,0,0,0,0,0,0,0,0,0,0.0,0.0,0.0,0.0,0,0,0,0,0,0.00,0.00,0.00,0.00,50,0,1008,0,0,434
434,18,12,0,True,2026-08-30T15:30:00Z,5,2,2,False,0,0,0,0,0,0,0,0,0,0,0,0,0,0.0,0.0,0.0,0.0,0,0,0,0,0,0.00,0.00,0.00,0.00,50,-128,1094,41,169,434
435,4,11,1,False,2026-08-22T11:30:00Z,2,0,1,False,10,0,0,0,0,0,0,0,0,0,0,0,3,0.2,0.6,0.0,0.1,0,1,0,1,0,0.00,0.00,0.00,0.00,50,0,4147,0,0,435
435,18,12,0,True,2026-08-30T15:30:00Z,5,2,2,False,0,0,0,0,0,0,0,0,0,0,0,0,0,0.0,0.0,0.0,0.0,0,0,0,0,0,0.00,0.00,0.00,0.00,50,-263,4851,327,590,435
436,4,11,0,False,2026-08-22T11:30:00Z,2,0,1,False,0,0,0,0,0,0,0,0,0,0,0,0,0,0.0,0.0,0.0,0.0,0,0,0,0,0,0.00,0.00,0.00,0.00,50,0,1568,0,0,436
436,18,12,0,True,2026-08-30T15:30:00Z,5,2,2,False,0,0,0,0,0,0,0,0,0,0,0,0,0,0.0,0.0,0.0,0.0,0,0,0,0,0,0.00,0.00,0.00,0.00,50,-174,1667,60,234,436
437,4,11,0,False,2026-08-22T11:30:00Z,2,0,1,False,0,0,0,0,0,0,0,0,0,0,0,0,0,0.0,0.0,0.0,0.0,0,0,0,0,0,0.00,0.00,0.00,0.00,45,0,16079,0,0,437
437,18,12,0,True,2026-08-30T15:30:00Z,5,2,2,False,0,0,0,0,0,0,0,0,0,0,0,0,0,0.0,0.0,0.0,0.0,0,0,0,0,0,0.00,0.00,0.00,0.00,45,-1410,17670,961,2371,437
438,4,11,0,False,2026-08-22T11:30:00Z,2,0,1,False,0,0,0,0,0,0,0,0,0,0,0,0,0,0.0,0.0,0.0,0.0,0,0,0,0,0,0.00,0.00,0.00,0.00,45,0,31336,0,0,438
438,18,12,0,True,2026-08-30T15:30:00Z,5,2,2,False,0,0,0,0,0,0,0,0,0,0,0,0,0,0.0,0.0,0.0,0.0,0,0,0,0,0,0.00,0.00,0.00,0.00,45,-2656,32667,1328,3984,438
439,4,11,1,False,2026-08-22T11:30:00Z,2,0,1,False,23,0,0,0,0,0,0,0,0,0,0,0,2,0.0,0.5,9.0,0.9,0,0,0,0,0,0.04,0.00,0.04,0.07,70,0,114788,0,0,439
439,18,12,1,True,2026-08-30T15:30:00Z,5,2,2,False,10,0,0,0,1,0,0,0,0,0,0,0,5,2.2,10.5,2.0,1.5,0,3,0,3,0,0.00,0.01,0.01,1.00,70,15428,181866,30554,15126,439
440,4,11,0,False,2026-08-22T11:30:00Z,2,0,1,False,0,0,0,0,0,0,0,0,0,0,0,0,0,0.0,0.0,0.0,0.0,0,0,0,0,0,0.00,0.00,0.00,0.00,55,0,56060,0,0,440
440,18,12,0,True,2026-08-30T15:30:00Z,5,2,2,False,0,0,0,0,0,0,0,0,0,0,0,0,0,0.0,0.0,0.0,0.0,0,0,0,0,0,0.00,0.00,0.00,0.00,55,-11086,51589,2045,13131,440
441,4,11,0,False,2026-08-22T11:30:00Z,2,0,1,False,0,0,0,0,0,0,0,0,0,0,0,0,0,0.0,0.0,0.0,0.0,0,0,0,0,0,0.00,0.00,0.00,0.00,45,0,100521,0,0,441
441,18,12,0,True,2026-08-30T15:30:00Z,5,2,2,False,0,0,0,0,0,0,0,0,0,0,0,0,0,0.0,0.0,0.0,0.0,0,0,0,0,0,0.00,0.00,0.00,0.00,45,-5253,109991,6316,11569,441
405,8,3,0,True,2026-08-23T13:00:00Z,2,1,1,False,0,0,0,0,0,0,0,0,0,0,0,0,0,0.0,0.0,0.0,0.0,0,0,0,0,0,0.00,0.00,0.00,0.00,55,0,11878,0,0,405
405,15,19,2,False,2026-08-29T16:30:00Z,0,2,2,False,70,0,0,1,0,0,0,0,1,0,0,0,9,7.2,29.5,0.0,3.7,2,2,0,4,1,0.00,0.20,0.20,0.74,55,645,15669,2387,1742,405
442,9,14,0,True,2026-08-23T15:30:00Z,2,2,1,False,0,0,0,0,0,0,0,0,0,0,0,0,0,0.0,0.0,0.0,0.0,0,0,0,0,0,0.00,0.00,0.00,0.00,50,0,113822,0,0,442
442,15,19,0,False,2026-08-29T16:30:00Z,0,2,2,False,0,0,0,0,0,0,0,0,0,0,0,0,0,0.0,0.0,0.0,0.0,0,0,0,0,0,0.00,0.00,0.00,0.00,50,-9598,124934,2706,12304,442
443,9,14,0,True,2026-08-23T15:30:00Z,2,2,1,False,0,0,0,0,0,0,0,0,0,0,0,0,0,0.0,0.0,0.0,0.0,0,0,0,0,0,0.00,0.00,0.00,0.00,45,0,2989,0,0,443
443,15,19,0,False,2026-08-29T16:30:00Z,0,2,2,False,0,0,0,0,0,0,0,0,0,0,0,0,0,0.0,0.0,0.0,0.0,0,0,0,0,0,0.00,0.00,0.00,0.00,45,-69,3435,162,231,443
444,9,14,0,True,2026-08-23T15:30:00Z,2,2,1,False,0,0,0,0,0,0,0,0,0,0,0,0,0,0.0,0.0,0.0,0.0,0,0,0,0,0,0.00,0.00,0.00,0.00,45,0,2666,0,0,444
444,15,19,0,False,2026-08-29T16:30:00Z,0,2,2,False,0,0,0,0,0,0,0,0,0,0,0,0,0,0.0,0.0,0.0,0.0,0,0,0,0,0,0.00,0.00,0.00,0.00,45,-224,2775,124,348,444
445,9,14,3,True,2026-08-23T15:30:00Z,2,2,1,False,90,0,0,0,2,0,0,0,0,0,0,0,0,37.8,0.2,0.0,3.8,15,2,0,15,1,0.00,0.00,0.00,2.98,50,0,146838,0,0,445
445,15,19,6,False,2026-08-29T16:30:00Z,0,2,2,False,90,0,0,1,0,0,0,0,0,0,0,0,25,6.8,1.5,0.0,0.8,3,1,0,3,1,0.00,0.02,0.02,1.12,50,8900,175248,19798,10898,445
446,9,14,1,True,2026-08-23T15:30:00Z,2,2,1,False,1,0,0,0,1,0,0,0,0,0,0,0,-1,0.0,0.0,0.0,0.0,0,0,0,0,0,0.00,0.00,0.00,0.79,50,0,20496,0,0,446
446,15,19,0,False,2026-08-29T16:30:00Z,0,2,2,False,0,0,0,0,0,0,0,0,0,0,0,0,0,0.0,0.0,0.0,0.0,0,0,0,0,0,0.00,0.00,0.00,0.00,50,10,26250,1895,1885,446
447,9,14,3,True,2026-08-23T15:30:00Z,2,2,1,False,90,0,0,0,2,0,0,0,0,0,0,0,4,32.4,0.3,0.0,3.3,10,2,0,10,1,0.00,0.01,0.01,2.98,50,0,34765,0,0,447
447,15,19,5,False,2026-08-29T16:30:00Z,0,2,2,False,90,0,0,1,0,0,0,0,1,0,0,0,22,11.2,1.8,2.0,1.5,4,4,1,5,1,0.01,0.00,0.01,1.12,50,5603,52947,8885,3282,447
448,9,14,0,True,2026-08-23T15:30:00Z,2,2,1,False,0,0,0,0,0,0,0,0,0,0,0,0,0,0.0,0.0,0.0,0.0,0,0,0,0,0,0.00,0.00,0.00,0.00,50,0,213973,0,0,448
448,15,19,0,False,2026-08-29T16:30:00Z,0,2,2,False,0,0,0,0,0,0,0,0,0,0,0,0,0,0.0,0.0,0.0,0.0,0,0,0,0,0,0.00,0.00,0.00,0.00,50,-69064,159459,6247,75311,448
449,9,14,3,True,2026-08-23T15:30:00Z,2,2,1,False,90,0,0,0,2,0,0,0,0,0,0,0,8,22.0,15.2,0.0,3.7,6,8,5,11,1,0.00,0.35,0.35,2.98,50,0,310247,0,0,449
449,15,19,11,False,2026-08-29T16:30:00Z,0,2,2,False,90,0,0,1,0,0,0,0,0,0,0,3,52,39.0,27.3,4.0,7.0,11,6,2,13,1,0.03,0.31,0.34,1.12,50,33265,411061,52701,19436,449
450,9,14,0,True,2026-08-23T15:30:00Z,2,2,1,False,0,0,0,0,0,0,0,0,0,0,0,0,0,0.0,0.0,0.0,0.0,0,0,0,0,0,0.00,0.00,0.00,0.00,50,0,4326,0,0,450
450,15,19,0,False,2026-08-29T16:30:00Z,0,2,2,False,0,0,0,0,0,0,0,0,0,0,0,0,0,0.0,0.0,0.0,0.0,0,0,0,0,0,0.00,0.00,0.00,0.00,50,-1137,3475,91,1228,450
451,9,14,0,True,2026-08-23T15:30:00Z,2,2,1,False,0,0,0,0,0,0,0,0,0,0,0,0,0,0.0,0.0,0.0,0.0,0,0,0,0,0,0.00,0.00,0.00,0.00,40,0,12873,0,0,451
451,15,19,0,False,2026-08-29T16:30:00Z,0,2,2,False,0,0,0,0,0,0,0,0,0,0,0,0,0,0.0,0.0,0.0,0.0,0,0,0,0,0,0.00,0.00,0.00,0.00,40,-3276,9468,0,3276,451
453,9,14,2,True,2026-08-23T15:30:00Z,2,2,1,False,90,0,0,0,2,0,0,0,0,0,0,0,12,5.2,2.4,9.0,1.7,3,4,1,8,1,0.07,0.02,0.09,2.98,60,0,95531,0,0,453
453,15,19,3,False,2026-08-29T16:30:00Z,0,2,2,False,90,0,0,1,0,0,0,0,0,0,0,0,9,7.2,22.1,7.0,3.6,2,0,2,4,1,0.04,0.01,0.05,1.12,60,4665,113402,14995,10330,453
454,9,14,9,True,2026-08-23T15:30:00Z,2,2,1,False,75,1,0,0,1,0,0,0,0,0,0,2,31,37.4,3.5,28.0,6.9,1,1,0,2,1,0.22,0.01,0.23,1.94,60,0,64591,0,0,454
454,15,19,8,False,2026-08-29T16:30:00Z,0,2,2,False,81,1,0,1,0,0,0,0,0,0,0,0,32,36.8,15.3,29.0,8.1,0,1,2,3,1,0.20,0.10,0.30,0.74,60,83568,215548,95441,11873,454
456,9,14,0,True,2026-08-23T15:30:00Z,2,2,1,False,34,0,0,0,1,0,0,0,1,0,0,0,1,7.8,1.3,4.0,1.3,3,1,2,6,0,0.06,0.01,0.07,1.50,50,0,34032,0,0,456
456,15,19,1,False,2026-08-29T16:30:00Z,0,2,2,False,8,0,0,0,0,0,0,0,0,0,0,0,3,0.2,4.2,0.0,0.4,0,1,0,1,0,0.00,0.13,0.13,0.38,50,-3238,34073,1442,4680,456
457,9,14,0,True,2026-08-23T15:30:00Z,2,2,1,False,14,0,0,0,1,0,0,0,1,0,0,0,-1,0.0,0.1,2.0,0.1,1,1,0,2,0,0.00,0.00,0.00,1.04,60,0,14816,0,0,457
457,15,19,1,False,2026-08-29T16:30:00Z,0,2,2,False,8,0,0,0,0,0,0,0,0,0,0,0,3,2.2,3.1,2.0,0.7,0,2,1,3,0,0.00,0.20,0.20,0.38,60,-1965,15641,717,2682,457
458,9,14,0,True,2026-08-23T15:30:00Z,2,2,1,False,0,0,0,0,0,0,0,0,0,0,0,0,0,0.0,0.0,0.0,0.0,0,0,0,0,0,0.00,0.00,0.00,0.00,55,0,3620,0,0,458
458,15,19,0,False,2026-08-29T16:30:00Z,0,2,2,False,0,0,0,0,0,0,0,0,0,0,0,0,0,0.0,0.0,0.0,0.0,0,0,0,0,0,0.00,0.00,0.00,0.00,55,-1020,2722,48,1068,458
459,9,14,3,True,2026-08-23T15:30:00Z,2,2,1,False,75,0,0,0,1,0,0,0,1,0,0,0,13,15.6,21.4,3.0,4.0,6,6,1,13,1,0.05,0.01,0.06,1.94,55,0,4093,0,0,459
459,15,19,3,False,2026-08-29T16:30:00Z,0,2,2,False,90,0,0,1,0,0,0,0,0,0,0,0,16,11.2,14.7,0.0,2.6,3,6,0,9,1,0.00,0.04,0.04,1.12,55,857,6985,1391,534,459
460,9,14,6,True,2026-08-23T15:30:00Z,2,2,1,False,34,1,0,0,1,0,0,0,0,0,0,0,28,38.4,13.9,9.0,6.1,0,1,2,3,0,0.09,0.17,0.26,1.50,50,0,10181,0,0,460
460,15,19,3,False,2026-08-29T16:30:00Z,0,2,2,False,70,0,0,1,0,0,0,0,0,0,0,0,0,0.0,4.3,8.0,0.5,1,1,0,2,1,0.07,0.02,0.09,0.74,50,6831,24746,8763,1932,460
461,9,14,0,True,2026-08-23T15:30:00Z,2,2,1,False,0,0,0,0,0,0,0,0,0,0,0,0,0,0.0,0.0,0.0,0.0,0,0,0,0,0,0.00,0.00,0.00,0.00,60,0,22780,0,0,461
461,15,19,1,False,2026-08-29T16:30:00Z,0,2,2,False,1,0,0,0,0,0,0,0,0,0,0,0,3,0.0,0.0,0.0,0.0,0,0,0,0,0,0.00,0.00,0.00,0.00,60,-3945,20967,513,4458,461
462,9,14,1,True,2026-08-23T15:30:00Z,2,2,1,False,55,0,0,0,1,0,0,0,0,0,0,0,3,0.4,1.2,0.0,0.2,0,2,0,2,1,0.00,0.00,0.00,1.48,50,0,9830,0,0,462
462,15,19,1,False,2026-08-29T16:30:00Z,0,2,2,False,19,0,0,0,0,0,0,0,0,0,0,0,4,5.0,0.0,0.0,0.5,3,0,0,3,0,0.00,0.00,0.00,0.38,50,-238,10539,762,1000,462
463,9,14,0,True,2026-08-23T15:30:00Z,2,2,1,False,0,0,0,0,0,0,0,0,0,0,0,0,0,0.0,0.0,0.0,0.0,0,0,0,0,0,0.00,0.00,0.00,0.00,60,0,151424,0,0,463
463,15,19,4,False,2026-08-29T16:30:00Z,0,2,2,False,19,0,1,0,0,0,0,0,0,0,0,0,18,18.2,10.5,11.0,4.0,0,0,0,0,0,0.02,0.01,0.03,0.38,60,-23591,150038,7193,30784,463
464,9,14,4,True,2026-08-23T15:30:00Z,2,2,1,False,90,0,1,0,1,0,0,0,1,0,0,0,7,20.0,16.3,28.0,6.4,1,3,4,8,1,1.00,0.02,1.02,2.19,60,0,142989,0,0,464
464,15,19,8,False,2026-08-29T16:30:00Z,0,2,2,False,81,1,0,1,0,0,0,0,0,0,0,2,37,35.6,10.3,46.0,9.2,1,4,1,6,1,0.35,0.00,0.35,0.74,60,134869,359321,158957,24088,464
465,9,14,4,True,2026-08-23T15:30:00Z,2,2,1,False,55,0,1,0,1,0,0,0,0,0,0,0,18,28.2,13.7,8.0,5.0,2,2,1,5,1,0.06,0.14,0.20,1.48,60,0,83021,0,0,465
465,15,19,0,False,2026-08-29T16:30:00Z,0,2,2,False,0,0,0,0,0,0,0,0,0,0,0,0,0,0.0,0.0,0.0,0.0,0,0,0,0,0,0.00,0.00,0.00,0.00,60,-6163,90550,20344,26507,465
466,9,14,0,True,2026-08-23T15:30:00Z,2,2,1,False,0,0,0,0,0,0,0,0,0,0,0,0,0,0.0,0.0,0.0,0.0,0,0,0,0,0,0.00,0.00,0.00,0.00,45,0,66588,0,0,466
466,15,19,0,False,2026-08-29T16:30:00Z,0,2,2,False,0,0,0,0,0,0,0,0,0,0,0,0,0,0.0,0.0,0.0,0.0,0,0,0,0,0,0.00,0.00,0.00,0.00,45,-1647,75688,6478,8125,466
559,9,14,1,True,2026-08-23T15:30:00Z,2,2,1,False,14,0,0,0,1,0,0,0,0,0,0,0,5,4.0,0.0,0.0,0.4,1,0,1,2,0,0.00,0.00,0.00,1.04,50,0,12608,0,0,559
559,15,19,0,False,2026-08-29T16:30:00Z,0,2,2,False,0,0,0,0,0,0,0,0,0,0,0,0,0,0.0,0.0,0.0,0.0,0,0,0,0,0,0.00,0.00,0.00,0.00,50,-977,13188,690,1667,559
567,9,14,1,True,2026-08-23T15:30:00Z,2,2,1,False,90,0,0,0,2,0,0,0,1,0,5,0,12,41.2,0.0,0.0,4.1,3,5,0,0,1,0.00,0.00,0.00,2.98,50,0,55382,0,0,567
567,15,19,7,False,2026-08-29T16:30:00Z,0,2,2,False,90,0,0,1,0,0,0,0,0,0,4,0,32,34.6,0.0,0.0,3.5,2,4,0,0,1,0.00,0.00,0.00,1.12,50,1279,70807,5537,4258,567
593,9,14,1,True,2026-08-23T15:30:00Z,2,2,1,False,90,0,0,0,2,0,0,0,0,0,0,0,-1,16.4,1.2,5.0,2.3,7,2,2,9,1,0.03,0.00,0.03,2.98,45,0,20712,0,0,593
593,15,19,11,False,2026-08-29T16:30:00Z,0,2,2,False,90,0,1,1,0,0,0,0,0,0,0,2,37,42.6,30.4,0.0,7.3,5,5,3,8,1,0.00,0.06,0.06,1.12,45,8203,36928,10359,2156,593
609,9,14,0,True,2026-08-23T15:30:00Z,2,2,1,False,0,0,0,0,0,0,0,0,0,0,0,0,0,0.0,0.0,0.0,0.0,0,0,0,0,0,0.00,0.00,0.00,0.00,40,0,0,0,0,609
609,15,19,0,False,2026-08-29T16:30:00Z,0,2,2,False,0,0,0,0,0,0,0,0,0,0,0,0,0,0.0,0.0,0.0,0.0,0,0,0,0,0,0.00,0.00,0.00,0.00,40,3348,11777,3993,645,609
167,10,10,0,False,2026-08-24T19:00:00Z,2,3,1,False,0,0,0,0,0,0,0,0,0,0,0,0,0,0.0,0.0,0.0,0.0,0,0,0,0,0,0.00,0.00,0.00,0.00,55,0,40156,0,0,167
167,14,14,1,False,2026-08-29T11:30:00Z,2,2,2,False,24,0,0,0,1,0,0,0,0,0,0,0,9,4.0,10.1,7.0,2.1,0,0,0,0,0,0.07,0.00,0.07,0.33,55,175,48067,7740,7565,167
201,3,9,0,False,2026-08-22T14:00:00Z,2,0,1,False,54,0,0,0,2,0,0,0,0,0,0,0,-4,1.2,1.8,21.0,2.4,3,1,1,4,1,0.23,0.01,0.24,0.84,55,0,873015,0,0,201
201,11,15,0,True,2026-08-28T19:00:00Z,1,4,2,False,0,0,0,0,0,0,0,0,0,0,0,0,0,0.0,0.0,0.0,0.0,0,0,0,0,0,0.00,0.00,0.00,0.00,55,-109781,815530,15645,125426,201
467,6,13,2,True,2026-08-22T14:00:00Z,0,1,1,False,90,0,0,0,1,0,0,0,0,0,2,0,11,14.2,0.0,0.0,1.4,0,9,0,0,1,0.00,0.00,0.00,0.47,50,0,140711,0,0,467
467,14,14,1,False,2026-08-29T11:30:00Z,2,2,2,False,90,0,0,0,2,0,0,0,0,0,2,0,6,16.6,0.0,0.0,1.7,3,6,0,0,1,0.00,0.01,0.01,1.75,50,-8396,148147,3350,11746,467
468,6,13,0,True,2026-08-22T14:00:00Z,0,1,1,False,0,0,0,0,0,0,0,0,0,0,0,0,0,0.0,0.0,0.0,0.0,0,0,0,0,0,0.00,0.00,0.00,0.00,45,0,5970,0,0,468
468,14,14,0,False,2026-08-29T11:30:00Z,2,2,2,False,0,0,0,0,0,0,0,0,0,0,0,0,0,0.0,0.0,0.0,0.0,0,0,0,0,0,0.00,0.00,0.00,0.00,45,-288,6338,178,466,468
469,6,13,2,True,2026-08-22T14:00:00Z,0,1,1,False,90,0,0,0,1,0,0,0,0,0,0,0,13,15.2,5.8,6.0,2.7,3,10,3,6,1,0.00,0.02,0.02,0.47,50,0,924685,0,0,469
469,14,14,6,False,2026-08-29T11:30:00Z,2,2,2,False,90,0,1,0,2,0,0,0,0,0,0,0,16,34.4,25.3,6.0,6.6,6,1,6,12,1,0.12,0.15,0.27,1.75,50,-67984,880209,14150,82134,469
470,6,13,0,True,2026-08-22T14:00:00Z,0,1,1,False,0,0,0,0,0,0,0,0,0,0,0,0,0,0.0,0.0,0.0,0.0,0,0,0,0,0,0.00,0.00,0.00,0.00,50,0,4345,0,0,470
470,14,14,0,False,2026-08-29T11:30:00Z,2,2,2,False,0,0,0,0,0,0,0,0,0,0,0,0,0,0.0,0.0,0.0,0.0,0,0,0,0,0,0.00,0.00,0.00,0.00,50,-437,4633,230,667,470
471,6,13,2,True,2026-08-22T14:00:00Z,0,1,1,False,90,0,0,0,1,0,0,0,0,0,0,0,4,7.6,0.6,14.0,2.2,7,6,0,7,1,0.11,0.02,0.13,0.47,55,0,173511,0,0,471
471,14,14,3,False,2026-08-29T11:30:00Z,2,2,2,False,90,0,0,0,2,0,0,0,0,0,0,0,3,17.0,0.0,0.0,1.7,10,3,3,13,1,0.00,0.00,0.00,1.75,55,-14450,176049,2591,17041,471
472,6,13,4,True,2026-08-22T14:00:00Z,0,1,1,False,90,0,0,0,1,0,0,0,0,0,0,0,15,32.2,25.9,0.0,5.8,12,3,2,14,1,0.00,0.28,0.28,0.47,55,0,134909,0,0,472
472,14,14,1,False,2026-08-29T11:30:00Z,2,2,2,False,90,0,0,0,2,0,0,0,0,0,0,0,2,11.2,0.3,8.0,2.0,6,3,0,6,1,0.18,0.00,0.18,1.75,55,-3257,162661,8580,11837,472
473,6,13,5,True,2026-08-22T14:00:00Z,0,1,1,False,73,0,0,1,0,0,0,0,1,0,0,0,24,16.0,35.6,11.0,6.3,2,4,0,2,1,0.04,0.17,0.21,0.34,45,0,328883,0,0,473
473,14,14,0,False,2026-08-29T11:30:00Z,2,2,2,False,85,0,0,0,2,0,0,0,1,0,0,0,2,11.8,15.5,4.0,3.1,3,4,2,5,1,0.00,0.35,0.35,1.75,45,-5067,345943,17770,22837,473
474,6,13,1,True,2026-08-22T14:00:00Z,0,1,1,False,90,0,0,0,1,0,0,0,1,0,0,0,5,20.8,1.3,0.0,2.2,7,0,1,8,1,0.00,0.00,0.00,0.47,45,0,19663,0,0,474
474,14,14,1,False,2026-08-29T11:30:00Z,2,2,2,False,90,0,0,0,2,0,0,0,0,0,0,0,6,14.6,0.4,0.0,1.5,6,3,2,8,1,0.00,0.00,0.00,1.75,45,-1300,21029,259,1559,474
475,6,13,0,True,2026-08-22T14:00:00Z,0,1,1,False,0,0,0,0,0,0,0,0,0,0,0,0,0,0.0,0.0,0.0,0.0,0,0,0,0,0,0.00,0.00,0.00,0.00,45,0,209,0,0,475
475,14,14,0,False,2026-08-29T11:30:00Z,2,2,2,False,0,0,0,0,0,0,0,0,0,0,0,0,0,0.0,0.0,0.0,0.0,0,0,0,0,0,0.00,0.00,0.00,0.00,45,65,304,113,48,475
476,6,13,0,True,2026-08-22T14:00:00Z,0,1,1,False,0,0,0,0,0,0,0,0,0,0,0,0,0,0.0,0.0,0.0,0.0,0,0,0,0,0,0.00,0.00,0.00,0.00,40,0,23191,0,0,476
476,14,14,0,False,2026-08-29T11:30:00Z,2,2,2,False,0,0,0,0,0,0,0,0,0,0,0,0,0,0.0,0.0,0.0,0.0,0,0,0,0,0,0.00,0.00,0.00,0.00,40,-1513,23167,495,2008,476
477,6,13,0,True,2026-08-22T14:00:00Z,0,1,1,False,0,0,0,0,0,0,0,0,0,0,0,0,0,0.0,0.0,0.0,0.0,0,0,0,0,0,0.00,0.00,0.00,0.00,40,0,23851,0,0,477
477,14,14,0,False,2026-08-29T11:30:00Z,2,2,2,False,0,0,0,0,0,0,0,0,0,0,0,0,0,0.0,0.0,0.0,0.0,0,0,0,0,0,0.00,0.00,0.00,0.00,40,-1227,24822,996,2223,477
478,6,13,1,True,2026-08-22T14:00:00Z,0,1,1,False,16,0,0,0,1,0,0,0,0,0,0,0,-2,0.0,0.9,0.0,0.1,0,1,0,0,0,0.00,0.00,0.00,0.13,45,0,2322,0,0,478
478,14,14,1,False,2026-08-29T11:30:00Z,2,2,2,False,4,0,0,0,0,0,0,0,0,0,0,0,5,2.0,0.0,0.0,0.2,0,0,1,1,0,0.00,0.00,0.00,0.00,45,-176,3516,112,288,478
479,6,13,0,True,2026-08-22T14:00:00Z,0,1,1,False,0,0,0,0,0,0,0,0,0,0,0,0,0,0.0,0.0,0.0,0.0,0,0,0,0,0,0.00,0.00,0.00,0.00,40,0,18342,0,0,479
479,14,14,0,False,2026-08-29T11:30:00Z,2,2,2,False,0,0,0,0,0,0,0,0,0,0,0,0,0,0.0,0.0,0.0,0.0,0,0,0,0,0,0.00,0.00,0.00,0.00,40,-1052,18138,365,1417,479
480,6,13,2,True,2026-08-22T14:00:00Z,0,1,1,False,90,0,0,0,1,0,0,0,0,0,0,0,10,0.0,9.3,16.0,2.4,1,2,0,3,1,0.13,0.06,0.19,0.47,80,0,1039647,0,0,480
480,14,14,13,False,2026-08-29T11:30:00Z,2,2,2,False,90,1,1,0,2,0,0,0,0,0,0,3,36,56.4,12.5,17.0,8.6,1,2,2,5,1,0.79,0.04,0.83,1.75,80,-274313,815842,8780,283093,480
482,6,13,0,True,2026-08-22T14:00:00Z,0,1,1,False,0,0,0,0,0,0,0,0,0,0,0,0,0,0.0,0.0,0.0,0.0,0,0,0,0,0,0.00,0.00,0.00,0.00,60,0,23579,0,0,482
482,14,14,1,False,2026-08-29T11:30:00Z,2,2,2,False,1,0,0,0,0,0,0,0,0,0,0,0,2,0.0,0.3,0.0,0.0,0,0,0,0,0,0.00,0.00,0.00,0.00,60,-4758,21667,726,5484,482
483,6,13,3,True,2026-08-22T14:00:00Z,0,1,1,False,61,0,0,1,0,0,0,0,0,0,0,0,5,1.4,2.5,0.0,0.4,1,1,1,3,1,0.00,0.00,0.00,0.25,55,0,39539,0,0,483
483,14,14,9,False,2026-08-29T11:30:00Z,2,2,2,False,65,1,0,0,1,0,0,0,0,0,0,2,30,35.8,23.0,36.0,9.5,1,8,0,9,1,0.35,0.63,0.98,1.42,55,-3771,39501,1491,5262,483
484,6,13,0,True,2026-08-22T14:00:00Z,0,1,1,False,0,0,0,0,0,0,0,0,0,0,0,0,0,0.0,0.0,0.0,0.0,0,0,0,0,0,0.00,0.00,0.00,0.00,55,0,15797,0,0,484
484,14,14,0,False,2026-08-29T11:30:00Z,2,2,2,False,0,0,0,0,0,0,0,0,0,0,0,0,0,0.0,0.0,0.0,0.0,0,0,0,0,0,0.00,0.00,0.00,0.00,55,-2032,15837,214,2246,484
485,6,13,0,True,2026-08-22T14:00:00Z,0,1,1,False,0,0,0,0,0,0,0,0,0,0,0,0,0,0.0,0.0,0.0,0.0,0,0,0,0,0,0.00,0.00,0.00,0.00,55,0,1373,0,0,485
485,14,14,0,False,2026-08-29T11:30:00Z,2,2,2,False,0,0,0,0,0,0,0,0,0,0,0,0,0,0.0,0.0,0.0,0.0,0,0,0,0,0,0.00,0.00,0.00,0.00,55,-298,1297,107,405,485
486,6,13,3,True,2026-08-22T14:00:00Z,0,1,1,False,73,0,0,1,0,0,0,0,0,0,0,0,18,11.6,42.5,0.0,5.4,2,5,1,8,1,0.00,0.16,0.16,0.34,55,0,3147,0,0,486
486,14,14,2,False,2026-08-29T11:30:00Z,2,2,2,False,90,0,0,0,2,0,0,0,0,0,0,0,16,8.2,18.5,0.0,2.7,2,5,1,8,1,0.00,0.16,0.16,1.75,55,199,5218,674,475,486
487,6,13,0,True,2026-08-22T14:00:00Z,0,1,1,False,0,0,0,0,0,0,0,0,0,0,0,0,0,0.0,0.0,0.0,0.0,0,0,0,0,0,0.00,0.00,0.00,0.00,50,0,7576,0,0,487
487,14,14,1,False,2026-08-29T11:30:00Z,2,2,2,False,1,0,0,0,0,0,0,0,0,0,0,0,3,0.2,0.0,0.0,0.0,0,0,0,0,0,0.00,0.00,0.00,0.00,50,-848,7613,214,1062,487
488,6,13,2,True,2026-08-22T14:00:00Z,0,1,1,False,90,0,0,0,1,0,0,0,0,0,0,0,10,17.8,13.0,3.0,3.4,3,3,0,6,1,0.03,0.01,0.04,0.47,50,0,100536,0,0,488
488,14,14,0,False,2026-08-29T11:30:00Z,2,2,2,False,0,0,0,0,0,0,0,0,0,0,0,0,0,0.0,0.0,0.0,0.0,0,0,0,0,0,0.00,0.00,0.00,0.00,50,-15127,88298,2850,17977,488
489,6,13,0,True,2026-08-22T14:00:00Z,0,1,1,False,0,0,0,0,0,0,0,0,0,0,0,0,0,0.0,0.0,0.0,0.0,0,0,0,0,0,0.00,0.00,0.00,0.00,45,0,177323,0,0,489
489,14,14,0,False,2026-08-29T11:30:00Z,2,2,2,False,0,0,0,0,0,0,0,0,0,0,0,0,0,0.0,0.0,0.0,0.0,0,0,0,0,0,0.00,0.00,0.00,0.00,45,-35340,142945,1743,37083,489
490,6,13,1,True,2026-08-22T14:00:00Z,0,1,1,False,28,0,0,0,1,0,0,0,0,0,0,0,3,0.0,2.4,3.0,0.4,0,1,0,1,0,0.12,0.01,0.13,0.22,60,0,159951,0,0,490
490,14,14,0,False,2026-08-29T11:30:00Z,2,2,2,False,0,0,0,0,0,0,0,0,0,0,0,0,0,0.0,0.0,0.0,0.0,0,0,0,0,0,0.00,0.00,0.00,0.00,60,-24782,152998,4569,29351,490
491,6,13,2,True,2026-08-22T14:00:00Z,0,1,1,False,90,0,0,0,1,0,0,0,0,0,0,0,8,5.2,6.8,31.0,4.3,2,1,0,3,1,0.22,0.02,0.24,0.47,60,0,389784,0,0,491
491,14,14,1,False,2026-08-29T11:30:00Z,2,2,2,False,90,0,0,0,2,0,0,0,1,0,0,0,4,8.6,13.3,38.0,6.0,3,1,1,5,1,0.74,0.04,0.78,1.75,60,-48313,361702,10237,58550,491
493,6,13,1,True,2026-08-22T14:00:00Z,0,1,1,False,1,0,0,0,0,0,0,0,0,0,0,0,3,0.0,0.0,0.0,0.0,0,0,0,0,0,0.00,0.00,0.00,0.00,55,0,4138,0,0,493
493,14,14,0,False,2026-08-29T11:30:00Z,2,2,2,False,0,0,0,0,0,0,0,0,0,0,0,0,0,0.0,0.0,0.0,0.0,0,0,0,0,0,0.00,0.00,0.00,0.00,55,-418,5177,339,757,493
558,6,13,1,True,2026-08-22T14:00:00Z,0,1,1,False,16,0,0,0,1,0,0,0,0,0,0,0,3,0.6,1.0,2.0,0.4,0,1,0,1,0,0.00,0.00,0.00,0.13,50,0,10065,0,0,558
558,14,14,4,False,2026-08-29T11:30:00Z,2,2,2,False,90,0,0,0,2,0,0,0,0,0,0,0,15,21.2,0.7,7.0,2.9,3,7,5,15,1,0.05,0.00,0.05,1.75,50,-986,9781,158,1144,558
581,6,13,0,True,2026-08-22T14:00:00Z,0,1,1,False,0,0,0,0,0,0,0,0,0,0,0,0,0,0.0,0.0,0.0,0.0,0,0,0,0,0,0.00,0.00,0.00,0.00,55,0,67092,0,0,581
581,14,14,0,False,2026-08-29T11:30:00Z,2,2,2,False,0,0,0,0,0,0,0,0,0,0,0,0,0,0.0,0.0,0.0,0.0,0,0,0,0,0,0.00,0.00,0.00,0.00,55,-8617,71062,3484,12101,581
590,6,13,0,True,2026-08-22T14:00:00Z,0,1,1,False,0,0,0,0,0,0,0,0,0,0,0,0,0,0.0,0.0,0.0,0.0,0,0,0,0,0,0.00,0.00,0.00,0.00,45,0,5245,0,0,590
590,14,14,0,False,2026-08-29T11:30:00Z,2,2,2,False,0,0,0,0,0,0,0,0,0,0,0,0,0,0.0,0.0,0.0,0.0,0,0,0,0,0,0.00,0.00,0.00,0.00,45,81,6630,625,544,590
112,2,4,1,False,2026-08-22T16:30:00Z,3,0,1,False,90,0,0,0,3,0,0,0,0,0,0,0,3,28.2,2.8,2.0,3.3,7,3,2,9,1,0.00,0.03,0.03,3.87,50,0,955905,0,0,112
112,15,17,1,True,2026-08-29T16:30:00Z,0,2,2,False,90,0,0,0,2,0,0,0,0,0,0,0,9,26.6,13.7,33.0,7.3,6,4,2,8,1,0.11,0.03,0.14,0.72,50,-62164,945549,36604,98768,112
147,10,10,0,False,2026-08-24T19:00:00Z,2,3,1,False,0,0,0,0,0,0,0,0,0,0,0,0,0,0.0,0.0,0.0,0.0,0,0,0,0,0,0.00,0.00,0.00,0.00,45,0,18070,0,0,147
147,16,5,0,True,2026-08-30T13:00:00Z,4,3,2,False,0,0,0,0,0,0,0,0,0,0,0,0,0,0.0,0.0,0.0,0.0,0,0,0,0,0,0.00,0.00,0.00,0.00,45,-1857,19280,263,2120,147
401,8,3,0,True,2026-08-23T13:00:00Z,2,1,1,False,0,0,0,0,0,0,0,0,0,0,0,0,0,0.0,0.0,0.0,0.0,0,0,0,0,0,0.00,0.00,0.00,0.00,70,0,80421,0,0,401
401,15,17,2,True,2026-08-29T16:30:00Z,0,2,2,False,90,0,0,0,2,0,0,0,0,0,0,0,14,9.2,35.1,28.0,7.2,0,3,1,4,1,0.17,0.07,0.24,0.72,70,20447,131884,39808,19361,401
403,8,3,0,True,2026-08-23T13:00:00Z,2,1,1,False,0,0,0,0,0,0,0,0,0,0,0,0,0,0.0,0.0,0.0,0.0,0,0,0,0,0,0.00,0.00,0.00,0.00,65,0,23783,0,0,403
403,15,17,0,True,2026-08-29T16:30:00Z,0,2,2,False,0,0,0,0,0,0,0,0,0,0,0,0,0,0.0,0.0,0.0,0.0,0,0,0,0,0,0.00,0.00,0.00,0.00,65,48883,92925,55747,6864,403
455,2,4,2,False,2026-08-22T16:30:00Z,3,0,1,False,90,0,0,0,3,0,0,0,0,0,0,0,14,6.2,6.4,8.0,2.1,0,3,1,4,1,0.04,0.06,0.10,3.87,55,0,376914,0,0,455
455,15,17,2,True,2026-08-29T16:30:00Z,0,2,2,False,74,0,0,0,2,0,0,0,0,0,0,0,16,5.0,26.3,4.0,3.5,1,3,0,4,1,0.05,0.02,0.07,0.72,55,-38097,369291,14119,52216,455
494,2,4,0,False,2026-08-22T16:30:00Z,3,0,1,False,0,0,0,0,0,0,0,0,0,0,0,0,0,0.0,0.0,0.0,0.0,0,0,0,0,0,0.00,0.00,0.00,0.00,45,0,35657,0,0,494
494,15,17,0,True,2026-08-29T16:30:00Z,0,2,2,False,0,0,0,0,0,0,0,0,0,0,0,0,0,0.0,0.0,0.0,0.0,0,0,0,0,0,0.00,0.00,0.00,0.00,45,-11437,23872,0,11437,494
495,2,4,0,False,2026-08-22T16:30:00Z,3,0,1,False,0,0,0,0,0,0,0,0,0,0,0,0,0,0.0,0.0,0.0,0.0,0,0,0,0,0,0.00,0.00,0.00,0.00,40,0,78400,0,0,495
495,15,17,0,True,2026-08-29T16:30:00Z,0,2,2,False,0,0,0,0,0,0,0,0,0,0,0,0,0,0.0,0.0,0.0,0.0,0,0,0,0,0,0.00,0.00,0.00,0.00,40,-490,88358,3212,3702,495
496,2,4,2,False,2026-08-22T16:30:00Z,3,0,1,False,90,0,0,0,3,0,0,0,0,0,5,0,15,43.6,0.0,0.0,4.4,4,12,0,0,1,0.00,0.00,0.00,3.87,45,0,2208330,0,0,496
496,15,17,1,True,2026-08-29T16:30:00Z,0,2,2,False,90,0,0,0,2,0,0,0,0,0,0,0,4,3.8,0.0,0.0,0.4,0,6,0,0,1,0.00,0.00,0.00,0.72,45,-41526,2247365,40625,82151,496
497,2,4,0,False,2026-08-22T16:30:00Z,3,0,1,False,0,0,0,0,0,0,0,0,0,0,0,0,0,0.0,0.0,0.0,0.0,0,0,0,0,0,0.00,0.00,0.00,0.00,40,0,1778139,0,0,497
497,15,17,0,True,2026-08-29T16:30:00Z,0,2,2,False,0,0,0,0,0,0,0,0,0,0,0,0,0,0.0,0.0,0.0,0.0,0,0,0,0,0,0.00,0.00,0.00,0.00,40,-28731,1835588,35086,63817,497
498,2,4,3,False,2026-08-22T16:30:00Z,3,0,1,False,90,0,0,0,3,0,0,0,0,0,0,0,10,36.6,2.2,0.0,3.9,11,2,5,16,1,0.00,0.02,0.02,3.87,60,0,724252,0,0,498
498,15,17,0,True,2026-08-29T16:30:00Z,0,2,2,False,0,0,0,0,0,0,0,0,0,0,0,0,0,0.0,0.0,0.0,0.0,0,0,0,0,0,0.00,0.00,0.00,0.00,60,-48293,746751,15942,64235,498
499,2,4,0,False,2026-08-22T16:30:00Z,3,0,1,False,0,0,0,0,0,0,0,0,0,0,0,0,0,0.0,0.0,0.0,0.0,0,0,0,0,0,0.00,0.00,0.00,0.00,55,0,1595087,0,0,499
499,15,17,1,True,2026-08-29T16:30:00Z,0,2,2,False,90,0,0,0,2,0,0,0,0,0,0,0,1,9.4,7.9,21.0,3.8,3,2,1,4,1,0.33,0.10,0.43,0.72,55,-296944,1331308,20574,317518,499
500,2,4,0,False,2026-08-22T16:30:00Z,3,0,1,False,0,0,0,0,0,0,0,0,0,0,0,0,0,0.0,0.0,0.0,0.0,0,0,0,0,0,0.00,0.00,0.00,0.00,50,0,25814,0,0,500
500,15,17,0,True,2026-08-29T16:30:00Z,0,2,2,False,0,0,0,0,0,0,0,0,0,0,0,0,0,0.0,0.0,0.0,0.0,0,0,0,0,0,0.00,0.00,0.00,0.00,50,-10779,14805,0,10779,500
502,2,4,3,False,2026-08-22T16:30:00Z,3,0,1,False,90,0,0,0,3,0,0,0,0,0,0,0,13,31.8,19.2,2.0,5.3,9,3,2,11,1,0.00,0.06,0.06,3.87,45,0,350993,0,0,502
502,15,17,2,True,2026-08-29T16:30:00Z,0,2,2,False,67,0,0,0,1,0,0,0,0,0,0,0,7,11.2,16.8,25.0,5.3,2,1,1,3,1,0.06,0.02,0.08,0.48,45,-1127,379457,22171,23298,502
503,2,4,0,False,2026-08-22T16:30:00Z,3,0,1,False,0,0,0,0,0,0,0,0,0,0,0,0,0,0.0,0.0,0.0,0.0,0,0,0,0,0,0.00,0.00,0.00,0.00,50,0,522301,0,0,503
503,15,17,0,True,2026-08-29T16:30:00Z,0,2,2,False,90,0,0,0,2,0,0,0,1,0,0,0,5,15.2,2.1,0.0,1.7,7,4,1,8,1,0.00,0.02,0.02,0.72,50,-116329,422798,8374,124703,503
505,2,4,0,False,2026-08-22T16:30:00Z,3,0,1,False,0,0,0,0,0,0,0,0,0,0,0,0,0,0.0,0.0,0.0,0.0,0,0,0,0,0,0.00,0.00,0.00,0.00,45,0,93085,0,0,505
505,15,17,0,True,2026-08-29T16:30:00Z,0,2,2,False,0,0,0,0,0,0,0,0,0,0,0,0,0,0.0,0.0,0.0,0.0,0,0,0,0,0,0.00,0.00,0.00,0.00,45,-45782,46576,0,45782,505
506,2,4,1,False,2026-08-22T16:30:00Z,3,0,1,False,4,0,0,0,0,0,0,0,0,0,0,0,3,0.0,0.7,0.0,0.0,0,2,0,0,0,0.00,0.02,0.02,0.44,45,0,43741,0,0,506
506,15,17,1,True,2026-08-29T16:30:00Z,0,2,2,False,22,0,0,0,1,0,0,0,0,0,0,0,2,5.2,11.5,2.0,1.9,0,1,1,1,0,0.00,0.19,0.19,0.24,45,-3007,47523,1685,4692,506
507,2,4,0,False,2026-08-22T16:30:00Z,3,0,1,False,0,0,0,0,0,0,0,0,0,0,0,0,0,0.0,0.0,0.0,0.0,0,0,0,0,0,0.00,0.00,0.00,0.00,45,0,2583,0,0,507
507,15,17,0,True,2026-08-29T16:30:00Z,0,2,2,False,0,0,0,0,0,0,0,0,0,0,0,0,0,0.0,0.0,0.0,0.0,0,0,0,0,0,0.00,0.00,0.00,0.00,45,-658,1903,0,658,507
508,2,4,0,False,2026-08-22T16:30:00Z,3,0,1,False,0,0,0,0,0,0,0,0,0,0,0,0,0,0.0,0.0,0.0,0.0,0,0,0,0,0,0.00,0.00,0.00,0.00,40,0,99420,0,0,508
508,15,17,0,True,2026-08-29T16:30:00Z,0,2,2,False,0,0,0,0,0,0,0,0,0,0,0,0,0,0.0,0.0,0.0,0.0,0,0,0,0,0,0.00,0.00,0.00,0.00,40,-6106,102932,2877,8983,508
509,2,4,0,False,2026-08-22T16:30:00Z,3,0,1,False,0,0,0,0,0,0,0,0,0,0,0,0,0,0.0,0.0,0.0,0.0,0,0,0,0,0,0.00,0.00,0.00,0.00,40,0,4794,0,0,509
509,15,17,0,True,2026-08-29T16:30:00Z,0,2,2,False,0,0,0,0,0,0,0,0,0,0,0,0,0,0.0,0.0,0.0,0.0,0,0,0,0,0,0.00,0.00,0.00,0.00,40,-239,5341,319,558,509
510,2,4,0,False,2026-08-22T16:30:00Z,3,0,1,False,0,0,0,0,0,0,0,0,0,0,0,0,0,0.0,0.0,0.0,0.0,0,0,0,0,0,0.00,0.00,0.00,0.00,40,0,7021,0,0,510
510,15,17,0,True,2026-08-29T16:30:00Z,0,2,2,False,0,0,0,0,0,0,0,0,0,0,0,0,0,0.0,0.0,0.0,0.0,0,0,0,0,0,0.00,0.00,0.00,0.00,40,-360,7895,335,695,510
511,2,4,0,False,2026-08-22T16:30:00Z,3,0,1,False,0,0,0,0,0,0,0,0,0,0,0,0,0,0.0,0.0,0.0,0.0,0,0,0,0,0,0.00,0.00,0.00,0.00,40,0,27254,0,0,511
511,15,17,0,True,2026-08-29T16:30:00Z,0,2,2,False,0,0,0,0,0,0,0,0,0,0,0,0,0,0.0,0.0,0.0,0.0,0,0,0,0,0,0.00,0.00,0.00,0.00,40,-1501,29162,1193,2694,511
512,2,4,0,False,2026-08-22T16:30:00Z,3,0,1,False,0,0,0,0,0,0,0,0,0,0,0,0,0,0.0,0.0,0.0,0.0,0,0,0,0,0,0.00,0.00,0.00,0.00,65,0,8272,0,0,512
512,15,17,1,True,2026-08-29T16:30:00Z,0,2,2,False,22,0,0,0,1,0,0,0,0,0,0,0,4,1.2,3.3,11.0,1.6,0,2,0,2,0,0.04,0.01,0.05,0.24,65,-2137,6789,269,2406,512
513,2,4,0,False,2026-08-22T16:30:00Z,3,0,1,False,0,0,0,0,0,0,0,0,0,0,0,0,0,0.0,0.0,0.0,0.0,0,0,0,0,0,0.00,0.00,0.00,0.00,60,0,1345,0,0,513
513,15,17,0,True,2026-08-29T16:30:00Z,0,2,2,False,0,0,0,0,0,0,0,0,0,0,0,0,0,0.0,0.0,0.0,0.0,0,0,0,0,0,0.00,0.00,0.00,0.00,60,-279,1453,77,356,513
514,2,4,2,False,2026-08-22T16:30:00Z,3,0,1,False,90,0,0,0,3,0,0,0,0,0,0,0,17,10.4,26.0,9.0,4.5,1,7,0,8,1,0.06,0.06,0.12,3.87,60,0,50995,0,0,514
514,15,17,2,True,2026-08-29T16:30:00Z,0,2,2,False,67,0,0,0,1,0,0,0,0,0,0,0,10,3.8,3.3,34.0,4.1,0,2,1,3,1,0.14,0.03,0.17,0.48,60,-6287,48495,4174,10461,514
515,2,4,1,False,2026-08-22T16:30:00Z,3,0,1,False,22,0,0,0,0,0,0,0,0,0,0,0,6,4.4,8.3,8.0,2.1,1,1,0,2,0,0.00,0.01,0.01,0.85,65,0,119410,0,0,515
515,15,17,0,True,2026-08-29T16:30:00Z,0,2,2,False,0,0,0,0,0,0,0,0,0,0,0,0,0,0.0,0.0,0.0,0.0,0,0,0,0,0,0.00,0.00,0.00,0.00,65,-34300,96409,2686,36986,515
516,2,4,1,False,2026-08-22T16:30:00Z,3,0,1,False,45,0,0,0,1,0,0,0,0,0,0,0,8,2.0,14.7,0.0,1.7,0,2,3,5,0,0.00,0.01,0.01,2.18,55,0,17403,0,0,516
516,15,17,2,True,2026-08-29T16:30:00Z,0,2,2,False,90,0,0,0,2,0,0,0,0,0,0,0,17,15.4,7.1,0.0,2.3,3,6,2,11,1,0.00,0.02,0.02,0.72,55,-1429,18887,602,2031,516
517,2,4,0,False,2026-08-22T16:30:00Z,3,0,1,False,0,0,0,0,0,0,0,0,0,0,0,0,0,0.0,0.0,0.0,0.0,0,0,0,0,0,0.00,0.00,0.00,0.00,55,0,100,0,0,517
517,15,17,0,True,2026-08-29T16:30:00Z,0,2,2,False,0,0,0,0,0,0,0,0,0,0,0,0,0,0.0,0.0,0.0,0.0,0,0,0,0,0,0.00,0.00,0.00,0.00,55,-3,121,16,19,517
518,2,4,0,False,2026-08-22T16:30:00Z,3,0,1,False,0,0,0,0,0,0,0,0,0,0,0,0,0,0.0,0.0,0.0,0.0,0,0,0,0,0,0.00,0.00,0.00,0.00,50,0,25576,0,0,518
518,15,17,0,True,2026-08-29T16:30:00Z,0,2,2,False,0,0,0,0,0,0,0,0,0,0,0,0,0,0.0,0.0,0.0,0.0,0,0,0,0,0,0.00,0.00,0.00,0.00,49,-10351,15118,113,10464,518
519,2,4,0,False,2026-08-22T16:30:00Z,3,0,1,False,45,0,0,0,2,0,0,0,1,0,0,0,1,0.0,5.5,1.0,0.5,0,2,1,3,1,0.02,0.06,0.08,1.70,55,0,26860,0,0,519
519,15,17,0,True,2026-08-29T16:30:00Z,0,2,2,False,0,0,0,0,0,0,0,0,0,0,0,0,0,0.0,0.0,0.0,0.0,0,0,0,0,0,0.00,0.00,0.00,0.00,55,-3439,27438,1208,4647,519
520,2,4,1,False,2026-08-22T16:30:00Z,3,0,1,False,45,0,0,0,2,0,0,0,0,0,0,0,2,0.0,2.0,2.0,0.0,0,7,1,8,1,0.00,0.01,0.01,1.70,55,0,18443,0,0,520
520,15,17,0,True,2026-08-29T16:30:00Z,0,2,2,False,0,0,0,0,0,0,0,0,0,0,0,0,0,0.0,0.0,0.0,0.0,0,0,0,0,0,0.00,0.00,0.00,0.00,55,-1564,20234,635,2199,520
521,2,4,0,False,2026-08-22T16:30:00Z,3,0,1,False,0,0,0,0,0,0,0,0,0,0,0,0,0,0.0,0.0,0.0,0.0,0,0,0,0,0,0.00,0.00,0.00,0.00,65,0,949,0,0,521
521,15,17,0,True,2026-08-29T16:30:00Z,0,2,2,False,0,0,0,0,0,0,0,0,0,0,0,0,0,0.0,0.0,0.0,0.0,0,0,0,0,0,0.00,0.00,0.00,0.00,65,-166,939,75,241,521
522,2,4,2,False,2026-08-22T16:30:00Z,3,0,1,False,85,0,0,0,3,0,0,0,0,0,0,0,15,6.2,3.3,0.0,1.0,2,2,1,5,1,0.00,0.01,0.01,3.43,50,0,19767,0,0,522
522,15,17,2,True,2026-08-29T16:30:00Z,0,2,2,False,67,0,0,0,1,0,0,0,0,0,0,0,9,1.8,1.5,0.0,0.3,3,3,0,6,1,0.00,0.00,0.00,0.48,50,-833,22329,1711,2544,522
523,2,4,2,False,2026-08-22T16:30:00Z,3,0,1,False,67,0,0,0,3,0,0,0,0,0,0,0,10,14.2,5.9,55.0,7.5,0,1,1,2,1,0.38,0.02,0.40,3.02,50,0,17505,0,0,523
523,15,17,1,True,2026-08-29T16:30:00Z,0,2,2,False,22,0,0,0,1,0,0,0,0,0,0,0,1,0.0,0.4,1.0,0.0,0,1,0,1,0,0.02,0.00,0.02,0.24,50,-107,19021,2419,2526,523
524,2,4,0,False,2026-08-22T16:30:00Z,3,0,1,False,0,0,0,0,0,0,0,0,0,0,0,0,0,0.0,0.0,0.0,0.0,0,0,0,0,0,0.00,0.00,0.00,0.00,45,0,79913,0,0,524
524,15,17,0,True,2026-08-29T16:30:00Z,0,2,2,False,0,0,0,0,0,0,0,0,0,0,0,0,0,0.0,0.0,0.0,0.0,0,0,0,0,0,0.00,0.00,0.00,0.00,45,-7298,79923,2014,9312,524
525,2,4,1,False,2026-08-22T16:30:00Z,3,0,1,False,45,0,0,0,1,0,0,0,0,0,0,0,16,7.2,27.2,2.0,3.6,0,1,1,2,0,0.00,0.06,0.06,2.18,60,0,178624,0,0,525
525,15,17,2,True,2026-08-29T16:30:00Z,0,2,2,False,90,0,0,0,2,0,0,0,0,0,0,0,18,14.0,46.3,1.0,6.1,0,5,3,8,1,0.01,0.17,0.18,0.72,60,-26800,160253,4529,31329,525
526,2,4,1,False,2026-08-22T16:30:00Z,3,0,1,False,22,0,0,0,0,0,0,0,0,0,0,0,3,0.0,0.0,5.0,0.5,0,0,0,0,0,0.07,0.00,0.07,0.85,60,0,126667,0,0,526
526,15,17,1,True,2026-08-29T16:30:00Z,0,2,2,False,15,0,0,0,0,0,0,0,0,0,0,0,6,3.2,0.3,6.0,1.0,0,0,0,0,0,0.20,0.00,0.20,0.00,60,-12606,131276,8212,20818,526
527,2,4,2,False,2026-08-22T16:30:00Z,3,0,1,False,67,0,0,0,3,0,0,0,0,0,0,0,6,0.0,2.2,0.0,0.2,1,0,0,1,1,0.00,0.00,0.00,3.02,60,0,283639,0,0,527
527,15,17,0,True,2026-08-29T16:30:00Z,0,2,2,False,0,0,0,0,0,0,0,0,0,0,0,0,0,0.0,0.0,0.0,0.0,0,0,0,0,0,0.00,0.00,0.00,0.00,60,-31748,275481,14723,46471,527
528,2,4,0,False,2026-08-22T16:30:00Z,3,0,1,False,0,0,0,0,0,0,0,0,0,0,0,0,0,0.0,0.0,0.0,0.0,0,0,0,0,0,0.00,0.00,0.00,0.00,45,0,149807,0,0,528
528,15,17,0,True,2026-08-29T16:30:00Z,0,2,2,False,0,0,0,0,0,0,0,0,0,0,0,0,0,0.0,0.0,0.0,0.0,0,0,0,0,0,0.00,0.00,0.00,0.00,45,-3996,172295,13184,17180,528
578,10,10,0,False,2026-08-24T19:00:00Z,2,3,1,False,0,0,0,0,0,0,0,0,0,0,0,0,0,0.0,0.0,0.0,0.0,0,0,0,0,0,0.00,0.00,0.00,0.00,55,0,3847,0,0,578
578,16,5,0,True,2026-08-30T13:00:00Z,4,3,2,False,0,0,0,0,0,0,0,0,0,0,0,0,0,0.0,0.0,0.0,0.0,0,0,0,0,0,0.00,0.00,0.00,0.00,55,-742,4222,234,976,578
601,2,4,0,False,2026-08-22T16:30:00Z,3,0,1,False,0,0,0,0,0,0,0,0,0,0,0,0,0,0.0,0.0,0.0,0.0,0,0,0,0,0,0.00,0.00,0.00,0.00,45,0,0,0,0,601
601,15,17,0,True,2026-08-29T16:30:00Z,0,2,2,False,0,0,0,0,0,0,0,0,0,0,0,0,0,0.0,0.0,0.0,0.0,0,0,0,0,0,0.00,0.00,0.00,0.00,45,2052,7704,2636,584,601
501,2,4,0,False,2026-08-22T16:30:00Z,3,0,1,False,0,0,0,0,0,0,0,0,0,0,0,0,0,0.0,0.0,0.0,0.0,0,0,0,0,0,0.00,0.00,0.00,0.00,50,0,15516,0,0,501
501,15,17,0,True,2026-08-29T16:30:00Z,0,2,2,False,0,0,0,0,0,0,0,0,0,0,0,0,0,0.0,0.0,0.0,0.0,0,0,0,0,0,0.00,0.00,0.00,0.00,50,-1412,17484,1020,2432,501
529,5,12,1,False,2026-08-22T14:00:00Z,2,1,1,False,90,0,0,0,2,0,0,0,0,0,1,0,7,15.2,0.0,0.0,1.5,1,8,0,0,1,0.00,0.00,0.00,1.80,50,0,397315,0,0,529
529,19,10,6,True,2026-08-30T13:00:00Z,1,0,2,False,90,0,0,1,0,0,0,0,0,0,0,0,22,4.0,0.0,0.0,0.4,2,7,0,0,1,0.00,0.00,0.00,0.95,50,-25568,389022,4766,30334,529
530,5,12,0,False,2026-08-22T14:00:00Z,2,1,1,False,0,0,0,0,0,0,0,0,0,0,0,0,0,0.0,0.0,0.0,0.0,0,0,0,0,0,0.00,0.00,0.00,0.00,40,0,18557,0,0,530
530,19,10,0,True,2026-08-30T13:00:00Z,1,0,2,False,0,0,0,0,0,0,0,0,0,0,0,0,0,0.0,0.0,0.0,0.0,0,0,0,0,0,0.00,0.00,0.00,0.00,40,-2307,16075,0,2307,530
531,5,12,0,False,2026-08-22T14:00:00Z,2,1,1,False,0,0,0,0,0,0,0,0,0,0,0,0,0,0.0,0.0,0.0,0.0,0,0,0,0,0,0.00,0.00,0.00,0.00,45,0,8630,0,0,531
531,19,10,0,True,2026-08-30T13:00:00Z,1,0,2,False,0,0,0,0,0,0,0,0,0,0,0,0,0,0.0,0.0,0.0,0.0,0,0,0,0,0,0.00,0.00,0.00,0.00,45,-645,8877,209,854,531
532,5,12,0,False,2026-08-22T14:00:00Z,2,1,1,False,90,0,0,0,2,0,0,0,1,0,0,0,4,18.2,1.2,0.0,1.9,7,0,2,9,1,0.00,0.01,0.01,1.80,50,0,518741,0,0,532
532,19,10,8,True,2026-08-30T13:00:00Z,1,0,2,False,90,0,0,1,0,0,0,0,0,0,0,0,27,23.6,1.2,7.0,3.2,9,1,1,10,1,0.03,0.00,0.03,0.95,50,-36906,495946,12798,49704,532
533,5,12,0,False,2026-08-22T14:00:00Z,2,1,1,False,0,0,0,0,0,0,0,0,0,0,0,0,0,0.0,0.0,0.0,0.0,0,0,0,0,0,0.00,0.00,0.00,0.00,55,0,257772,0,0,533
533,19,10,9,True,2026-08-30T13:00:00Z,1,0,2,False,90,0,0,1,0,0,0,0,0,0,0,1,28,42.6,8.0,2.0,5.3,17,4,2,19,1,0.00,0.01,0.01,0.95,55,-32999,244003,5588,38587,533
534,5,12,2,False,2026-08-22T14:00:00Z,2,1,1,False,79,0,0,0,1,0,0,0,0,0,0,0,14,9.4,39.4,13.0,6.2,1,6,3,4,1,0.04,0.27,0.31,1.69,45,0,641436,0,0,534
534,19,10,6,True,2026-08-30T13:00:00Z,1,0,2,False,90,0,0,1,0,0,0,0,0,0,0,0,24,18.6,19.1,2.0,4.0,2,4,4,6,1,0.00,0.01,0.01,0.95,45,-23752,631620,13619,37371,534
535,5,12,1,False,2026-08-22T14:00:00Z,2,1,1,False,23,0,0,0,1,0,0,0,0,0,0,0,2,0.0,0.6,0.0,0.0,0,2,0,0,0,0.00,0.01,0.01,0.10,50,0,41929,0,0,535
535,19,10,0,True,2026-08-30T13:00:00Z,1,0,2,False,0,0,0,0,0,0,0,0,0,0,0,0,0,0.0,0.0,0.0,0.0,0,0,0,0,0,0.00,0.00,0.00,0.00,50,-2667,43620,2597,5264,535
536,5,12,1,False,2026-08-22T14:00:00Z,2,1,1,False,90,0,0,0,2,0,0,0,0,0,0,0,9,23.0,27.5,4.0,5.5,5,5,3,8,1,0.00,0.29,0.29,1.80,45,0,43515,0,0,536
536,19,10,6,True,2026-08-30T13:00:00Z,1,0,2,False,90,0,0,1,0,0,0,0,0,0,0,0,26,16.4,6.0,2.0,2.4,6,3,1,7,1,0.00,0.01,0.01,0.95,45,-2603,44204,975,3578,536
537,5,12,0,False,2026-08-22T14:00:00Z,2,1,1,False,0,0,0,0,0,0,0,0,0,0,0,0,0,0.0,0.0,0.0,0.0,0,0,0,0,0,0.00,0.00,0.00,0.00,45,0,941,0,0,537
537,19,10,0,True,2026-08-30T13:00:00Z,1,0,2,False,0,0,0,0,0,0,0,0,0,0,0,0,0,0.0,0.0,0.0,0.0,0,0,0,0,0,0.00,0.00,0.00,0.00,45,-69,1055,58,127,537
538,5,12,0,False,2026-08-22T14:00:00Z,2,1,1,False,0,0,0,0,0,0,0,0,0,0,0,0,0,0.0,0.0,0.0,0.0,0,0,0,0,0,0.00,0.00,0.00,0.00,40,0,6220,0,0,538
538,19,10,0,True,2026-08-30T13:00:00Z,1,0,2,False,0,0,0,0,0,0,0,0,0,0,0,0,0,0.0,0.0,0.0,0.0,0,0,0,0,0,0.00,0.00,0.00,0.00,40,-990,5174,0,990,538
539,5,12,1,False,2026-08-22T14:00:00Z,2,1,1,False,66,0,0,0,1,0,0,0,1,0,0,0,1,11.4,1.4,4.0,1.7,4,4,1,5,1,0.01,0.01,0.02,1.69,40,0,332959,0,0,539
539,19,10,0,True,2026-08-30T13:00:00Z,1,0,2,False,0,0,0,0,0,0,0,0,0,0,0,0,0,0.0,0.0,0.0,0.0,0,0,0,0,0,0.00,0.00,0.00,0.00,40,-12937,338160,4602,17539,539
540,5,12,0,False,2026-08-22T14:00:00Z,2,1,1,False,0,0,0,0,0,0,0,0,0,0,0,0,0,0.0,0.0,0.0,0.0,0,0,0,0,0,0.00,0.00,0.00,0.00,40,0,25578,0,0,540
540,19,10,0,True,2026-08-30T13:00:00Z,1,0,2,False,0,0,0,0,0,0,0,0,0,0,0,0,0,0.0,0.0,0.0,0.0,0,0,0,0,0,0.00,0.00,0.00,0.00,40,-4868,20421,0,4868,540
541,5,12,1,False,2026-08-22T14:00:00Z,2,1,1,False,90,0,0,0,2,0,0,0,0,0,0,0,5,13.8,5.3,11.0,3.0,2,3,2,4,1,0.08,0.08,0.16,1.80,45,0,26928,0,0,541
541,19,10,6,True,2026-08-30T13:00:00Z,1,0,2,False,90,0,0,1,0,0,0,0,0,0,0,0,27,22.6,20.0,9.0,5.2,8,5,0,8,1,0.02,0.05,0.07,0.95,45,-708,29834,1010,1718,541
542,5,12,2,False,2026-08-22T14:00:00Z,2,1,1,False,79,0,0,0,1,0,0,0,0,0,0,0,13,4.6,9.9,0.0,1.5,0,1,1,2,1,0.00,0.03,0.03,1.69,60,0,942702,0,0,542
542,19,10,3,True,2026-08-30T13:00:00Z,1,0,2,False,89,0,0,1,0,0,0,0,0,0,0,0,13,3.4,21.2,30.0,5.5,1,4,1,6,1,0.37,0.17,0.54,0.86,60,-103724,853085,11386,115110,542
543,5,12,1,False,2026-08-22T14:00:00Z,2,1,1,False,10,0,0,0,1,0,0,0,0,0,0,0,3,0.4,0.6,2.0,0.3,0,0,0,0,0,0.03,0.00,0.03,0.10,55,0,6286,0,0,543
543,19,10,4,True,2026-08-30T13:00:00Z,1,0,2,False,18,0,1,0,0,0,0,0,0,0,0,0,15,15.2,10.3,0.0,2.6,0,0,0,0,0,0.00,0.16,0.16,0.02,55,-842,6801,335,1177,543
544,5,12,9,False,2026-08-22T14:00:00Z,2,1,1,False,90,0,1,0,2,0,0,0,0,0,0,2,31,18.8,31.4,0.0,5.0,2,8,3,13,1,0.00,0.09,0.09,1.80,55,0,392611,0,0,544
544,19,10,6,True,2026-08-30T13:00:00Z,1,0,2,False,90,0,0,1,0,0,0,0,0,0,0,3,29,20.4,57.9,0.0,7.8,1,6,0,7,1,0.00,0.36,0.36,0.95,55,24566,464299,42781,18215,544
545,5,12,2,False,2026-08-22T14:00:00Z,2,1,1,False,90,0,0,0,2,0,0,0,0,0,0,0,18,14.6,32.1,25.0,7.2,0,2,0,2,1,0.06,0.03,0.09,1.80,50,0,32634,0,0,545
545,19,10,3,True,2026-08-30T13:00:00Z,1,0,2,False,90,0,0,1,0,0,0,0,0,0,0,0,21,18.4,7.8,6.0,3.2,6,2,3,11,1,0.02,0.02,0.04,0.95,50,-2332,32341,1165,3497,545
546,5,12,0,False,2026-08-22T14:00:00Z,2,1,1,False,0,0,0,0,0,0,0,0,0,0,0,0,0,0.0,0.0,0.0,0.0,0,0,0,0,0,0.00,0.00,0.00,0.00,50,0,9551,0,0,546
546,19,10,0,True,2026-08-30T13:00:00Z,1,0,2,False,0,0,0,0,0,0,0,0,0,0,0,0,0,0.0,0.0,0.0,0.0,0,0,0,0,0,0.00,0.00,0.00,0.00,50,-3506,6042,53,3559,546
547,5,12,0,False,2026-08-22T14:00:00Z,2,1,1,False,0,0,0,0,0,0,0,0,0,0,0,0,0,0.0,0.0,0.0,0.0,0,0,0,0,0,0.00,0.00,0.00,0.00,50,0,801,0,0,547
547,19,10,1,True,2026-08-30T13:00:00Z,1,0,2,False,1,0,0,0,0,0,0,0,0,0,0,0,2,8.0,0.1,17.0,2.5,1,0,0,1,0,0.17,0.00,0.17,0.09,50,-110,822,40,150,547
548,5,12,1,False,2026-08-22T14:00:00Z,2,1,1,False,10,0,0,0,1,0,0,0,0,0,0,0,3,0.0,0.3,0.0,0.0,0,1,0,1,0,0.00,0.00,0.00,0.10,50,0,6214,0,0,548
548,19,10,1,True,2026-08-30T13:00:00Z,1,0,2,False,7,0,0,0,0,0,0,0,0,0,0,0,3,0.0,0.0,0.0,0.0,0,0,0,0,0,0.00,0.00,0.00,0.34,50,-521,6409,99,620,548
549,5,12,1,False,2026-08-22T14:00:00Z,2,1,1,False,31,0,0,0,1,0,0,0,0,0,0,0,1,0.0,0.9,0.0,0.0,0,2,0,2,0,0.00,0.00,0.00,0.14,55,0,20822,0,0,549
549,19,10,0,True,2026-08-30T13:00:00Z,1,0,2,False,0,0,0,0,0,0,0,0,0,0,0,0,0,0.0,0.0,0.0,0.0,0,0,0,0,0,0.00,0.00,0.00,0.00,55,-2560,20684,284,2844,549
550,5,12,0,False,2026-08-22T14:00:00Z,2,1,1,False,0,0,0,0,0,0,0,0,0,0,0,0,0,0.0,0.0,0.0,0.0,0,0,0,0,0,0.00,0.00,0.00,0.00,50,0,501,0,0,550
550,19,10,0,True,2026-08-30T13:00:00Z,1,0,2,False,0,0,0,0,0,0,0,0,0,0,0,0,0,0.0,0.0,0.0,0.0,0,0,0,0,0,0.00,0.00,0.00,0.00,50,-50,569,51,101,550
551,5,12,5,False,2026-08-22T14:00:00Z,2,1,1,False,58,1,0,0,1,0,0,0,1,0,0,0,23,32.8,3.3,16.0,5.2,1,5,1,7,1,0.15,0.01,0.16,1.66,50,0,5260,0,0,551
551,19,10,3,True,2026-08-30T13:00:00Z,1,0,2,False,64,0,0,1,0,0,0,0,0,0,0,0,13,7.2,16.7,0.0,2.4,0,4,1,5,1,0.00,0.04,0.04,0.58,50,3964,13112,5343,1379,551
552,5,12,2,False,2026-08-22T14:00:00Z,2,1,1,False,66,0,0,0,1,0,0,0,0,0,0,0,1,0.0,1.5,9.0,1.1,0,0,0,0,1,0.30,0.00,0.30,1.69,60,0,1279847,0,0,552
552,19,10,2,True,2026-08-30T13:00:00Z,1,0,2,False,63,0,0,1,0,0,0,0,0,0,0,0,5,0.0,2.8,6.0,0.7,1,3,0,4,1,0.03,0.00,0.03,0.58,60,-81358,1261093,38269,119627,552
553,5,12,1,False,2026-08-22T14:00:00Z,2,1,1,False,23,0,0,0,1,0,0,0,0,0,0,0,3,0.0,0.2,0.0,0.0,0,0,0,0,0,0.00,0.00,0.00,0.10,55,0,90196,0,0,553
553,19,10,8,True,2026-08-30T13:00:00Z,1,0,2,False,26,1,0,0,0,0,0,0,0,0,0,3,29,29.2,0.1,25.0,5.4,0,0,0,0,0,1.39,0.00,1.39,0.37,55,-10451,85703,2470,12921,553
612,19,10,0,True,2026-08-30T13:00:00Z,1,0,2,False,0,0,0,0,0,0,0,0,0,0,0,0,0,0.0,0.0,0.0,0.0,0,0,0,0,0,0.00,0.00,0.00,0.00,45,68,156,95,27,612
613,19,10,0,True,2026-08-30T13:00:00Z,1,0,2,False,0,0,0,0,0,0,0,0,0,0,0,0,0,0.0,0.0,0.0,0.0,0,0,0,0,0,0.00,0.00,0.00,0.00,45,2077,6052,2475,398,613
