can_transact,can_select,chance_of_playing_next_round,chance_of_playing_this_round,code,cost_change_event,cost_change_event_fall,cost_change_start,cost_change_start_fall,price_change_percent,price_change_hourly_rate,price_change_projections,price_change_locked_until,price_change_calibrating,dreamteam_count,element_type,ep_next,ep_this,event_points,first_name,form,id,in_dreamteam,news,news_added,now_cost,photo,points_per_game,removed,second_name,selected_by_percent,special,squad_number,status,team,team_code,total_points,transfers_in,transfers_in_event,transfers_out,transfers_out_event,value_form,value_season,web_name,known_name,region,team_join_date,birth_date,has_temporary_code,opta_code,minutes,goals_scored,assists,clean_sheets,goals_conceded,own_goals,penalties_saved,penalties_missed,yellow_cards,red_cards,saves,bonus,bps,influence,creativity,threat,ict_index,clearances_blocks_interceptions,recoveries,tackles,defensive_contribution,starts,expected_goals,expected_assists,expected_goal_involvements,expected_goals_conceded,corners_and_indirect_freekicks_order,corners_and_indirect_freekicks_text,direct_freekicks_order,direct_freekicks_text,penalties_order,penalties_text,scout_risks,scout_news_link,influence_rank,influence_rank_type,creativity_rank,creativity_rank_type,threat_rank,threat_rank_type,ict_index_rank,ict_index_rank_type,expected_goals_per_90,saves_per_90,expected_assists_per_90,expected_goal_involvements_per_90,expected_goals_conceded_per_90,goals_conceded_per_90,now_cost_rank,now_cost_rank_type,form_rank,form_rank_type,points_per_game_rank,points_per_game_rank_type,selected_rank,selected_rank_type,starts_per_90,clean_sheets_per_90,defensive_contribution_per_90,team_name,team_short_name
True,True,,,154561,1,-1,1,-1,1.3,14,"[{'offset': 0, 'projected_percent': '1.3', 'likelihood': 1}, {'offset': 1, 'projected_percent': '1.4', 'likelihood': 1}, {'offset': 2, 'projected_percent': '1.4', 'likelihood': 1}]",,False,1,1,6.0,6.0,1,David,6.0,1,False,,,6.1,154561.jpg,6.0,False,Raya Martín,42.3,False,,a,1,3,30,963572,123173,638382,45978,1.0,4.9,Raya,,200.0,2024-07-04,1995-09-15,False,p154561,450,0,0,3,4,0,1,0,0,0,9,3,104,104.6,0.2,0.0,10.6,6,58,1,0,5,0.00,0.01,0.01,4.03,,,,,,,[],,70,13,389,5,657,73,202,13,0.0,1.8,0.0,0.0,0.81,0.8,60,1,24,2,32,2,4,1,1.0,0.6,0.0,Arsenal,ARS
True,True,,,109745,0,0,-1,1,-48.1,0,"[{'offset': 0, 'projected_percent': '-48.1', 'likelihood': -3}, {'offset': 1, 'projected_percent': '-48.1', 'likelihood': -3}, {'offset': 2, 'projected_percent': '-48.1', 'likelihood': -3}]",,False,0,1,0.0,0.0,0,Kepa,0.0,2,False,,,4.9,109745.jpg,0.0,False,Arrizabalaga Revuelta,0.1,False,,a,1,3,0,1481,104,4261,248,0.0,0.0,Arrizabalaga,,200.0,2025-07-01,1994-10-03,False,p109745,0,0,0,0,0,0,0,0,0,0,0,0,0,0.0,0.0,0.0,0.0,0,0,0,0,0,0.00,0.00,0.00,0.00,,,,,,,[],,559,68,556,56,520,54,564,68,0.0,0.0,0.0,0.0,0.0,0.0,339,16,546,67,571,68,464,52,0.0,0.0,0.0,Arsenal,ARS
True,True,,,437495,0,0,-1,1,-37.7,0,"[{'offset': 0, 'projected_percent': '-37.7', 'likelihood': -2}, {'offset': 1, 'projected_percent': '-37.7', 'likelihood': -2}, {'offset': 2, 'projected_percent': '-37.7', 'likelihood': -2}]",,False,0,1,0.0,0.0,0,Illan,0.0,3,False,,,4.9,437495.jpg,0.0,False,Meslier,0.0,False,,a,1,3,0,512,45,1578,118,0.0,0.0,Meslier,,73.0,2026-07-09,2000-03-02,False,p437495,0,0,0,0,0,0,0,0,0,0,0,0,0,0.0,0.0,0.0,0.0,0,0,0,0,0,0.00,0.00,0.00,0.00,,,,,,,[],,568,69,566,58,532,56,574,69,0.0,0.0,0.0,0.0,0.0,0.0,364,18,556,69,579,69,547,63,0.0,0.0,0.0,Arsenal,ARS
True,True,,,226597,0,0,0,0,-87.0,-2,"[{'offset': 0, 'projected_percent': '-87.0', 'likelihood': -3}, {'offset': 1, 'projected_percent': '-87.1', 'likelihood': -3}, {'offset': 2, 'projected_percent': '-87.1', 'likelihood': -3}]",,False,0,2,5.0,5.0,1,Gabriel,5.0,4,False,,,8.0,226597.jpg,5.0,False,dos Santos Magalhães,22.7,False,,a,1,3,25,233712,23469,907667,64776,0.6,3.1,Gabriel,Gabriel Magalhães,30.0,2020-09-01,1997-12-19,False,p226597,450,0,0,3,4,0,0,0,2,0,0,2,90,94.8,22.0,84.0,20.0,35,17,6,41,5,0.51,0.20,0.71,4.03,,,,,,,[],,86,38,216,72,44,3,89,28,0.1,0.0,0.04,0.14,0.81,0.8,8,1,50,24,60,25,14,4,1.0,0.6,8.2,Arsenal,ARS
True,True,100.0,100.0,445122,0,0,0,0,10.7,9,"[{'offset': 0, 'projected_percent': '10.8', 'likelihood': 1}, {'offset': 1, 'projected_percent': '10.9', 'likelihood': 1}, {'offset': 2, 'projected_percent': '11.1', 'likelihood': 1}]",,False,0,2,0.2,0.2,0,Jurriën,0.2,5,False,,2026-07-23T12:01:23.272929Z,6.5,445122.jpg,0.5,False,Timber,0.4,False,,a,1,3,1,33696,12040,14710,3957,0.0,0.2,J.Timber,Jurriën Timber,152.0,2023-07-14,2001-06-17,False,p445122,104,0,0,0,3,0,0,0,0,0,0,0,-3,10.2,4.2,0.0,1.5,2,7,3,5,1,0.00,0.03,0.03,2.18,,,,,,,[],,323,122,314,111,663,217,364,127,0.0,0.0,0.03,0.03,1.89,2.6,39,3,378,132,418,145,263,97,0.87,0.0,4.33,Arsenal,ARS
True,True,0.0,0.0,462424,0,0,-1,1,-24.7,-1,"[{'offset': 0, 'projected_percent': '-24.9', 'likelihood': -2}, {'offset': 1, 'projected_percent': '-25.2', 'likelihood': -2}, {'offset': 2, 'projected_percent': '-25.5', 'likelihood': -2}]",,False,0,2,0.0,0.0,0,William,0.0,6,False,Back injury - Unknown return date,2026-07-23T12:01:23.289376Z,5.9,462424.jpg,0.0,False,Saliba,0.2,False,,i,1,3,0,3463,381,18623,1070,0.0,0.0,Saliba,,73.0,2019-07-25,2001-03-24,False,p462424,0,0,0,0,0,0,0,0,0,0,0,0,0,0.0,0.0,0.0,0.0,0,0,0,0,0,0.00,0.00,0.00,0.00,,,,,,,[],https://www.arsenal.com/news/arteta-issues-update-on-bruno-timber-and-saliba-aKfIr6V2lm7B?utm_source=premier-league-web&utm_medium=referral&utm_campaign=pl-referral-always-on&utm_content=home&utm_term=live-bar,654,217,658,217,652,216,658,217,0.0,0.0,0.0,0.0,0.0,0.0,88,8,653,216,657,216,329,122,0.0,0.0,0.0,Arsenal,ARS
True,True,,,499169,-1,1,-1,1,-15.4,-5,"[{'offset': 0, 'projected_percent': '-15.7', 'likelihood': -1}, {'offset': 1, 'projected_percent': '-16.4', 'likelihood': -1}, {'offset': 2, 'projected_percent': '-17.2', 'likelihood': -1}]",,False,0,3,1.5,1.5,0,Myles,1.5,7,False,,,5.4,499169.jpg,2.2,False,Lewis-Skelly,0.6,False,,a,1,3,9,29563,886,49675,4871,0.3,1.7,Lewis-Skelly,,241.0,2022-12-04,2006-09-26,False,p499169,271,0,0,2,1,0,0,0,0,0,0,0,37,21.6,40.2,16.0,7.0,5,8,1,14,4,0.16,0.23,0.39,1.02,,,,,,,[],,279,119,157,100,213,116,252,112,0.05,0.0,0.08,0.13,0.34,0.33,202,126,235,104,218,96,240,76,1.33,0.66,4.65,Arsenal,ARS
True,True,,,466075,0,0,3,-3,92.1,12,"[{'offset': 0, 'projected_percent': '92.2', 'likelihood': 3}, {'offset': 1, 'projected_percent': '92.3', 'likelihood': 3}, {'offset': 2, 'projected_percent': '92.5', 'likelihood': 3}]",,False,1,2,5.0,5.0,1,Riccardo,5.0,8,False,,,5.8,466075.jpg,5.8,False,Calafiori,50.5,False,,a,1,3,29,1653602,73594,400165,61658,0.9,5.0,Calafiori,,106.0,2024-07-29,2002-05-19,False,p466075,416,0,2,3,4,0,0,0,0,0,0,2,76,71.6,52.7,66.0,19.1,12,13,6,18,5,0.67,0.62,1.29,3.76,,,,,,,[],,129,57,110,29,67,8,97,30,0.14,0.0,0.13,0.27,0.81,0.87,106,11,48,23,35,14,3,1,1.08,0.65,3.89,Arsenal,ARS
True,True,,,448104,-1,1,-3,3,-5.2,-2,"[{'offset': 0, 'projected_percent': '-5.3', 'likelihood': -1}, {'offset': 1, 'projected_percent': '-5.6', 'likelihood': -1}, {'offset': 2, 'projected_percent': '-5.8', 'likelihood': -1}]",,False,0,2,0.2,0.2,0,Piero,0.2,9,False,,,5.2,448104.jpg,1.0,False,Hincapié,0.9,False,,a,1,3,2,16216,1397,117322,5611,0.0,0.4,Hincapie,,62.0,2026-07-01,2002-01-09,False,p448104,32,0,0,0,0,0,0,0,0,0,0,0,6,6.4,1.0,2.0,1.0,2,0,1,3,0,0.00,0.00,0.00,0.28,,,,,,,[],,353,131,356,130,329,124,376,133,0.0,0.0,0.0,0.0,0.79,0.0,238,35,369,131,361,136,193,73,0.0,0.0,8.44,Arsenal,ARS
True,True,75.0,100.0,198869,0,0,0,0,-46.3,-36,"[{'offset': 0, 'projected_percent': '-46.6', 'likelihood': -3}, {'offset': 1, 'projected_percent': '-47.2', 'likelihood': -3}, {'offset': 2, 'projected_percent': '-47.8', 'likelihood': -3}]",,False,0,2,1.9,2.5,0,Benjamin,2.5,10,False,Groin injury - 75% chance of playing,2026-09-20T19:30:08.247780Z,5.5,198869.jpg,5.2,False,White,4.9,False,,d,1,3,21,455988,3230,564376,65595,0.5,3.8,White,,241.0,2021-07-30,1997-10-08,False,p198869,315,0,1,2,1,0,0,0,0,0,0,3,78,69.6,53.0,29.0,15.2,12,9,6,18,4,0.18,0.29,0.47,1.15,,,,,,,[],,135,61,106,27,156,46,140,48,0.05,0.0,0.08,0.13,0.33,0.29,132,15,158,60,53,22,75,29,1.14,0.57,5.14,Arsenal,ARS
True,True,100.0,100.0,500040,0,0,-2,2,-24.5,-4,"[{'offset': 0, 'projected_percent': '-24.7', 'likelihood': -2}, {'offset': 1, 'projected_percent': '-25.1', 'likelihood': -2}, {'offset': 2, 'projected_percent': '-25.4', 'likelihood': -2}]",,False,0,2,1.5,1.5,0,Cristhian,1.5,11,False,,2026-09-04T14:00:08.080310Z,5.3,500040.jpg,6.0,False,Mosquera,1.6,False,,a,1,3,12,31321,1156,467915,9186,0.3,2.3,Mosquera,,200.0,2025-07-24,2004-06-27,False,p500040,168,0,0,2,0,0,0,0,0,0,0,0,52,24.6,2.0,0.0,2.7,10,3,0,10,2,0.00,0.01,0.01,0.53,,,,,,,[],,270,110,334,120,612,212,332,119,0.0,0.0,0.01,0.01,0.28,0.0,230,33,234,87,28,12,139,55,1.07,1.07,5.36,Arsenal,ARS
True,True,,,223340,0,0,0,0,88.8,42,"[{'offset': 0, 'projected_percent': '89.1', 'likelihood': 3}, {'offset': 1, 'projected_percent': '89.7', 'likelihood': 3}, {'offset': 2, 'projected_percent': '90.3', 'likelihood': 3}]",,False,0,3,5.8,5.8,2,Bukayo,5.8,12,False,,,9.5,223340.jpg,6.4,False,Saka,13.7,False,,a,1,3,32,783172,103550,395567,45716,0.6,3.4,Saka,,241.0,2018-11-28,2001-09-05,False,p223340,416,3,0,3,4,0,0,0,0,0,0,4,137,155.6,125.6,240.0,52.1,8,17,6,31,5,3.22,0.98,4.20,3.58,2.0,,2.0,,1.0,,[],,13,8,26,24,2,1,2,2,0.7,0.0,0.21,0.91,0.77,0.87,4,3,28,10,19,8,30,11,1.08,0.65,6.71,Arsenal,ARS
True,True,75.0,,204480,0,0,-1,1,-32.5,-102,"[{'offset': 0, 'projected_percent': '-32.8', 'likelihood': -2}, {'offset': 1, 'projected_percent': '-33.5', 'likelihood': -2}, {'offset': 2, 'projected_percent': '-34.2', 'likelihood': -2}]",,False,0,3,3.2,4.2,1,Declan,4.2,13,False,Unspecified injury - 75% chance of playing,2026-09-21T13:00:08.896379Z,7.4,204480.jpg,4.0,False,Rice,11.7,False,,d,1,3,20,119331,7485,722705,80031,0.6,2.7,Rice,,241.0,2023-07-15,1999-01-14,False,p204480,411,0,2,3,4,0,0,0,1,0,0,0,91,120.2,108.4,5.0,23.4,18,17,7,42,5,0.12,0.69,0.81,3.50,1.0,,1.0,,,,[],,43,16,37,32,298,155,61,40,0.03,0.0,0.15,0.18,0.77,0.88,18,11,69,26,100,40,35,14,1.09,0.66,9.2,Arsenal,ARS
True,True,,,232413,-1,1,-3,3,-0.5,-4,"[{'offset': 0, 'projected_percent': '-0.7', 'likelihood': -1}, {'offset': 1, 'projected_percent': '-1.0', 'likelihood': -1}, {'offset': 2, 'projected_percent': '-1.4', 'likelihood': -1}]",,False,0,3,0.8,0.8,1,Eberechi,0.8,14,False,,,6.2,232413.jpg,1.0,False,Eze,1.0,False,,a,1,3,4,23103,2184,139468,6624,0.1,0.6,Eze,,241.0,2025-08-23,1998-06-29,False,p232413,85,0,0,0,0,0,0,0,0,0,0,0,18,3.0,5.9,9.0,1.6,0,5,0,5,0,0.04,0.09,0.13,1.33,,,3.0,,,,[],,381,177,296,149,265,137,359,172,0.04,0.0,0.1,0.14,1.41,0.0,56,39,286,131,395,189,174,56,0.0,0.0,5.29,Arsenal,ARS
True,True,,,184029,0,0,3,-3,-1.5,31,"[{'offset': 0, 'projected_percent': '-1.3', 'likelihood': -1}, {'offset': 1, 'projected_percent': '-0.9', 'likelihood': -1}, {'offset': 2, 'projected_percent': '-0.4', 'likelihood': -1}]",,False,1,3,4.5,4.5,2,Martin,4.5,15,False,,,6.8,184029.jpg,5.8,False,Ødegaard,19.8,False,,a,1,3,29,1629410,73690,545259,85810,0.7,4.3,Ødegaard,,161.0,2021-08-20,1998-12-17,False,p184029,377,2,0,3,4,0,0,0,0,0,0,6,137,121.8,166.9,73.0,36.2,5,12,6,23,5,1.08,1.32,2.40,3.23,,,4.0,,3.0,,[],,40,14,10,9,57,35,17,13,0.26,0.0,0.32,0.58,0.77,0.95,31,20,58,21,36,17,18,8,1.19,0.72,5.49,Arsenal,ARS
True,True,,,248857,0,0,-3,3,-25.0,0,"[{'offset': 0, 'projected_percent': '-25.0', 'likelihood': -2}, {'offset': 1, 'projected_percent': '-25.0', 'likelihood': -2}, {'offset': 2, 'projected_percent': '-25.0', 'likelihood': -2}]",,False,0,3,0.2,0.2,0,Noni,0.2,16,False,,,6.2,248857.jpg,1.0,False,Madueke,0.2,False,,a,1,3,2,6004,724,25954,1534,0.0,0.3,Madueke,,241.0,2025-07-18,2002-03-10,False,p248857,23,0,0,0,0,0,0,0,0,0,0,0,11,11.6,43.9,0.0,5.6,0,2,1,3,0,0.00,0.05,0.05,0.15,5.0,,,,,,[],,315,141,143,91,659,294,279,125,0.0,0.0,0.2,0.2,0.59,0.0,57,40,377,182,396,190,327,117,0.0,0.0,11.74,Arsenal,ARS
True,True,,,195384,0,0,-2,2,-98.9,0,"[{'offset': 0, 'projected_percent': '-98.9', 'likelihood': -4}, {'offset': 1, 'projected_percent': '-98.9', 'likelihood': -4}, {'offset': 2, 'projected_percent': '-98.9', 'likelihood': -4}]",,False,0,3,0.8,0.8,1,Mikel,0.8,17,False,,,5.8,195384.jpg,0.8,False,Merino Zazón,0.4,False,,a,1,3,4,9455,718,48106,2816,0.1,0.7,Merino,,200.0,2024-08-27,1996-06-22,False,p195384,81,0,0,0,0,0,0,0,1,0,0,0,19,10.0,4.2,16.0,3.0,1,9,0,10,0,0.14,0.15,0.29,0.96,,,,,,,[],,325,147,313,160,214,117,322,149,0.16,0.0,0.17,0.33,1.07,0.0,99,63,285,130,410,195,273,90,0.0,0.0,11.11,Arsenal,ARS
True,False,0.0,0.0,444145,0,0,-2,2,0.0,-1,"[{'offset': 0, 'projected_percent': '0.0', 'likelihood': 0}, {'offset': 1, 'projected_percent': '0.0', 'likelihood': 0}, {'offset': 2, 'projected_percent': '0.0', 'likelihood': 0}]",,False,0,3,0.0,0.0,0,Gabriel,0.0,18,False,Has joined Al Hilal permanently,2026-09-04T12:34:46.738449Z,6.3,444145.jpg,0.0,False,Martinelli Silva,0.1,False,,u,1,3,0,2483,0,21847,546,0.0,0.0,Martinelli,Gabriel Martinelli,30.0,2019-07-15,2001-06-18,False,p444145,0,0,0,0,0,0,0,0,0,0,0,0,0,0.0,0.0,0.0,0.0,0,0,0,0,0,0.00,0.00,0.00,0.00,,,,,,,[],,661,295,662,295,660,295,662,295,0.0,0.0,0.0,0.0,0.0,0.0,48,33,660,294,661,295,470,182,0.0,0.0,0.0,Arsenal,ARS
True,True,,,481655,0,0,-2,2,-46.4,0,"[{'offset': 0, 'projected_percent': '-46.4', 'likelihood': -3}, {'offset': 1, 'projected_percent': '-46.4', 'likelihood': -3}, {'offset': 2, 'projected_percent': '-46.4', 'likelihood': -3}]",,False,0,3,1.0,1.0,1,Martín,1.0,19,False,,,5.3,481655.jpg,1.0,False,Zubimendi Ibáñez,0.6,False,,a,1,3,5,8503,488,66580,3637,0.2,0.9,Zubimendi,,200.0,2025-07-06,1999-02-02,False,p481655,89,0,0,0,0,0,0,0,0,0,0,0,16,13.4,5.0,29.0,4.8,5,3,4,12,0,0.21,0.04,0.25,1.38,,,,,,,[],,303,131,303,154,155,82,295,133,0.21,0.0,0.04,0.25,1.4,0.0,227,142,261,117,366,166,236,73,0.0,0.0,12.13,Arsenal,ARS
True,True,,,616077,0,0,-2,2,-26.0,0,"[{'offset': 0, 'projected_percent': '-26.0', 'likelihood': -2}, {'offset': 1, 'projected_percent': '-26.0', 'likelihood': -2}, {'offset': 2, 'projected_percent': '-26.0', 'likelihood': -2}]",,False,0,3,0.2,0.2,1,Max,0.2,20,False,,,5.3,616077.jpg,1.0,False,Dowman,0.1,False,,a,1,3,1,3035,447,7284,565,0.0,0.2,Dowman,,241.0,2025-07-22,2009-12-31,False,p616077,9,0,0,0,0,0,0,0,0,0,0,0,4,2.0,14.8,0.0,1.7,0,0,0,0,0,0.00,0.08,0.08,0.31,,,,,,,[],,386,179,240,129,614,265,356,170,0.0,0.0,0.8,0.8,3.1,0.0,236,149,374,180,372,172,461,181,0.0,0.0,0.0,Arsenal,ARS
True,False,0.0,0.0,499175,0,0,-1,1,0.0,0,"[{'offset': 0, 'projected_percent': '0.0', 'likelihood': 0}, {'offset': 1, 'projected_percent': '0.0', 'likelihood': 0}, {'offset': 2, 'projected_percent': '0.0', 'likelihood': 0}]",,False,0,3,0.0,0.0,0,Ethan,0.0,22,False,Has joined Borussia Dortmund on loan for the rest of the season,2026-09-02T16:01:07.058827Z,5.4,499175.jpg,0.0,False,Nwaneri,0.0,False,,u,1,3,0,233,0,1248,48,0.0,0.0,Nwaneri,,241.0,2022-09-17,2007-03-21,False,p499175,0,0,0,0,0,0,0,0,0,0,0,0,0,0.0,0.0,0.0,0.0,0,0,0,0,0,0.00,0.00,0.00,0.00,,,,,,,[],,633,276,636,278,623,271,638,277,0.0,0.0,0.0,0.0,0.0,0.0,203,127,630,275,638,278,630,268,0.0,0.0,0.0,Arsenal,ARS
True,False,0.0,0.0,438098,0,0,0,0,0.0,0,"[{'offset': 0, 'projected_percent': '0.0', 'likelihood': 0}, {'offset': 1, 'projected_percent': '0.0', 'likelihood': 0}, {'offset': 2, 'projected_percent': '0.0', 'likelihood': 0}]",,False,0,3,0.0,0.0,0,Fábio,0.0,23,False,Has joined Hamburger SV permanently,2026-09-02T16:00:28.446370Z,5.5,438098.jpg,0.0,False,Ferreira Vieira,0.0,False,,u,1,3,0,255,0,917,38,0.0,0.0,Fábio Vieira,Fábio Vieira,173.0,2022-06-21,2000-05-30,False,p438098,0,0,0,0,0,0,0,0,0,0,0,0,0,0.0,0.0,0.0,0.0,0,0,0,0,0,0.00,0.00,0.00,0.00,,,,,,,[],,642,281,648,283,635,276,647,282,0.0,0.0,0.0,0.0,0.0,0.0,144,87,639,280,647,283,634,272,0.0,0.0,0.0,Arsenal,ARS
True,False,0.0,0.0,200641,0,0,0,0,0.0,0,"[{'offset': 0, 'projected_percent': '0.0', 'likelihood': 0}, {'offset': 1, 'projected_percent': '0.0', 'likelihood': 0}, {'offset': 2, 'projected_percent': '0.0', 'likelihood': 0}]",,False,0,3,0.0,0.0,0,Reiss,0.0,24,False,has departed the club as a free agent.,2026-08-29T00:33:08.556767Z,5.5,200641.jpg,0.0,False,Nelson,0.0,False,,u,1,3,0,68,0,677,23,0.0,0.0,Nelson,,241.0,2017-07-12,1999-12-10,False,p200641,0,0,0,0,0,0,0,0,0,0,0,0,0,0.0,0.0,0.0,0.0,0,0,0,0,0,0.00,0.00,0.00,0.00,,,,,,,[],,639,278,644,280,631,273,644,279,0.0,0.0,0.0,0.0,0.0,0.0,133,80,636,277,644,280,642,277,0.0,0.0,0.0,Arsenal,ARS
True,True,,,224117,-1,1,-4,4,-4.1,6,"[{'offset': 0, 'projected_percent': '-4.0', 'likelihood': -1}, {'offset': 1, 'projected_percent': '-3.8', 'likelihood': -1}, {'offset': 2, 'projected_percent': '-3.7', 'likelihood': -1}]",,False,0,4,0.5,0.5,1,Viktor,0.5,25,False,,,7.1,224117.jpg,1.0,False,Gyökeres,3.1,False,,a,1,3,2,38051,9828,610703,16379,0.1,0.3,Gyökeres,,206.0,2025-07-26,1998-06-04,False,p224117,29,0,0,0,0,0,0,0,0,0,0,0,7,0.0,14.7,0.0,1.4,0,1,0,1,0,0.00,0.23,0.23,0.65,,,,,2.0,,[],,664,77,242,28,664,77,367,41,0.0,0.0,0.71,0.71,2.02,0.0,24,8,328,38,399,47,102,16,0.0,0.0,3.1,Arsenal,ARS
True,True,75.0,,219847,0,0,1,-1,6.4,-120,"[{'offset': 0, 'projected_percent': '5.6', 'likelihood': 1}, {'offset': 1, 'projected_percent': '3.8', 'likelihood': 1}, {'offset': 2, 'projected_percent': '2.1', 'likelihood': 1}]",,False,0,4,2.4,3.2,2,Kai,3.2,26,False,Hamstring injury - 75% chance of playing,2026-09-24T22:00:09.120308Z,7.6,219847.jpg,3.8,False,Havertz,8.3,False,,d,1,3,19,653423,50190,419283,58811,0.4,2.5,Havertz,,80.0,2023-06-28,1999-06-11,False,p219847,437,2,0,3,4,0,0,0,1,0,0,2,82,89.4,71.3,165.0,32.6,6,7,0,13,5,1.67,0.37,2.04,3.91,,,,,,,[],,99,8,71,4,6,4,23,5,0.34,0.0,0.08,0.42,0.81,0.82,17,6,115,11,108,11,46,7,1.03,0.62,2.68,Arsenal,ARS
True,False,0.0,0.0,205651,0,0,-1,1,0.0,-1,"[{'offset': 0, 'projected_percent': '0.0', 'likelihood': 0}, {'offset': 1, 'projected_percent': '0.0', 'likelihood': 0}, {'offset': 2, 'projected_percent': '0.0', 'likelihood': 0}]",,False,0,4,0.0,0.0,0,Gabriel,0.0,27,False,Has joined FC Barcelona permanently,2026-09-02T16:00:28.475184Z,5.9,205651.jpg,0.0,False,Fernando de Jesus,0.1,False,,u,1,3,0,4164,0,29263,988,0.0,0.0,G.Jesus,Gabriel Jesus,30.0,2022-07-04,1997-04-03,False,p205651,0,0,0,0,0,0,0,0,0,0,0,0,0,0.0,0.0,0.0,0.0,0,0,0,0,0,0.00,0.00,0.00,0.00,,,,,,,[],,651,73,656,77,649,74,656,77,0.0,0.0,0.0,0.0,0.0,0.0,82,21,650,74,655,77,371,56,0.0,0.0,0.0,Arsenal,ARS
True,True,,,199798,1,-1,1,-1,0.8,14,"[{'offset': 0, 'projected_percent': '0.8', 'likelihood': 1}, {'offset': 1, 'projected_percent': '0.9', 'likelihood': 1}, {'offset': 2, 'projected_percent': '1.0', 'likelihood': 1}]",,False,0,2,3.0,3.0,1,Ezri,3.0,31,False,,,4.6,199798.jpg,3.0,False,Konsa Ngoyo,19.4,False,,a,1,3,12,1461542,88235,635208,44100,0.7,2.6,Konsa,,241.0,2026-08-21,1997-10-23,False,p199798,281,0,0,1,4,0,0,0,0,0,0,0,36,45.0,14.0,14.0,7.3,18,9,5,23,3,0.23,0.02,0.25,3.50,,,,,,,[],,204,80,250,90,225,73,244,93,0.07,0.0,0.01,0.08,1.12,1.28,424,80,120,51,138,59,19,5,0.96,0.32,7.37,Arsenal,ARS
True,True,100.0,100.0,208706,0,0,-3,3,0.4,3,"[{'offset': 0, 'projected_percent': '0.4', 'likelihood': 1}, {'offset': 1, 'projected_percent': '0.4', 'likelihood': 1}, {'offset': 2, 'projected_percent': '0.5', 'likelihood': 1}]",,False,0,3,2.2,2.2,1,Bruno,2.2,452,False,,2026-09-04T14:00:08.328779Z,6.7,208706.jpg,3.0,False,Guimarães Rodriguez Moura,1.8,False,,a,1,3,9,30329,5383,244481,7408,0.3,1.3,Bruno G.,Bruno Guimarães,30.0,2026-08-08,1997-11-16,False,p208706,123,1,0,0,3,0,0,0,0,0,0,1,45,41.0,6.5,19.0,6.6,3,8,1,12,1,0.09,0.16,0.25,2.18,4.0,,,,4.0,,[],,213,91,290,145,200,111,261,116,0.07,0.0,0.12,0.19,1.6,2.2,32,21,184,81,158,67,135,41,0.73,0.0,8.78,Arsenal,ARS
True,True,,,439509,-1,1,-2,2,-11.2,-27,"[{'offset': 0, 'projected_percent': '-11.3', 'likelihood': -1}, {'offset': 1, 'projected_percent': '-11.5', 'likelihood': -1}, {'offset': 2, 'projected_percent': '-11.7', 'likelihood': -1}]",,False,0,3,2.5,2.5,2,Christos,2.5,557,False,,,6.3,439509.jpg,3.2,False,Tzolis,12.2,False,,a,1,3,16,461960,11593,1599619,136411,0.4,2.5,Tzolis,,83.0,2026-07-23,2002-01-30,False,p439509,362,0,2,2,4,0,0,0,2,0,0,1,81,56.4,115.1,46.0,21.8,7,12,4,23,5,0.19,0.55,0.74,2.73,3.0,,,,,,[],,171,67,33,28,105,59,76,45,0.05,0.0,0.14,0.19,0.68,0.99,47,32,161,71,132,52,34,13,1.24,0.5,5.72,Arsenal,ARS
True,True,0.0,0.0,72147,0,0,0,0,-36.6,-1,"[{'offset': 0, 'projected_percent': '-36.9', 'likelihood': -2}, {'offset': 1, 'projected_percent': '-37.5', 'likelihood': -2}, {'offset': 2, 'projected_percent': '-38.0', 'likelihood': -2}]",,False,0,1,0.0,0.0,0,Marco,0.0,29,False,Back injury - Expected back 10 Oct,2026-09-17T07:30:09.058151Z,4.5,72147.jpg,1.0,False,Bizot,0.1,False,,i,2,7,1,4653,59,7369,993,0.0,0.2,M.Bizot,,152.0,2025-07-15,1991-03-10,False,p72147,90,0,0,0,4,0,0,0,0,0,3,0,1,28.2,0.0,0.0,2.8,2,6,0,0,1,0.00,0.00,0.00,3.77,,,,,,,[],https://www.avfc.co.uk/news/2026/september/18/prematch-team-news-for-spurs-showdown/,259,22,477,38,427,33,326,22,0.0,3.0,0.0,0.0,3.77,4.0,430,24,466,54,317,24,398,46,1.0,0.0,0.0,Aston Villa,AVL
True,False,0.0,0.0,101188,0,0,0,0,0.0,-1,"[{'offset': 0, 'projected_percent': '0.0', 'likelihood': 0}, {'offset': 1, 'projected_percent': '0.0', 'likelihood': 0}, {'offset': 2, 'projected_percent': '0.0', 'likelihood': 0}]",,False,0,2,0.0,0.0,0,Lucas,0.0,30,False,Has joined Paris Saint-Germain permanently,2026-08-10T14:03:30.089007Z,4.5,101188.jpg,0.0,False,Digne,0.0,False,,u,2,7,0,0,0,8628,217,0.0,0.0,Digne,,73.0,2022-01-13,1993-07-20,False,p101188,0,0,0,0,0,0,0,0,0,0,0,0,0,0.0,0.0,0.0,0.0,0,0,0,0,0,0.00,0.00,0.00,0.00,,,,,,,[],,486,186,480,185,430,174,491,186,0.0,0.0,0.0,0.0,0.0,0.0,435,87,468,180,500,186,499,177,0.0,0.0,0.0,Aston Villa,AVL
True,True,100.0,100.0,199796,0,0,-1,1,-22.2,-5,"[{'offset': 0, 'projected_percent': '-22.3', 'likelihood': -2}, {'offset': 1, 'projected_percent': '-22.4', 'likelihood': -2}, {'offset': 2, 'projected_percent': '-22.6', 'likelihood': -2}]",,False,0,2,1.8,1.8,-1,Matty,1.8,32,False,,2026-09-09T14:30:08.192142Z,4.4,199796.jpg,1.5,False,Cash,4.8,False,,a,2,7,6,95223,2572,418458,24469,0.4,1.4,Cash,,172.0,2020-09-03,1997-08-07,False,p199796,296,0,0,1,7,0,0,0,2,0,0,0,16,36.4,22.3,13.0,7.2,11,2,6,17,3,0.15,0.04,0.19,5.95,3.0,,,,,,[],,232,93,212,70,230,76,246,94,0.05,0.0,0.01,0.06,1.81,2.13,553,140,206,73,270,96,76,30,0.91,0.3,5.17,Aston Villa,AVL
True,True,,,149484,0,0,0,0,0.7,4,"[{'offset': 0, 'projected_percent': '0.7', 'likelihood': 1}, {'offset': 1, 'projected_percent': '0.8', 'likelihood': 1}, {'offset': 2, 'projected_percent': '0.8', 'likelihood': 1}]",,False,0,2,2.2,2.2,3,Tyrone,2.2,33,False,,,4.5,149484.jpg,2.5,False,Mings,0.4,False,,a,2,7,10,16350,1630,17374,1350,0.5,2.2,Mings,,241.0,2019-07-08,1993-03-13,False,p149484,261,0,0,1,4,0,0,0,1,0,0,0,43,59.8,5.6,17.0,8.2,20,7,4,24,2,0.20,0.02,0.22,4.43,,,,,,,[],,166,71,297,107,207,63,232,85,0.07,0.0,0.01,0.08,1.53,1.38,439,88,180,68,188,74,272,100,0.69,0.34,8.28,Aston Villa,AVL
True,True,0.0,0.0,244954,0,0,0,0,-99.8,-3,"[{'offset': 0, 'projected_percent': '-100.1', 'likelihood': -5}, {'offset': 1, 'projected_percent': '-100.6', 'likelihood': -5}, {'offset': 2, 'projected_percent': '-101.2', 'likelihood': -5}]",,False,0,2,0.0,0.0,0,Pau,0.8,34,False,Hamstring injury - Expected back 10 Oct,2026-09-12T18:00:08.712707Z,4.5,244954.jpg,1.0,False,Torres,0.3,False,,i,2,7,3,11235,42,27402,3044,0.2,0.7,Pau,,200.0,2023-07-12,1997-01-16,False,p244954,187,0,0,0,5,0,0,0,0,0,0,0,-4,11.2,1.9,2.0,1.5,8,9,1,9,3,0.00,0.01,0.01,4.79,,,,,,,[],https://www.avfc.co.uk/news/2026/september/18/prematch-team-news-for-spurs-showdown/,318,121,335,121,320,120,360,125,0.0,0.0,0.0,0.0,2.31,2.41,468,109,275,99,318,121,293,106,1.44,0.0,4.33,Aston Villa,AVL
True,True,,,515597,-1,1,-1,1,-3.3,0,"[{'offset': 0, 'projected_percent': '-3.3', 'likelihood': -1}, {'offset': 1, 'projected_percent': '-3.3', 'likelihood': -1}, {'offset': 2, 'projected_percent': '-3.3', 'likelihood': -1}]",,False,0,3,0.0,0.0,0,Lamare,0.0,35,False,,,4.9,515597.jpg,1.0,False,Bogarde,0.1,False,,a,2,7,1,2906,165,4761,433,0.0,0.2,Bogarde,,152.0,2021-01-07,2004-01-05,False,p515597,16,0,0,0,0,0,0,0,0,0,0,0,3,2.2,0.5,0.0,0.3,1,0,0,1,0,0.00,0.00,0.00,0.22,,,,,,,[],,385,178,372,185,543,223,394,183,0.0,0.0,0.0,0.0,1.24,0.0,386,230,567,235,342,150,479,187,0.0,0.0,5.62,Aston Villa,AVL
True,True,0.0,0.0,441302,-1,1,-1,1,-2.0,-2,"[{'offset': 0, 'projected_percent': '-2.0', 'likelihood': -1}, {'offset': 1, 'projected_percent': '-2.2', 'likelihood': -1}, {'offset': 2, 'projected_percent': '-2.3', 'likelihood': -1}]",,False,0,2,0.0,0.0,0,Ian,2.2,36,False,Ankle injury - Unknown return date,2026-09-12T18:00:08.729468Z,4.4,441302.jpg,2.2,False,Maatsen,0.5,False,,i,2,7,9,31890,48,61707,5969,0.5,2.0,Maatsen,,152.0,2024-06-28,2002-03-10,False,p441302,335,0,0,1,7,0,0,0,1,0,0,1,22,34.8,24.5,43.0,10.2,17,10,7,24,4,0.28,0.45,0.73,6.54,,,,,,,[],https://www.avfc.co.uk/news/2026/september/18/prematch-team-news-for-spurs-showdown/,236,95,200,65,109,24,207,74,0.08,0.0,0.12,0.2,1.76,1.88,561,147,179,67,207,83,249,94,1.07,0.27,6.45,Aston Villa,AVL
True,True,,,184667,0,0,0,0,1.0,0,"[{'offset': 0, 'projected_percent': '1.0', 'likelihood': 1}, {'offset': 1, 'projected_percent': '1.0', 'likelihood': 1}, {'offset': 2, 'projected_percent': '1.0', 'likelihood': 1}]",,False,0,2,2.5,2.5,1,Victor,2.5,37,False,,,4.5,184667.jpg,1.6,False,Lindelöf,0.3,False,,a,2,7,8,14576,976,14260,1237,0.6,1.8,Lindelöf,,206.0,2025-09-01,1994-07-17,False,p184667,450,0,0,1,9,1,0,0,0,0,0,0,28,74.4,37.3,37.0,14.9,21,7,1,22,5,0.44,0.17,0.61,9.22,,,,,,,[],,123,56,163,44,132,37,142,49,0.09,0.0,0.03,0.12,1.84,1.8,447,94,152,58,263,93,284,104,1.0,0.2,4.4,Aston Villa,AVL
True,True,,,606798,0,0,0,0,-33.8,0,"[{'offset': 0, 'projected_percent': '-33.8', 'likelihood': -2}, {'offset': 1, 'projected_percent': '-33.8', 'likelihood': -2}, {'offset': 2, 'projected_percent': '-33.8', 'likelihood': -2}]",,False,0,2,0.0,0.0,0,Andrés,0.0,38,False,,,4.0,606798.jpg,0.0,False,García,1.5,False,,a,2,7,0,45246,1800,67797,5897,0.0,0.0,A.García,,,,,False,p606798,0,0,0,0,0,0,0,0,0,0,0,0,0,0.0,0.0,0.0,0.0,0,0,0,0,0,0.00,0.00,0.00,0.00,,,,,,,[],,459,175,450,174,395,160,464,175,0.0,0.0,0.0,0.0,0.0,0.0,655,205,437,166,473,175,147,59,0.0,0.0,0.0,Aston Villa,AVL
True,False,0.0,0.0,578545,0,0,0,0,0.0,-2,"[{'offset': 0, 'projected_percent': '0.0', 'likelihood': 0}, {'offset': 1, 'projected_percent': '0.0', 'likelihood': 0}, {'offset': 2, 'projected_percent': '0.0', 'likelihood': 0}]",,False,0,2,0.0,0.0,0,Kosta,0.0,39,False,Has joined Rangers on loan for the rest of the season,2026-08-19T13:56:46.385411Z,4.0,578545.jpg,0.0,False,Nedeljkovic,0.1,False,,u,2,7,0,0,0,15222,537,0.0,0.0,Nedeljkovic,,190.0,2024-01-22,2005-12-16,False,p578545,0,0,0,0,0,0,0,0,0,0,0,0,0,0.0,0.0,0.0,0.0,0,0,0,0,0,0.00,0.00,0.00,0.00,,,,,,,[],,457,174,448,173,393,159,462,174,0.0,0.0,0.0,0.0,0.0,0.0,652,203,435,165,471,174,380,145,0.0,0.0,0.0,Aston Villa,AVL
True,True,,,195546,0,0,-1,1,-37.4,10,"[{'offset': 0, 'projected_percent': '-36.7', 'likelihood': -2}, {'offset': 1, 'projected_percent': '-35.1', 'likelihood': -2}, {'offset': 2, 'projected_percent': '-33.6', 'likelihood': -2}]",,False,1,3,4.8,4.8,12,Emiliano,4.8,41,False,,,5.9,195546.jpg,4.2,False,Buendía Stati,1.0,False,,a,2,7,21,59708,11724,95134,3989,0.8,3.6,Buendía,,10.0,2021-06-10,1996-12-25,False,p195546,401,1,0,1,8,0,0,0,0,0,0,3,73,66.0,80.5,59.0,19.6,5,20,9,34,5,0.92,0.24,1.16,7.86,2.0,,1.0,,1.0,,[],,143,48,63,52,74,45,91,48,0.21,0.0,0.05,0.26,1.76,1.8,81,54,54,18,84,36,180,57,1.12,0.22,7.63,Aston Villa,AVL
True,False,0.0,0.0,215711,0,0,-1,1,0.0,-3,"[{'offset': 0, 'projected_percent': '0.0', 'likelihood': 0}, {'offset': 1, 'projected_percent': '0.0', 'likelihood': 0}, {'offset': 2, 'projected_percent': '0.0', 'likelihood': 0}]",,False,0,3,0.0,0.0,0,Leon,0.0,44,False,Has joined Olympiakos permanently,2026-09-04T12:35:14.472260Z,5.4,215711.jpg,0.0,False,Bailey,0.1,False,,u,2,7,0,2096,0,13198,467,0.0,0.0,Bailey,,107.0,2021-08-04,1997-08-09,False,p215711,0,0,0,0,0,0,0,0,0,0,0,0,0,0.0,0.0,0.0,0.0,0,0,0,0,0,0.00,0.00,0.00,0.00,,,,,,,[],,630,274,633,276,620,269,635,275,0.0,0.0,0.0,0.0,0.0,0.0,179,113,624,271,636,276,493,193,0.0,0.0,0.0,Aston Villa,AVL
True,True,,,122806,0,0,-1,1,-19.9,1,"[{'offset': 0, 'projected_percent': '-19.9', 'likelihood': -1}, {'offset': 1, 'projected_percent': '-19.9', 'likelihood': -1}, {'offset': 2, 'projected_percent': '-19.8', 'likelihood': -1}]",,False,0,3,4.0,4.0,6,John,4.0,45,False,,,5.4,122806.jpg,3.4,False,McGinn,2.2,False,,a,2,7,17,70399,6568,155139,8177,0.7,3.1,McGinn,,243.0,2018-08-08,1994-10-18,False,p122806,434,0,2,2,7,0,0,0,2,0,0,1,65,52.4,84.9,15.0,14.8,8,17,5,30,5,0.77,0.24,1.01,8.29,1.0,,,,,,[],,184,74,56,46,221,119,146,74,0.16,0.0,0.05,0.21,1.72,1.45,168,106,77,27,121,48,122,37,1.04,0.41,6.22,Aston Villa,AVL
True,True,,,88894,0,0,0,0,0.5,-1,"[{'offset': 0, 'projected_percent': '0.5', 'likelihood': 1}, {'offset': 1, 'projected_percent': '0.5', 'likelihood': 1}, {'offset': 2, 'projected_percent': '0.5', 'likelihood': 1}]",,False,0,3,2.0,2.0,1,Ross,2.0,46,False,,,5.0,88894.jpg,2.0,False,Barkley,0.3,False,,a,2,7,10,16102,545,16205,1728,0.4,2.0,Barkley,,241.0,2024-07-01,1993-12-05,False,p88894,308,0,0,1,8,0,0,0,0,0,0,0,66,42.4,82.3,31.0,15.6,5,16,7,28,4,0.38,0.14,0.52,7.36,4.0,,,,,,[],,211,89,58,47,150,78,128,68,0.11,0.0,0.04,0.15,2.15,2.34,241,151,192,87,232,102,309,107,1.17,0.29,8.18,Aston Villa,AVL
True,True,100.0,100.0,226944,0,0,0,0,-78.9,-4,"[{'offset': 0, 'projected_percent': '-79.8', 'likelihood': -3}, {'offset': 1, 'projected_percent': '-81.8', 'likelihood': -3}, {'offset': 2, 'projected_percent': '-83.8', 'likelihood': -3}]",,False,0,3,3.2,3.2,6,Boubacar,3.2,47,False,,2026-07-23T12:01:23.337269Z,5.0,226944.jpg,3.0,False,Kamara,0.3,False,,a,2,7,15,14466,1257,21475,1527,0.6,3.0,Kamara,,73.0,2022-06-11,1999-11-23,False,p226944,443,0,1,2,7,0,0,0,0,0,0,0,85,68.0,68.8,6.0,14.3,11,16,9,36,5,0.12,0.16,0.28,8.44,,,,,,,[],,138,46,78,58,289,149,156,81,0.02,0.0,0.03,0.05,1.71,1.42,269,166,111,43,141,56,289,98,1.02,0.41,7.31,Aston Villa,AVL
True,True,0.0,0.0,449871,0,0,-1,1,-10.6,0,"[{'offset': 0, 'projected_percent': '-10.6', 'likelihood': -1}, {'offset': 1, 'projected_percent': '-10.6', 'likelihood': -1}, {'offset': 2, 'projected_percent': '-10.6', 'likelihood': -1}]",,False,0,3,0.0,0.0,0,Amadou,0.0,48,False,Knee injury - Unknown return date,2026-07-23T12:01:23.352497Z,4.9,449871.jpg,0.0,False,Onana,0.0,False,,i,2,7,0,510,39,1663,93,0.0,0.0,Onana,,21.0,2024-07-22,2001-08-16,False,p449871,0,0,0,0,0,0,0,0,0,0,0,0,0,0.0,0.0,0.0,0.0,0,0,0,0,0,0.00,0.00,0.00,0.00,,,,,,,[],https://www.avfc.co.uk/news/2026/september/18/prematch-team-news-for-spurs-showdown/,571,236,569,242,536,219,577,238,0.0,0.0,0.0,0.0,0.0,0.0,369,220,560,230,582,243,588,244,0.0,0.0,0.0,Aston Villa,AVL
True,False,0.0,0.0,469247,0,0,0,0,0.0,0,"[{'offset': 0, 'projected_percent': '0.0', 'likelihood': 0}, {'offset': 1, 'projected_percent': '0.0', 'likelihood': 0}, {'offset': 2, 'projected_percent': '0.0', 'likelihood': 0}]",,False,0,3,0.0,0.0,0,Samuel,0.0,49,False,Has joined Bolton Wanderers on loan for the rest of the season,2026-08-17T13:52:28.532616Z,5.0,469247.jpg,0.0,False,Iling-Junior,0.0,False,,u,2,7,0,0,0,235,10,0.0,0.0,Iling Jr,,241.0,2024-07-01,2003-10-04,False,p469247,0,0,0,0,0,0,0,0,0,0,0,0,0,0.0,0.0,0.0,0.0,0,0,0,0,0,0.00,0.00,0.00,0.00,,,,,,,[],,598,254,603,259,580,245,604,256,0.0,0.0,0.0,0.0,0.0,0.0,288,173,590,250,607,259,661,294,0.0,0.0,0.0,Aston Villa,AVL
True,True,,,645618,0,0,0,0,-76.7,-2,"[{'offset': 0, 'projected_percent': '-77.0', 'likelihood': -3}, {'offset': 1, 'projected_percent': '-77.6', 'likelihood': -3}, {'offset': 2, 'projected_percent': '-78.2', 'likelihood': -3}]",,False,0,3,0.0,0.0,0,Bradley,0.0,50,False,,,4.5,645618.jpg,0.0,False,Burrowes,0.6,False,,a,2,7,0,21440,615,35022,3298,0.0,0.0,Burrowes,,241.0,2025-01-09,2008-03-04,False,p645618,0,0,0,0,0,0,0,0,0,0,0,0,0,0.0,0.0,0.0,0.0,0,0,0,0,0,0.00,0.00,0.00,0.00,,,,,,,[],,542,218,538,224,499,197,547,219,0.0,0.0,0.0,0.0,0.0,0.0,534,280,527,209,555,226,239,75,0.0,0.0,0.0,Aston Villa,AVL
True,True,,,577285,0,0,0,0,13.5,-4,"[{'offset': 0, 'projected_percent': '13.5', 'likelihood': 1}, {'offset': 1, 'projected_percent': '13.4', 'likelihood': 1}, {'offset': 2, 'projected_percent': '13.4', 'likelihood': 1}]",,False,0,3,1.8,1.8,1,George,1.8,51,False,,,4.5,577285.jpg,1.8,False,Hemmings,1.2,False,,a,2,7,9,115795,3112,69330,9397,0.4,2.0,George Hemmings,,241.0,2025-08-05,2007-03-04,False,p577285,297,0,0,1,7,0,0,0,0,0,0,0,34,25.2,42.1,25.0,9.1,3,10,6,19,4,0.07,0.16,0.23,6.26,,,,,,,[],,265,111,148,94,166,89,222,102,0.02,0.0,0.05,0.07,1.9,2.12,511,268,208,95,251,109,164,50,1.21,0.3,5.76,Aston Villa,AVL
True,True,75.0,,653481,0,0,0,0,-0.8,0,"[{'offset': 0, 'projected_percent': '-0.8', 'likelihood': -1}, {'offset': 1, 'projected_percent': '-0.8', 'likelihood': -1}, {'offset': 2, 'projected_percent': '-0.8', 'likelihood': -1}]",,False,0,3,1.4,1.8,0,Alysson Edward Franco,1.8,52,False,Unspecified injury - 75% chance of playing,2026-09-19T11:30:09.355376Z,5.0,653481.jpg,2.0,False,da Rocha dos Santos,0.0,False,,d,2,7,8,3352,66,3621,758,0.4,1.6,Alysson,Alysson,30.0,2026-01-01,2006-05-05,False,p653481,87,1,0,0,2,0,0,0,1,0,0,0,34,39.8,4.9,25.0,7.0,2,4,2,8,0,0.06,0.00,0.06,2.40,,,,,,,[],,218,94,305,156,168,91,249,111,0.06,0.0,0.0,0.06,2.48,2.07,333,200,211,96,234,103,498,195,0.0,0.0,8.28,Aston Villa,AVL
True,True,100.0,100.0,614071,0,0,-1,1,8.0,18,"[{'offset': 0, 'projected_percent': '8.1', 'likelihood': 1}, {'offset': 1, 'projected_percent': '8.4', 'likelihood': 1}, {'offset': 2, 'projected_percent': '8.6', 'likelihood': 1}]",,False,1,3,3.5,3.5,13,Johan,3.5,53,False,,2026-08-15T15:30:06.388335Z,5.9,614071.jpg,7.0,False,Manzambi,0.4,False,,a,2,7,14,30381,27395,19678,3059,0.6,2.4,Manzambi,,207.0,2026-07-17,2005-10-14,False,p614071,98,1,1,1,1,0,0,0,0,0,0,2,48,65.8,29.8,60.0,15.6,2,5,2,9,1,0.44,0.24,0.68,1.54,,,,,,,[],,145,50,186,107,72,44,130,70,0.4,0.0,0.22,0.62,1.41,0.92,94,60,98,38,12,4,274,91,0.92,0.92,8.27,Aston Villa,AVL
True,True,100.0,100.0,448089,0,0,0,0,0.1,2,"[{'offset': 0, 'projected_percent': '0.1', 'likelihood': 1}, {'offset': 1, 'projected_percent': '0.1', 'likelihood': 1}, {'offset': 2, 'projected_percent': '0.2', 'likelihood': 1}]",,False,0,3,1.0,1.0,4,Joao,1.0,54,False,,2026-09-16T19:30:08.742410Z,5.5,448089.jpg,1.0,False,Gomes,0.0,False,,a,2,7,2,1281,442,4094,185,0.2,0.4,Gomes,João Gomes,30.0,2026-07-20,2001-02-12,False,p448089,129,0,0,0,6,0,0,0,0,1,0,0,11,23.6,24.8,0.0,4.8,6,5,9,20,2,0.00,0.03,0.03,4.14,,,,,,,[],,273,115,199,113,636,277,296,134,0.0,0.0,0.02,0.02,2.89,4.19,145,88,266,120,385,181,505,199,1.4,0.0,13.95,Aston Villa,AVL
True,False,0.0,0.0,178301,0,0,-2,2,0.0,-16,"[{'offset': 0, 'projected_percent': '0.0', 'likelihood': 0}, {'offset': 1, 'projected_percent': '0.0', 'likelihood': 0}, {'offset': 2, 'projected_percent': '0.0', 'likelihood': 0}]",,False,0,4,0.0,0.0,0,Ollie,0.0,55,False,Has joined Al Hilal permanently,2026-09-01T13:15:16.698799Z,7.8,178301.jpg,0.0,False,Watkins,2.5,False,,u,2,7,0,14882,0,759504,12123,0.0,0.0,Watkins,,241.0,2020-09-09,1995-12-30,False,p178301,0,0,0,0,0,0,0,0,0,0,0,0,0,0.0,0.0,0.0,0.0,0,0,0,0,0,0.00,0.00,0.00,0.00,,,,,,,[],,667,79,667,79,667,79,667,79,0.0,0.0,0.0,0.0,0.0,0.0,12,3,665,79,666,79,117,19,0.0,0.0,0.0,Aston Villa,AVL
True,True,100.0,100.0,173879,0,0,0,0,3.4,2,"[{'offset': 0, 'projected_percent': '3.4', 'likelihood': 1}, {'offset': 1, 'projected_percent': '3.4', 'likelihood': 1}, {'offset': 2, 'projected_percent': '3.5', 'likelihood': 1}]",,False,0,4,1.0,1.0,1,Tammy,1.0,56,False,,2026-08-15T16:00:07.558543Z,5.5,173879.jpg,1.0,False,Abraham,0.2,False,,a,2,7,4,15659,1611,12852,1676,0.2,0.7,Abraham,,241.0,2026-01-27,1997-10-02,False,p173879,71,0,0,0,3,0,0,0,0,0,0,0,13,3.2,6.2,2.0,1.1,0,1,1,2,0,0.00,0.00,0.00,2.69,,,,,,,[],,377,39,294,38,333,43,375,42,0.0,0.0,0.0,0.0,3.41,3.8,130,35,265,28,384,44,337,54,0.0,0.0,2.54,Aston Villa,AVL
True,True,,,493105,0,0,-2,2,-64.1,0,"[{'offset': 0, 'projected_percent': '-64.1', 'likelihood': -3}, {'offset': 1, 'projected_percent': '-64.1', 'likelihood': -3}, {'offset': 2, 'projected_percent': '-64.1', 'likelihood': -3}]",,False,0,3,0.5,0.5,0,Alejandro,0.5,160,False,,,5.8,493105.jpg,1.0,False,Garnacho Ferreyra,0.3,False,,a,2,7,3,7457,509,41144,2691,0.1,0.5,Garnacho,,10.0,2026-07-23,2004-07-01,False,p493105,31,0,0,0,0,0,0,0,0,0,0,0,9,1.2,3.6,0.0,0.5,0,2,0,2,0,0.00,0.00,0.00,0.49,,,,,,,"[{'property': 'loan_ineligible', 'notes': 'This player will not be available to face their parent club in Gameweek 27 as part of their loan conditions.', 'gameweek': 27, 'url': None}, {'property': 'loan_ineligible', 'notes': 'This player will not be available to face their parent club in Gameweek 16 as part of their loan conditions.', 'gameweek': 16, 'url': None}]",,396,185,320,162,646,286,388,182,0.0,0.0,0.0,0.0,1.42,0.0,108,69,326,153,391,186,287,97,0.0,0.0,5.81,Aston Villa,AVL
True,True,,,517052,0,0,0,0,50.1,48,"[{'offset': 0, 'projected_percent': '50.4', 'likelihood': 3}, {'offset': 1, 'projected_percent': '51.1', 'likelihood': 3}, {'offset': 2, 'projected_percent': '51.8', 'likelihood': 3}]",,False,0,4,2.5,2.5,6,Nicolas,2.5,166,False,,,6.5,517052.jpg,2.5,False,Jackson,1.5,False,,a,2,7,10,179547,34285,84596,7656,0.4,1.5,N.Jackson,,189.0,2026-08-28,2001-06-20,False,p517052,286,1,0,1,2,0,0,0,2,0,0,1,52,42.8,36.8,76.0,15.4,1,8,0,9,4,0.68,0.60,1.28,2.75,,,,,2.0,,[],,210,17,165,18,53,17,136,18,0.21,0.0,0.19,0.4,0.87,0.63,42,11,162,15,191,19,151,23,1.26,0.31,2.83,Aston Villa,AVL
True,True,0.0,0.0,690838,0,0,-1,1,-24.0,0,"[{'offset': 0, 'projected_percent': '-24.0', 'likelihood': -2}, {'offset': 1, 'projected_percent': '-24.0', 'likelihood': -2}, {'offset': 2, 'projected_percent': '-24.0', 'likelihood': -2}]",,False,0,4,0.0,0.0,0,Brian,0.0,582,False,Unspecified injury - Unknown return date,2026-08-15T16:00:07.974271Z,5.4,690838.jpg,0.0,False,Madjo,0.2,False,,i,2,7,0,2866,181,30486,1715,0.0,0.0,Madjo,,241.0,2026-01-12,2009-01-12,False,p690838,0,0,0,0,0,0,0,0,0,0,0,0,0,0.0,0.0,0.0,0.0,0,0,0,0,0,0.00,0.00,0.00,0.00,,,,,,,[],https://www.avfc.co.uk/news/2026/september/18/prematch-team-news-for-spurs-showdown/,636,71,639,75,626,72,641,75,0.0,0.0,0.0,0.0,0.0,0.0,213,48,633,71,641,75,331,52,0.0,0.0,0.0,Aston Villa,AVL
True,True,,,487992,0,0,0,0,-73.8,0,"[{'offset': 0, 'projected_percent': '-73.8', 'likelihood': -3}, {'offset': 1, 'projected_percent': '-73.8', 'likelihood': -3}, {'offset': 2, 'projected_percent': '-73.8', 'likelihood': -3}]",,False,0,2,1.0,1.0,3,Matteo,1.0,596,False,,,4.5,487992.jpg,1.7,False,Ruggeri,0.1,False,,a,2,7,5,3133,490,5579,315,0.2,1.1,Ruggeri,,106.0,2026-08-19,2002-07-11,False,p487992,113,0,0,0,2,0,0,0,0,0,0,0,17,26.0,14.1,1.0,4.1,14,11,2,16,1,0.03,0.02,0.05,2.05,,,,,,,[],,262,107,249,89,336,126,303,113,0.02,0.0,0.02,0.04,1.63,1.59,483,118,252,94,260,92,433,157,0.8,0.0,12.74,Aston Villa,AVL
True,True,,,433969,0,0,0,0,29.1,4,"[{'offset': 0, 'projected_percent': '29.1', 'likelihood': 2}, {'offset': 1, 'projected_percent': '29.2', 'likelihood': 2}, {'offset': 2, 'projected_percent': '29.2', 'likelihood': 2}]",,False,1,1,4.0,4.0,2,Zion,4.0,597,False,,,5.0,433969.jpg,4.0,False,Suzuki,1.9,False,,a,2,7,16,150689,13125,62098,6239,0.8,3.2,Suzuki,,108.0,2026-08-19,2002-08-21,False,p433969,360,0,0,1,5,0,0,0,0,0,15,3,80,115.6,0.0,0.0,11.6,8,43,0,0,4,0.00,0.01,0.01,5.45,,,,,,,[],,50,9,600,68,577,67,188,10,0.0,3.75,0.0,0.0,1.36,1.25,278,12,76,11,91,9,126,19,1.0,0.25,0.0,Aston Villa,AVL
True,True,,,569577,0,0,0,0,0.2,0,"[{'offset': 0, 'projected_percent': '0.2', 'likelihood': 1}, {'offset': 1, 'projected_percent': '0.2', 'likelihood': 1}, {'offset': 2, 'projected_percent': '0.2', 'likelihood': 1}]",,False,0,2,0.0,0.0,0,Triston,0.0,606,False,,,4.0,569577.jpg,0.0,False,Rowe,0.2,False,,a,2,7,0,13002,306,6130,875,0.0,0.0,Rowe,,241.0,2026-07-01,2006-10-02,False,p569577,0,0,0,0,0,0,0,0,0,0,0,0,0,0.0,0.0,0.0,0.0,0,0,0,0,0,0.00,0.00,0.00,0.00,,,,,,,[],,452,169,443,168,388,154,457,169,0.0,0.0,0.0,0.0,0.0,0.0,646,197,430,160,466,169,360,137,0.0,0.0,0.0,Aston Villa,AVL
True,False,0.0,0.0,571380,0,0,0,0,0.0,-1,"[{'offset': 0, 'projected_percent': '0.0', 'likelihood': 0}, {'offset': 1, 'projected_percent': '0.0', 'likelihood': 0}, {'offset': 2, 'projected_percent': '0.0', 'likelihood': 0}]",,False,0,3,0.0,0.0,0,Luka,0.0,607,False,Has joined Oxford United on loan until January,2026-09-04T12:35:39.820426Z,4.5,571380.jpg,0.0,False,Lynch,0.1,False,,u,2,7,0,7103,0,8135,691,0.0,0.0,Lynch,,241.0,2026-07-01,2007-01-11,False,p571380,0,0,0,0,0,0,0,0,0,0,0,0,0,0.0,0.0,0.0,0.0,0,0,0,0,0,0.00,0.00,0.00,0.00,,,,,,,[],,525,209,521,215,479,187,530,210,0.0,0.0,0.0,0.0,0.0,0.0,507,267,509,200,538,217,474,184,0.0,0.0,0.0,Aston Villa,AVL
True,True,,,214590,0,0,0,0,2.0,0,"[{'offset': 0, 'projected_percent': '2.0', 'likelihood': 1}, {'offset': 1, 'projected_percent': '2.0', 'likelihood': 1}, {'offset': 2, 'projected_percent': '2.0', 'likelihood': 1}]",,False,0,2,1.5,1.5,1,Aaron,1.5,611,False,,,4.5,214590.jpg,1.5,False,Wan-Bissaka,0.2,False,,a,2,7,6,18244,1391,7718,1385,0.3,1.3,Wan-Bissaka,,50.0,2026-08-21,1997-11-26,False,p214590,152,0,0,0,2,0,0,0,0,0,0,0,24,42.8,16.4,0.0,5.9,12,1,9,21,2,0.00,0.07,0.07,3.27,,,,,,,[],,209,85,232,80,438,175,273,103,0.0,0.0,0.04,0.04,1.94,1.18,452,97,228,85,271,97,318,118,1.18,0.0,12.43,Aston Villa,AVL
True,True,0.0,0.0,119090,0,0,-1,1,-39.9,0,"[{'offset': 0, 'projected_percent': '-39.9', 'likelihood': -2}, {'offset': 1, 'projected_percent': '-39.9', 'likelihood': -2}, {'offset': 2, 'projected_percent': '-39.9', 'likelihood': -2}]",,False,0,3,0.0,0.0,0,Leon,0.0,618,False,Knee injury - Expected back 10 Oct,2026-09-09T09:30:08.229436Z,5.9,119090.jpg,0.0,False,Goretzka,0.0,False,,i,2,7,0,4631,22,4722,408,0.0,0.0,Goretzka,,80.0,2026-08-27,1995-02-06,False,p119090,0,0,0,0,0,0,0,0,0,0,0,0,0,0.0,0.0,0.0,0.0,0,0,0,0,0,0.00,0.00,0.00,0.00,,,,,,,[],https://www.avfc.co.uk/news/2026/september/18/prematch-team-news-for-spurs-showdown/,650,289,655,290,648,288,655,290,0.0,0.0,0.0,0.0,0.0,0.0,80,53,649,288,654,290,556,229,0.0,0.0,0.0,Aston Villa,AVL
True,True,,,245719,0,0,0,0,0.0,0,"[{'offset': 0, 'projected_percent': '0.0', 'likelihood': 0}, {'offset': 1, 'projected_percent': '0.0', 'likelihood': 0}, {'offset': 2, 'projected_percent': '0.0', 'likelihood': 0}]",,False,0,2,0.0,0.0,0,Taylor,0.0,630,False,,,4.5,245719.jpg,0.0,False,Harwood-Bellis,0.0,False,,a,2,7,0,2158,181,983,177,0.0,0.0,Harwood-Bellis,,241.0,2026-09-01,2002-01-30,False,p245719,0,0,0,0,0,0,0,0,0,0,0,0,0,0.0,0.0,0.0,0.0,0,0,0,0,0,0.00,0.00,0.00,0.00,,,,,,,[],,500,192,496,191,447,181,505,192,0.0,0.0,0.0,0.0,0.0,0.0,469,110,483,187,514,192,576,197,0.0,0.0,0.0,Aston Villa,AVL
True,True,,,638987,0,0,0,0,0.3,0,"[{'offset': 0, 'projected_percent': '0.3', 'likelihood': 1}, {'offset': 1, 'projected_percent': '0.3', 'likelihood': 1}, {'offset': 2, 'projected_percent': '0.3', 'likelihood': 1}]",,False,0,3,0.7,0.7,1,Ibrahim,0.7,631,False,,,6.0,638987.jpg,1.0,False,Mbaye,0.1,False,,a,2,7,2,10371,863,4772,1091,0.1,0.3,Mbaye,,189.0,2026-09-01,2008-01-24,False,p638987,33,0,0,0,3,0,0,0,0,0,0,0,8,9.0,15.2,19.0,4.3,0,1,1,2,0,0.02,0.13,0.15,1.64,,,,,,,[],,332,152,238,128,197,108,301,136,0.05,0.0,0.35,0.4,4.47,8.18,77,51,305,143,393,187,453,176,0.0,0.0,5.45,Aston Villa,AVL
True,True,,,481283,0,0,0,0,0.0,0,"[{'offset': 0, 'projected_percent': '0.0', 'likelihood': 0}, {'offset': 1, 'projected_percent': '0.0', 'likelihood': 0}, {'offset': 2, 'projected_percent': '0.0', 'likelihood': 0}]",2026-10-02T19:12:30.130761Z,False,0,1,1.0,1.0,0,James,0.0,667,False,,,4.0,481283.jpg,0.0,False,Wright,0.1,False,,a,2,7,0,6904,6904,789,789,0.0,0.0,Wright,,241.0,2023-03-31,2004-12-02,False,p481283,0,0,0,0,0,0,0,0,0,0,0,0,0,0.0,0.0,0.0,0.0,0,0,0,0,0,0.00,0.00,0.00,0.00,,,,,,,[],,438,45,429,26,373,21,443,45,0.0,0.0,0.0,0.0,0.0,0.0,628,69,415,43,452,45,401,48,0.0,0.0,0.0,Aston Villa,AVL
True,True,,,457569,0,0,0,0,0.3,0,"[{'offset': 0, 'projected_percent': '0.3', 'likelihood': 1}, {'offset': 1, 'projected_percent': '0.3', 'likelihood': 1}, {'offset': 2, 'projected_percent': '0.3', 'likelihood': 1}]",,False,0,1,1.3,1.3,2,Đorđe,1.3,57,False,,,4.5,457569.jpg,1.8,False,Petrović,3.0,False,,a,3,91,9,111919,5936,123982,11311,0.3,2.0,Petrović,,190.0,2025-07-16,1999-10-08,False,p457569,450,0,0,0,8,0,0,0,0,0,11,0,45,92.2,0.0,0.0,9.2,6,43,0,0,5,0.00,0.00,0.00,6.95,,,,,,,[],,92,17,500,51,454,46,219,18,0.0,2.2,0.0,0.0,1.39,1.6,477,37,237,19,250,22,105,17,1.0,0.0,0.0,Bournemouth,BOU
True,True,,,40383,0,0,0,0,4.5,-2,"[{'offset': 0, 'projected_percent': '4.5', 'likelihood': 1}, {'offset': 1, 'projected_percent': '4.5', 'likelihood': 1}, {'offset': 2, 'projected_percent': '4.4', 'likelihood': 1}]",,False,0,1,0.0,0.0,0,Fraser,0.0,58,False,,,4.0,40383.jpg,0.0,False,Forster,3.5,False,,a,3,91,0,117114,7920,78864,7043,0.0,0.0,Forster,,241.0,2026-01-02,1988-03-17,False,p40383,0,0,0,0,0,0,0,0,0,0,0,0,0,0.0,0.0,0.0,0.0,0,0,0,0,0,0.00,0.00,0.00,0.00,,,,,,,[],,411,26,399,7,343,2,415,26,0.0,0.0,0.0,0.0,0.0,0.0,588,50,385,24,425,26,98,15,0.0,0.0,0.0,Bournemouth,BOU
True,False,0.0,0.0,444172,0,0,0,0,0.0,-1,"[{'offset': 0, 'projected_percent': '0.0', 'likelihood': 0}, {'offset': 1, 'projected_percent': '0.0', 'likelihood': 0}, {'offset': 2, 'projected_percent': '0.0', 'likelihood': 0}]",,False,0,1,0.0,0.0,0,Will,0.0,59,False,Has joined MK Dons permanently,2026-08-27T14:53:48.692835Z,4.0,444172.jpg,0.0,False,Dennis,0.1,False,,u,3,91,0,1133,0,7498,530,0.0,0.0,Dennis,,241.0,2019-08-01,2000-07-10,False,p444172,0,0,0,0,0,0,0,0,0,0,0,0,0,0.0,0.0,0.0,0.0,0,0,0,0,0,0.00,0.00,0.00,0.00,,,,,,,[],,433,42,424,23,368,18,438,42,0.0,0.0,0.0,0.0,0.0,0.0,619,66,410,40,447,42,392,43,0.0,0.0,0.0,Bournemouth,BOU
True,True,,,463981,0,0,0,0,-33.0,-2,"[{'offset': 0, 'projected_percent': '-33.1', 'likelihood': -2}, {'offset': 1, 'projected_percent': '-33.5', 'likelihood': -2}, {'offset': 2, 'projected_percent': '-33.8', 'likelihood': -2}]",,False,0,2,2.3,2.3,4,James,2.3,60,False,,,5.5,463981.jpg,2.4,False,Hill,0.8,False,,a,3,91,12,30772,3031,43599,3005,0.4,2.2,Hill,,241.0,2022-01-05,2002-01-10,False,p463981,450,0,0,0,8,0,0,0,1,0,0,0,43,119.6,69.3,6.0,19.5,41,11,9,50,5,0.00,0.79,0.79,6.95,,,,,,,[],,44,19,75,14,291,104,92,29,0.0,0.0,0.16,0.16,1.39,1.6,147,16,174,66,197,78,206,79,1.0,0.0,10.0,Bournemouth,BOU
True,True,,,494521,-1,1,-1,1,-1.3,-6,"[{'offset': 0, 'projected_percent': '-1.4', 'likelihood': -1}, {'offset': 1, 'projected_percent': '-1.5', 'likelihood': -1}, {'offset': 2, 'projected_percent': '-1.7', 'likelihood': -1}]",,False,0,2,1.7,1.7,2,Adrien,1.7,61,False,,,5.4,494521.jpg,2.0,False,Truffert,3.0,False,,a,3,91,10,56249,4380,160058,11775,0.3,1.9,Truffert,,73.0,2025-06-16,2001-11-20,False,p494521,450,0,0,0,8,0,0,0,1,0,0,2,53,104.6,70.5,39.0,21.5,28,24,17,45,5,0.11,0.29,0.40,6.95,,,,,,,[],,69,31,73,13,127,35,78,19,0.02,0.0,0.06,0.08,1.39,1.6,199,26,220,81,236,90,104,39,1.0,0.0,9.0,Bournemouth,BOU
True,True,,,242882,-1,1,-1,1,-5.4,-2,"[{'offset': 0, 'projected_percent': '-5.9', 'likelihood': -1}, {'offset': 1, 'projected_percent': '-7.0', 'likelihood': -1}, {'offset': 2, 'projected_percent': '-8.2', 'likelihood': -1}]",,False,0,2,0.0,0.0,0,Bafodé,0.0,62,False,,,4.9,242882.jpg,0.0,False,Diakité,0.2,False,,a,3,91,0,7116,458,12007,942,0.0,0.0,Diakité,,73.0,2025-08-13,2001-01-06,False,p242882,0,0,0,0,0,0,0,0,0,0,0,0,0,0.0,0.0,0.0,0.0,0,0,0,0,0,0.00,0.00,0.00,0.00,,,,,,,[],,567,206,564,205,530,202,572,206,0.0,0.0,0.0,0.0,0.0,0.0,360,64,554,203,578,205,364,139,0.0,0.0,0.0,Bournemouth,BOU
True,True,0.0,0.0,620487,0,0,-1,1,-3.9,0,"[{'offset': 0, 'projected_percent': '-3.9', 'likelihood': -1}, {'offset': 1, 'projected_percent': '-3.9', 'likelihood': -1}, {'offset': 2, 'projected_percent': '-3.9', 'likelihood': -1}]",,False,0,2,0.0,0.0,0,Veljko,0.0,63,False,Thigh injury - Unknown return date,2026-08-06T10:00:10.456051Z,4.9,620487.jpg,0.0,False,Milosavljevic,0.0,False,,i,3,91,0,334,28,841,44,0.0,0.0,Milosavljević,,190.0,2025-09-01,2007-06-28,False,p620487,0,0,0,0,0,0,0,0,0,0,0,0,0,0.0,0.0,0.0,0.0,0,0,0,0,0,0.00,0.00,0.00,0.00,,,,,,,[],https://www.afcb.co.uk/news/2026/september/10/injury-news--updates-on-/,583,208,582,207,555,204,589,208,0.0,0.0,0.0,0.0,0.0,0.0,400,71,574,206,592,207,618,209,0.0,0.0,0.0,Bournemouth,BOU
True,True,,,54469,0,0,0,0,0.3,0,"[{'offset': 0, 'projected_percent': '0.3', 'likelihood': 1}, {'offset': 1, 'projected_percent': '0.3', 'likelihood': 1}, {'offset': 2, 'projected_percent': '0.3', 'likelihood': 1}]",,False,0,2,0.7,0.7,2,Adam,0.7,64,False,,,4.5,54469.jpg,0.8,False,Smith,0.1,False,,a,3,91,4,7184,386,7291,463,0.2,0.9,Smith,,241.0,2014-01-28,1991-04-29,False,p54469,434,0,0,0,8,0,0,0,3,0,0,0,14,43.6,44.4,4.0,9.1,16,15,5,21,5,0.01,0.09,0.10,6.70,,,,,,,[],,205,81,140,38,304,109,221,80,0.0,0.0,0.02,0.02,1.39,1.66,428,84,290,106,403,139,389,146,1.04,0.0,4.35,Bournemouth,BOU
True,True,0.0,0.0,436893,0,0,-1,1,-12.1,0,"[{'offset': 0, 'projected_percent': '-12.1', 'likelihood': -1}, {'offset': 1, 'projected_percent': '-12.1', 'likelihood': -1}, {'offset': 2, 'projected_percent': '-12.1', 'likelihood': -1}]",,False,0,2,0.0,0.0,0,Julián,0.0,65,False,Thigh injury - Unknown return date,2026-08-09T08:00:05.645826Z,4.4,436893.jpg,0.0,False,Araujo Zúñiga,0.0,False,,i,3,91,0,418,34,1292,53,0.0,0.0,J.Araujo,,139.0,2024-08-13,2001-08-13,False,p436893,0,0,0,0,0,0,0,0,0,0,0,0,0,0.0,0.0,0.0,0.0,0,0,0,0,0,0.00,0.00,0.00,0.00,,,,,,,[],https://www.afcb.co.uk/news/2026/september/10/injury-news--updates-on-/,471,183,463,182,413,171,476,183,0.0,0.0,0.0,0.0,0.0,0.0,560,146,450,175,485,183,603,204,0.0,0.0,0.0,Bournemouth,BOU
True,True,100.0,100.0,575901,0,0,0,0,1.4,0,"[{'offset': 0, 'projected_percent': '1.4', 'likelihood': 1}, {'offset': 1, 'projected_percent': '1.4', 'likelihood': 1}, {'offset': 2, 'projected_percent': '1.4', 'likelihood': 1}]",,False,0,2,0.0,0.0,0,Julio,0.0,66,False,,2026-08-15T16:30:07.021055Z,4.0,575901.jpg,0.0,False,Soler Barreto,0.3,False,,a,3,91,0,13806,715,10980,1095,0.0,0.0,Soler,,10.0,2025-01-07,2005-02-16,False,p575901,0,0,0,0,0,0,0,0,0,0,0,0,0,0.0,0.0,0.0,0.0,0,0,0,0,0,0.00,0.00,0.00,0.00,,,,,,,[],,453,170,444,169,389,155,458,170,0.0,0.0,0.0,0.0,0.0,0.0,648,199,431,161,467,170,307,114,0.0,0.0,0.0,Bournemouth,BOU
True,True,,,499604,-1,1,-2,2,-9.6,2,"[{'offset': 0, 'projected_percent': '-9.6', 'likelihood': -1}, {'offset': 1, 'projected_percent': '-9.4', 'likelihood': -1}, {'offset': 2, 'projected_percent': '-9.3', 'likelihood': -1}]",,False,0,3,2.0,2.0,2,Rayan Vitor,2.0,67,False,,,6.3,499604.jpg,2.0,False,Simplício Rocha,1.6,False,,a,3,91,10,52506,3836,169020,9524,0.3,1.6,Rayan,Rayan,30.0,2026-01-27,2006-08-03,False,p499604,434,0,0,0,7,0,0,0,0,0,0,0,45,30.4,50.4,99.0,18.0,6,4,5,15,5,0.87,0.43,1.30,6.35,,,,,,,[],,254,104,118,79,38,21,108,58,0.18,0.0,0.09,0.27,1.32,1.45,50,34,203,93,243,107,146,45,1.04,0.0,3.11,Bournemouth,BOU
True,True,,,201658,0,0,1,-1,29.7,2,"[{'offset': 0, 'projected_percent': '29.7', 'likelihood': 2}, {'offset': 1, 'projected_percent': '29.7', 'likelihood': 2}, {'offset': 2, 'projected_percent': '29.8', 'likelihood': 2}]",,False,1,3,6.7,6.7,2,Marcus,6.7,68,False,,,6.1,201658.jpg,6.2,False,Tavernier,6.8,False,,a,3,91,31,690656,79463,216933,42209,1.1,5.1,Tavernier,,241.0,2022-08-01,1999-03-22,False,p201658,424,3,0,0,8,0,0,0,2,0,0,8,153,161.8,146.1,147.0,45.5,5,26,11,42,5,1.70,0.92,2.62,6.54,1.0,,1.0,,3.0,,[],,8,5,18,17,11,6,6,5,0.36,0.0,0.2,0.56,1.39,1.7,61,42,20,7,23,10,58,18,1.06,0.0,8.92,Bournemouth,BOU
True,True,,,503139,0,0,1,-1,0.4,-1,"[{'offset': 0, 'projected_percent': '0.4', 'likelihood': 1}, {'offset': 1, 'projected_percent': '0.4', 'likelihood': 1}, {'offset': 2, 'projected_percent': '0.3', 'likelihood': 1}]",,False,1,3,5.3,5.3,2,Alex,5.3,69,False,,,6.1,503139.jpg,6.0,False,Scott,5.8,False,,a,3,91,30,546831,22928,207645,37469,0.9,4.9,Scott,,241.0,2023-08-10,2003-08-21,False,p503139,446,1,2,1,7,0,0,0,1,0,0,5,129,102.8,146.4,56.0,30.5,15,36,9,60,5,0.64,0.42,1.06,6.82,2.0,,4.0,,,,[],,76,23,17,16,84,50,32,23,0.13,0.0,0.08,0.21,1.38,1.41,64,45,39,12,34,16,66,21,1.01,0.2,12.11,Bournemouth,BOU
True,True,0.0,,222683,0,0,0,0,-51.5,-38,"[{'offset': 0, 'projected_percent': '-52.6', 'likelihood': -3}, {'offset': 1, 'projected_percent': '-55.0', 'likelihood': -3}, {'offset': 2, 'projected_percent': '-57.4', 'likelihood': -3}]",,False,0,3,0.0,3.0,0,Justin,3.0,70,False,Unspecified injury - Unknown return date,2026-09-20T15:30:09.074071Z,6.0,222683.jpg,3.8,False,Kluivert,0.9,False,,i,3,91,15,52648,2291,82295,17413,0.5,2.5,Kluivert,,152.0,2023-07-01,1999-05-05,False,p222683,294,1,0,2,3,0,0,0,1,0,0,1,64,62.2,46.5,120.0,22.5,2,16,4,22,4,0.99,0.08,1.07,4.48,3.0,,2.0,,2.0,,[],,159,61,134,86,22,12,67,42,0.3,0.0,0.02,0.32,1.37,0.92,67,46,132,55,107,43,195,62,1.22,0.61,6.73,Bournemouth,BOU
True,True,,,155408,0,0,0,0,-11.5,0,"[{'offset': 0, 'projected_percent': '-11.5', 'likelihood': -1}, {'offset': 1, 'projected_percent': '-11.5', 'likelihood': -1}, {'offset': 2, 'projected_percent': '-11.5', 'likelihood': -1}]",,False,0,3,0.7,0.7,1,Lewis,0.7,71,False,,,5.0,155408.jpg,1.6,False,Cook,0.2,False,,a,3,91,8,13093,259,13905,1124,0.1,1.6,Cook,,241.0,2016-07-08,1997-02-03,False,p155408,180,0,0,2,1,0,0,0,1,0,0,0,25,11.8,15.8,0.0,2.8,7,6,1,14,2,0.00,0.01,0.01,4.20,,,,,,,[],,312,138,234,126,564,240,327,153,0.0,0.0,0.0,0.0,2.1,0.5,249,155,297,138,266,118,354,127,1.0,1.0,7.0,Bournemouth,BOU
True,True,,,496208,0,0,-1,1,-62.6,0,"[{'offset': 0, 'projected_percent': '-62.6', 'likelihood': -3}, {'offset': 1, 'projected_percent': '-62.6', 'likelihood': -3}, {'offset': 2, 'projected_percent': '-62.6', 'likelihood': -3}]",,False,0,3,1.0,1.0,1,Ben,1.0,72,False,,,4.9,496208.jpg,1.0,False,Gannon-Doak,0.1,False,,a,3,91,4,1635,135,4624,364,0.2,0.8,Gannon-Doak,,243.0,2025-08-18,2005-11-11,False,p496208,12,0,0,0,1,0,0,0,0,0,0,0,15,4.0,2.9,16.0,2.3,0,5,2,7,0,0.12,0.05,0.17,0.60,,,,,,,[],,370,174,323,163,210,115,341,161,0.9,0.0,0.38,1.28,4.5,7.5,379,226,255,113,340,149,483,188,0.0,0.0,52.5,Bournemouth,BOU
True,True,100.0,100.0,200785,0,0,0,0,1.5,-1,"[{'offset': 0, 'projected_percent': '1.5', 'likelihood': 1}, {'offset': 1, 'projected_percent': '1.5', 'likelihood': 1}, {'offset': 2, 'projected_percent': '1.5', 'likelihood': 1}]",,False,0,3,3.3,3.3,4,Tyler,3.3,73,False,,2026-08-15T16:30:07.029928Z,5.0,200785.jpg,2.4,False,Adams,0.3,False,,a,3,91,12,18268,1059,16586,1595,0.7,2.4,Adams,,229.0,2023-08-20,1999-02-14,False,p200785,279,0,0,0,7,0,0,0,0,0,0,0,52,45.8,32.2,7.0,8.5,12,22,7,41,3,0.03,0.07,0.10,2.74,,,,,,,[],,202,87,180,105,280,144,228,105,0.01,0.0,0.02,0.03,0.88,2.26,256,159,100,40,194,83,303,106,0.97,0.0,13.23,Bournemouth,BOU
True,True,100.0,100.0,111317,0,0,0,0,-19.1,0,"[{'offset': 0, 'projected_percent': '-19.1', 'likelihood': -1}, {'offset': 1, 'projected_percent': '-19.1', 'likelihood': -1}, {'offset': 2, 'projected_percent': '-19.1', 'likelihood': -1}]",,False,0,3,0.7,0.7,1,David,0.7,74,False,,2026-08-15T16:30:07.037929Z,5.0,111317.jpg,0.8,False,Brooks,0.1,False,,a,3,91,3,3352,170,3774,316,0.1,0.6,Brooks,,244.0,2018-07-01,1997-07-08,False,p111317,45,0,0,0,2,0,0,0,1,0,0,0,8,9.2,23.6,2.0,3.5,2,3,0,5,0,0.00,0.07,0.07,0.75,4.0,,3.0,,,,[],,328,149,205,116,326,162,315,143,0.0,0.0,0.14,0.14,1.5,4.0,244,152,296,137,406,194,494,194,0.0,0.0,10.0,Bournemouth,BOU
True,True,100.0,100.0,158499,0,0,0,0,0.4,0,"[{'offset': 0, 'projected_percent': '0.4', 'likelihood': 1}, {'offset': 1, 'projected_percent': '0.4', 'likelihood': 1}, {'offset': 2, 'projected_percent': '0.4', 'likelihood': 1}]",,False,0,3,1.3,1.3,2,Ryan,1.3,75,False,,2026-07-24T17:30:10.035483Z,5.0,158499.jpg,1.2,False,Christie,0.0,False,,a,3,91,5,3542,287,2186,241,0.3,1.0,Christie,,243.0,2021-08-31,1995-02-22,False,p158499,102,0,0,0,2,0,0,0,0,0,0,0,15,9.4,17.1,31.0,5.2,3,10,1,14,1,0.50,0.13,0.63,1.64,,,,,,,[],,327,148,229,125,151,79,286,128,0.44,0.0,0.11,0.55,1.45,1.76,250,156,239,106,291,132,526,209,0.88,0.0,12.35,Bournemouth,BOU
True,True,,,614574,0,0,-1,1,-12.0,0,"[{'offset': 0, 'projected_percent': '-12.0', 'likelihood': -1}, {'offset': 1, 'projected_percent': '-12.0', 'likelihood': -1}, {'offset': 2, 'projected_percent': '-12.0', 'likelihood': -1}]",,False,0,3,0.3,0.3,1,Alex,0.3,76,False,,,4.9,614574.jpg,1.0,False,Tóth,0.0,False,,a,3,91,2,382,25,783,54,0.1,0.4,Tóth.A,,98.0,2026-01-20,2005-10-23,False,p614574,17,0,0,0,2,0,0,0,0,0,0,0,8,3.0,0.7,0.0,0.3,0,1,1,2,0,0.00,0.00,0.00,0.56,,,,,,,[],,379,176,365,182,554,234,396,185,0.0,0.0,0.0,0.0,2.96,10.59,399,243,344,161,348,156,594,247,0.0,0.0,10.59,Bournemouth,BOU
True,True,0.0,0.0,489888,0,0,-1,1,-82.1,0,"[{'offset': 0, 'projected_percent': '-82.1', 'likelihood': -3}, {'offset': 1, 'projected_percent': '-82.1', 'likelihood': -3}, {'offset': 2, 'projected_percent': '-82.1', 'likelihood': -3}]",,False,0,3,0.0,0.0,0,Amine,0.0,77,False,Calf injury - Unknown return date,2026-08-15T16:00:07.590566Z,4.9,489888.jpg,0.0,False,Adli,0.0,False,,i,3,91,0,291,22,2215,74,0.0,0.0,Adli,,145.0,2025-08-21,2000-05-10,False,p489888,0,0,0,0,0,0,0,0,0,0,0,0,0,0.0,0.0,0.0,0.0,0,0,0,0,0,0.00,0.00,0.00,0.00,,,,,,,[],https://www.afcb.co.uk/news/2026/september/10/injury-news--updates-on-/,574,239,573,245,540,222,580,241,0.0,0.0,0.0,0.0,0.0,0.0,378,225,564,233,585,246,598,251,0.0,0.0,0.0,Bournemouth,BOU
True,True,0.0,0.0,560262,0,0,-1,1,-73.7,-1,"[{'offset': 0, 'projected_percent': '-73.9', 'likelihood': -3}, {'offset': 1, 'projected_percent': '-74.2', 'likelihood': -3}, {'offset': 2, 'projected_percent': '-74.6', 'likelihood': -3}]",,False,0,3,0.0,0.0,0,Junior,0.0,78,False,Foot injury - Expected back 7 Nov,2026-07-29T17:30:09.796802Z,7.4,560262.jpg,0.0,False,Kroupi,0.2,False,,i,3,91,0,1227,181,27341,823,0.0,0.0,Kroupi.Jr,,73.0,2025-02-02,2006-06-23,False,p560262,0,0,0,0,0,0,0,0,0,0,0,0,0,0.0,0.0,0.0,0.0,0,0,0,0,0,0.00,0.00,0.00,0.00,,,,,1.0,,[],https://www.afcb.co.uk/news/2026/september/10/injury-news--updates-on-/,666,298,666,298,666,298,666,298,0.0,0.0,0.0,0.0,0.0,0.0,21,13,664,297,665,298,347,125,0.0,0.0,0.0,Bournemouth,BOU
True,True,,,444102,0,0,0,0,49.8,13,"[{'offset': 0, 'projected_percent': '49.9', 'likelihood': 3}, {'offset': 1, 'projected_percent': '50.1', 'likelihood': 3}, {'offset': 2, 'projected_percent': '50.3', 'likelihood': 3}]",,False,0,4,3.0,3.0,2,Francisco Evanilson,3.0,79,False,,,6.0,444102.jpg,3.6,False,de Lima Barbosa,3.2,False,,a,3,91,18,252302,16841,175205,20378,0.5,3.0,Evanilson,Evanilson,30.0,2024-08-16,1999-10-06,False,p444102,424,0,3,2,5,0,0,0,1,0,0,0,66,71.4,82.6,99.0,25.2,11,13,3,27,5,0.87,0.52,1.39,6.45,,,,,,,[],,130,10,57,2,37,15,53,10,0.18,0.0,0.11,0.29,1.37,1.06,71,16,134,13,114,12,101,15,1.06,0.42,5.73,Bournemouth,BOU
True,False,0.0,0.0,168636,0,0,0,0,0.0,0,"[{'offset': 0, 'projected_percent': '0.0', 'likelihood': 0}, {'offset': 1, 'projected_percent': '0.0', 'likelihood': 0}, {'offset': 2, 'projected_percent': '0.0', 'likelihood': 0}]",,False,0,4,0.0,0.0,0,Enes,0.0,80,False,Has joined Getafe permanently,2026-08-14T14:14:21.881112Z,5.5,168636.jpg,0.0,False,Ünal,0.0,False,,u,3,91,0,0,0,1980,48,0.0,0.0,Enes Ünal,,219.0,2024-07-01,1997-05-10,False,p168636,0,0,0,0,0,0,0,0,0,0,0,0,0,0.0,0.0,0.0,0.0,0,0,0,0,0,0.00,0.00,0.00,0.00,,,,,,,[],,637,72,642,76,629,73,642,76,0.0,0.0,0.0,0.0,0.0,0.0,127,33,634,72,642,76,590,76,0.0,0.0,0.0,Bournemouth,BOU
True,True,100.0,100.0,561245,0,0,0,0,-33.2,0,"[{'offset': 0, 'projected_percent': '-33.2', 'likelihood': -2}, {'offset': 1, 'projected_percent': '-33.2', 'likelihood': -2}, {'offset': 2, 'projected_percent': '-33.2', 'likelihood': -2}]",,False,0,4,0.3,0.3,0,Álvaro,0.3,81,False,,2026-08-15T16:30:07.054142Z,6.0,561245.jpg,1.0,False,Rodríguez,0.1,False,,a,3,91,2,5437,730,6826,695,0.0,0.3,Rodríguez,,230.0,2026-07-14,2004-07-14,False,p561245,10,0,0,0,1,0,0,0,0,0,0,0,7,0.0,0.5,0.0,0.1,0,1,0,1,0,0.00,0.00,0.00,0.18,,,,,,,[],,658,76,374,46,655,76,408,48,0.0,0.0,0.0,0.0,1.62,9.0,74,18,356,40,392,46,388,58,0.0,0.0,9.0,Bournemouth,BOU
True,True,,,483067,0,0,0,0,1.3,0,"[{'offset': 0, 'projected_percent': '1.3', 'likelihood': 1}, {'offset': 1, 'projected_percent': '1.3', 'likelihood': 1}, {'offset': 2, 'projected_percent': '1.3', 'likelihood': 1}]",,False,0,2,2.3,2.3,3,António João,2.3,566,False,,,5.0,483067.jpg,2.6,False,Pereira de Albuquerque Tavares da Silva,0.4,False,,a,3,91,13,31126,5664,24759,3318,0.5,2.6,Silva,António Silva,173.0,2026-08-01,2003-10-30,False,p483067,450,0,0,0,8,0,0,0,2,0,0,0,30,124.6,10.1,43.0,17.7,51,14,5,56,5,0.85,0.29,1.14,6.95,,,,,,,[],,37,16,280,101,111,26,111,36,0.17,0.0,0.06,0.23,1.39,1.6,291,49,169,63,182,70,264,98,1.0,0.0,11.2,Bournemouth,BOU
True,True,,,494928,0,0,-1,1,-12.0,0,"[{'offset': 0, 'projected_percent': '-12.0', 'likelihood': -1}, {'offset': 1, 'projected_percent': '-12.0', 'likelihood': -1}, {'offset': 2, 'projected_percent': '-12.0', 'likelihood': -1}]",,False,0,2,0.0,0.0,0,Juanlu,0.0,573,False,,,4.4,494928.jpg,0.0,False,Sánchez,0.2,False,,a,3,91,0,1563,143,7076,419,0.0,0.0,Sanchez,,200.0,2026-08-06,2003-08-15,False,p494928,0,0,0,0,0,0,0,0,0,0,0,0,0,0.0,0.0,0.0,0.0,0,0,0,0,0,0.00,0.00,0.00,0.00,,,,,,,[],,474,184,466,183,416,172,479,184,0.0,0.0,0.0,0.0,0.0,0.0,568,151,454,177,488,184,358,135,0.0,0.0,0.0,Bournemouth,BOU
True,True,,,523700,0,0,0,0,0.5,1,"[{'offset': 0, 'projected_percent': '0.5', 'likelihood': 1}, {'offset': 1, 'projected_percent': '0.6', 'likelihood': 1}, {'offset': 2, 'projected_percent': '0.6', 'likelihood': 1}]",,False,0,4,0.7,0.7,1,Daniel,0.7,608,False,,,5.0,523700.jpg,1.0,False,Jebbison,0.1,False,,a,3,91,3,13221,858,7228,873,0.1,0.6,Jebbison,,39.0,2024-07-10,2003-08-13,False,p523700,31,0,0,0,2,0,0,0,0,0,0,0,13,3.6,1.6,21.0,2.6,0,1,0,1,0,0.10,0.00,0.10,0.61,,,,,,,[],,372,36,342,44,184,30,334,36,0.29,0.0,0.0,0.29,1.77,5.81,313,58,300,33,355,37,402,60,0.0,0.0,2.9,Bournemouth,BOU
True,True,,,230650,0,0,0,0,-27.9,0,"[{'offset': 0, 'projected_percent': '-27.9', 'likelihood': -2}, {'offset': 1, 'projected_percent': '-27.9', 'likelihood': -2}, {'offset': 2, 'projected_percent': '-27.9', 'likelihood': -2}]",,False,0,1,0.0,0.0,0,Michele,0.0,615,False,,,4.5,230650.jpg,0.0,False,Di Gregorio,0.0,False,,a,3,91,0,2924,181,1737,188,0.0,0.0,Di Gregorio,,106.0,2026-08-25,1997-07-27,False,p230650,0,0,0,0,0,0,0,0,0,0,0,0,0,0.0,0.0,0.0,0.0,0,0,0,0,0,0.00,0.00,0.00,0.00,,,,,,,[],,496,62,491,47,442,42,501,62,0.0,0.0,0.0,0.0,0.0,0.0,458,33,479,61,510,62,519,61,0.0,0.0,0.0,Bournemouth,BOU
True,True,,,200720,0,0,0,0,19.9,7,"[{'offset': 0, 'projected_percent': '20.0', 'likelihood': 2}, {'offset': 1, 'projected_percent': '20.1', 'likelihood': 2}, {'offset': 2, 'projected_percent': '20.2', 'likelihood': 2}]",,False,0,1,3.2,3.2,6,Caoimhín,3.2,82,False,,,5.0,200720.jpg,4.0,False,Kelleher,6.1,False,,a,4,94,20,250939,19302,213249,12983,0.6,4.0,Kelleher,,104.0,2025-06-03,1998-11-23,False,p200720,450,0,0,2,4,0,0,0,0,0,17,0,97,118.0,0.0,0.0,11.7,7,34,0,0,5,0.00,0.01,0.01,6.32,,,,,,,[],,46,8,590,65,567,64,186,9,0.0,3.4,0.0,0.0,1.26,0.8,255,9,110,13,90,8,62,9,1.0,0.4,0.0,Brentford,BRE
True,True,,,507433,0,0,0,0,-73.3,0,"[{'offset': 0, 'projected_percent': '-73.3', 'likelihood': -3}, {'offset': 1, 'projected_percent': '-73.3', 'likelihood': -3}, {'offset': 2, 'projected_percent': '-73.3', 'likelihood': -3}]",,False,0,1,0.0,0.0,0,Hákon Rafn,0.0,83,False,,,4.5,507433.jpg,0.0,False,Valdimarsson,0.1,False,,a,4,94,0,2850,285,4571,321,0.0,0.0,Valdimarsson,,99.0,2024-01-26,2001-10-13,False,p507433,0,0,0,0,0,0,0,0,0,0,0,0,0,0.0,0.0,0.0,0.0,0,0,0,0,0,0.00,0.00,0.00,0.00,,,,,,,[],,511,65,508,52,465,50,516,65,0.0,0.0,0.0,0.0,0.0,0.0,491,41,495,64,525,65,419,49,0.0,0.0,0.0,Brentford,BRE
True,True,0.0,0.0,432830,0,0,-1,1,-27.4,-10,"[{'offset': 0, 'projected_percent': '-27.7', 'likelihood': -2}, {'offset': 1, 'projected_percent': '-28.2', 'likelihood': -2}, {'offset': 2, 'projected_percent': '-28.8', 'likelihood': -2}]",,False,0,2,0.0,0.0,0,Nathan,1.0,84,False,Calf injury - Unknown return date,2026-09-05T18:00:06.182495Z,5.4,432830.jpg,3.3,False,Collins,1.0,False,,i,4,94,10,58734,115,156442,9086,0.2,1.9,Collins,,104.0,2023-07-04,2001-04-30,False,p432830,196,0,0,1,1,0,0,0,1,0,0,0,39,40.6,22.4,51.0,11.4,15,11,2,17,3,0.51,0.05,0.56,2.13,,,,,,,[],https://www.brentfordfc.com/en/news/article/first-team-bournemouth-v-brentford-premier-league-keith-andrews-squad-news-update-nathan-collins,214,86,211,69,91,17,193,70,0.23,0.0,0.02,0.25,0.98,0.46,187,23,263,98,123,51,183,69,1.38,0.46,7.81,Brentford,BRE
True,True,0.0,0.0,444765,0,0,-1,1,-77.9,0,"[{'offset': 0, 'projected_percent': '-77.9', 'likelihood': -3}, {'offset': 1, 'projected_percent': '-77.9', 'likelihood': -3}, {'offset': 2, 'projected_percent': '-77.9', 'likelihood': -3}]",,False,0,2,0.0,0.0,0,Sepp,0.0,85,False,Groin injury - Unknown return date,2026-08-15T15:30:06.416627Z,4.9,444765.jpg,0.0,False,van den Berg,0.1,False,,i,4,94,0,410,37,8931,325,0.0,0.0,Van den Berg,,152.0,2024-08-22,2001-12-20,False,p444765,0,0,0,0,0,0,0,0,0,0,0,0,0,0.0,0.0,0.0,0.0,0,0,0,0,0,0.00,0.00,0.00,0.00,,,,,,,[],https://www.brentfordfc.com/en/news/article/first-team-brentford-v-tottenham-hotspur-premier-league-team-news-mamadou-sangar%C3%A9,569,207,567,206,533,203,575,207,0.0,0.0,0.0,0.0,0.0,0.0,366,66,557,204,580,206,480,171,0.0,0.0,0.0,Brentford,BRE
True,True,,,249231,0,0,0,0,31.7,-8,"[{'offset': 0, 'projected_percent': '31.6', 'likelihood': 2}, {'offset': 1, 'projected_percent': '31.5', 'likelihood': 2}, {'offset': 2, 'projected_percent': '31.4', 'likelihood': 2}]",,False,0,3,3.0,3.0,3,Keane,3.0,86,False,,,5.5,249231.jpg,4.4,False,Lewis-Potter,1.7,False,,a,4,94,22,190238,3593,120076,11695,0.5,4.0,Lewis-Potter,,241.0,2022-07-12,2001-02-22,False,p249231,406,1,1,2,4,0,0,0,0,0,0,3,85,113.6,109.3,73.0,29.5,17,15,6,38,5,1.21,0.79,2.00,5.69,5.0,,1.0,,,,[],,53,18,36,31,55,34,35,25,0.27,0.0,0.18,0.45,1.26,0.89,140,85,128,52,75,29,136,42,1.11,0.44,8.42,Brentford,BRE
True,True,,,191866,0,0,0,0,30.2,0,"[{'offset': 0, 'projected_percent': '30.2', 'likelihood': 2}, {'offset': 1, 'projected_percent': '30.2', 'likelihood': 2}, {'offset': 2, 'projected_percent': '30.2', 'likelihood': 2}]",,False,0,2,3.2,3.2,7,Kristoffer,3.2,87,False,,,4.5,191866.jpg,4.2,False,Ajer,3.9,False,,a,4,94,21,316353,10866,275606,21914,0.7,4.7,Ajer,,161.0,2021-07-21,1998-04-17,False,p191866,450,0,0,2,4,0,0,0,1,0,0,1,73,104.2,34.0,49.0,18.8,46,11,4,50,5,0.13,0.08,0.21,6.32,,,,,,,[],,71,32,172,52,94,19,100,31,0.03,0.0,0.02,0.05,1.26,0.8,448,95,108,44,80,35,89,33,1.0,0.4,10.0,Brentford,BRE
True,True,,,607464,0,0,1,-1,-37.0,3,"[{'offset': 0, 'projected_percent': '-37.0', 'likelihood': -2}, {'offset': 1, 'projected_percent': '-37.0', 'likelihood': -2}, {'offset': 2, 'projected_percent': '-36.9', 'likelihood': -2}]",,False,1,2,2.5,2.5,6,Michael,2.5,88,False,,,4.6,607464.jpg,4.6,False,Kayode,7.6,False,,a,4,94,23,595358,12660,366800,20566,0.5,5.0,Kayode,,106.0,2025-07-01,2004-07-10,False,p607464,294,1,0,2,1,0,0,0,0,0,0,1,72,63.8,32.9,56.0,15.3,14,14,2,16,4,0.55,0.43,0.98,3.24,,,,,,,[],,151,65,175,54,82,14,137,46,0.17,0.0,0.13,0.3,0.99,0.31,427,83,153,59,71,32,50,19,1.22,0.61,4.9,Brentford,BRE
True,True,,,194010,0,0,-1,1,-15.2,1,"[{'offset': 0, 'projected_percent': '-14.7', 'likelihood': -1}, {'offset': 1, 'projected_percent': '-13.8', 'likelihood': -1}, {'offset': 2, 'projected_percent': '-12.8', 'likelihood': -1}]",,False,0,2,0.2,0.2,0,Rico,0.2,89,False,,,4.4,194010.jpg,1.0,False,Henry,0.2,False,,a,4,94,1,1979,155,8572,574,0.0,0.2,Henry,,107.0,2016-08-31,1997-07-08,False,p194010,2,0,0,0,0,0,0,0,0,0,0,0,3,0.0,0.0,0.0,0.0,0,0,0,0,0,0.00,0.00,0.00,0.00,,,,,,,[],,469,182,461,181,410,169,474,182,0.0,0.0,0.0,0.0,0.0,0.0,552,139,364,129,310,115,339,127,0.0,0.0,0.0,Brentford,BRE
True,True,,,472713,0,0,0,0,-28.4,-1,"[{'offset': 0, 'projected_percent': '-29.6', 'likelihood': -2}, {'offset': 1, 'projected_percent': '-32.2', 'likelihood': -2}, {'offset': 2, 'projected_percent': '-34.7', 'likelihood': -2}]",,False,0,2,1.0,1.0,1,Aaron,1.0,90,False,,,4.5,472713.jpg,1.0,False,Hickey,0.1,False,,a,4,94,5,2091,177,2976,243,0.2,1.1,Hickey,,243.0,2022-07-09,2002-06-10,False,p472713,152,0,0,0,3,0,0,0,0,0,0,0,17,32.8,7.8,6.0,4.7,13,8,4,17,1,0.03,0.06,0.09,3.07,,,,,,,[],,244,99,285,103,284,101,298,111,0.02,0.0,0.04,0.06,1.82,1.78,480,117,251,93,320,123,459,163,0.59,0.0,10.07,Brentford,BRE
True,True,,,570241,-1,1,-1,1,-4.6,0,"[{'offset': 0, 'projected_percent': '-4.6', 'likelihood': -1}, {'offset': 1, 'projected_percent': '-4.6', 'likelihood': -1}, {'offset': 2, 'projected_percent': '-4.6', 'likelihood': -1}]",,False,0,2,0.0,0.0,0,Kim,0.0,92,False,,,4.4,570241.jpg,0.0,False,Ji-soo,0.0,False,,a,4,94,0,492,58,959,87,0.0,0.0,Ji-soo,Kim Ji-Soo,114.0,2023-07-20,2004-12-24,False,p570241,0,0,0,0,0,0,0,0,0,0,0,0,0,0.0,0.0,0.0,0.0,0,0,0,0,0,0.00,0.00,0.00,0.00,,,,,,,[],,480,185,472,184,422,173,485,185,0.0,0.0,0.0,0.0,0.0,0.0,574,152,460,178,494,185,579,198,0.0,0.0,0.0,Brentford,BRE
True,True,,,513086,0,0,0,0,4.9,5,"[{'offset': 0, 'projected_percent': '4.9', 'likelihood': 1}, {'offset': 1, 'projected_percent': '5.0', 'likelihood': 1}, {'offset': 2, 'projected_percent': '5.1', 'likelihood': 1}]",,False,1,2,5.2,5.2,14,Jannik,5.2,93,False,,,4.5,513086.jpg,7.0,False,Schuster,0.3,False,,a,4,94,21,16274,14712,6651,2163,1.2,4.7,Schuster,,14.0,2026-06-15,2006-05-16,False,p513086,253,0,1,1,3,0,0,0,0,0,0,3,59,92.4,11.5,16.0,12.0,35,6,3,38,2,0.10,0.54,0.64,4.19,,,,,,,[],,91,42,269,97,209,64,180,65,0.04,0.0,0.19,0.23,1.49,1.07,493,121,40,20,11,6,301,110,0.71,0.36,13.52,Brentford,BRE
True,True,,,513418,1,-1,2,-2,11.6,193,"[{'offset': 0, 'projected_percent': '12.1', 'likelihood': 1}, {'offset': 1, 'projected_percent': '13.1', 'likelihood': 1}, {'offset': 2, 'projected_percent': '14.1', 'likelihood': 1}]",,False,1,3,9.0,9.0,9,Kevin,9.0,94,True,,,6.2,513418.jpg,7.8,False,Schade,11.4,False,,a,4,94,39,1000844,380989,243286,23282,1.5,6.3,Schade,,80.0,2023-07-01,2001-11-27,False,p513418,447,3,2,2,4,0,0,0,0,0,0,6,138,146.2,48.0,160.0,35.4,6,21,7,34,5,1.52,0.32,1.84,6.32,,,,,2.0,,[],,20,11,126,84,7,3,19,15,0.31,0.0,0.06,0.37,1.27,0.81,58,41,3,2,6,3,36,15,1.01,0.4,6.85,Brentford,BRE
True,True,,,533463,0,0,-2,2,-46.6,0,"[{'offset': 0, 'projected_percent': '-46.6', 'likelihood': -3}, {'offset': 1, 'projected_percent': '-46.6', 'likelihood': -3}, {'offset': 2, 'projected_percent': '-46.6', 'likelihood': -3}]",,False,0,3,1.0,1.0,1,Dango,1.0,95,False,,,6.3,533463.jpg,1.4,False,Ouattara,0.5,False,,a,4,94,7,15148,787,82113,3534,0.2,1.1,O.Dango,,35.0,2025-08-16,2002-02-11,False,p533463,179,0,0,1,1,0,0,0,0,0,0,0,34,25.4,59.3,23.0,10.8,9,17,2,28,2,0.09,0.39,0.48,2.81,4.0,,,,,,[],,264,110,95,67,175,94,200,96,0.05,0.0,0.2,0.25,1.41,0.5,51,35,274,125,280,126,255,84,1.01,0.5,14.08,Brentford,BRE
True,True,,,440089,0,0,-1,1,-8.4,4,"[{'offset': 0, 'projected_percent': '-7.8', 'likelihood': -1}, {'offset': 1, 'projected_percent': '-6.5', 'likelihood': -1}, {'offset': 2, 'projected_percent': '-5.3', 'likelihood': -1}]",,False,0,3,3.8,3.8,3,Mikkel,3.8,96,False,,,5.4,440089.jpg,3.2,False,Damsgaard,0.4,False,,a,4,94,16,15020,1509,30100,1984,0.7,3.0,Damsgaard,,58.0,2022-08-10,2000-07-03,False,p440089,283,0,1,2,1,0,0,0,0,0,0,3,74,47.4,118.2,42.0,20.7,6,18,7,31,3,0.17,0.73,0.90,3.06,2.0,,3.0,,,,[],,200,86,31,27,115,65,82,47,0.05,0.0,0.23,0.28,0.97,0.32,189,118,86,34,131,51,262,87,0.95,0.64,9.86,Brentford,BRE
True,True,0.0,0.0,207283,0,0,-1,1,-55.2,-2,"[{'offset': 0, 'projected_percent': '-55.8', 'likelihood': -3}, {'offset': 1, 'projected_percent': '-57.1', 'likelihood': -3}, {'offset': 2, 'projected_percent': '-58.5', 'likelihood': -3}]",,False,0,3,0.0,0.0,0,Mathias,0.0,97,False,Unspecified injury - Expected back 10 Oct,2026-08-30T12:30:08.176795Z,5.4,207283.jpg,6.0,False,Jensen,0.1,False,,i,4,94,6,4505,20,15056,622,0.0,1.1,Jensen,,58.0,2019-07-10,1996-01-01,False,p207283,66,0,1,1,0,0,0,0,0,0,0,0,22,12.6,46.2,13.0,7.2,0,3,2,5,1,0.08,0.34,0.42,0.47,1.0,,2.0,,3.0,,[],https://www.brentfordfc.com/en/news/article/first-team-brentford-v-chelsea-premier-league-igor-thiago,309,136,136,87,234,121,247,109,0.11,0.0,0.46,0.57,0.64,0.0,177,112,622,270,29,13,425,158,1.36,1.36,6.82,Brentford,BRE
True,True,,,204580,0,0,0,0,76.2,-4,"[{'offset': 0, 'projected_percent': '76.2', 'likelihood': 3}, {'offset': 1, 'projected_percent': '76.1', 'likelihood': 3}, {'offset': 2, 'projected_percent': '76.1', 'likelihood': 3}]",,False,1,3,4.8,4.8,3,Vitaly,4.8,98,False,,,5.0,204580.jpg,5.6,False,Janelt,2.5,False,,a,4,94,28,305896,18836,106388,17297,1.0,5.6,Janelt,,80.0,2020-10-03,1998-05-10,False,p204580,450,2,0,2,4,0,0,0,3,0,0,3,109,164.0,97.5,47.0,30.9,27,20,17,64,5,0.53,0.44,0.97,6.32,3.0,,,,,,[],,7,4,42,35,100,55,31,22,0.11,0.0,0.09,0.2,1.26,0.8,258,161,52,17,38,19,113,35,1.0,0.4,12.8,Brentford,BRE
True,True,0.0,0.0,543295,0,0,0,0,-42.1,0,"[{'offset': 0, 'projected_percent': '-42.1', 'likelihood': -3}, {'offset': 1, 'projected_percent': '-42.1', 'likelihood': -3}, {'offset': 2, 'projected_percent': '-42.1', 'likelihood': -3}]",,False,0,3,0.0,0.0,0,Antoni,0.0,99,False,Knee injury - Unknown return date,2026-07-23T12:01:23.384798Z,5.0,543295.jpg,0.0,False,Milambo,0.0,False,,i,4,94,0,115,6,159,7,0.0,0.0,Milambo,,152.0,2025-07-03,2005-04-03,False,p543295,0,0,0,0,0,0,0,0,0,0,0,0,0,0.0,0.0,0.0,0.0,0,0,0,0,0,0.00,0.00,0.00,0.00,,,,,,,[],https://www.brentfordfc.com/en/news/video/first-team-fabio-carvalho-brentford-injury-return-keith-andrews?utm_source=chatgpt.com,614,264,620,269,597,255,620,266,0.0,0.0,0.0,0.0,0.0,0.0,317,191,607,261,623,269,658,291,0.0,0.0,0.0,Brentford,BRE
True,True,100.0,100.0,244858,0,0,0,0,0.3,0,"[{'offset': 0, 'projected_percent': '0.3', 'likelihood': 1}, {'offset': 1, 'projected_percent': '0.3', 'likelihood': 1}, {'offset': 2, 'projected_percent': '0.3', 'likelihood': 1}]",,False,0,3,1.5,1.5,6,Fábio,1.5,100,False,,2026-08-18T13:58:17.442072Z,5.0,244858.jpg,6.0,False,Freitas Gouveia Carvalho,0.0,False,,a,4,94,6,1896,598,1449,171,0.3,1.2,Carvalho,Fábio Carvalho,173.0,2024-08-12,2002-08-30,False,p244858,3,1,0,0,0,0,0,0,0,0,0,0,23,33.2,0.3,33.0,6.7,0,0,0,0,0,0.43,0.00,0.43,0.13,,,,,,,[],,242,102,381,190,143,76,258,115,12.9,0.0,0.0,12.9,3.9,0.0,275,169,232,102,27,12,554,228,0.0,0.0,0.0,Brentford,BRE
True,True,,,508395,0,0,-2,2,-17.2,-1,"[{'offset': 0, 'projected_percent': '-17.3', 'likelihood': -1}, {'offset': 1, 'projected_percent': '-17.6', 'likelihood': -1}, {'offset': 2, 'projected_percent': '-17.8', 'likelihood': -1}]",,False,0,3,2.0,2.0,3,Yehor,2.0,102,False,,,4.8,508395.jpg,1.8,False,Yarmoliuk,0.6,False,,a,4,94,9,5750,1297,61522,3172,0.4,1.9,Yarmoliuk,,225.0,2022-10-28,2004-03-01,False,p508395,216,0,1,1,4,0,0,0,1,0,0,0,50,53.0,60.5,20.0,13.4,7,14,5,26,2,0.10,0.30,0.40,4.58,,,,,,,[],,181,72,93,65,188,101,164,84,0.04,0.0,0.12,0.16,1.91,1.67,416,254,188,83,252,110,224,71,0.83,0.42,10.83,Brentford,BRE
True,True,0.0,0.0,183656,0,0,-1,1,-59.8,0,"[{'offset': 0, 'projected_percent': '-59.8', 'likelihood': -3}, {'offset': 1, 'projected_percent': '-59.8', 'likelihood': -3}, {'offset': 2, 'projected_percent': '-59.8', 'likelihood': -3}]",,False,0,3,0.0,0.0,0,Josh,0.0,103,False,Hamstring injury - Expected back 10 Oct,2026-09-04T13:30:08.371955Z,4.9,183656.jpg,0.0,False,Dasilva,0.0,False,,i,4,94,0,400,9,1945,100,0.0,0.0,Dasilva,,241.0,2025-10-23,1998-10-23,False,p183656,0,0,0,0,0,0,0,0,0,0,0,0,0,0.0,0.0,0.0,0.0,0,0,0,0,0,0.00,0.00,0.00,0.00,,,,,,,[],https://www.brentfordfc.com/en/news/article/first-team-brentford-v-sunderland-premier-league-team-news-mathias-jensen,563,232,559,237,525,213,568,233,0.0,0.0,0.0,0.0,0.0,0.0,345,207,549,224,574,239,596,249,0.0,0.0,0.0,Brentford,BRE
True,True,,,444180,0,0,-1,1,0.8,2,"[{'offset': 0, 'projected_percent': '0.8', 'likelihood': 1}, {'offset': 1, 'projected_percent': '0.8', 'likelihood': 1}, {'offset': 2, 'projected_percent': '0.8', 'likelihood': 1}]",,False,0,3,3.5,3.5,10,Jaidon,3.5,105,False,,,5.9,444180.jpg,3.0,False,Anthony,0.1,False,,a,4,94,15,7259,2261,10989,588,0.6,2.5,Anthony,,241.0,2026-07-07,1999-12-01,False,p444180,267,1,0,2,3,0,0,0,1,0,0,2,59,65.0,89.3,58.0,21.2,6,16,4,26,3,1.15,0.54,1.69,3.50,,,,,,,[],,146,51,50,41,76,47,81,46,0.39,0.0,0.18,0.57,1.18,1.01,86,56,97,37,154,64,369,132,1.01,0.67,8.76,Brentford,BRE
True,True,,,502500,0,0,-2,2,9.1,57,"[{'offset': 0, 'projected_percent': '9.5', 'likelihood': 1}, {'offset': 1, 'projected_percent': '10.3', 'likelihood': 1}, {'offset': 2, 'projected_percent': '11.2', 'likelihood': 1}]",,False,0,4,2.5,2.5,5,Igor Thiago,2.5,106,False,,,7.8,502500.jpg,2.0,False,Nascimento Rodrigues,9.1,False,,a,4,94,10,275242,54819,1033702,36794,0.3,1.3,Thiago,Igor Thiago,30.0,2024-07-01,2001-06-26,False,p502500,442,1,0,2,4,0,0,1,2,0,0,0,37,48.8,43.6,146.0,23.6,4,12,3,19,5,3.13,0.16,3.29,6.25,,,,,1.0,,[],,198,15,144,15,12,6,60,11,0.64,0.0,0.03,0.67,1.27,0.81,14,4,163,16,247,29,41,6,1.02,0.41,3.87,Brentford,BRE
True,True,0.0,0.0,593174,0,0,0,0,-5.4,-8,"[{'offset': 0, 'projected_percent': '-5.6', 'likelihood': -1}, {'offset': 1, 'projected_percent': '-6.1', 'likelihood': -1}, {'offset': 2, 'projected_percent': '-6.6', 'likelihood': -1}]",,False,0,4,0.0,0.0,0,Kaye,0.0,107,False,Unspecified injury - Unknown return date,2026-09-14T14:00:09.985723Z,4.5,593174.jpg,0.0,False,Furo,0.9,False,,i,4,94,0,61673,600,66440,9278,0.0,0.0,Furo,,21.0,2026-01-11,2007-02-06,False,p593174,0,0,0,0,0,0,0,0,0,0,0,0,0,0.0,0.0,0.0,0.0,0,0,0,0,0,0.00,0.00,0.00,0.00,,,,,,,[],https://www.brentfordfc.com/en/news/article/first-team-reading-v-brentford-carabao-cup-keith-andrews-squad-update-kaye-furo-injury,530,53,526,57,484,52,535,57,0.0,0.0,0.0,0.0,0.0,0.0,515,74,514,51,543,58,194,31,0.0,0.0,0.0,Brentford,BRE
True,True,,,75115,-1,1,-1,1,-11.7,2,"[{'offset': 0, 'projected_percent': '-11.4', 'likelihood': -1}, {'offset': 1, 'projected_percent': '-10.7', 'likelihood': -1}, {'offset': 2, 'projected_percent': '-10.0', 'likelihood': -1}]",,False,0,4,0.5,0.5,0,Callum,0.5,108,False,,,5.4,75115.jpg,1.0,False,Wilson,0.3,False,,a,4,94,3,15499,1150,26470,2405,0.1,0.6,Wilson,,241.0,2026-07-09,1992-02-27,False,p75115,13,0,0,0,0,0,0,0,0,0,0,0,9,3.2,10.4,12.0,2.6,1,1,0,2,0,0.07,0.04,0.11,0.15,,,,,,,[],,376,38,278,37,240,35,335,37,0.48,0.0,0.28,0.76,1.04,0.0,166,40,322,36,373,41,290,49,0.0,0.0,13.85,Brentford,BRE
True,True,,,513545,-1,1,1,-1,-30.6,-43,"[{'offset': 0, 'projected_percent': '-30.8', 'likelihood': -2}, {'offset': 1, 'projected_percent': '-31.1', 'likelihood': -2}, {'offset': 2, 'projected_percent': '-31.5', 'likelihood': -2}]",,False,1,3,2.0,2.0,0,Mamadou,2.0,565,False,,,5.6,513545.jpg,4.4,False,Sangaré,9.9,False,,a,4,94,22,1227474,8186,818314,136425,0.4,3.9,M.Sangaré,,132.0,2026-08-01,2002-06-26,False,p513545,321,0,2,1,3,0,0,0,2,0,0,3,76,76.4,57.8,40.0,17.1,12,22,14,48,4,0.41,0.65,1.06,4.31,,,,,,,[],,120,39,99,68,123,68,115,61,0.11,0.0,0.18,0.29,1.21,0.84,122,78,201,92,77,31,38,16,1.12,0.28,13.46,Brentford,BRE
True,True,,,613804,0,0,0,0,-34.9,0,"[{'offset': 0, 'projected_percent': '-34.9', 'likelihood': -2}, {'offset': 1, 'projected_percent': '-34.9', 'likelihood': -2}, {'offset': 2, 'projected_percent': '-34.9', 'likelihood': -2}]",,False,0,2,0.5,0.5,1,El Hadji Malick,0.5,620,False,,,4.5,613804.jpg,1.0,False,Diouf,0.1,False,,a,4,94,2,13617,456,7325,663,0.1,0.4,Diouf,El Hadji Malick Diouf,189.0,2026-08-28,2004-12-29,False,p613804,39,0,0,0,0,0,0,0,0,0,0,0,7,5.6,1.3,0.0,0.7,2,1,0,2,0,0.00,0.01,0.01,0.63,,,,,,,[],,356,133,350,129,491,193,383,137,0.0,0.0,0.02,0.02,1.45,0.0,524,131,313,112,322,124,431,156,0.0,0.0,4.62,Brentford,BRE
True,True,,,626464,0,0,0,0,0.0,0,"[{'offset': 0, 'projected_percent': '0.0', 'likelihood': 0}, {'offset': 1, 'projected_percent': '0.0', 'likelihood': 0}, {'offset': 2, 'projected_percent': '0.0', 'likelihood': 0}]",,False,0,3,0.0,0.0,0,Gustavo,0.0,657,False,,,4.5,626464.jpg,0.0,False,Nunes Fernandes Gomes,0.0,False,,a,4,94,0,2076,334,658,265,0.0,0.0,Nunes,Gustavo Nunes,30.0,2024-08-28,2005-11-20,False,p626464,0,0,0,0,0,0,0,0,0,0,0,0,0,0.0,0.0,0.0,0.0,0,0,0,0,0,0.00,0.00,0.00,0.00,,,,,,,[],,538,215,534,221,494,193,543,216,0.0,0.0,0.0,0.0,0.0,0.0,528,276,523,206,551,223,557,230,0.0,0.0,0.0,Brentford,BRE
True,True,,,612534,0,0,0,0,0.0,0,"[{'offset': 0, 'projected_percent': '0.0', 'likelihood': 0}, {'offset': 1, 'projected_percent': '0.0', 'likelihood': 0}, {'offset': 2, 'projected_percent': '0.0', 'likelihood': 0}]",2026-10-01T21:16:22.650713Z,False,0,2,1.1,1.1,0,Benjamin,0.0,660,False,,,4.0,612534.jpg,0.0,False,Fredrick,0.0,False,,a,4,94,0,513,513,65,65,0.0,0.0,Fredrick,,157.0,2024-01-05,2005-05-28,False,p612534,0,0,0,0,0,0,0,0,0,0,0,0,0,0.0,0.0,0.0,0.0,0,0,0,0,0,0.00,0.00,0.00,0.00,,,,,,,[],,460,176,451,175,396,161,465,176,0.0,0.0,0.0,0.0,0.0,0.0,656,206,438,167,474,176,623,210,0.0,0.0,0.0,Brentford,BRE
True,True,,,235448,0,0,0,0,0.0,0,"[{'offset': 0, 'projected_percent': '0.0', 'likelihood': 0}, {'offset': 1, 'projected_percent': '0.0', 'likelihood': 0}, {'offset': 2, 'projected_percent': '0.0', 'likelihood': 0}]",2026-10-01T21:16:40.866514Z,False,0,1,1.0,1.0,0,Ellery,0.0,661,False,,,4.0,235448.jpg,0.0,False,Balcombe,0.0,False,,a,4,94,0,2811,2811,525,525,0.0,0.0,Balcombe,,241.0,2016-11-02,1999-10-15,False,p235448,0,0,0,0,0,0,0,0,0,0,0,0,0,0.0,0.0,0.0,0.0,0,0,0,0,0,0.00,0.00,0.00,0.00,,,,,,,[],,430,40,421,21,365,16,435,40,0.0,0.0,0.0,0.0,0.0,0.0,615,64,406,38,444,40,517,60,0.0,0.0,0.0,Brentford,BRE
True,True,,,489639,0,0,0,0,62.8,11,"[{'offset': 0, 'projected_percent': '62.8', 'likelihood': 3}, {'offset': 1, 'projected_percent': '63.0', 'likelihood': 3}, {'offset': 2, 'projected_percent': '63.2', 'likelihood': 3}]",,False,0,1,4.2,4.2,6,Bart,4.2,109,False,,,4.5,489639.jpg,4.6,False,Verbruggen,21.6,False,,a,5,36,23,763340,69865,605587,69733,0.9,5.1,Verbruggen,,152.0,2023-07-03,2002-08-18,False,p489639,450,0,0,3,5,0,0,0,0,0,12,0,107,113.8,3.0,0.0,11.7,3,34,0,0,5,0.00,0.20,0.20,8.67,,,,,,,[],,52,10,321,4,458,49,185,8,0.0,2.4,0.04,0.04,1.73,1.0,484,40,65,9,70,6,16,2,1.0,0.6,0.0,Brighton,BHA
True,True,,,49262,0,0,0,0,-0.5,-1,"[{'offset': 0, 'projected_percent': '-0.6', 'likelihood': -1}, {'offset': 1, 'projected_percent': '-0.6', 'likelihood': -1}, {'offset': 2, 'projected_percent': '-0.7', 'likelihood': -1}]",,False,0,1,0.0,0.0,0,Jason,0.0,111,False,,,4.0,49262.jpg,0.0,False,Steele,4.1,False,,a,5,36,0,147137,6950,120127,14372,0.0,0.0,Steele,,241.0,2018-07-01,1990-08-18,False,p49262,0,0,0,0,0,0,0,0,0,0,0,0,0,0.0,0.0,0.0,0.0,0,0,0,0,0,0.00,0.00,0.00,0.00,,,,,,,[],,412,27,400,8,344,3,416,27,0.0,0.0,0.0,0.0,0.0,0.0,589,51,386,25,426,27,81,12,0.0,0.0,0.0,Brighton,BHA
True,True,100.0,100.0,231416,0,0,-1,1,-59.2,0,"[{'offset': 0, 'projected_percent': '-59.2', 'likelihood': -3}, {'offset': 1, 'projected_percent': '-59.2', 'likelihood': -3}, {'offset': 2, 'projected_percent': '-59.2', 'likelihood': -3}]",,False,0,2,3.2,3.2,5,Ferdi,3.2,113,False,,2026-08-23T13:00:07.595211Z,4.4,231416.jpg,3.2,False,Kadıoğlu,1.6,False,,a,5,36,13,30267,3854,134221,6678,0.7,3.0,F.Kadıoğlu,,219.0,2024-08-27,1999-10-07,False,p231416,332,0,0,2,5,0,0,0,1,0,0,0,46,31.2,58.1,32.0,12.2,9,8,1,10,4,0.12,0.13,0.25,7.55,3.0,,,,,,[],,250,105,98,23,146,41,179,64,0.03,0.0,0.04,0.07,2.05,1.36,556,143,105,41,124,52,145,58,1.08,0.54,2.71,Brighton,BHA
True,True,,,204120,0,0,0,0,2.6,2,"[{'offset': 0, 'projected_percent': '2.6', 'likelihood': 1}, {'offset': 1, 'projected_percent': '2.7', 'likelihood': 1}, {'offset': 2, 'projected_percent': '2.7', 'likelihood': 1}]",,False,0,2,3.2,3.2,6,Olivier,3.2,114,False,,,4.5,204120.jpg,3.8,False,Boscagli,0.3,False,,a,5,36,19,16163,1946,11828,751,0.7,4.2,Boscagli,,73.0,2025-07-02,1997-11-18,False,p204120,437,0,0,3,5,0,0,0,1,0,0,0,93,77.2,115.7,21.0,21.4,25,17,4,29,5,0.07,0.53,0.60,8.45,,,,,,,[],,118,52,32,5,180,56,79,20,0.01,0.0,0.11,0.12,1.74,1.03,450,96,109,45,101,42,296,107,1.03,0.62,5.97,Brighton,BHA
True,True,,,465730,1,-1,5,-5,1.6,124,"[{'offset': 0, 'projected_percent': '1.9', 'likelihood': 1}, {'offset': 1, 'projected_percent': '2.5', 'likelihood': 1}, {'offset': 2, 'projected_percent': '3.2', 'likelihood': 1}]",,False,2,2,5.2,5.2,6,Maxim,5.2,115,True,,,5.0,465730.jpg,7.6,False,De Cuyper,27.7,False,,a,5,36,38,2711023,292684,405211,20180,1.0,7.6,De Cuyper,,21.0,2025-07-05,2000-12-22,False,p465730,423,1,3,3,5,0,0,0,2,0,0,5,132,108.4,171.8,57.0,33.8,8,18,8,16,5,1.55,0.67,2.22,8.58,2.0,,4.0,,,,[],,61,26,8,1,79,12,22,1,0.33,0.0,0.14,0.47,1.83,1.06,287,48,41,21,8,3,10,2,1.06,0.64,3.4,Brighton,BHA
True,True,75.0,,83299,0,0,0,0,19.9,-6,"[{'offset': 0, 'projected_percent': '19.9', 'likelihood': 1}, {'offset': 1, 'projected_percent': '19.8', 'likelihood': 1}, {'offset': 2, 'projected_percent': '19.7', 'likelihood': 1}]",,False,1,2,3.0,4.0,0,Lewis,4.0,116,False,Neck injury - 75% chance of playing,2026-09-22T09:30:09.629652Z,4.5,83299.jpg,5.5,False,Dunk,1.5,False,,d,5,36,22,89084,7523,50413,9349,0.9,4.9,Dunk,,241.0,2009-07-01,1991-11-21,False,p83299,360,1,0,2,5,0,0,0,1,0,0,1,79,116.2,14.6,11.0,14.3,20,13,3,23,4,0.03,0.09,0.12,7.04,,,3.0,,,,[],,48,20,243,85,247,85,155,53,0.01,0.0,0.02,0.03,1.76,1.25,433,85,73,30,44,15,148,60,1.0,0.5,5.75,Brighton,BHA
True,True,,,550090,0,0,0,0,-11.0,0,"[{'offset': 0, 'projected_percent': '-11.0', 'likelihood': -1}, {'offset': 1, 'projected_percent': '-11.0', 'likelihood': -1}, {'offset': 2, 'projected_percent': '-11.0', 'likelihood': -1}]",,False,0,2,0.0,0.0,0,Diego,0.0,117,False,,,4.5,550090.jpg,0.0,False,Coppola,0.0,False,,a,5,36,0,918,106,1056,93,0.0,0.0,Coppola,,,,,False,p550090,0,0,0,0,0,0,0,0,0,0,0,0,0,0.0,0.0,0.0,0.0,0,0,0,0,0,0.00,0.00,0.00,0.00,,,,,,,[],,519,198,516,197,473,190,524,198,0.0,0.0,0.0,0.0,0.0,0.0,500,124,503,194,533,198,573,194,0.0,0.0,0.0,Brighton,BHA
True,False,0.0,0.0,223434,0,0,0,0,0.0,0,"[{'offset': 0, 'projected_percent': '0.0', 'likelihood': 0}, {'offset': 1, 'projected_percent': '0.0', 'likelihood': 0}, {'offset': 2, 'projected_percent': '0.0', 'likelihood': 0}]",,False,0,2,0.0,0.0,0,Igor Julio,0.0,118,False,Has joined Burnley permanently,2026-09-02T15:38:15.529699Z,4.5,223434.jpg,0.0,False,dos Santos de Paulo,0.0,False,,u,5,36,0,915,0,5920,277,0.0,0.0,Igor,Igor Julio,30.0,2023-07-26,1998-02-07,False,p223434,0,0,0,0,0,0,0,0,0,0,0,0,0,0.0,0.0,0.0,0.0,0,0,0,0,0,0.00,0.00,0.00,0.00,,,,,,,[],,495,188,490,187,441,177,500,188,0.0,0.0,0.0,0.0,0.0,0.0,457,101,478,183,509,188,518,181,0.0,0.0,0.0,Brighton,BHA
True,True,,,451490,0,0,0,0,0.0,1,"[{'offset': 0, 'projected_percent': '0.0', 'likelihood': 0}, {'offset': 1, 'projected_percent': '0.0', 'likelihood': 0}, {'offset': 2, 'projected_percent': '0.0', 'likelihood': 0}]",,False,0,2,0.8,0.8,1,João Pedro,0.8,119,False,,,4.5,451490.jpg,0.8,False,Loureiro da Costa,0.0,False,,a,5,36,4,1271,166,1454,129,0.2,0.9,Costinha,Costinha,173.0,2026-06-15,2000-03-26,False,p451490,68,0,0,0,0,0,0,0,1,0,0,0,18,16.4,20.0,18.0,5.4,6,1,1,7,0,0.12,0.30,0.42,1.02,,,,,,,[],,295,118,219,74,202,60,283,105,0.16,0.0,0.4,0.56,1.35,0.0,476,115,276,100,404,140,522,183,0.0,0.0,9.26,Brighton,BHA
True,True,,,454490,0,0,0,0,0.5,-2,"[{'offset': 0, 'projected_percent': '0.5', 'likelihood': 1}, {'offset': 1, 'projected_percent': '0.4', 'likelihood': 1}, {'offset': 2, 'projected_percent': '0.4', 'likelihood': 1}]",,False,0,2,0.2,0.2,1,Michael,0.2,120,False,,,5.0,454490.jpg,1.0,False,Svoboda,0.1,False,,a,5,36,1,4483,1307,3976,454,0.0,0.2,Svoboda,,14.0,2026-07-02,1998-10-15,False,p454490,4,0,0,0,0,0,0,0,0,0,0,0,5,2.4,0.0,0.0,0.2,0,1,1,1,0,0.00,0.00,0.00,0.14,,,,,,,[],,382,141,601,210,578,207,400,144,0.0,0.0,0.0,0.0,3.15,0.0,282,46,368,130,352,135,476,170,0.0,0.0,22.5,Brighton,BHA
True,True,0.0,0.0,451340,0,0,-1,1,-24.8,0,"[{'offset': 0, 'projected_percent': '-24.8', 'likelihood': -2}, {'offset': 1, 'projected_percent': '-24.8', 'likelihood': -2}, {'offset': 2, 'projected_percent': '-24.8', 'likelihood': -2}]",,False,0,3,0.0,0.0,0,Mitoma,0.0,121,False,Hamstring injury - Expected back 10 Oct,2026-07-24T18:30:10.661894Z,5.9,451340.jpg,0.0,False,Kaoru,0.0,False,,i,5,36,0,542,116,3102,165,0.0,0.0,Mitoma,,108.0,2021-08-09,1997-05-20,False,p451340,0,0,0,0,0,0,0,0,0,0,0,0,0,0.0,0.0,0.0,0.0,0,0,0,0,0,0.00,0.00,0.00,0.00,,,,,,,[],https://www.brightonandhovealbion.com/media-article/mft-match-preview-bha-leeds-united-pl-september-2026?utm_source=chatgpt.com,653,290,657,291,651,289,657,291,0.0,0.0,0.0,0.0,0.0,0.0,87,57,652,289,656,291,542,221,0.0,0.0,0.0,Brighton,BHA
True,True,0.0,0.0,592031,-1,1,-2,2,-4.6,0,"[{'offset': 0, 'projected_percent': '-4.6', 'likelihood': -1}, {'offset': 1, 'projected_percent': '-4.6', 'likelihood': -1}, {'offset': 2, 'projected_percent': '-4.6', 'likelihood': -1}]",,False,0,3,0.0,0.0,0,Yankuba,0.0,122,False,Leg injury - Expected back 28 Nov,2026-08-14T18:00:06.418033Z,5.8,592031.jpg,0.0,False,Minteh,0.0,False,,i,5,36,0,334,44,6885,211,0.0,0.0,Minteh,,78.0,2024-07-01,2004-07-22,False,p592031,0,0,0,0,0,0,0,0,0,0,0,0,0,0.0,0.0,0.0,0.0,0,0,0,0,0,0.00,0.00,0.00,0.00,5.0,,,,,,[],https://www.brightonandhovealbion.com/media-article/fabian-hurzeler-reflects-on-albions-pre-season-win-over-as-roma?utm_source=premier-league-web&utm_medium=referral&utm_campaign=pl-referral-always-on&utm_term=content-card,649,288,654,289,647,287,654,289,0.0,0.0,0.0,0.0,0.0,0.0,110,70,648,287,653,289,541,220,0.0,0.0,0.0,Brighton,BHA
True,True,0.0,0.0,532529,0,0,-1,1,-38.2,-9,"[{'offset': 0, 'projected_percent': '-38.6', 'likelihood': -2}, {'offset': 1, 'projected_percent': '-39.5', 'likelihood': -2}, {'offset': 2, 'projected_percent': '-40.3', 'likelihood': -3}]",,False,1,3,0.0,0.0,0,Jack,0.0,123,False,Ankle injury - Expected back 10 Oct,2026-08-27T19:30:07.780933Z,5.9,532529.jpg,16.0,False,Hinshelwood,0.6,False,,i,5,36,16,147884,263,215821,6595,0.0,2.7,Hinshelwood,,241.0,2022-12-30,2005-04-11,False,p532529,63,2,0,1,0,0,0,0,0,0,0,3,54,72.8,13.4,59.0,14.5,0,1,2,3,1,1.41,0.02,1.43,0.19,,,,,,,[],https://www.brightonandhovealbion.com/media-article/match-preview-albion-head-to-chelsea-on-sunday,127,42,259,135,75,46,153,80,2.01,0.0,0.03,2.04,0.27,0.0,92,59,656,291,1,1,241,77,1.43,1.43,4.29,Brighton,BHA
True,True,,,60307,1,-1,3,-3,88.9,358,"[{'offset': 0, 'projected_percent': '89.7', 'likelihood': 3}, {'offset': 1, 'projected_percent': '91.7', 'likelihood': 3}, {'offset': 2, 'projected_percent': '93.6', 'likelihood': 3}]",,False,3,3,11.2,11.2,14,Pascal,11.2,124,True,,,5.8,60307.jpg,9.4,False,Groß,28.8,False,,a,5,36,47,2134399,773906,541042,11259,1.9,8.1,Groß,,80.0,2026-01-02,1991-06-15,False,p60307,450,3,4,3,5,0,0,0,2,0,0,9,166,211.0,216.0,84.0,50.8,9,10,7,26,5,1.77,0.86,2.63,8.67,1.0,,1.0,,1.0,,[],,1,1,2,2,43,26,3,3,0.35,0.0,0.17,0.52,1.73,1.0,95,61,1,1,2,2,8,4,1.0,0.6,5.2,Brighton,BHA
True,True,100.0,100.0,463067,-1,1,-2,2,-0.0,4,"[{'offset': 0, 'projected_percent': '0.0', 'likelihood': 0}, {'offset': 1, 'projected_percent': '0.1', 'likelihood': 1}, {'offset': 2, 'projected_percent': '0.1', 'likelihood': 1}]",,False,0,4,0.2,0.2,1,Georginio,0.2,125,False,,2026-08-26T16:00:07.608056Z,5.3,463067.jpg,3.0,False,Rutter,0.5,False,,a,5,36,6,34548,2551,76347,3719,0.0,1.1,Georginio,,73.0,2024-08-19,2002-04-20,False,p463067,104,0,1,1,0,0,0,0,0,0,0,0,24,20.2,11.7,19.0,5.1,1,6,2,9,1,0.17,0.45,0.62,1.03,,,,,,,[],,285,27,268,35,194,31,289,32,0.15,0.0,0.39,0.54,0.89,0.0,225,50,370,41,145,13,257,43,0.87,0.87,7.79,Brighton,BHA
True,True,,,219249,0,0,-1,1,-8.4,-1,"[{'offset': 0, 'projected_percent': '-9.2', 'likelihood': -1}, {'offset': 1, 'projected_percent': '-11.0', 'likelihood': -1}, {'offset': 2, 'projected_percent': '-12.9', 'likelihood': -1}]",,False,0,3,0.5,0.5,1,Matt,0.5,126,False,,,5.4,219249.jpg,1.0,False,O'Riley,0.1,False,,a,5,36,2,3586,412,6509,553,0.1,0.4,O'Riley,,58.0,2024-08-26,2000-11-21,False,p219249,10,0,0,0,0,0,0,0,0,0,0,0,6,8.2,10.5,19.0,3.8,2,1,0,3,0,0.28,0.01,0.29,0.18,,,,,3.0,,[],,337,156,274,140,195,107,313,142,2.52,0.0,0.09,2.61,1.62,0.0,180,114,323,151,377,176,421,155,0.0,0.0,27.0,Brighton,BHA
True,True,,,514254,0,0,0,0,30.6,-3,"[{'offset': 0, 'projected_percent': '30.5', 'likelihood': 2}, {'offset': 1, 'projected_percent': '30.5', 'likelihood': 2}, {'offset': 2, 'projected_percent': '30.5', 'likelihood': 2}]",,False,0,3,4.5,4.5,8,Diego,4.5,127,False,,,5.0,514254.jpg,4.8,False,Gómez Amarilla,4.0,False,,a,5,36,24,334381,11874,299149,37518,0.9,4.8,Gomez,Diego Gómez,168.0,2025-01-01,2003-03-27,False,p514254,433,0,3,3,5,0,0,0,0,0,0,0,80,84.2,103.4,126.0,31.4,7,16,13,36,5,0.79,0.78,1.57,8.49,,,5.0,,,,[],,108,33,40,33,18,10,28,19,0.16,0.0,0.16,0.32,1.76,1.04,308,184,57,20,65,26,86,30,1.04,0.62,7.48,Brighton,BHA
True,False,0.0,0.0,536916,0,0,0,0,0.0,0,"[{'offset': 0, 'projected_percent': '0.0', 'likelihood': 0}, {'offset': 1, 'projected_percent': '0.0', 'likelihood': 0}, {'offset': 2, 'projected_percent': '0.0', 'likelihood': 0}]",,False,0,3,0.0,0.0,0,Facundo,0.0,128,False,Has joined Elche on loan for the rest of the season,2026-08-10T14:03:07.561436Z,5.0,536916.jpg,0.0,False,Buonanotte,0.0,False,,u,5,36,0,0,0,330,7,0.0,0.0,Buonanotte,,10.0,2023-01-01,2004-12-23,False,p536916,0,0,0,0,0,0,0,0,0,0,0,0,0,0.0,0.0,0.0,0.0,0,0,0,0,0,0.00,0.00,0.00,0.00,,,,,,,[],,613,263,619,268,596,254,619,265,0.0,0.0,0.0,0.0,0.0,0.0,316,190,606,260,622,268,657,290,0.0,0.0,0.0,Brighton,BHA
True,True,100.0,100.0,509416,0,0,-1,1,-45.6,-1,"[{'offset': 0, 'projected_percent': '-45.8', 'likelihood': -3}, {'offset': 1, 'projected_percent': '-46.3', 'likelihood': -3}, {'offset': 2, 'projected_percent': '-46.8', 'likelihood': -3}]",,False,0,3,3.2,3.2,3,Yasin,3.2,129,False,,2026-08-30T18:00:07.935334Z,5.4,509416.jpg,3.8,False,Ayari,0.4,False,,a,5,36,15,12456,2215,41494,1939,0.6,2.8,Ayari,,206.0,2023-01-30,2003-10-06,False,p509416,333,1,0,3,1,0,0,0,1,0,0,0,71,56.0,48.9,68.0,16.9,4,15,2,21,4,0.70,0.18,0.88,5.64,4.0,,2.0,,,,[],,174,69,121,81,65,40,116,62,0.19,0.0,0.05,0.24,1.52,0.27,205,129,113,44,104,41,276,93,1.08,0.81,5.68,Brighton,BHA
True,True,0.0,0.0,467779,0,0,-1,1,-29.5,-3,"[{'offset': 0, 'projected_percent': '-29.9', 'likelihood': -2}, {'offset': 1, 'projected_percent': '-30.8', 'likelihood': -2}, {'offset': 2, 'projected_percent': '-31.7', 'likelihood': -2}]",,False,0,2,0.0,0.0,0,Mats,0.0,130,False,Knee injury - Unknown return date,2026-09-04T09:30:08.612904Z,4.9,467779.jpg,3.5,False,Wieffer,0.2,False,,i,5,36,7,25944,29,43351,1919,0.0,1.4,Wieffer,,152.0,2024-07-06,1999-11-16,False,p467779,156,0,0,1,4,0,0,0,0,0,0,1,38,37.0,35.5,10.0,8.3,11,9,4,15,2,0.12,0.13,0.25,3.18,,,,,,,[],https://www.brightonandhovealbion.com/media-article/mft-match-preview-bha-leeds-united-pl-september-2026,230,91,170,50,255,87,231,84,0.07,0.0,0.08,0.15,1.83,2.31,373,67,562,205,119,48,349,131,1.15,0.58,8.65,Brighton,BHA
True,False,0.0,0.0,597320,0,0,0,0,0.0,-1,"[{'offset': 0, 'projected_percent': '0.0', 'likelihood': 0}, {'offset': 1, 'projected_percent': '0.0', 'likelihood': 0}, {'offset': 2, 'projected_percent': '0.0', 'likelihood': 0}]",,False,0,3,0.0,0.0,0,Harry,0.0,132,False,Has joined Leicester City on loan for the rest of the season,2026-08-17T13:53:19.019938Z,4.5,597320.jpg,0.0,False,Howell,0.0,False,,u,5,36,0,0,0,3674,196,0.0,0.0,Howell,,,,,False,p597320,0,0,0,0,0,0,0,0,0,0,0,0,0,0.0,0.0,0.0,0.0,0,0,0,0,0,0.00,0.00,0.00,0.00,,,,,,,[],,533,213,529,219,487,191,538,214,0.0,0.0,0.0,0.0,0.0,0.0,518,272,517,204,546,221,546,224,0.0,0.0,0.0,Brighton,BHA
True,False,0.0,0.0,549074,0,0,0,0,0.0,0,"[{'offset': 0, 'projected_percent': '0.0', 'likelihood': 0}, {'offset': 1, 'projected_percent': '0.0', 'likelihood': 0}, {'offset': 2, 'projected_percent': '0.0', 'likelihood': 0}]",,False,0,3,0.0,0.0,0,Tom,0.0,133,False,Has joined Leicester City on loan for the rest of the season,2026-08-03T14:05:44.459483Z,5.0,549074.jpg,0.0,False,Watson,0.0,False,,u,5,36,0,0,0,135,4,0.0,0.0,Watson,,241.0,2025-06-01,2006-04-08,False,p549074,0,0,0,0,0,0,0,0,0,0,0,0,0,0.0,0.0,0.0,0.0,0,0,0,0,0,0.00,0.00,0.00,0.00,,,,,,,[],,615,265,621,270,598,256,621,267,0.0,0.0,0.0,0.0,0.0,0.0,318,192,608,262,624,270,664,296,0.0,0.0,0.0,Brighton,BHA
True,True,,,556637,0,0,0,0,-79.6,0,"[{'offset': 0, 'projected_percent': '-79.6', 'likelihood': -3}, {'offset': 1, 'projected_percent': '-79.6', 'likelihood': -3}, {'offset': 2, 'projected_percent': '-79.6', 'likelihood': -3}]",,False,0,3,0.0,0.0,0,Nehemiah,0.0,134,False,,,4.5,556637.jpg,0.0,False,Oriola,0.2,False,,a,5,36,0,8753,349,14181,1313,0.0,0.0,Oriola,,241.0,2025-10-17,2007-06-11,False,p556637,0,0,0,0,0,0,0,0,0,0,0,0,0,0.0,0.0,0.0,0.0,0,0,0,0,0,0.00,0.00,0.00,0.00,,,,,,,[],,521,208,518,214,475,186,526,209,0.0,0.0,0.0,0.0,0.0,0.0,503,266,505,199,535,216,313,110,0.0,0.0,0.0,Brighton,BHA
True,True,0.0,0.0,700308,-1,1,-2,2,-0.7,0,"[{'offset': 0, 'projected_percent': '-0.7', 'likelihood': -1}, {'offset': 1, 'projected_percent': '-0.7', 'likelihood': -1}, {'offset': 2, 'projected_percent': '-0.7', 'likelihood': -1}]",,False,0,3,0.0,0.0,0,Zadok,0.0,135,False,Unspecified injury - Expected back 10 Oct,2026-09-10T13:00:08.617941Z,4.8,700308.jpg,1.0,False,Yohanna,0.0,False,,i,5,36,1,1266,23,5489,382,0.0,0.2,Yohanna,,157.0,2026-06-15,2007-06-29,False,p700308,12,0,0,0,0,0,0,0,0,0,0,0,3,0.2,1.3,0.0,0.2,0,0,0,0,0,0.00,0.03,0.03,0.00,,,,,,,[],,403,189,351,174,516,208,399,187,0.0,0.0,0.22,0.22,0.0,0.0,422,257,543,221,331,143,527,210,0.0,0.0,0.0,Brighton,BHA
True,True,0.0,0.0,608181,0,0,-1,1,-3.5,0,"[{'offset': 0, 'projected_percent': '-3.5', 'likelihood': -1}, {'offset': 1, 'projected_percent': '-3.5', 'likelihood': -1}, {'offset': 2, 'projected_percent': '-3.5', 'likelihood': -1}]",,False,0,4,0.0,0.0,0,Stefanos,0.0,137,False,Knee injury - Unknown return date,2026-07-23T12:01:23.432796Z,5.4,608181.jpg,0.0,False,Tzimas,0.0,False,,i,5,36,0,332,35,747,49,0.0,0.0,Tzimas,,83.0,2025-02-03,2006-01-06,False,p608181,0,0,0,0,0,0,0,0,0,0,0,0,0,0.0,0.0,0.0,0.0,0,0,0,0,0,0.00,0.00,0.00,0.00,,,,,,,[],https://www.brightonandhovealbion.com/media-article/fabian-hurzeler-reflects-on-a-successful-training-camp?srsltid=AfmBOoq6Qw6fHwT9Mxn5PIGBhoGos01rwVude5hxVRG_7iMPpS-YkOIf&utm_source=chatgpt.com,635,70,638,74,625,71,640,74,0.0,0.0,0.0,0.0,0.0,0.0,212,47,632,70,640,74,626,77,0.0,0.0,0.0,Brighton,BHA
True,True,,,647850,1,-1,1,-1,18.3,194,"[{'offset': 0, 'projected_percent': '18.8', 'likelihood': 1}, {'offset': 1, 'projected_percent': '19.8', 'likelihood': 1}, {'offset': 2, 'projected_percent': '20.9', 'likelihood': 2}]",,False,1,4,6.8,6.8,10,Charalampos,6.8,138,False,,,5.6,647850.jpg,5.6,False,Kostoulas,4.1,False,,a,5,36,28,407844,303153,50330,17820,1.2,5.0,Kostoulas,,83.0,2025-07-01,2007-05-30,False,p647850,353,2,3,2,5,0,0,0,1,0,0,3,105,95.8,39.1,127.0,26.1,5,18,4,27,4,1.35,0.06,1.41,7.67,,,,,,,[],,83,7,160,17,17,8,47,8,0.34,0.0,0.02,0.36,1.96,1.27,123,32,18,3,40,4,83,11,1.02,0.51,6.88,Brighton,BHA
True,True,0.0,0.0,487117,0,0,0,0,-57.7,1,"[{'offset': 0, 'projected_percent': '-56.7', 'likelihood': -3}, {'offset': 1, 'projected_percent': '-54.5', 'likelihood': -3}, {'offset': 2, 'projected_percent': '-52.2', 'likelihood': -3}]",,False,0,4,0.0,0.0,0,Evan,0.0,139,False,Ankle injury - Expected back 10 Oct,2026-07-23T12:01:23.448357Z,5.0,487117.jpg,0.0,False,Ferguson,0.0,False,,i,5,36,0,1577,126,2518,249,0.0,0.0,Ferguson,,104.0,2021-08-23,2004-10-19,False,p487117,0,0,0,0,0,0,0,0,0,0,0,0,0,0.0,0.0,0.0,0.0,0,0,0,0,0,0.00,0.00,0.00,0.00,,,,,,,[],https://www.brightonandhovealbion.com/media-article/fabian-hurzeler-reflects-on-a-successful-training-camp?srsltid=AfmBOoq6Qw6fHwT9Mxn5PIGBhoGos01rwVude5hxVRG_7iMPpS-YkOIf&utm_source=chatgpt.com,601,63,607,67,584,62,607,67,0.0,0.0,0.0,0.0,0.0,0.0,294,56,593,61,610,68,545,73,0.0,0.0,0.0,Brighton,BHA
True,True,75.0,100.0,222694,0,0,-1,1,-6.9,0,"[{'offset': 0, 'projected_percent': '-6.9', 'likelihood': -1}, {'offset': 1, 'projected_percent': '-6.9', 'likelihood': -1}, {'offset': 2, 'projected_percent': '-6.9', 'likelihood': -1}]",,False,0,2,1.4,1.8,5,Pascal,1.8,328,False,Hamstring injury - 75% chance of playing,2026-09-22T10:00:09.404233Z,4.9,222694.jpg,2.3,False,Struijk,0.2,False,,d,5,36,7,5667,638,12065,814,0.4,1.4,Struijk,,152.0,2026-06-30,1999-08-11,False,p222694,98,0,0,1,0,0,0,0,1,0,0,0,31,32.2,1.5,7.0,4.0,9,6,1,10,1,0.16,0.01,0.17,1.70,,,,,,,[],,247,102,344,123,279,98,306,115,0.15,0.0,0.01,0.16,1.56,0.0,355,62,210,76,201,80,348,130,0.92,0.92,9.18,Brighton,BHA
True,True,,,610799,0,0,0,0,54.1,19,"[{'offset': 0, 'projected_percent': '54.2', 'likelihood': 3}, {'offset': 1, 'projected_percent': '54.5', 'likelihood': 3}, {'offset': 2, 'projected_percent': '54.8', 'likelihood': 3}]",,False,1,2,6.5,6.5,8,Luka,6.5,504,False,,,5.0,610799.jpg,6.4,False,Vušković,3.6,False,,a,5,36,32,256877,53777,137448,12636,1.3,6.4,Vuskovic,,97.0,2026-07-14,2007-02-24,False,p610799,437,1,0,3,5,0,0,0,0,0,0,2,98,128.2,18.0,72.0,21.8,37,17,6,43,5,0.46,0.07,0.53,8.45,,,,,,,[],,34,14,223,76,58,6,75,17,0.09,0.0,0.01,0.1,1.74,1.03,327,57,21,10,17,7,91,35,1.03,0.62,8.86,Brighton,BHA
True,True,,,538007,-1,1,-1,1,0.6,0,"[{'offset': 0, 'projected_percent': '0.6', 'likelihood': 1}, {'offset': 1, 'projected_percent': '0.6', 'likelihood': 1}, {'offset': 2, 'projected_percent': '0.6', 'likelihood': 1}]",,False,0,4,0.2,0.2,0,Promise,0.2,594,False,,,5.9,538007.jpg,0.5,False,David,0.2,False,,a,5,36,1,14935,3073,22420,2147,0.0,0.2,David,,39.0,2026-08-18,2001-07-03,False,p538007,23,0,0,0,0,0,0,0,1,0,0,0,-4,0.0,3.7,4.0,0.4,0,0,0,0,0,0.42,0.00,0.42,0.14,,,,,2.0,,[],,656,75,319,41,313,40,391,45,1.64,0.0,0.0,1.64,0.55,0.0,93,24,376,42,417,50,323,51,0.0,0.0,0.0,Brighton,BHA
True,True,,,612855,0,0,0,0,-66.7,0,"[{'offset': 0, 'projected_percent': '-66.7', 'likelihood': -3}, {'offset': 1, 'projected_percent': '-66.7', 'likelihood': -3}, {'offset': 2, 'projected_percent': '-66.7', 'likelihood': -3}]",,False,0,3,0.5,0.5,0,Ibrahim,0.5,600,False,,,5.0,612855.jpg,1.0,False,Osman,0.0,False,,a,5,36,3,943,112,1091,124,0.1,0.6,Osman,,81.0,2024-07-01,2004-11-29,False,p612855,40,0,0,0,1,0,0,0,0,0,0,0,15,7.2,17.8,19.0,4.2,0,3,1,4,0,0.05,0.07,0.12,0.32,,,,,,,[],,344,159,225,123,193,106,302,137,0.11,0.0,0.16,0.27,0.72,2.25,328,198,320,150,358,162,583,240,0.0,0.0,9.0,Brighton,BHA
True,True,,,611695,0,0,0,0,53.1,13,"[{'offset': 0, 'projected_percent': '53.1', 'likelihood': 3}, {'offset': 1, 'projected_percent': '53.3', 'likelihood': 3}, {'offset': 2, 'projected_percent': '53.5', 'likelihood': 3}]",,False,0,3,4.8,4.8,1,Malick,4.8,605,False,,,4.5,611695.jpg,4.0,False,Yalcouyé,4.0,False,,a,5,36,20,554373,25484,170067,32113,1.1,4.4,Yalcouyé,,54.0,2024-07-12,2005-11-18,False,p611695,236,2,0,1,4,0,0,0,0,0,0,1,96,109.2,70.3,111.0,29.1,6,7,6,19,3,1.46,0.45,1.91,6.57,,,,,,,[],,58,20,74,57,28,15,36,26,0.56,0.0,0.17,0.73,2.51,1.53,522,273,51,16,89,37,85,29,1.14,0.38,7.25,Brighton,BHA
True,True,,,512123,0,0,0,0,-5.5,0,"[{'offset': 0, 'projected_percent': '-5.5', 'likelihood': -1}, {'offset': 1, 'projected_percent': '-5.5', 'likelihood': -1}, {'offset': 2, 'projected_percent': '-5.5', 'likelihood': -1}]",,False,0,2,0.0,0.0,0,Jaouen,0.0,614,False,,,4.5,512123.jpg,0.0,False,Hadjam,0.0,False,,a,5,36,0,3982,243,1950,245,0.0,0.0,Hadjam,,3.0,2026-08-25,2003-03-26,False,p512123,0,0,0,0,0,0,0,0,0,0,0,0,0,0.0,0.0,0.0,0.0,0,0,0,0,0,0.00,0.00,0.00,0.00,,,,,,,[],,512,195,509,194,466,187,517,195,0.0,0.0,0.0,0.0,0.0,0.0,492,120,496,191,526,195,509,180,0.0,0.0,0.0,Brighton,BHA
True,False,0.0,0.0,519324,0,0,0,0,0.0,0,"[{'offset': 0, 'projected_percent': '0.0', 'likelihood': 0}, {'offset': 1, 'projected_percent': '0.0', 'likelihood': 0}, {'offset': 2, 'projected_percent': '0.0', 'likelihood': 0}]",,False,0,3,0.0,0.0,0,Amario,0.0,624,False,Has joined Middlesbrough on loan for the rest of the season,2026-09-02T15:38:15.552951Z,5.0,519324.jpg,0.0,False,Cozier-Duberry,0.0,False,,u,5,36,0,117,0,113,5,0.0,0.0,Cozier-Duberry,,,,,False,p519324,0,0,0,0,0,0,0,0,0,0,0,0,0,0.0,0.0,0.0,0.0,0,0,0,0,0,0.00,0.00,0.00,0.00,,,,,,,[],,611,261,617,266,594,252,617,263,0.0,0.0,0.0,0.0,0.0,0.0,311,187,604,258,620,266,666,298,0.0,0.0,0.0,Brighton,BHA
True,True,,,592984,0,0,0,0,1.4,1,"[{'offset': 0, 'projected_percent': '1.4', 'likelihood': 1}, {'offset': 1, 'projected_percent': '1.4', 'likelihood': 1}, {'offset': 2, 'projected_percent': '1.4', 'likelihood': 1}]",,False,0,3,4.0,4.0,8,José María,4.0,639,False,,,5.5,592984.jpg,6.0,False,Andrés Baixauli,0.0,False,,a,5,36,12,3917,2673,767,299,0.7,2.2,Andrés,Chema Andrés,200.0,2026-09-01,2005-04-25,False,p592984,109,1,1,1,0,0,0,0,0,0,0,0,37,52.2,17.9,39.0,10.9,4,8,1,13,1,0.52,0.12,0.64,1.70,,,,,,,[],,186,75,224,122,128,70,199,95,0.43,0.0,0.1,0.53,1.4,0.0,164,103,81,30,30,14,516,206,0.83,0.83,10.73,Brighton,BHA
True,True,0.0,0.0,471551,0,0,0,0,-27.7,0,"[{'offset': 0, 'projected_percent': '-27.7', 'likelihood': -2}, {'offset': 1, 'projected_percent': '-27.7', 'likelihood': -2}, {'offset': 2, 'projected_percent': '-27.7', 'likelihood': -2}]",,False,0,3,0.0,0.0,0,Femi,0.0,652,False,Hamstring injury - Expected back 10 Oct,2026-09-04T11:30:08.661589Z,5.5,471551.jpg,0.0,False,Azeez,0.0,False,,i,5,36,0,442,19,199,42,0.0,0.0,Azeez,,157.0,2026-09-01,2001-06-05,False,p471551,0,0,0,0,0,0,0,0,0,0,0,0,0,0.0,0.0,0.0,0.0,0,0,0,0,0,0.00,0.00,0.00,0.00,,,,,,,[],https://www.brightonandhovealbion.com/media-article/mft-match-preview-manchester-united-bha-carabao-cup-september-2026,643,282,649,284,637,278,648,283,0.0,0.0,0.0,0.0,0.0,0.0,149,91,640,281,648,284,650,285,0.0,0.0,0.0,Brighton,BHA
True,True,,,661016,0,0,0,0,0.0,0,"[{'offset': 0, 'projected_percent': '0.0', 'likelihood': 0}, {'offset': 1, 'projected_percent': '0.0', 'likelihood': 0}, {'offset': 2, 'projected_percent': '0.0', 'likelihood': 0}]",,False,0,3,0.0,0.0,0,Younes,0.0,658,False,,,4.5,661016.jpg,0.0,False,Ibrahim,0.0,False,,a,5,36,0,1466,303,479,211,0.0,0.0,Ibrahim,,13.0,2026-08-12,2008-02-16,False,p661016,0,0,0,0,0,0,0,0,0,0,0,0,0,0.0,0.0,0.0,0.0,0,0,0,0,0,0.00,0.00,0.00,0.00,,,,,,,[],,544,220,540,226,501,199,549,221,0.0,0.0,0.0,0.0,0.0,0.0,536,282,529,211,557,228,591,246,0.0,0.0,0.0,Brighton,BHA
True,True,,,98980,0,0,0,0,-6.1,-3,"[{'offset': 0, 'projected_percent': '-6.2', 'likelihood': -1}, {'offset': 1, 'projected_percent': '-6.3', 'likelihood': -1}, {'offset': 2, 'projected_percent': '-6.4', 'likelihood': -1}]",,False,0,1,2.2,2.2,2,Emiliano,2.2,28,False,,,5.0,98980.jpg,2.2,False,Martínez Romero,4.7,False,,a,6,8,9,245025,7258,246030,21449,0.4,1.8,Martinez,Emiliano Martínez,10.0,2026-08-29,1992-09-02,False,p98980,360,0,0,0,10,0,0,0,0,0,18,0,61,145.0,30.0,0.0,17.5,1,37,0,0,4,0.00,0.01,0.01,7.49,,,,,,,[],,24,4,184,1,560,61,112,1,0.0,4.5,0.0,0.0,1.87,2.5,242,6,183,17,215,18,77,11,1.0,0.0,0.0,Chelsea,CHE
True,True,,,244850,0,0,2,-2,84.0,96,"[{'offset': 0, 'projected_percent': '84.6', 'likelihood': 3}, {'offset': 1, 'projected_percent': '86.0', 'likelihood': 3}, {'offset': 2, 'projected_percent': '87.4', 'likelihood': 3}]",,False,0,3,5.2,5.2,2,Morgan,5.2,40,False,,,7.7,244850.jpg,5.8,False,Rogers,40.5,False,,a,6,8,29,2470852,141429,659938,68251,0.7,3.8,Rogers,,241.0,2026-07-21,2002-07-26,False,p244850,437,3,1,0,12,0,0,0,1,0,0,2,135,159.0,140.1,140.0,43.9,3,23,5,31,5,1.72,1.23,2.95,8.73,4.0,,3.0,,,,[],,9,6,21,20,15,8,9,8,0.35,0.0,0.25,0.6,1.8,2.47,15,10,45,14,37,18,5,1,1.03,0.0,6.38,Chelsea,CHE
True,True,100.0,50.0,56979,0,0,-1,1,0.0,0,"[{'offset': 0, 'projected_percent': '0.0', 'likelihood': 0}, {'offset': 1, 'projected_percent': '0.0', 'likelihood': 0}, {'offset': 2, 'projected_percent': '0.0', 'likelihood': 0}]",,False,0,3,0.5,0.2,2,Jordan,0.5,101,False,,2026-08-09T09:30:07.136250Z,4.9,56979.jpg,2.0,False,Henderson,0.0,False,,a,6,8,2,1111,498,2621,147,0.1,0.4,Henderson,Jordan Henderson,241.0,2026-08-03,1990-06-17,False,p56979,90,0,0,0,3,0,0,0,0,0,0,0,16,16.6,10.4,0.0,2.7,2,7,1,10,1,0.00,0.08,0.08,2.65,3.0,,,,,,[],,294,125,277,141,517,209,329,154,0.0,0.0,0.08,0.08,2.65,3.0,336,202,317,148,227,99,531,213,1.0,0.0,10.0,Chelsea,CHE
True,True,100.0,100.0,50175,0,0,-1,1,6.6,6,"[{'offset': 0, 'projected_percent': '6.6', 'likelihood': 1}, {'offset': 1, 'projected_percent': '6.7', 'likelihood': 1}, {'offset': 2, 'projected_percent': '6.8', 'likelihood': 1}]",,False,0,4,1.0,1.0,2,Danny,1.0,136,False,,2026-08-20T14:00:07.949090Z,5.9,50175.jpg,1.3,False,Welbeck,1.0,False,,a,6,8,4,61135,7199,82925,9021,0.2,0.7,Welbeck,,241.0,2026-08-01,1990-11-26,False,p50175,85,0,0,0,1,0,0,0,0,0,0,0,15,14.4,32.7,14.0,6.1,2,2,1,5,1,0.00,0.14,0.14,1.99,,,,,,,[],,300,30,177,19,228,34,269,30,0.0,0.0,0.15,0.15,2.11,1.06,78,20,272,30,287,34,179,28,1.06,0.0,5.29,Chelsea,CHE
True,False,0.0,0.0,215059,0,0,-1,1,0.0,-3,"[{'offset': 0, 'projected_percent': '0.0', 'likelihood': 0}, {'offset': 1, 'projected_percent': '0.0', 'likelihood': 0}, {'offset': 2, 'projected_percent': '0.0', 'likelihood': 0}]",,False,0,1,0.0,0.0,0,Robert,0.0,140,False,Has joined Como on loan for the rest of the season,2026-09-02T16:20:41.841936Z,4.9,215059.jpg,2.0,False,Lynch Sánchez,0.7,False,,u,6,8,2,10847,0,176274,4666,0.0,0.4,Sánchez,,200.0,2023-08-05,1997-11-18,False,p215059,90,0,0,0,2,0,0,0,0,0,4,0,6,21.4,0.0,0.0,2.1,1,5,0,0,1,0.00,0.01,0.01,1.33,,,,,,,[],,282,23,561,57,527,55,346,23,0.0,4.0,0.01,0.01,1.33,2.0,352,17,551,68,228,20,216,31,1.0,0.0,0.0,Chelsea,CHE
True,False,0.0,0.0,508479,0,0,0,0,0.0,0,"[{'offset': 0, 'projected_percent': '0.0', 'likelihood': 0}, {'offset': 1, 'projected_percent': '0.0', 'likelihood': 0}, {'offset': 2, 'projected_percent': '0.0', 'likelihood': 0}]",,False,0,1,0.0,0.0,0,Filip,0.0,141,False,Has joined RC Strasbourg on loan for the rest of the season,2026-08-12T14:07:02.607115Z,5.0,508479.jpg,0.0,False,Jörgensen,0.0,False,,u,6,8,0,0,0,948,30,0.0,0.0,Jörgensen,,58.0,2024-07-30,2002-04-16,False,p508479,0,0,0,0,0,0,0,0,0,0,0,0,0,0.0,0.0,0.0,0.0,0,0,0,0,0,0.00,0.00,0.00,0.00,,,,,,,[],,610,73,616,70,593,69,616,73,0.0,0.0,0.0,0.0,0.0,0.0,307,14,603,73,619,73,617,72,0.0,0.0,0.0,Chelsea,CHE
True,True,75.0,75.0,225796,0,0,-1,1,-92.6,-41,"[{'offset': 0, 'projected_percent': '-92.8', 'likelihood': -3}, {'offset': 1, 'projected_percent': '-93.4', 'likelihood': -3}, {'offset': 2, 'projected_percent': '-94.0', 'likelihood': -3}]",,False,0,2,0.6,0.6,0,Reece,0.8,142,False,Hamstring injury - 75% chance of playing,2026-09-18T10:30:09.719371Z,5.4,225796.jpg,0.8,False,James,5.8,False,,d,6,8,3,168802,597,598586,75897,0.1,0.6,James,,241.0,2019-05-15,1999-12-08,False,p225796,292,0,0,0,7,0,0,0,1,0,0,0,24,56.2,42.6,49.0,14.8,11,15,2,13,3,0.33,0.26,0.59,4.90,1.0,,1.0,,,,[],https://www.chelseafc.com/en/news/article/xabi-alonso-on-competitive-monster-jordan-henderson-and-chelsea-absentees,172,73,146,39,98,21,147,51,0.1,0.0,0.08,0.18,1.51,2.16,181,20,283,104,408,142,65,27,0.92,0.0,4.01,Chelsea,CHE
True,False,0.0,0.0,180736,0,0,0,0,0.0,0,"[{'offset': 0, 'projected_percent': '0.0', 'likelihood': 0}, {'offset': 1, 'projected_percent': '0.0', 'likelihood': 0}, {'offset': 2, 'projected_percent': '0.0', 'likelihood': 0}]",,False,0,2,0.0,0.0,0,Trevoh,0.0,143,False,Has joined Como permanently,2026-08-10T14:03:50.769483Z,5.5,180736.jpg,0.0,False,Chalobah,0.1,False,,u,6,8,0,0,0,13929,299,0.0,0.0,Chalobah,,241.0,2018-02-16,1999-07-05,False,p180736,0,0,0,0,0,0,0,0,0,0,0,0,0,0.0,0.0,0.0,0.0,0,0,0,0,0,0.00,0.00,0.00,0.00,,,,,,,[],,638,216,643,216,630,214,643,216,0.0,0.0,0.0,0.0,0.0,0.0,131,14,635,214,643,215,469,167,0.0,0.0,0.0,Chelsea,CHE
True,True,,,482609,-1,1,-1,1,-3.1,-2,"[{'offset': 0, 'projected_percent': '-3.2', 'likelihood': -1}, {'offset': 1, 'projected_percent': '-3.4', 'likelihood': -1}, {'offset': 2, 'projected_percent': '-3.5', 'likelihood': -1}]",,False,0,2,0.8,0.8,0,Malo,0.8,144,False,,,4.9,482609.jpg,1.0,False,Gusto,1.0,False,,a,6,8,4,36860,1533,67233,6753,0.2,0.8,Gusto,,73.0,2023-01-28,2003-05-19,False,p482609,272,0,0,0,7,0,0,0,0,0,0,0,12,32.0,37.2,13.0,8.2,11,13,4,15,3,0.08,0.12,0.20,3.50,6.0,,,,,,[],,248,103,164,45,233,79,233,86,0.03,0.0,0.04,0.07,1.16,2.32,377,69,279,102,339,131,184,70,0.99,0.0,4.96,Chelsea,CHE
True,True,100.0,100.0,444463,0,0,0,0,4.5,1,"[{'offset': 0, 'projected_percent': '4.5', 'likelihood': 1}, {'offset': 1, 'projected_percent': '4.5', 'likelihood': 1}, {'offset': 2, 'projected_percent': '4.5', 'likelihood': 1}]",,False,0,2,2.0,2.0,4,Wesley,2.0,145,False,,2026-07-23T12:01:23.464591Z,5.0,444463.jpg,2.0,False,Fofana,0.2,False,,a,6,8,8,18483,2377,8189,1248,0.4,1.6,Fofana,Wesley Fofana,73.0,2022-08-31,2000-12-17,False,p444463,312,0,0,0,7,0,0,0,1,0,0,0,35,100.4,29.2,4.0,13.4,40,11,7,47,4,0.00,0.08,0.08,5.65,,,,,,,[],,78,35,189,60,308,112,165,58,0.0,0.0,0.02,0.02,1.63,2.02,280,45,194,72,233,89,330,123,1.15,0.0,13.56,Chelsea,CHE
True,False,0.0,0.0,242880,0,0,0,0,0.0,0,"[{'offset': 0, 'projected_percent': '0.0', 'likelihood': 0}, {'offset': 1, 'projected_percent': '0.0', 'likelihood': 0}, {'offset': 2, 'projected_percent': '0.0', 'likelihood': 0}]",,False,0,2,0.0,0.0,0,Benoît,0.0,146,False,Has joined Napoli on loan for the rest of the season,2026-08-25T14:03:47.079414Z,4.5,242880.jpg,0.0,False,Badiashile Mukinayi,0.0,False,,u,6,8,0,232,0,1939,42,0.0,0.0,B.Badiashile,,73.0,2023-01-05,2001-03-26,False,p242880,0,0,0,0,0,0,0,0,0,0,0,0,0,0.0,0.0,0.0,0.0,0,0,0,0,0,0.00,0.00,0.00,0.00,,,,,,,[],,498,190,494,189,445,179,503,190,0.0,0.0,0.0,0.0,0.0,0.0,463,105,481,185,512,190,611,206,0.0,0.0,0.0,Chelsea,CHE
True,True,,,551210,0,0,0,0,12.4,-5,"[{'offset': 0, 'projected_percent': '12.4', 'likelihood': 1}, {'offset': 1, 'projected_percent': '12.3', 'likelihood': 1}, {'offset': 2, 'projected_percent': '12.2', 'likelihood': 1}]",,False,0,2,1.8,1.8,0,Jorrel,1.8,148,False,,,4.5,551210.jpg,2.0,False,Hato,0.8,False,,a,6,8,8,91183,788,59501,7174,0.4,1.8,Hato,,152.0,2025-08-03,2006-03-07,False,p551210,258,0,2,0,9,0,0,0,0,0,0,0,14,77.0,47.1,15.0,14.0,11,9,7,18,4,0.01,0.21,0.22,4.81,,,,,,,[],,119,53,131,36,218,70,158,55,0.0,0.0,0.07,0.07,1.68,3.14,501,125,207,74,225,86,199,77,1.4,0.0,6.28,Chelsea,CHE
True,True,,,460028,-1,1,-2,2,-9.5,0,"[{'offset': 0, 'projected_percent': '-9.5', 'likelihood': -1}, {'offset': 1, 'projected_percent': '-9.5', 'likelihood': -1}, {'offset': 2, 'projected_percent': '-9.5', 'likelihood': -1}]",,False,0,2,0.8,0.8,1,Levi,0.8,149,False,,,4.8,460028.jpg,0.8,False,Samuels Colwill,0.9,False,,a,6,8,3,26679,1023,98276,5251,0.2,0.6,Colwill,,241.0,2022-07-01,2003-02-26,False,p460028,341,0,0,0,9,0,0,0,1,0,0,0,17,61.6,16.6,13.0,9.2,23,15,3,26,4,0.01,0.05,0.06,6.67,,,,,,,[],,161,68,231,79,232,78,220,79,0.0,0.0,0.01,0.01,1.76,2.38,414,76,277,101,405,141,196,74,1.06,0.0,6.86,Chelsea,CHE
True,False,0.0,0.0,574458,0,0,0,0,0.0,0,"[{'offset': 0, 'projected_percent': '0.0', 'likelihood': 0}, {'offset': 1, 'projected_percent': '0.0', 'likelihood': 0}, {'offset': 2, 'projected_percent': '0.0', 'likelihood': 0}]",,False,0,2,0.0,0.0,0,Mamadou,0.0,150,False,Has joined Real Sociedad on loan for the rest of the season,2026-08-29T00:34:23.077418Z,4.5,574458.jpg,0.0,False,Sarr,0.0,False,,u,6,8,0,429,0,5975,159,0.0,0.0,M.Sarr,Mamadou Sarr,189.0,2025-06-09,2005-08-29,False,p574458,0,0,0,0,0,0,0,0,0,0,0,0,0,0.0,0.0,0.0,0.0,0,0,0,0,0,0.00,0.00,0.00,0.00,,,,,,,[],,526,199,522,198,480,191,531,199,0.0,0.0,0.0,0.0,0.0,0.0,508,126,510,195,539,199,552,188,0.0,0.0,0.0,Chelsea,CHE
True,True,,,577016,0,0,0,0,-10.9,-2,"[{'offset': 0, 'projected_percent': '-11.4', 'likelihood': -1}, {'offset': 1, 'projected_percent': '-12.4', 'likelihood': -1}, {'offset': 2, 'projected_percent': '-13.5', 'likelihood': -1}]",,False,0,2,0.5,0.5,0,Josh,0.5,151,False,,,4.5,577016.jpg,1.2,False,Acheampong,0.3,False,,a,6,8,5,21113,401,22447,1888,0.1,1.1,Acheampong,,241.0,2024-03-10,2006-05-05,False,p577016,221,0,0,0,7,0,0,0,0,0,0,0,5,43.0,5.5,6.0,5.4,13,7,7,20,2,0.00,0.03,0.03,4.72,,,,,,,[],,207,83,298,108,285,102,284,106,0.0,0.0,0.01,0.01,1.92,2.85,510,128,312,111,290,101,279,101,0.81,0.0,8.14,Chelsea,CHE
True,True,50.0,50.0,620109,0,0,-2,2,-1.0,-4,"[{'offset': 0, 'projected_percent': '-1.3', 'likelihood': -1}, {'offset': 1, 'projected_percent': '-1.8', 'likelihood': -1}, {'offset': 2, 'projected_percent': '-2.4', 'likelihood': -1}]",,False,0,2,0.0,0.0,0,Marco,0.0,152,False,Thigh injury - 50% chance of playing,2026-08-24T18:30:07.421239Z,5.3,620109.jpg,0.0,False,Palestra,0.6,False,,d,6,8,0,6660,200,220238,3697,0.0,0.0,Palestra,,106.0,2026-07-01,2005-03-03,False,p620109,0,0,0,0,0,0,0,0,0,0,0,0,0,0.0,0.0,0.0,0.0,0,0,0,0,0,0.00,0.00,0.00,0.00,,,,,,,[],https://www.chelseafc.com/en/news/article/xabi-alonso-on-competitive-monster-jordan-henderson-and-chelsea-absentees,627,215,630,215,615,213,632,215,0.0,0.0,0.0,0.0,0.0,0.0,237,34,618,213,633,214,230,88,0.0,0.0,0.0,Chelsea,CHE
True,True,75.0,100.0,244851,0,0,2,-2,-11.8,-149,"[{'offset': 0, 'projected_percent': '-12.3', 'likelihood': -1}, {'offset': 1, 'projected_percent': '-13.5', 'likelihood': -1}, {'offset': 2, 'projected_percent': '-14.7', 'likelihood': -1}]",,False,1,3,2.8,3.8,2,Cole,3.8,154,False,Muscular injury - 75% chance of playing,2026-09-21T13:00:09.022726Z,9.7,244851.jpg,5.6,False,Palmer,25.7,False,,d,6,8,28,1950338,46962,656252,160946,0.4,2.9,Palmer,,241.0,2023-09-01,2002-05-06,False,p244851,442,2,2,0,12,0,0,0,1,0,0,3,148,151.0,145.3,144.0,44.1,3,19,7,29,5,1.31,0.79,2.10,8.73,,,2.0,,1.0,,[],https://www.chelseafc.com/en/news/article/chelsea-international-call-ups-and-schedules-for-september-2026,15,10,19,18,13,7,8,7,0.27,0.0,0.16,0.43,1.78,2.44,3,2,87,35,43,22,12,6,1.02,0.0,5.9,Chelsea,CHE
True,True,,,247632,0,0,0,0,-7.5,0,"[{'offset': 0, 'projected_percent': '-7.5', 'likelihood': -1}, {'offset': 1, 'projected_percent': '-7.5', 'likelihood': -1}, {'offset': 2, 'projected_percent': '-7.5', 'likelihood': -1}]",,False,0,3,3.2,3.2,2,Pedro,3.2,156,False,,,6.5,247632.jpg,2.8,False,Lomba Neto,1.4,False,,a,6,8,14,82027,4902,91059,9408,0.5,2.2,Neto,Pedro Neto,173.0,2024-08-11,2000-03-09,False,p247632,332,1,0,0,8,0,0,0,0,0,0,0,81,82.0,92.6,108.0,28.2,8,14,6,28,4,0.68,0.58,1.26,6.64,2.0,,4.0,,,,[],,115,36,47,40,29,16,40,29,0.18,0.0,0.16,0.34,1.8,2.17,37,25,114,45,176,75,157,48,1.08,0.0,7.59,Chelsea,CHE
True,True,,,624773,0,0,-2,2,-32.1,2,"[{'offset': 0, 'projected_percent': '-31.9', 'likelihood': -2}, {'offset': 1, 'projected_percent': '-31.4', 'likelihood': -2}, {'offset': 2, 'projected_percent': '-30.8', 'likelihood': -2}]",,False,0,3,0.8,0.8,1,Estêvão,0.8,157,False,,,6.3,624773.jpg,1.0,False,Almeida de Oliveira Gonçalves,0.7,False,,a,6,8,4,17608,1694,86980,4245,0.1,0.6,Estêvão,Estêvão,30.0,2025-07-14,2007-04-24,False,p624773,23,0,0,0,1,0,0,0,0,0,0,0,17,8.6,1.6,38.0,5.0,0,1,1,2,0,0.07,0.07,0.14,1.01,5.0,,,,2.0,,[],,334,154,343,173,131,72,293,131,0.27,0.0,0.27,0.54,3.95,3.91,52,36,287,132,398,192,218,68,0.0,0.0,7.83,Chelsea,CHE
True,True,75.0,,463936,-1,1,-2,2,-3.0,0,"[{'offset': 0, 'projected_percent': '-3.0', 'likelihood': -1}, {'offset': 1, 'projected_percent': '-3.0', 'likelihood': -1}, {'offset': 2, 'projected_percent': '-3.0', 'likelihood': -1}]",,False,0,3,0.0,0.0,0,Jamie,0.0,158,False,Ankle injury - 75% chance of playing,2026-09-26T05:30:09.245832Z,5.8,463936.jpg,0.0,False,Bynoe-Gittens,0.0,False,,d,6,8,0,1130,151,2869,239,0.0,0.0,Gittens,,241.0,2025-07-05,2004-08-08,False,p463936,0,0,0,0,0,0,0,0,0,0,0,0,0,0.0,0.0,0.0,0.0,0,0,0,0,0,0.00,0.00,0.00,0.00,,,,,,,[],,648,287,653,288,645,285,653,288,0.0,0.0,0.0,0.0,0.0,0.0,105,68,646,286,652,288,550,227,0.0,0.0,0.0,Chelsea,CHE
True,True,50.0,50.0,486672,0,0,-2,2,-1.7,-9,"[{'offset': 0, 'projected_percent': '-2.0', 'likelihood': -1}, {'offset': 1, 'projected_percent': '-2.8', 'likelihood': -1}, {'offset': 2, 'projected_percent': '-3.5', 'likelihood': -1}]",,False,0,3,0.1,0.1,0,Moisés,0.2,159,False,Calf injury - 50% chance of playing,2026-08-30T16:00:08.393562Z,5.3,486672.jpg,1.0,False,Caicedo Corozo,1.0,False,,d,6,8,1,15038,400,281049,8657,0.0,0.2,Caicedo,Moisés Caicedo,62.0,2023-08-14,2001-11-02,False,p486672,13,0,0,0,0,0,0,0,0,0,0,0,3,0.0,0.1,0.0,0.0,0,0,0,0,0,0.00,0.00,0.00,0.07,,,,,,,[],https://www.chelseafc.com/en/news/article/xabi-alonso-on-competitive-monster-jordan-henderson-and-chelsea-absentees,625,271,393,197,611,263,630,272,0.0,0.0,0.0,0.0,0.48,0.0,228,143,372,178,367,167,172,54,0.0,0.0,0.0,Chelsea,CHE
True,True,,,514356,0,0,0,0,4.6,1,"[{'offset': 0, 'projected_percent': '4.6', 'likelihood': 1}, {'offset': 1, 'projected_percent': '4.6', 'likelihood': 1}, {'offset': 2, 'projected_percent': '4.6', 'likelihood': 1}]",,False,0,3,2.5,2.5,0,Roméo,2.5,161,False,,,5.0,514356.jpg,2.8,False,Lavia,0.2,False,,a,6,8,11,25786,411,15502,2392,0.5,2.2,Lavia,,21.0,2023-08-18,2004-01-06,False,p514356,258,1,0,0,8,0,0,0,1,0,0,0,61,65.8,29.1,66.0,16.1,10,15,6,31,4,0.75,0.11,0.86,5.06,,,,,,,[],,144,49,191,109,66,41,121,63,0.26,0.0,0.04,0.3,1.77,2.79,309,185,156,67,168,69,324,116,1.4,0.0,10.81,Chelsea,CHE
True,False,0.0,0.0,491007,0,0,0,0,0.0,0,"[{'offset': 0, 'projected_percent': '0.0', 'likelihood': 0}, {'offset': 1, 'projected_percent': '0.0', 'likelihood': 0}, {'offset': 2, 'projected_percent': '0.0', 'likelihood': 0}]",,False,0,3,0.0,0.0,0,Dário,0.0,163,False,Has joined RC Strasbourg on loan for the rest of the season,2026-09-02T16:20:41.865225Z,4.5,491007.jpg,0.0,False,Luís Essugo,0.1,False,,u,6,8,0,2698,0,14408,696,0.0,0.0,D.Essugo,Dário Essugo,173.0,2025-06-02,2005-03-14,False,p491007,0,0,0,0,0,0,0,0,0,0,0,0,0,0.0,0.0,0.0,0.0,0,0,0,0,0,0.00,0.00,0.00,0.00,,,,,,,[],,506,204,503,210,460,182,511,205,0.0,0.0,0.0,0.0,0.0,0.0,486,262,490,195,520,212,429,161,0.0,0.0,0.0,Chelsea,CHE
True,True,100.0,100.0,593117,0,0,-2,2,-27.2,0,"[{'offset': 0, 'projected_percent': '-27.2', 'likelihood': -2}, {'offset': 1, 'projected_percent': '-27.2', 'likelihood': -2}, {'offset': 2, 'projected_percent': '-27.2', 'likelihood': -2}]",,False,0,3,0.2,0.2,1,Geovany,0.2,164,False,,2026-07-24T20:30:10.609931Z,5.3,593117.jpg,1.0,False,Quenda,0.0,False,,a,6,8,2,900,68,3396,176,0.0,0.4,Quenda,Geovany Quenda,173.0,2026-06-15,2007-04-30,False,p593117,27,0,0,0,2,0,0,0,0,0,0,0,5,1.6,2.1,8.0,1.2,1,0,0,1,0,0.03,0.01,0.04,1.29,,,,,,,[],,390,182,330,165,271,139,374,177,0.1,0.0,0.03,0.13,4.3,6.67,235,148,373,179,371,171,533,215,0.0,0.0,3.33,Chelsea,CHE
True,True,75.0,75.0,475168,-1,1,2,-2,-1.7,-149,"[{'offset': 0, 'projected_percent': '-1.8', 'likelihood': -1}, {'offset': 1, 'projected_percent': '-1.9', 'likelihood': -1}, {'offset': 2, 'projected_percent': '-2.0', 'likelihood': -1}]",,False,2,4,4.1,4.1,0,João Pedro,5.5,165,True,Knee injury - 75% chance of playing,2026-09-16T19:00:09.919929Z,7.7,475168.jpg,8.2,False,Junqueira de Jesus,65.2,False,,d,6,8,33,1574474,59733,1457101,384605,0.7,4.3,João Pedro,João Pedro,30.0,2025-07-02,2001-09-26,False,p475168,360,3,3,0,9,1,0,0,1,0,0,7,141,158.4,90.0,123.0,37.0,3,5,1,9,4,2.17,0.19,2.36,6.17,,,,,,,[],https://www.chelseafc.com/en/news/article/xabi-alonso-on-competitive-monster-jordan-henderson-and-chelsea-absentees,10,2,49,1,21,10,15,3,0.54,0.0,0.05,0.59,1.54,2.25,16,5,34,5,5,1,2,2,1.0,0.0,2.25,Chelsea,CHE
True,False,0.0,0.0,499309,0,0,0,0,0.0,-2,"[{'offset': 0, 'projected_percent': '0.0', 'likelihood': 0}, {'offset': 1, 'projected_percent': '0.0', 'likelihood': 0}, {'offset': 2, 'projected_percent': '0.0', 'likelihood': 0}]",,False,0,4,0.0,0.0,0,Marc,0.0,168,False,Has joined RB Leipzig permanently,2026-09-01T13:24:48.857362Z,5.0,499309.jpg,0.0,False,Guiu Paz,0.2,False,,u,6,8,0,4102,0,33213,1489,0.0,0.0,Marc Guiu,,200.0,2024-07-01,2006-01-04,False,p499309,0,0,0,0,0,0,0,0,0,0,0,0,0,0.0,0.0,0.0,0.0,0,0,0,0,0,0.00,0.00,0.00,0.00,,,,,,,[],,608,64,614,68,591,63,614,68,0.0,0.0,0.0,0.0,0.0,0.0,304,57,600,62,617,69,336,53,0.0,0.0,0.0,Chelsea,CHE
True,True,,,567119,0,0,0,0,4.3,4,"[{'offset': 0, 'projected_percent': '4.3', 'likelihood': 1}, {'offset': 1, 'projected_percent': '4.4', 'likelihood': 1}, {'offset': 2, 'projected_percent': '4.5', 'likelihood': 1}]",,False,0,4,0.0,0.0,0,Shumaira,0.0,169,False,,,4.5,567119.jpg,0.0,False,Mheuka,0.5,False,,a,6,8,0,32080,4359,25216,3427,0.0,0.0,Mheuka,,,,,False,p567119,0,0,0,0,0,0,0,0,0,0,0,0,0,0.0,0.0,0.0,0.0,0,0,0,0,0,0.00,0.00,0.00,0.00,,,,,,,[],,524,52,520,56,478,51,529,56,0.0,0.0,0.0,0.0,0.0,0.0,506,73,508,50,537,57,251,41,0.0,0.0,0.0,Chelsea,CHE
True,True,0.0,0.0,503037,-1,1,-1,1,-0.1,0,"[{'offset': 0, 'projected_percent': '-0.1', 'likelihood': -1}, {'offset': 1, 'projected_percent': '-0.1', 'likelihood': -1}, {'offset': 2, 'projected_percent': '-0.1', 'likelihood': -1}]",,False,0,4,0.0,0.0,0,Emmanuel,0.0,170,False,Hamstring injury - Expected back 10 Oct,2026-09-09T15:00:09.063849Z,4.9,503037.jpg,0.0,False,Emegha,0.1,False,,i,6,8,0,6074,74,12561,1054,0.0,0.0,Emegha,,152.0,2026-06-15,2003-02-03,False,p503037,0,0,0,0,0,0,0,0,0,0,0,0,0,0.0,0.0,0.0,0.0,0,0,0,0,0,0.00,0.00,0.00,0.00,,,,,,,[],https://www.chelseafc.com/en/news/article/xabi-alonso-confirms-chelsea-team-news-for-hull-city,575,59,575,63,542,58,581,63,0.0,0.0,0.0,0.0,0.0,0.0,384,65,566,57,586,64,407,62,0.0,0.0,0.0,Chelsea,CHE
True,True,,,437499,-1,1,-1,1,-7.1,-9,"[{'offset': 0, 'projected_percent': '-7.1', 'likelihood': -1}, {'offset': 1, 'projected_percent': '-7.3', 'likelihood': -1}, {'offset': 2, 'projected_percent': '-7.4', 'likelihood': -1}]",,False,0,2,1.8,1.8,3,Maxence,1.8,200,False,,,5.9,437499.jpg,2.6,False,Lacroix,6.8,False,,a,6,8,13,174146,7492,424057,28481,0.3,2.2,Lacroix,,73.0,2026-07-30,2000-04-06,False,p437499,364,0,1,0,10,0,0,0,1,0,0,0,28,116.2,13.9,14.0,14.4,37,8,10,47,4,0.15,0.22,0.37,7.93,,,,,,,[],,49,21,251,91,229,75,154,52,0.04,0.0,0.05,0.09,1.96,2.47,85,7,213,77,186,72,57,23,0.99,0.0,11.62,Chelsea,CHE
True,True,,,549939,0,0,-1,1,-0.6,0,"[{'offset': 0, 'projected_percent': '-0.6', 'likelihood': -1}, {'offset': 1, 'projected_percent': '-0.6', 'likelihood': -1}, {'offset': 2, 'projected_percent': '-0.6', 'likelihood': -1}]",,False,0,1,0.0,0.0,0,Mike,0.0,560,False,,,4.4,549939.jpg,0.0,False,Penders,0.1,False,,a,6,8,0,2014,239,3611,291,0.0,0.0,Penders,,21.0,2024-08-27,2005-07-31,False,p549939,0,0,0,0,0,0,0,0,0,0,0,0,0,0.0,0.0,0.0,0.0,0,0,0,0,0,0.00,0.00,0.00,0.00,,,,,,,[],,478,53,470,35,420,30,483,53,0.0,0.0,0.0,0.0,0.0,0.0,572,47,458,51,492,53,471,55,0.0,0.0,0.0,Chelsea,CHE
True,True,100.0,100.0,622758,0,0,0,0,-1.9,-1,"[{'offset': 0, 'projected_percent': '-6.0', 'likelihood': -1}, {'offset': 1, 'projected_percent': '-15.0', 'likelihood': -1}, {'offset': 2, 'projected_percent': '-24.0', 'likelihood': -2}]",,False,0,2,0.0,0.0,0,Aaron,0.0,561,False,,2026-08-23T19:00:08.536705Z,4.5,622758.jpg,0.0,False,Anselmino,0.0,False,,a,6,8,0,819,62,1250,102,0.0,0.0,Anselmino,,10.0,2024-08-08,2005-04-29,False,p622758,0,0,0,0,0,0,0,0,0,0,0,0,0,0.0,0.0,0.0,0.0,0,0,0,0,0,0.00,0.00,0.00,0.00,,,,,,,[],,537,201,533,200,493,195,542,201,0.0,0.0,0.0,0.0,0.0,0.0,527,133,522,198,550,201,571,193,0.0,0.0,0.0,Chelsea,CHE
True,True,,,543158,0,0,-1,1,-13.9,0,"[{'offset': 0, 'projected_percent': '-13.9', 'likelihood': -1}, {'offset': 1, 'projected_percent': '-13.9', 'likelihood': -1}, {'offset': 2, 'projected_percent': '-13.9', 'likelihood': -1}]",,False,0,3,0.8,0.8,2,Valentín,0.8,568,False,,,5.4,543158.jpg,1.0,False,Barco,0.1,False,,a,6,8,3,3148,225,7000,433,0.1,0.6,Barco,,10.0,2026-08-02,2004-07-23,False,p543158,115,0,0,0,3,0,0,0,1,0,0,0,29,12.8,7.2,11.0,3.0,4,5,3,12,1,0.07,0.11,0.18,2.83,,,,,,,[],,307,135,287,143,250,130,321,148,0.05,0.0,0.09,0.14,2.21,2.35,207,131,284,129,383,180,387,143,0.78,0.0,9.39,Chelsea,CHE
True,True,,,498444,0,0,-1,1,-49.6,0,"[{'offset': 0, 'projected_percent': '-49.6', 'likelihood': -3}, {'offset': 1, 'projected_percent': '-49.6', 'likelihood': -3}, {'offset': 2, 'projected_percent': '-49.6', 'likelihood': -3}]",,False,0,2,1.0,1.0,1,Pep,1.0,583,False,,,4.9,498444.jpg,1.0,False,Chavarría,0.1,False,,a,6,8,5,3358,398,11129,523,0.2,1.0,Chavarria,,200.0,2026-08-12,1998-04-10,False,p498444,208,0,0,0,4,0,0,0,0,0,0,0,17,30.8,31.4,12.0,7.5,11,7,5,16,1,0.04,0.07,0.11,4.10,,,,,,,[],,252,106,182,56,237,80,242,92,0.02,0.0,0.03,0.05,1.77,1.73,381,70,256,96,341,132,367,141,0.43,0.0,6.92,Chelsea,CHE
True,True,,,636846,0,0,0,0,0.0,0,"[{'offset': 0, 'projected_percent': '0.0', 'likelihood': 0}, {'offset': 1, 'projected_percent': '0.0', 'likelihood': 0}, {'offset': 2, 'projected_percent': '0.0', 'likelihood': 0}]",2026-10-01T21:17:24.996715Z,False,0,3,1.1,1.1,1,Mahdi,1.0,662,False,,,4.5,636846.jpg,1.0,False,Nicoll-Jazuli,0.0,False,,a,6,8,1,328,328,71,71,0.2,0.2,Nicoll-Jazuli,,241.0,2026-07-01,2010-01-06,False,p636846,3,0,0,0,1,0,0,0,0,0,0,0,5,4.6,1.7,0.0,0.6,0,0,2,2,0,0.00,0.00,0.00,0.43,,,,,,,[],,364,170,340,171,498,196,387,181,0.0,0.0,0.0,0.0,12.9,30.0,532,279,254,112,325,140,632,270,0.0,0.0,60.0,Chelsea,CHE
True,True,,,231065,0,0,0,0,-73.1,1,"[{'offset': 0, 'projected_percent': '-71.9', 'likelihood': -3}, {'offset': 1, 'projected_percent': '-69.3', 'likelihood': -3}, {'offset': 2, 'projected_percent': '-66.7', 'likelihood': -3}]",,False,0,2,4.3,4.3,8,Ethan,4.3,91,False,,,4.5,231065.jpg,3.5,False,Pinnock,0.1,False,,a,7,9,14,2535,366,3987,216,1.0,3.1,Pinnock,,107.0,2026-08-26,1993-05-29,False,p231065,282,0,0,1,7,0,0,0,1,0,0,0,15,90.8,1.7,10.0,10.3,41,4,3,44,3,0.12,0.00,0.12,6.57,,,,,,,[],,94,43,339,122,254,86,204,72,0.04,0.0,0.0,0.04,2.1,2.23,459,102,60,26,117,47,463,165,0.96,0.32,14.04,Coventry City,COV
True,True,100.0,100.0,428580,0,0,-1,1,-32.5,-1,"[{'offset': 0, 'projected_percent': '-33.3', 'likelihood': -2}, {'offset': 1, 'projected_percent': '-35.1', 'likelihood': -2}, {'offset': 2, 'projected_percent': '-37.0', 'likelihood': -2}]",,False,0,3,2.3,2.3,3,Frank,2.3,104,False,,2026-09-15T09:00:07.851220Z,4.9,428580.jpg,2.2,False,Onyeka,0.1,False,,a,7,9,9,3978,168,9563,436,0.5,1.8,Onyeka,,157.0,2026-07-01,1998-01-01,False,p428580,314,0,0,1,7,0,0,0,0,0,0,0,34,19.4,4.7,21.0,4.5,9,14,5,28,4,0.03,0.02,0.05,6.31,,,,,,,[],,286,122,308,158,182,97,300,135,0.01,0.0,0.01,0.02,1.81,2.01,363,218,167,74,211,92,422,156,1.15,0.29,8.03,Coventry City,COV
True,True,,,472739,0,0,0,0,-57.1,-2,"[{'offset': 0, 'projected_percent': '-57.3', 'likelihood': -3}, {'offset': 1, 'projected_percent': '-57.7', 'likelihood': -3}, {'offset': 2, 'projected_percent': '-58.1', 'likelihood': -3}]",,False,1,1,4.3,4.3,11,Carl,4.3,110,False,,,4.5,472739.jpg,3.2,False,Rushworth,0.8,False,,a,7,9,16,23608,2461,58960,5796,1.0,3.6,Rushworth,,241.0,2026-08-04,2001-07-02,False,p472739,450,0,1,1,10,0,0,0,0,0,9,2,56,90.6,10.0,0.0,10.1,4,50,0,0,5,0.00,0.02,0.02,8.63,,,,,,,[],,95,18,281,2,456,47,208,15,0.0,1.8,0.0,0.0,1.73,2.0,481,38,61,8,127,13,205,30,1.0,0.2,0.0,Coventry City,COV
True,False,0.0,0.0,484389,0,0,0,0,0.0,-4,"[{'offset': 0, 'projected_percent': '0.0', 'likelihood': 0}, {'offset': 1, 'projected_percent': '0.0', 'likelihood': 0}, {'offset': 2, 'projected_percent': '0.0', 'likelihood': 0}]",,False,0,1,0.0,0.0,0,Oliver,0.0,171,False,Has joined Leyton Orient on loan for the rest of the season,2026-09-02T15:44:14.839336Z,4.0,484389.jpg,0.0,False,Dovin,1.0,False,,u,7,9,0,8924,0,57764,4596,0.0,0.0,Dovin,,206.0,2024-07-19,2002-07-11,False,p484389,0,0,0,0,0,0,0,0,0,0,0,0,0,0.0,0.0,0.0,0.0,0,0,0,0,0,0.00,0.00,0.00,0.00,,,,,,,[],,439,46,430,27,374,22,444,46,0.0,0.0,0.0,0.0,0.0,0.0,629,70,416,44,453,46,177,27,0.0,0.0,0.0,Coventry City,COV
True,True,,,110690,0,0,-1,1,-5.7,0,"[{'offset': 0, 'projected_percent': '-5.7', 'likelihood': -1}, {'offset': 1, 'projected_percent': '-5.7', 'likelihood': -1}, {'offset': 2, 'projected_percent': '-5.7', 'likelihood': -1}]",,False,0,1,0.0,0.0,0,Ben,0.0,172,False,,,4.4,110690.jpg,0.0,False,Wilson,0.4,False,,a,7,9,0,1401,231,12341,644,0.0,0.0,Wilson,,241.0,2019-07-01,1992-08-09,False,p110690,0,0,0,0,0,0,0,0,0,0,0,0,0,0.0,0.0,0.0,0.0,0,0,0,0,0,0.00,0.00,0.00,0.00,,,,,,,[],,467,51,459,33,408,28,472,51,0.0,0.0,0.0,0.0,0.0,0.0,547,45,446,49,481,51,277,37,0.0,0.0,0.0,Coventry City,COV
True,True,,,461102,0,0,0,0,16.8,-2,"[{'offset': 0, 'projected_percent': '16.8', 'likelihood': 1}, {'offset': 1, 'projected_percent': '16.8', 'likelihood': 1}, {'offset': 2, 'projected_percent': '16.8', 'likelihood': 1}]",,False,0,2,4.3,4.3,9,Bobby,4.3,173,False,,,4.0,461102.jpg,4.8,False,Thomas,8.6,False,,a,7,9,24,362494,25060,283047,30023,1.1,6.0,Thomas,,241.0,2023-07-22,2001-01-30,False,p461102,437,0,0,2,9,0,0,0,0,0,0,3,78,94.8,33.7,56.0,18.4,49,16,3,52,5,0.49,0.30,0.79,8.09,,,,,,,[],,85,37,173,53,81,13,104,34,0.1,0.0,0.06,0.16,1.67,1.85,625,181,59,25,62,27,45,16,1.03,0.41,10.71,Coventry City,COV
True,False,0.0,0.0,436761,0,0,0,0,0.0,0,"[{'offset': 0, 'projected_percent': '0.0', 'likelihood': 0}, {'offset': 1, 'projected_percent': '0.0', 'likelihood': 0}, {'offset': 2, 'projected_percent': '0.0', 'likelihood': 0}]",,False,0,2,0.0,0.0,0,Liam,0.0,174,False,Has joined Sheffield United on loan for the rest of the season,2026-09-02T16:21:03.612394Z,4.0,436761.jpg,0.0,False,Kitching,0.3,False,,u,7,9,0,981,0,32842,1749,0.0,0.0,Kitching,,241.0,2023-09-01,1999-09-25,False,p436761,0,0,0,0,0,0,0,0,0,0,0,0,0,0.0,0.0,0.0,0.0,0,0,0,0,0,0.00,0.00,0.00,0.00,,,,,,,[],,432,156,423,155,367,140,437,156,0.0,0.0,0.0,0.0,0.0,0.0,618,176,409,146,446,156,280,102,0.0,0.0,0.0,Coventry City,COV
True,True,75.0,,451284,0,0,0,0,-47.4,-20,"[{'offset': 0, 'projected_percent': '-47.4', 'likelihood': -3}, {'offset': 1, 'projected_percent': '-47.6', 'likelihood': -3}, {'offset': 2, 'projected_percent': '-47.8', 'likelihood': -3}]",,False,0,2,0.8,1.0,0,Milan,1.0,175,False,Hamstring injury - 75% chance of playing,2026-09-19T16:00:09.486751Z,4.0,451284.jpg,1.5,False,van Ewijk,8.8,False,,d,7,9,6,123049,1144,498594,73920,0.2,1.5,van Ewijk,,152.0,2023-07-27,2000-09-08,False,p451284,360,0,0,0,10,0,0,0,1,0,0,0,7,61.6,52.7,14.0,12.8,21,13,6,27,4,0.00,0.30,0.30,7.53,,,,,,,[],,160,67,108,28,224,72,171,60,0.0,0.0,0.08,0.08,1.88,2.5,623,179,248,90,269,95,42,13,1.0,0.0,6.75,Coventry City,COV
True,True,,,173878,0,0,0,0,-31.7,4,"[{'offset': 0, 'projected_percent': '-31.3', 'likelihood': -2}, {'offset': 1, 'projected_percent': '-30.5', 'likelihood': -2}, {'offset': 2, 'projected_percent': '-29.6', 'likelihood': -2}]",,False,1,2,5.7,5.7,15,Jay,5.7,176,False,,,4.0,173878.jpg,4.0,False,Dasilva,0.7,False,,a,7,9,20,15283,6000,22632,1666,1.4,5.0,Dasilva,,244.0,2023-07-01,1998-04-22,False,p173878,444,1,0,1,10,0,0,0,0,0,0,3,54,110.6,67.7,35.0,21.5,19,14,4,23,5,0.50,0.52,1.02,8.63,,,,,,,[],,57,24,82,16,138,38,77,18,0.1,0.0,0.11,0.21,1.75,2.03,604,166,29,14,85,36,212,83,1.01,0.2,4.66,Coventry City,COV
True,True,0.0,0.0,465390,-1,1,-1,1,0.2,0,"[{'offset': 0, 'projected_percent': '0.2', 'likelihood': 1}, {'offset': 1, 'projected_percent': '0.2', 'likelihood': 1}, {'offset': 2, 'projected_percent': '0.2', 'likelihood': 1}]",,False,0,2,0.0,0.0,0,Kaine,0.0,177,False,Hamstring injury - Unknown return date,2026-08-27T14:56:28.704361Z,3.9,465390.jpg,0.0,False,Kesler-Hayden,0.0,False,,i,7,9,0,1596,997,3736,511,0.0,0.0,Kesler-Hayden,,241.0,2025-07-01,2002-10-23,False,p465390,0,0,0,0,0,0,0,0,0,0,0,0,0,0.0,0.0,0.0,0.0,0,0,0,0,0,0.00,0.00,0.00,0.00,,,,,,,[],,408,149,396,145,340,130,412,148,0.0,0.0,0.0,0.0,0.0,0.0,666,216,382,136,422,149,503,178,0.0,0.0,0.0,Coventry City,COV
True,True,,,80178,0,0,0,0,-29.3,0,"[{'offset': 0, 'projected_percent': '-29.3', 'likelihood': -2}, {'offset': 1, 'projected_percent': '-29.3', 'likelihood': -2}, {'offset': 2, 'projected_percent': '-29.3', 'likelihood': -2}]",,False,0,2,0.0,0.0,0,Jake,0.0,178,False,,,4.0,80178.jpg,0.0,False,Bidwell,0.1,False,,a,7,9,0,2486,179,3522,291,0.0,0.0,Bidwell,,241.0,2022-01-17,1993-03-21,False,p80178,0,0,0,0,0,0,0,0,0,0,0,0,0,0.0,0.0,0.0,0.0,0,0,0,0,0,0.00,0.00,0.00,0.00,,,,,,,[],,416,151,404,147,348,132,420,150,0.0,0.0,0.0,0.0,0.0,0.0,593,162,390,138,430,151,446,161,0.0,0.0,0.0,Coventry City,COV
True,True,,,204813,0,0,0,0,-74.3,0,"[{'offset': 0, 'projected_percent': '-74.3', 'likelihood': -3}, {'offset': 1, 'projected_percent': '-74.3', 'likelihood': -3}, {'offset': 2, 'projected_percent': '-74.3', 'likelihood': -3}]",,False,0,2,0.3,0.3,1,Joel,0.3,179,False,,,4.0,204813.jpg,1.0,False,Latibeaudiere,0.0,False,,a,7,9,1,983,72,1736,133,0.1,0.2,Latibeaudiere,,107.0,2023-07-18,2000-01-06,False,p204813,1,0,0,0,0,0,0,0,0,0,0,0,3,7.0,0.0,0.0,0.7,2,0,0,2,0,0.00,0.00,0.00,0.02,,,,,,,[],,347,127,415,151,359,136,382,136,0.0,0.0,0.0,0.0,1.8,0.0,606,168,329,115,300,107,521,182,0.0,0.0,180.0,Coventry City,COV
True,True,0.0,0.0,220583,0,0,0,0,-94.8,-1,"[{'offset': 0, 'projected_percent': '-95.0', 'likelihood': -4}, {'offset': 1, 'projected_percent': '-95.6', 'likelihood': -4}, {'offset': 2, 'projected_percent': '-96.2', 'likelihood': -4}]",,False,0,2,0.0,0.0,0,Luke,0.0,180,False,Knee injury - Unknown return date,2026-08-27T14:56:28.718566Z,4.0,220583.jpg,0.0,False,Woolfenden,0.1,False,,i,7,9,0,2259,24,9001,492,0.0,0.0,Woolfenden,,241.0,2025-09-01,1998-10-21,False,p220583,0,0,0,0,0,0,0,0,0,0,0,0,0,0.0,0.0,0.0,0.0,0,0,0,0,0,0.00,0.00,0.00,0.00,,,,,,,[],,427,154,418,153,362,138,432,154,0.0,0.0,0.0,0.0,0.0,0.0,611,172,403,143,441,154,403,149,0.0,0.0,0.0,Coventry City,COV
True,False,0.0,0.0,577411,0,0,0,0,0.0,-1,"[{'offset': 0, 'projected_percent': '0.0', 'likelihood': 0}, {'offset': 1, 'projected_percent': '0.0', 'likelihood': 0}, {'offset': 2, 'projected_percent': '0.0', 'likelihood': 0}]",,False,0,2,0.0,0.0,0,Miguel,0.0,181,False,Has joined Academico de Viseu on loan for the rest of the season,2026-08-29T00:35:59.980316Z,4.0,577411.jpg,0.0,False,Brau,0.0,False,,u,7,9,0,275,0,2165,95,0.0,0.0,Brau,,200.0,2025-07-01,2001-12-27,False,p577411,0,0,0,0,0,0,0,0,0,0,0,0,0,0.0,0.0,0.0,0.0,0,0,0,0,0,0.00,0.00,0.00,0.00,,,,,,,[],,454,171,445,170,390,156,459,171,0.0,0.0,0.0,0.0,0.0,0.0,649,200,432,162,468,171,569,192,0.0,0.0,0.0,Coventry City,COV
True,True,0.0,25.0,539142,0,0,0,0,-52.4,-5,"[{'offset': 0, 'projected_percent': '-52.6', 'likelihood': -3}, {'offset': 1, 'projected_percent': '-53.1', 'likelihood': -3}, {'offset': 2, 'projected_percent': '-53.5', 'likelihood': -3}]",,False,0,2,0.0,0.2,0,Aurèle,0.7,182,False,Calf injury - Unknown return date,2026-09-17T07:30:09.329041Z,4.0,539142.jpg,1.0,False,Amenda,0.6,False,,i,7,9,4,11478,33,33488,6586,0.2,1.0,Amenda,,207.0,2026-07-16,2003-07-31,False,p539142,360,0,0,0,10,0,0,0,1,0,0,0,-3,62.8,14.5,15.0,9.4,23,11,1,24,4,0.02,0.39,0.41,7.53,,,,,,,[],,154,66,246,87,215,67,218,78,0.0,0.0,0.1,0.1,1.88,2.5,638,189,288,105,302,109,231,89,1.0,0.0,6.0,Coventry City,COV
True,True,100.0,100.0,480457,0,0,-1,1,0.1,0,"[{'offset': 0, 'projected_percent': '0.1', 'likelihood': 1}, {'offset': 1, 'projected_percent': '0.1', 'likelihood': 1}, {'offset': 2, 'projected_percent': '0.1', 'likelihood': 1}]",,False,0,3,3.0,3.0,5,Jack,3.0,183,False,,2026-07-23T12:01:23.481435Z,4.9,480457.jpg,2.6,False,Rudoni,0.1,False,,a,7,9,13,4337,867,8034,645,0.6,2.7,Rudoni,,241.0,2024-06-20,2001-06-14,False,p480457,297,0,0,2,4,0,0,0,0,0,0,0,51,51.2,140.8,80.0,27.2,9,21,4,34,4,0.92,1.11,2.03,4.49,5.0,,1.0,,,,[],,192,80,20,19,47,29,44,33,0.28,0.0,0.34,0.62,1.36,1.21,375,223,122,46,179,78,412,151,1.21,0.61,10.3,Coventry City,COV
True,True,,,168144,0,0,-1,1,-27.9,0,"[{'offset': 0, 'projected_percent': '-27.9', 'likelihood': -2}, {'offset': 1, 'projected_percent': '-27.9', 'likelihood': -2}, {'offset': 2, 'projected_percent': '-27.9', 'likelihood': -2}]",,False,0,3,2.3,2.3,3,Matt,2.3,184,False,,,4.9,168144.jpg,2.2,False,Grimes,0.1,False,,a,7,9,11,4073,176,11230,839,0.5,2.2,Grimes,,241.0,2025-01-31,1995-07-15,False,p168144,443,0,0,1,9,0,0,0,0,0,0,0,62,64.4,48.0,6.0,11.8,13,16,9,38,5,0.12,0.13,0.25,8.42,1.0,,,,3.0,,[],,149,54,125,83,286,146,183,90,0.02,0.0,0.03,0.05,1.71,1.83,342,205,166,73,208,89,393,145,1.02,0.2,7.72,Coventry City,COV
True,True,,,501459,0,0,-2,2,-22.0,-1,"[{'offset': 0, 'projected_percent': '-23.3', 'likelihood': -2}, {'offset': 1, 'projected_percent': '-26.2', 'likelihood': -2}, {'offset': 2, 'projected_percent': '-29.1', 'likelihood': -2}]",,False,0,3,0.0,0.0,0,Tatsuhiro,0.0,185,False,,,4.8,501459.jpg,1.0,False,Sakamoto,0.1,False,,a,7,9,1,1013,123,5745,373,0.0,0.2,Sakamoto,,108.0,2023-07-10,1996-10-22,False,p501459,31,0,0,0,1,0,0,0,0,0,0,0,8,6.2,5.9,7.0,1.9,0,2,2,4,0,0.02,0.02,0.04,0.69,,,,,,,[],,354,164,295,148,276,142,349,165,0.06,0.0,0.06,0.12,2.0,2.9,415,253,542,220,328,142,477,185,0.0,0.0,11.61,Coventry City,COV
True,True,100.0,100.0,241293,-1,1,-2,2,-1.9,0,"[{'offset': 0, 'projected_percent': '-1.9', 'likelihood': -1}, {'offset': 1, 'projected_percent': '-1.9', 'likelihood': -1}, {'offset': 2, 'projected_percent': '-1.9', 'likelihood': -1}]",,False,0,3,1.3,1.3,1,Ephron,1.3,186,False,,2026-08-19T18:00:08.310507Z,5.3,241293.jpg,1.2,False,Mason-Clark,0.1,False,,a,7,9,5,1109,70,5956,352,0.2,0.9,Mason-Clark,,107.0,2024-02-01,1999-08-25,False,p241293,231,0,0,0,3,0,0,0,0,0,0,0,19,15.4,51.6,52.0,11.7,6,9,0,15,4,0.51,0.12,0.63,3.16,,,,,,,[],,299,129,113,75,89,53,187,91,0.2,0.0,0.05,0.25,1.23,1.17,219,137,241,108,292,133,440,167,1.56,0.0,5.84,Coventry City,COV
True,True,0.0,0.0,439668,-1,1,-2,2,-4.4,0,"[{'offset': 0, 'projected_percent': '-4.4', 'likelihood': -1}, {'offset': 1, 'projected_percent': '-4.4', 'likelihood': -1}, {'offset': 2, 'projected_percent': '-4.4', 'likelihood': -1}]",,False,0,3,0.0,0.0,0,Josh,0.0,187,False,Unspecified injury - Expected back 12 Oct,2026-09-10T18:30:08.877110Z,4.8,439668.jpg,0.0,False,Eccles,0.0,False,,i,7,9,0,630,17,1463,87,0.0,0.0,Eccles,,241.0,2018-07-01,2000-04-06,False,p439668,0,0,0,0,0,0,0,0,0,0,0,0,0,0.0,0.0,0.0,0.0,0,0,0,0,0,0.00,0.00,0.00,0.00,,,,,,,[],,556,228,552,234,514,207,561,229,0.0,0.0,0.0,0.0,0.0,0.0,413,252,541,219,568,236,612,259,0.0,0.0,0.0,Coventry City,COV
True,True,,,226965,-1,1,-2,2,-11.0,0,"[{'offset': 0, 'projected_percent': '-11.0', 'likelihood': -1}, {'offset': 1, 'projected_percent': '-11.0', 'likelihood': -1}, {'offset': 2, 'projected_percent': '-11.0', 'likelihood': -1}]",,False,0,3,0.3,0.3,0,Victor,0.3,188,False,,,5.3,226965.jpg,1.0,False,Torp,0.1,False,,a,7,9,3,796,43,7955,423,0.1,0.6,Torp,,58.0,2024-01-11,1999-07-30,False,p226965,53,0,0,0,2,0,0,0,0,0,0,0,13,7.2,20.4,0.0,2.7,1,2,0,3,0,0.00,0.12,0.12,1.22,2.0,,2.0,,2.0,,[],,345,160,218,119,608,262,331,156,0.0,0.0,0.2,0.2,2.07,3.4,217,135,350,165,363,164,418,153,0.0,0.0,5.09,Coventry City,COV
True,True,,,684268,0,0,-1,1,0.8,0,"[{'offset': 0, 'projected_percent': '0.8', 'likelihood': 1}, {'offset': 1, 'projected_percent': '0.8', 'likelihood': 1}, {'offset': 2, 'projected_percent': '0.8', 'likelihood': 1}]",,False,0,3,0.0,0.0,0,George,0.0,189,False,,,4.4,684268.jpg,0.0,False,Shepherd,0.3,False,,a,7,9,0,10691,3971,15073,2202,0.0,0.0,Shepherd,,,,,False,p684268,0,0,0,0,0,0,0,0,0,0,0,0,0,0.0,0.0,0.0,0.0,0,0,0,0,0,0.00,0.00,0.00,0.00,,,,,,,[],,483,200,475,206,425,178,488,201,0.0,0.0,0.0,0.0,0.0,0.0,578,298,464,191,497,208,302,105,0.0,0.0,0.0,Coventry City,COV
True,True,,,469272,0,0,-1,1,-79.4,0,"[{'offset': 0, 'projected_percent': '-79.4', 'likelihood': -3}, {'offset': 1, 'projected_percent': '-79.4', 'likelihood': -3}, {'offset': 2, 'projected_percent': '-79.4', 'likelihood': -3}]",,False,0,3,0.7,0.7,1,Loum,0.7,190,False,,,5.4,469272.jpg,1.2,False,Tchaouna,0.1,False,,a,7,9,5,3138,22,8210,333,0.1,0.9,Tchaouna,,73.0,2026-07-11,2003-09-08,False,p469272,211,0,0,0,3,0,0,0,0,0,0,0,32,25.4,50.5,46.0,12.3,6,11,1,18,2,0.23,0.18,0.41,3.23,3.0,,,,,,[],,263,109,116,78,103,58,178,88,0.1,0.0,0.08,0.18,1.38,1.28,195,121,303,141,294,134,426,159,0.85,0.0,7.68,Coventry City,COV
True,False,0.0,0.0,492498,0,0,0,0,0.0,0,"[{'offset': 0, 'projected_percent': '0.0', 'likelihood': 0}, {'offset': 1, 'projected_percent': '0.0', 'likelihood': 0}, {'offset': 2, 'projected_percent': '0.0', 'likelihood': 0}]",,False,0,3,0.0,0.0,0,Raphael,0.0,191,False,Has joined Burton Albion on loan for the rest of the season,2026-09-02T15:44:14.868001Z,4.5,492498.jpg,0.0,False,Borges Rodrigues,0.1,False,,u,7,9,0,1943,0,11484,660,0.0,0.0,Borges Rodrigues,,13.0,2024-07-01,2003-09-11,False,p492498,0,0,0,0,0,0,0,0,0,0,0,0,0,0.0,0.0,0.0,0.0,0,0,0,0,0,0.00,0.00,0.00,0.00,,,,,,,[],,507,205,504,211,461,183,512,206,0.0,0.0,0.0,0.0,0.0,0.0,487,263,491,196,521,213,439,166,0.0,0.0,0.0,Coventry City,COV
True,False,0.0,0.0,629397,0,0,0,0,0.0,-2,"[{'offset': 0, 'projected_percent': '0.0', 'likelihood': 0}, {'offset': 1, 'projected_percent': '0.0', 'likelihood': 0}, {'offset': 2, 'projected_percent': '0.0', 'likelihood': 0}]",,False,0,3,0.0,0.0,0,Kai,0.0,192,False,Has joined Oxford United on loan for the rest of the season,2026-08-29T00:35:59.998520Z,4.5,629397.jpg,0.0,False,Andrews,0.3,False,,u,7,9,0,2718,0,41022,1917,0.0,0.0,Andrews,,244.0,2023-08-11,2006-08-06,False,p629397,0,0,0,0,0,0,0,0,0,0,0,0,0,0.0,0.0,0.0,0.0,0,0,0,0,0,0.00,0.00,0.00,0.00,,,,,,,[],,540,217,536,223,496,195,545,218,0.0,0.0,0.0,0.0,0.0,0.0,530,278,525,208,553,225,299,104,0.0,0.0,0.0,Coventry City,COV
True,True,0.0,0.0,176412,0,0,-1,1,-99.6,0,"[{'offset': 0, 'projected_percent': '-99.6', 'likelihood': -4}, {'offset': 1, 'projected_percent': '-99.6', 'likelihood': -4}, {'offset': 2, 'projected_percent': '-99.6', 'likelihood': -4}]",,False,0,4,0.0,0.0,0,Haji,0.0,193,False,Thigh injury - Unknown return date,2026-08-14T22:00:07.214508Z,5.4,176412.jpg,0.0,False,Wright,0.1,False,,i,7,9,0,613,46,12453,527,0.0,0.0,Wright,,229.0,2023-08-04,1998-03-27,False,p176412,0,0,0,0,0,0,0,0,0,0,0,0,0,0.0,0.0,0.0,0.0,0,0,0,0,0,0.00,0.00,0.00,0.00,,,,,1.0,,[],https://www.ccfc.co.uk/news/2026/august/19/head-coach-frank-lampard-provides-an-update-on-haji-wright/,628,68,631,72,617,69,633,72,0.0,0.0,0.0,0.0,0.0,0.0,171,42,620,66,634,73,466,67,0.0,0.0,0.0,Coventry City,COV
True,True,,,230730,0,0,0,0,2.7,0,"[{'offset': 0, 'projected_percent': '2.7', 'likelihood': 1}, {'offset': 1, 'projected_percent': '2.7', 'likelihood': 1}, {'offset': 2, 'projected_percent': '2.7', 'likelihood': 1}]",,False,0,4,2.0,2.0,4,Brandon,2.0,194,False,,,5.0,230730.jpg,1.8,False,Thomas-Asante,0.8,False,,a,7,9,9,58279,7654,56709,5684,0.4,1.8,Thomas-Asante,,81.0,2024-08-01,1998-12-29,False,p230730,227,0,0,1,6,0,0,0,0,0,0,0,43,29.8,4.5,49.0,8.4,12,12,3,27,2,0.34,0.06,0.39,4.98,,,,,4.0,,[],,256,24,310,40,96,23,230,23,0.13,0.0,0.02,0.15,1.97,2.38,271,53,193,18,254,30,202,33,0.79,0.4,10.7,Coventry City,COV
True,True,,,218997,-1,1,-1,1,-0.2,4,"[{'offset': 0, 'projected_percent': '0.0', 'likelihood': 0}, {'offset': 1, 'projected_percent': '0.1', 'likelihood': 1}, {'offset': 2, 'projected_percent': '0.1', 'likelihood': 1}]",,False,0,4,0.7,0.7,1,Ellis,0.7,195,False,,,4.9,218997.jpg,1.3,False,Simms,0.6,False,,a,7,9,4,40249,1745,64337,5119,0.1,0.8,Simms,,241.0,2023-07-07,2001-01-05,False,p218997,104,0,0,0,3,0,0,0,0,0,0,0,13,7.8,22.6,37.0,6.8,1,2,0,3,1,0.30,0.01,0.31,2.79,,,,,,,[],,342,34,208,22,133,24,255,26,0.26,0.0,0.01,0.27,2.41,2.6,354,64,293,32,283,33,225,36,0.87,0.0,2.6,Coventry City,COV
True,False,0.0,0.0,551262,0,0,0,0,0.0,0,"[{'offset': 0, 'projected_percent': '0.0', 'likelihood': 0}, {'offset': 1, 'projected_percent': '0.0', 'likelihood': 0}, {'offset': 2, 'projected_percent': '0.0', 'likelihood': 0}]",,False,0,4,0.0,0.0,0,Jahnoah,0.0,196,False,Has joined Shabab Al-Ahli Dubai permanently,2026-08-17T13:53:55.791223Z,5.0,551262.jpg,0.0,False,Markelo,0.0,False,,u,7,9,0,0,0,1187,60,0.0,0.0,Markelo,,203.0,2026-01-27,2003-01-04,False,p551262,0,0,0,0,0,0,0,0,0,0,0,0,0,0.0,0.0,0.0,0.0,0,0,0,0,0,0.00,0.00,0.00,0.00,,,,,,,[],,616,65,622,69,599,64,622,69,0.0,0.0,0.0,0.0,0.0,0.0,320,59,609,63,625,70,628,78,0.0,0.0,0.0,Coventry City,COV
True,False,0.0,0.0,549653,0,0,0,0,0.0,0,"[{'offset': 0, 'projected_percent': '0.0', 'likelihood': 0}, {'offset': 1, 'projected_percent': '0.0', 'likelihood': 0}, {'offset': 2, 'projected_percent': '0.0', 'likelihood': 0}]",,False,0,4,0.0,0.0,0,Norman,0.0,197,False,Has joined KVC Westerlo on loan for the rest of the season,2026-07-28T12:58:50.001768Z,4.5,549653.jpg,0.0,False,Bassette,0.0,False,,u,7,9,0,0,0,2100,141,0.0,0.0,Bassette,,,,,False,p549653,0,0,0,0,0,0,0,0,0,0,0,0,0,0.0,0.0,0.0,0.0,0,0,0,0,0,0.00,0.00,0.00,0.00,,,,,,,[],,518,49,515,54,472,48,523,53,0.0,0.0,0.0,0.0,0.0,0.0,499,70,502,47,532,55,560,75,0.0,0.0,0.0,Coventry City,COV
True,True,0.0,0.0,210156,-1,1,-1,1,-12.7,-6,"[{'offset': 0, 'projected_percent': '-12.9', 'likelihood': -1}, {'offset': 1, 'projected_percent': '-13.3', 'likelihood': -1}, {'offset': 2, 'projected_percent': '-13.8', 'likelihood': -1}]",,False,0,4,0.0,0.0,0,Taiwo,0.0,492,False,Suspended until 19 Oct,2026-09-13T15:00:09.305127Z,5.4,210156.jpg,0.8,False,Awoniyi,0.4,False,,s,7,9,3,21337,64,64667,4872,0.0,0.6,Awoniyi,,157.0,2026-08-17,1997-08-12,False,p210156,232,0,0,0,7,0,0,0,0,1,0,0,11,13.6,46.2,78.0,13.6,3,7,1,11,3,1.30,0.04,1.34,3.55,,,,,5.0,,[],,302,31,137,14,50,16,161,19,0.5,0.0,0.02,0.52,1.38,2.72,178,43,623,67,407,48,269,47,1.16,0.0,4.27,Coventry City,COV
True,True,,,661888,-1,1,-2,2,-2.6,0,"[{'offset': 0, 'projected_percent': '-2.6', 'likelihood': -1}, {'offset': 1, 'projected_percent': '-2.6', 'likelihood': -1}, {'offset': 2, 'projected_percent': '-2.6', 'likelihood': -1}]",,False,0,3,1.7,1.7,3,Caleb,1.7,575,False,,,4.8,661888.jpg,1.8,False,Yirenkyi,0.1,False,,a,7,9,9,2935,283,13660,993,0.4,1.9,Yirenkyi,,81.0,2026-08-07,2006-01-15,False,p661888,265,0,0,2,5,0,0,0,1,0,0,0,36,15.4,41.6,7.0,6.0,7,13,1,21,3,0.03,0.15,0.18,4.25,,,,,,,[],,298,128,150,96,278,143,271,120,0.01,0.0,0.05,0.06,1.44,1.7,421,256,216,97,253,111,372,134,1.02,0.68,7.13,Coventry City,COV
True,True,,,196100,0,0,-1,1,-82.7,0,"[{'offset': 0, 'projected_percent': '-82.7', 'likelihood': -3}, {'offset': 1, 'projected_percent': '-82.7', 'likelihood': -3}, {'offset': 2, 'projected_percent': '-82.7', 'likelihood': -3}]",,False,0,3,0.3,0.3,0,Gustavo,0.3,584,False,,,5.4,196100.jpg,1.0,False,Hamer,0.1,False,,a,7,9,3,791,41,6393,386,0.1,0.6,Hamer,,152.0,2026-08-11,1997-06-24,False,p196100,32,0,0,0,1,0,0,0,0,0,0,0,6,0.6,1.8,0.0,0.3,0,2,1,3,0,0.00,0.02,0.02,0.82,4.0,,,,,,[],,401,188,338,170,619,268,397,186,0.0,0.0,0.06,0.06,2.31,2.81,174,110,351,166,376,175,432,163,0.0,0.0,8.44,Coventry City,COV
True,True,,,627221,0,0,0,0,-6.9,0,"[{'offset': 0, 'projected_percent': '-6.9', 'likelihood': -1}, {'offset': 1, 'projected_percent': '-6.9', 'likelihood': -1}, {'offset': 2, 'projected_percent': '-6.9', 'likelihood': -1}]",,False,0,4,0.3,0.3,0,Sidiki,0.3,599,False,,,5.0,627221.jpg,1.0,False,Cherif,0.1,False,,a,7,9,1,7437,510,7574,735,0.1,0.2,Cherif,,73.0,2026-08-19,2006-12-15,False,p627221,30,0,0,0,3,0,0,0,0,0,0,0,3,1.0,0.2,0.0,0.1,1,0,0,1,0,0.00,0.00,0.00,1.43,,,,,,,[],,398,44,388,48,603,66,406,47,0.0,0.0,0.0,0.0,4.29,9.0,330,61,348,39,359,38,416,64,0.0,0.0,3.0,Coventry City,COV
True,True,,,79602,0,0,0,0,2.1,0,"[{'offset': 0, 'projected_percent': '2.1', 'likelihood': 1}, {'offset': 1, 'projected_percent': '2.1', 'likelihood': 1}, {'offset': 2, 'projected_percent': '2.1', 'likelihood': 1}]",,False,0,1,0.0,0.0,0,Dan,0.0,623,False,,,4.0,79602.jpg,0.0,False,Bentley,0.6,False,,a,7,9,0,78268,7890,19131,2239,0.0,0.0,Bentley,,241.0,2026-08-21,1993-07-13,False,p79602,0,0,0,0,0,0,0,0,0,0,0,0,0,0.0,0.0,0.0,0.0,0,0,0,0,0,0.00,0.00,0.00,0.00,,,,,,,[],,415,30,403,11,347,6,419,30,0.0,0.0,0.0,0.0,0.0,0.0,592,54,389,28,429,30,228,33,0.0,0.0,0.0,Coventry City,COV
True,True,,,242893,0,0,0,0,0.0,0,"[{'offset': 0, 'projected_percent': '0.0', 'likelihood': 0}, {'offset': 1, 'projected_percent': '0.0', 'likelihood': 0}, {'offset': 2, 'projected_percent': '0.0', 'likelihood': 0}]",,False,0,3,0.0,0.0,0,Yann,0.0,655,False,,,5.5,242893.jpg,0.0,False,Gboho,0.0,False,,a,7,9,0,266,68,101,52,0.0,0.0,Gboho,,73.0,2026-09-01,2001-01-14,False,p242893,0,0,0,0,0,0,0,0,0,0,0,0,0,0.0,0.0,0.0,0.0,0,0,0,0,0,0.00,0.00,0.00,0.00,,,,,,,[],,641,280,647,282,634,275,646,281,0.0,0.0,0.0,0.0,0.0,0.0,138,83,638,279,646,282,654,288,0.0,0.0,0.0,Coventry City,COV
True,True,,,566213,0,0,0,0,0.0,4,"[{'offset': 0, 'projected_percent': '0.1', 'likelihood': 1}, {'offset': 1, 'projected_percent': '0.1', 'likelihood': 1}, {'offset': 2, 'projected_percent': '0.2', 'likelihood': 1}]",,False,0,2,3.0,3.0,6,Stephen,3.0,656,False,,,4.0,566213.jpg,6.0,False,Mfuni,0.1,False,,a,7,9,6,10114,1802,2635,834,0.8,1.5,Mfuni,,241.0,2026-08-30,2008-02-12,False,p566213,90,0,0,1,0,0,0,0,0,0,0,0,27,17.6,0.7,4.0,2.2,7,3,1,8,1,0.00,0.01,0.01,1.10,,,,,,,"[{'property': 'loan_ineligible', 'notes': 'This player will not be available to face their parent club in Gameweek 29 as part of their loan conditions.', 'gameweek': 29, 'url': None}]",,291,116,364,134,302,107,342,121,0.0,0.0,0.01,0.01,1.1,0.0,645,196,116,47,25,10,417,153,1.0,1.0,8.0,Coventry City,COV
True,True,,,485337,0,0,-1,1,-26.2,0,"[{'offset': 0, 'projected_percent': '-26.2', 'likelihood': -2}, {'offset': 1, 'projected_percent': '-26.2', 'likelihood': -2}, {'offset': 2, 'projected_percent': '-26.2', 'likelihood': -2}]",,False,0,3,0.0,0.0,0,Evann,0.0,42,False,,,5.4,485337.jpg,1.0,False,Guessand,0.0,False,,a,8,31,2,2396,103,3627,256,0.0,0.4,Guessand,,54.0,2026-08-12,2001-07-01,False,p485337,54,0,0,0,1,0,0,0,0,0,0,0,6,5.4,2.1,7.0,1.5,1,0,1,2,0,0.03,0.03,0.06,0.34,,,,,,,"[{'property': 'loan_ineligible', 'notes': 'This player will not be available to face their parent club in Gameweek 34 as part of their loan conditions.', 'gameweek': 34, 'url': None}, {'property': 'loan_ineligible', 'notes': 'This player will not be available to face their parent club in Gameweek 14 as part of their loan conditions.', 'gameweek': 14, 'url': None}]",,357,165,331,166,281,145,363,174,0.05,0.0,0.05,0.1,0.57,1.67,197,123,628,274,380,178,515,205,0.0,0.0,3.33,Crystal Palace,CRY
True,True,0.0,0.0,220362,0,0,0,0,-59.9,0,"[{'offset': 0, 'projected_percent': '-59.9', 'likelihood': -3}, {'offset': 1, 'projected_percent': '-59.9', 'likelihood': -3}, {'offset': 2, 'projected_percent': '-59.9', 'likelihood': -3}]",,False,0,2,0.0,0.0,0,Axel,0.0,153,False,Suspended until 25 Oct,2026-09-12T15:30:09.445078Z,4.5,220362.jpg,0.3,False,Disasi,0.1,False,,s,8,31,1,9424,23,10326,745,0.0,0.2,Disasi,,73.0,2026-08-26,1998-03-11,False,p220362,139,0,0,0,6,0,0,0,0,1,0,0,-6,34.8,13.4,2.0,5.0,15,11,5,20,2,0.00,0.04,0.04,3.72,,,,,,,"[{'property': 'loan_ineligible', 'notes': 'This player will not be available to face their parent club in Gameweek 13 as part of their loan conditions.', 'gameweek': 13, 'url': None}, {'property': 'loan_ineligible', 'notes': 'This player will not be available to face their parent club in Gameweek 20 as part of their loan conditions.', 'gameweek': 20, 'url': None}]",,237,96,257,94,319,119,290,109,0.0,0.0,0.03,0.03,2.41,3.88,454,99,476,182,419,146,472,168,1.29,0.0,12.95,Crystal Palace,CRY
True,True,0.0,0.0,172649,0,0,0,0,-95.2,-14,"[{'offset': 0, 'projected_percent': '-95.4', 'likelihood': -4}, {'offset': 1, 'projected_percent': '-96.0', 'likelihood': -4}, {'offset': 2, 'projected_percent': '-96.6', 'likelihood': -4}]",,False,0,1,0.0,0.0,0,Dean,0.7,198,False,Foot injury - Expected back 11 Oct,2026-09-12T14:00:09.378740Z,5.0,172649.jpg,1.7,False,Henderson,1.3,False,,i,8,31,5,55262,136,119618,10710,0.1,1.0,Henderson,Dean Henderson,241.0,2023-08-31,1997-03-12,False,p172649,270,0,0,0,8,0,0,0,0,0,12,0,37,96.8,0.0,0.0,9.6,6,31,0,0,3,0.00,0.00,0.00,6.47,,,,,,,[],https://www.cpfc.co.uk/news/video/sage-on-facing-leeds-international-break-plans/,82,16,589,64,566,63,214,17,0.0,4.0,0.0,0.0,2.16,2.67,252,8,298,21,261,23,159,24,1.0,0.0,0.0,Crystal Palace,CRY
True,True,,,121709,0,0,0,0,-24.3,0,"[{'offset': 0, 'projected_percent': '-24.3', 'likelihood': -2}, {'offset': 1, 'projected_percent': '-24.3', 'likelihood': -2}, {'offset': 2, 'projected_percent': '-24.3', 'likelihood': -2}]",,False,0,1,2.7,2.7,6,Walter,2.7,199,False,,,4.5,121709.jpg,4.0,False,Benítez,0.1,False,,a,8,31,8,3738,646,4774,357,0.6,1.8,Benitez,,10.0,2025-07-01,1993-01-19,False,p121709,180,0,0,1,3,0,0,0,0,0,5,0,29,37.4,0.0,0.0,3.8,2,11,0,0,2,0.00,0.00,0.00,2.99,,,,,,,[],,228,21,481,41,431,36,311,21,0.0,2.5,0.0,0.0,1.5,1.5,436,27,141,14,86,7,394,44,1.0,0.5,0.0,Crystal Palace,CRY
True,True,,,427623,0,0,0,0,-98.6,3,"[{'offset': 0, 'projected_percent': '-98.3', 'likelihood': -4}, {'offset': 1, 'projected_percent': '-97.7', 'likelihood': -4}, {'offset': 2, 'projected_percent': '-97.0', 'likelihood': -4}]",,False,0,2,3.7,3.7,8,Chris,3.7,202,False,,,5.0,427623.jpg,2.8,False,Richards,0.6,False,,a,8,31,14,22441,1529,37840,2109,0.7,2.8,Richards,,229.0,2022-07-27,2000-03-28,False,p427623,450,0,0,1,11,0,0,0,1,0,0,0,48,131.4,7.7,24.0,16.2,46,16,8,54,5,0.08,0.07,0.15,9.46,,,,,,,[],,30,10,286,104,171,50,120,41,0.02,0.0,0.01,0.03,1.89,2.2,276,43,90,36,165,68,233,90,1.0,0.2,10.8,Crystal Palace,CRY
True,True,,,651426,-1,1,-2,2,-0.7,-1,"[{'offset': 0, 'projected_percent': '-1.0', 'likelihood': -1}, {'offset': 1, 'projected_percent': '-1.5', 'likelihood': -1}, {'offset': 2, 'projected_percent': '-2.1', 'likelihood': -1}]",,False,0,2,3.0,3.0,8,Jaydee,3.0,203,False,,,4.8,651426.jpg,2.5,False,Canvot,0.2,False,,a,8,31,10,5711,369,19478,828,0.6,2.1,Canvot,,73.0,2025-09-01,2006-07-29,False,p651426,360,0,0,1,8,0,0,0,0,0,0,0,38,83.0,25.3,7.0,11.5,26,11,8,34,4,0.05,0.13,0.18,7.78,,,,,,,[],,111,50,197,64,277,97,191,68,0.01,0.0,0.03,0.04,1.94,2.0,420,79,121,52,189,75,334,126,1.0,0.25,8.5,Crystal Palace,CRY
True,True,,,244723,0,0,0,0,25.9,6,"[{'offset': 0, 'projected_percent': '25.9', 'likelihood': 2}, {'offset': 1, 'projected_percent': '26.0', 'likelihood': 2}, {'offset': 2, 'projected_percent': '26.0', 'likelihood': 2}]",,False,1,2,7.7,7.7,7,Tyrick,7.7,204,False,,,4.5,244723.jpg,4.8,False,Mitchell,6.0,False,,a,8,31,24,310076,13541,263802,15400,1.7,5.3,Mitchell,,241.0,2019-12-15,1999-09-01,False,p244723,419,2,0,1,10,0,0,0,0,0,0,3,68,128.2,67.9,62.0,25.8,14,23,11,25,5,0.77,0.26,1.03,8.34,,,,,,,[],,32,12,81,15,69,9,49,6,0.17,0.0,0.06,0.23,1.79,2.15,467,108,8,3,63,28,63,26,1.07,0.21,5.37,Crystal Palace,CRY
True,False,0.0,0.0,218364,0,0,0,0,0.0,0,"[{'offset': 0, 'projected_percent': '0.0', 'likelihood': 0}, {'offset': 1, 'projected_percent': '0.0', 'likelihood': 0}, {'offset': 2, 'projected_percent': '0.0', 'likelihood': 0}]",,False,0,2,0.0,0.0,0,Borna,0.0,205,False,Has joined FC Cologne on loan for the rest of the season,2026-09-02T16:03:25.710518Z,4.5,218364.jpg,0.0,False,Sosa,0.0,False,,u,8,31,0,236,0,2066,97,0.0,0.0,Sosa,,97.0,2025-07-11,1998-01-21,False,p218364,0,0,0,0,0,0,0,0,0,0,0,0,0,0.0,0.0,0.0,0.0,0,0,0,0,0,0.00,0.00,0.00,0.00,,,,,,,[],,493,187,488,186,439,176,498,187,0.0,0.0,0.0,0.0,0.0,0.0,453,98,475,181,507,187,592,200,0.0,0.0,0.0,Crystal Palace,CRY
True,True,0.0,0.0,515621,-1,1,-2,2,-4.2,-1,"[{'offset': 0, 'projected_percent': '-5.1', 'likelihood': -1}, {'offset': 1, 'projected_percent': '-7.0', 'likelihood': -1}, {'offset': 2, 'projected_percent': '-8.9', 'likelihood': -1}]",,False,0,2,0.0,0.0,0,Chadi,0.0,206,False,Knee injury - Unknown return date,2026-08-22T18:00:07.352049Z,4.3,515621.jpg,1.0,False,Riad Dnanou,0.0,False,,i,8,31,1,648,24,5670,119,0.0,0.2,Chadi Riad,,145.0,2024-07-02,2003-06-17,False,p515621,72,0,0,0,2,0,0,0,0,0,0,0,7,12.6,1.3,0.0,1.4,6,3,1,7,1,0.00,0.01,0.01,0.98,,,,,,,[],https://www.cpfc.co.uk/news/first-team/press-conference-team-news-crystal-palace-manchester-city-august-2026/,308,119,349,128,402,167,365,128,0.0,0.0,0.01,0.01,1.22,2.5,583,158,444,173,306,113,574,195,1.25,0.0,8.75,Crystal Palace,CRY
True,True,,,242313,0,0,-1,1,-87.2,-1,"[{'offset': 0, 'projected_percent': '-88.6', 'likelihood': -3}, {'offset': 1, 'projected_percent': '-91.8', 'likelihood': -3}, {'offset': 2, 'projected_percent': '-94.9', 'likelihood': -3}]",,False,0,2,0.3,0.3,0,Oscar,0.3,207,False,,,4.4,242313.jpg,1.0,False,Mingueza,0.1,False,,a,8,31,2,1983,73,4826,270,0.1,0.5,Mingueza,,200.0,2026-07-09,1999-05-13,False,p242313,16,0,0,0,1,0,0,0,0,0,0,0,5,3.2,0.4,0.0,0.3,0,1,2,2,0,0.00,0.00,0.00,0.33,,,,,,,[],,375,139,377,140,412,170,392,141,0.0,0.0,0.0,0.0,1.86,5.62,558,144,333,118,312,117,485,174,0.0,0.0,11.25,Crystal Palace,CRY
True,True,100.0,100.0,232185,0,0,-3,3,0.0,0,"[{'offset': 0, 'projected_percent': '0.0', 'likelihood': 0}, {'offset': 1, 'projected_percent': '0.0', 'likelihood': 0}, {'offset': 2, 'projected_percent': '0.0', 'likelihood': 0}]",,False,0,3,0.3,0.3,1,Ismaïla,0.3,208,False,,2026-08-22T18:00:07.363165Z,6.2,232185.jpg,1.0,False,Sarr,0.6,False,,a,8,31,1,6483,2429,376568,2117,0.0,0.2,Sarr,Ismaïla Sarr,189.0,2024-08-01,1998-02-25,False,p232185,8,0,0,0,0,0,0,0,0,0,0,0,3,0.0,0.5,0.0,0.1,0,0,0,0,0,0.00,0.01,0.01,0.06,,,,,2.0,,[],,660,294,375,187,658,293,409,192,0.0,0.0,0.11,0.11,0.68,0.0,55,38,358,172,394,188,227,72,0.0,0.0,0.0,Crystal Palace,CRY
True,True,100.0,100.0,496221,-1,1,-1,1,-2.0,0,"[{'offset': 0, 'projected_percent': '-2.0', 'likelihood': -1}, {'offset': 1, 'projected_percent': '-2.0', 'likelihood': -1}, {'offset': 2, 'projected_percent': '-2.0', 'likelihood': -1}]",,False,0,3,2.0,2.0,2,Adam,2.0,210,False,,2026-07-23T12:01:23.498963Z,5.4,496221.jpg,2.4,False,Wharton,0.7,False,,a,8,31,12,29530,1123,48407,4417,0.4,2.2,Wharton,,241.0,2024-02-01,2004-02-06,False,p496221,436,0,0,1,10,0,0,0,1,0,0,0,77,73.0,97.0,18.0,18.9,16,15,10,41,5,0.15,0.58,0.73,8.91,2.0,,,,,,[],,125,40,43,36,205,113,99,54,0.03,0.0,0.12,0.15,1.84,2.06,200,124,198,90,195,84,209,65,1.03,0.21,8.46,Crystal Palace,CRY
True,True,,,488024,0,0,0,0,4.6,-2,"[{'offset': 0, 'projected_percent': '4.6', 'likelihood': 1}, {'offset': 1, 'projected_percent': '4.6', 'likelihood': 1}, {'offset': 2, 'projected_percent': '4.6', 'likelihood': 1}]",,False,0,3,2.7,2.7,2,Yéremy,2.7,211,False,,,5.5,488024.jpg,2.8,False,Pino Santos,0.3,False,,a,8,31,14,45218,674,30936,2539,0.5,2.5,Yeremy,,200.0,2025-08-29,2002-10-20,False,p488024,307,0,2,1,6,0,0,0,1,0,0,0,70,30.2,94.1,33.0,15.8,5,16,5,26,4,0.52,0.55,1.07,6.93,1.0,,1.0,,,,[],,255,105,44,37,144,77,125,66,0.15,0.0,0.16,0.31,2.03,1.76,154,95,147,64,172,73,278,94,1.17,0.29,7.62,Crystal Palace,CRY
True,True,,,108413,0,0,-1,1,-19.4,-5,"[{'offset': 0, 'projected_percent': '-19.5', 'likelihood': -1}, {'offset': 1, 'projected_percent': '-19.6', 'likelihood': -1}, {'offset': 2, 'projected_percent': '-19.7', 'likelihood': -1}]",,False,0,3,0.7,0.7,0,Will,0.7,212,False,,,4.4,108413.jpg,1.0,False,Hughes,7.3,False,,a,8,31,2,122149,8750,481426,42811,0.2,0.5,Hughes,,241.0,2021-08-28,1995-04-17,False,p108413,29,0,0,0,1,0,0,0,0,0,0,0,9,8.0,15.3,0.0,2.4,3,3,1,7,0,0.00,0.04,0.04,1.12,4.0,,,,,,[],,338,157,236,127,405,169,339,159,0.0,0.0,0.12,0.12,3.48,3.1,544,288,289,133,308,137,52,17,0.0,0.0,21.72,Crystal Palace,CRY
True,True,,,152551,-1,1,-2,2,-1.5,0,"[{'offset': 0, 'projected_percent': '-1.5', 'likelihood': -1}, {'offset': 1, 'projected_percent': '-1.5', 'likelihood': -1}, {'offset': 2, 'projected_percent': '-1.5', 'likelihood': -1}]",,False,0,3,0.3,0.3,0,Jefferson,0.3,213,False,,,4.8,152551.jpg,0.5,False,Lerma Solís,0.1,False,,a,8,31,1,1293,87,5536,355,0.1,0.2,Lerma,,48.0,2023-07-01,1994-10-25,False,p152551,51,0,0,0,1,0,0,0,1,0,0,0,6,17.6,0.8,11.0,3.0,7,3,2,12,0,0.26,0.00,0.26,1.25,,,,,,,[],,292,124,362,180,248,128,320,147,0.46,0.0,0.0,0.46,2.21,1.76,408,248,338,157,415,198,450,173,0.0,0.0,21.18,Crystal Palace,CRY
True,True,,,209400,0,0,0,0,11.3,1,"[{'offset': 0, 'projected_percent': '11.3', 'likelihood': 1}, {'offset': 1, 'projected_percent': '11.3', 'likelihood': 1}, {'offset': 2, 'projected_percent': '11.3', 'likelihood': 1}]",,False,0,3,5.3,5.3,3,Daichi,5.3,214,False,,,5.0,209400.jpg,4.2,False,Kamada,0.5,False,,a,8,31,21,49841,3094,24499,2882,1.1,4.2,Kamada,,108.0,2024-07-01,1996-08-05,False,p209400,441,0,3,1,10,0,0,0,1,0,0,0,109,95.6,81.2,42.0,21.9,4,23,11,38,5,0.47,0.38,0.85,8.85,3.0,,,,,,[],,84,25,60,49,113,64,73,44,0.1,0.0,0.08,0.18,1.81,2.04,260,162,35,11,81,33,244,79,1.02,0.2,7.76,Crystal Palace,CRY
True,False,0.0,0.0,489706,0,0,0,0,0.0,0,"[{'offset': 0, 'projected_percent': '0.0', 'likelihood': 0}, {'offset': 1, 'projected_percent': '0.0', 'likelihood': 0}, {'offset': 2, 'projected_percent': '0.0', 'likelihood': 0}]",,False,0,3,0.0,0.0,0,Justin,0.0,215,False,Has joined Stoke City permanently,2026-09-02T15:41:07.346849Z,5.0,489706.jpg,0.0,False,Devenny,0.0,False,,u,8,31,0,132,0,947,33,0.0,0.0,Devenny,,242.0,2024-03-13,2003-10-11,False,p489706,0,0,0,0,0,0,0,0,0,0,0,0,0,0.0,0.0,0.0,0.0,0,0,0,0,0,0.00,0.00,0.00,0.00,,,2.0,,3.0,,[],,602,256,608,261,585,247,608,258,0.0,0.0,0.0,0.0,0.0,0.0,295,176,594,252,611,261,639,275,0.0,0.0,0.0,Crystal Palace,CRY
True,False,0.0,0.0,606921,0,0,0,0,0.0,0,"[{'offset': 0, 'projected_percent': '0.0', 'likelihood': 0}, {'offset': 1, 'projected_percent': '0.0', 'likelihood': 0}, {'offset': 2, 'projected_percent': '0.0', 'likelihood': 0}]",,False,0,3,0.0,0.0,0,Romain,0.0,216,False,Has joined Millwall on loan for the rest of the season,2026-09-02T15:41:07.376544Z,5.0,606921.jpg,0.0,False,Esse,0.0,False,,u,8,31,0,399,0,3225,114,0.0,0.0,Esse,,241.0,2025-01-18,2005-05-13,False,p606921,0,0,0,0,0,0,0,0,0,0,0,0,0,0.0,0.0,0.0,0.0,0,0,0,0,0,0.00,0.00,0.00,0.00,,,,,,,[],,617,266,623,271,601,258,623,268,0.0,0.0,0.0,0.0,0.0,0.0,324,195,610,263,626,271,587,243,0.0,0.0,0.0,Crystal Palace,CRY
True,False,0.0,0.0,536694,0,0,-1,1,0.0,0,"[{'offset': 0, 'projected_percent': '0.0', 'likelihood': 0}, {'offset': 1, 'projected_percent': '0.0', 'likelihood': 0}, {'offset': 2, 'projected_percent': '0.0', 'likelihood': 0}]",,False,0,3,0.0,0.0,0,Matheus,0.0,217,False,Has joined Alverca on loan for the rest of the season,2026-09-11T14:42:19.322912Z,4.9,536694.jpg,0.0,False,França de Oliveira,0.0,False,,u,8,31,0,1007,0,3433,151,0.0,0.0,M.França,Matheus França,30.0,2023-08-05,2004-04-01,False,p536694,0,0,0,0,0,0,0,0,0,0,0,0,0,0.0,0.0,0.0,0.0,0,0,0,0,0,0.00,0.00,0.00,0.00,,,,,,,[],,578,242,578,248,546,226,584,244,0.0,0.0,0.0,0.0,0.0,0.0,389,233,570,238,589,249,607,256,0.0,0.0,0.0,Crystal Palace,CRY
True,True,,,438464,-1,1,-2,2,-2.0,0,"[{'offset': 0, 'projected_percent': '-2.0', 'likelihood': -1}, {'offset': 1, 'projected_percent': '-2.0', 'likelihood': -1}, {'offset': 2, 'projected_percent': '-2.0', 'likelihood': -1}]",,False,0,3,0.0,0.0,0,Cheick,0.0,218,False,,,4.8,438464.jpg,0.0,False,Doucouré,0.0,False,,a,8,31,0,2080,106,4450,285,0.0,0.0,Doucouré,,132.0,2022-07-11,2000-01-08,False,p438464,0,0,0,0,0,0,0,0,0,0,0,0,0,0.0,0.0,0.0,0.0,0,0,0,0,0,0.00,0.00,0.00,0.00,,,,,,,[],,555,227,551,233,513,206,560,228,0.0,0.0,0.0,0.0,0.0,0.0,412,251,540,218,567,235,500,196,0.0,0.0,0.0,Crystal Palace,CRY
True,False,0.0,0.0,450542,0,0,-1,1,0.0,0,"[{'offset': 0, 'projected_percent': '0.0', 'likelihood': 0}, {'offset': 1, 'projected_percent': '0.0', 'likelihood': 0}, {'offset': 2, 'projected_percent': '0.0', 'likelihood': 0}]",,False,0,3,0.0,0.0,0,Jesurun,0.0,219,False,has joined  Kasimpasa on loan for the rest of the seaon.,2026-09-10T09:12:47.224598Z,4.9,450542.jpg,0.0,False,Rak-Sakyi,0.0,False,,u,8,31,0,145,0,465,23,0.0,0.0,J.Rak-Sakyi,,81.0,2021-04-09,2002-10-05,False,p450542,0,0,0,0,0,0,0,0,0,0,0,0,0,0.0,0.0,0.0,0.0,0,0,0,0,0,0.00,0.00,0.00,0.00,,,,,,,[],,572,237,570,243,537,220,578,239,0.0,0.0,0.0,0.0,0.0,0.0,370,221,561,231,583,244,646,281,0.0,0.0,0.0,Crystal Palace,CRY
True,False,0.0,0.0,590014,0,0,0,0,0.0,0,"[{'offset': 0, 'projected_percent': '0.0', 'likelihood': 0}, {'offset': 1, 'projected_percent': '0.0', 'likelihood': 0}, {'offset': 2, 'projected_percent': '0.0', 'likelihood': 0}]",,False,0,2,0.0,0.0,0,Rio,0.0,220,False,Has joined Bristol City on loan for the rest of the season,2026-08-12T14:08:46.501813Z,4.5,590014.jpg,0.0,False,Cardines,0.0,False,,u,8,31,0,0,0,128,3,0.0,0.0,Cardines,,217.0,2025-07-24,2006-07-01,False,p590014,0,0,0,0,0,0,0,0,0,0,0,0,0,0.0,0.0,0.0,0.0,0,0,0,0,0,0.00,0.00,0.00,0.00,,,,,,,[],,527,200,523,199,481,192,532,200,0.0,0.0,0.0,0.0,0.0,0.0,512,129,511,196,540,200,662,217,0.0,0.0,0.0,Crystal Palace,CRY
True,True,,,672492,0,0,0,0,-92.4,0,"[{'offset': 0, 'projected_percent': '-92.4', 'likelihood': -3}, {'offset': 1, 'projected_percent': '-92.4', 'likelihood': -3}, {'offset': 2, 'projected_percent': '-92.4', 'likelihood': -3}]",,False,0,3,0.0,0.0,0,Joél,0.0,221,False,,,4.5,672492.jpg,0.0,False,Drakes-Thomas,0.1,False,,a,8,31,0,2681,133,4656,411,0.0,0.0,Drakes-Thomas,,241.0,2025-12-10,2009-06-09,False,p672492,0,0,0,0,0,0,0,0,0,0,0,0,0,0.0,0.0,0.0,0.0,0,0,0,0,0,0.00,0.00,0.00,0.00,,,,,,,[],,548,223,544,229,505,202,553,224,0.0,0.0,0.0,0.0,0.0,0.0,540,285,533,214,561,231,460,180,0.0,0.0,0.0,Crystal Palace,CRY
True,True,,,247412,0,0,0,0,5.0,4,"[{'offset': 0, 'projected_percent': '5.0', 'likelihood': 1}, {'offset': 1, 'projected_percent': '5.1', 'likelihood': 1}, {'offset': 2, 'projected_percent': '5.1', 'likelihood': 1}]",,False,0,4,3.7,3.7,2,Jørgen,3.7,222,False,,,6.0,247412.jpg,2.8,False,Strand Larsen,0.7,False,,a,8,31,14,49810,4585,40792,3738,0.6,2.3,Strand Larsen,,161.0,2026-02-02,2000-02-06,False,p247412,298,1,0,1,5,0,0,0,0,0,0,2,69,62.6,32.5,65.0,16.1,6,5,2,13,3,0.43,0.20,0.63,6.15,,,,,,,[],,156,12,179,20,68,19,123,17,0.13,0.0,0.06,0.19,1.86,1.51,69,15,91,8,174,16,223,35,0.91,0.3,3.93,Crystal Palace,CRY
True,True,0.0,0.0,231747,0,0,-2,2,-24.5,-12,"[{'offset': 0, 'projected_percent': '-24.8', 'likelihood': -2}, {'offset': 1, 'projected_percent': '-25.3', 'likelihood': -2}, {'offset': 2, 'projected_percent': '-25.8', 'likelihood': -2}]",,False,0,4,0.0,0.0,0,Jean-Philippe,0.0,223,False,Hamstring injury - Expected back 11 Oct,2026-08-28T21:00:08.020382Z,6.3,231747.jpg,2.0,False,Mateta,1.3,False,,i,8,31,2,25950,197,454243,8756,0.0,0.3,Mateta,,73.0,2022-01-31,1997-06-28,False,p231747,62,0,0,0,2,0,0,0,0,0,0,0,-3,1.4,12.3,11.0,2.5,1,2,2,5,1,0.70,0.02,0.72,0.98,,,,,1.0,,[],https://www.cpfc.co.uk/news/video/sage-on-facing-leeds-international-break-plans/,392,42,262,31,253,37,338,38,1.02,0.0,0.03,1.05,1.42,2.9,46,12,659,77,242,26,162,24,1.45,0.0,7.26,Crystal Palace,CRY
True,True,100.0,100.0,205533,0,0,0,0,-17.3,1,"[{'offset': 0, 'projected_percent': '-17.1', 'likelihood': -1}, {'offset': 1, 'projected_percent': '-16.8', 'likelihood': -1}, {'offset': 2, 'projected_percent': '-16.4', 'likelihood': -1}]",,False,0,4,1.7,1.7,1,Eddie,1.7,224,False,,2026-09-12T14:00:09.427136Z,5.5,205533.jpg,2.0,False,Nketiah,0.5,False,,a,8,31,8,47187,1206,49882,3235,0.3,1.5,Nketiah,,241.0,2024-08-30,1999-05-30,False,p205533,175,0,1,0,7,0,0,0,0,0,0,0,38,34.2,46.4,50.0,13.0,2,6,4,12,3,1.10,0.60,1.70,4.51,,,,,,,[],,240,22,135,13,93,22,169,20,0.57,0.0,0.31,0.88,2.32,3.6,136,36,222,24,237,23,246,39,1.54,0.0,6.17,Crystal Palace,CRY
True,False,0.0,0.0,660392,0,0,0,0,0.0,0,"[{'offset': 0, 'projected_percent': '0.0', 'likelihood': 0}, {'offset': 1, 'projected_percent': '0.0', 'likelihood': 0}, {'offset': 2, 'projected_percent': '0.0', 'likelihood': 0}]",,False,0,4,0.0,0.0,0,Christantus,0.0,225,False,has returned to Getafe CF,2026-07-23T12:18:56.275922Z,5.0,660392.jpg,0.0,False,Uche,0.0,False,,u,8,31,0,0,0,0,0,0.0,0.0,Uche,,,,,False,p660392,0,0,0,0,0,0,0,0,0,0,0,0,0,0.0,0.0,0.0,0.0,0,0,0,0,0,0.00,0.00,0.00,0.00,,,,,,,[],,620,67,626,71,605,67,626,71,0.0,0.0,0.0,0.0,0.0,0.0,334,63,613,65,629,72,667,79,0.0,0.0,0.0,Crystal Palace,CRY
True,True,,,433154,0,0,-1,1,-93.4,-1,"[{'offset': 0, 'projected_percent': '-94.2', 'likelihood': -3}, {'offset': 1, 'projected_percent': '-95.8', 'likelihood': -4}, {'offset': 2, 'projected_percent': '-97.4', 'likelihood': -4}]",,False,0,3,0.0,0.0,0,Dwight,0.0,241,False,,,5.4,433154.jpg,1.5,False,McNeil,0.1,False,,a,8,31,3,1774,67,8181,452,0.0,0.6,McNeil,,241.0,2026-08-11,1999-11-22,False,p433154,84,0,0,0,3,0,0,0,0,0,0,0,13,10.0,5.0,2.0,1.7,4,3,0,7,1,0.05,0.02,0.07,1.18,,,,,,,[],,324,146,304,155,332,166,357,171,0.05,0.0,0.02,0.07,1.26,3.21,188,117,625,272,274,122,400,146,1.07,0.0,7.5,Crystal Palace,CRY
True,True,,,169593,0,0,0,0,-9.0,0,"[{'offset': 0, 'projected_percent': '-9.0', 'likelihood': -1}, {'offset': 1, 'projected_percent': '-9.0', 'likelihood': -1}, {'offset': 2, 'projected_percent': '-9.0', 'likelihood': -1}]",,False,0,1,0.0,0.0,0,Remi,0.0,555,False,,,4.0,169593.jpg,0.0,False,Matthews,1.7,False,,a,8,31,0,23229,1045,31377,2937,0.0,0.0,Matthews,,241.0,2021-07-13,1994-02-10,False,p169593,0,0,0,0,0,0,0,0,0,0,0,0,0,0.0,0.0,0.0,0.0,0,0,0,0,0,0.00,0.00,0.00,0.00,,,,,,,[],,424,37,414,18,358,13,429,37,0.0,0.0,0.0,0.0,0.0,0.0,603,61,400,35,438,37,138,20,0.0,0.0,0.0,Crystal Palace,CRY
True,True,75.0,,223723,0,0,-1,1,-12.9,-4,"[{'offset': 0, 'projected_percent': '-13.4', 'likelihood': -1}, {'offset': 1, 'projected_percent': '-14.7', 'likelihood': -1}, {'offset': 2, 'projected_percent': '-16.0', 'likelihood': -1}]",,False,0,2,0.2,0.3,1,Takehiro,0.3,577,False,Calf injury - 75% chance of playing,2026-09-21T13:30:09.030724Z,4.4,223723.jpg,0.8,False,Tomiyasu,0.3,False,,d,8,31,3,3477,148,13231,1111,0.1,0.7,Tomiyasu,,108.0,2026-08-06,1998-11-05,False,p223723,189,0,0,0,5,0,0,0,0,0,0,0,10,35.8,15.6,8.0,6.0,15,7,2,17,2,0.00,0.03,0.03,3.98,,,,,,,[],,234,94,235,82,266,92,270,101,0.0,0.0,0.01,0.01,1.9,2.38,554,141,332,117,402,138,306,113,0.95,0.0,8.1,Crystal Palace,CRY
True,True,,,570794,0,0,0,0,6.6,0,"[{'offset': 0, 'projected_percent': '6.6', 'likelihood': 1}, {'offset': 1, 'projected_percent': '6.6', 'likelihood': 1}, {'offset': 2, 'projected_percent': '6.6', 'likelihood': 1}]",,False,0,2,5.3,5.3,6,Anan,5.3,588,False,,,5.0,570794.jpg,3.8,False,Khalaili,0.3,False,,a,8,31,19,34662,1969,15314,1060,1.1,3.8,Khalaili,,105.0,2026-08-15,2004-09-03,False,p570794,379,1,0,1,8,0,0,0,1,0,0,0,54,128.2,48.8,48.0,22.5,23,26,21,44,4,0.96,0.33,1.29,8.41,,,,,,,[],,33,13,122,31,99,22,64,11,0.23,0.0,0.08,0.31,2.0,1.9,321,55,37,19,103,44,285,105,0.95,0.24,10.45,Crystal Palace,CRY
True,True,,,559152,-1,1,-1,1,-0.9,0,"[{'offset': 0, 'projected_percent': '-0.9', 'likelihood': -1}, {'offset': 1, 'projected_percent': '-0.9', 'likelihood': -1}, {'offset': 2, 'projected_percent': '-0.9', 'likelihood': -1}]",,False,0,3,0.3,0.3,0,Zavier,0.3,595,False,,,4.9,559152.jpg,1.0,False,Gozo,0.0,False,,a,8,31,2,489,39,881,88,0.1,0.4,Gozo,,229.0,2026-08-18,2007-03-22,False,p559152,28,0,0,0,2,0,0,0,0,0,0,0,6,1.4,1.6,0.0,0.3,0,0,1,1,0,0.00,0.00,0.00,0.68,,,,,,,[],,391,183,341,172,550,230,395,184,0.0,0.0,0.0,0.0,2.19,6.43,394,238,343,160,345,153,600,252,0.0,0.0,3.21,Crystal Palace,CRY
True,True,,,605972,0,0,0,0,0.1,0,"[{'offset': 0, 'projected_percent': '0.1', 'likelihood': 1}, {'offset': 1, 'projected_percent': '0.1', 'likelihood': 1}, {'offset': 2, 'projected_percent': '0.1', 'likelihood': 1}]",,False,0,2,1.0,1.0,0,Honest,1.0,633,False,,,4.5,605972.jpg,3.0,False,Ahanor,0.0,False,,a,8,31,3,1908,133,553,101,0.2,0.7,Ahanor,,106.0,2026-09-01,2008-02-23,False,p605972,90,0,0,0,3,0,0,0,0,0,0,0,10,24.6,11.9,4.0,4.1,9,4,2,11,1,0.00,0.01,0.01,1.68,,,,,,,[],,268,109,265,96,305,110,304,114,0.0,0.0,0.01,0.01,1.68,3.0,521,130,253,95,137,58,586,199,1.0,0.0,11.0,Crystal Palace,CRY
True,True,,,172850,0,0,0,0,-71.7,-2,"[{'offset': 0, 'projected_percent': '-72.0', 'likelihood': -3}, {'offset': 1, 'projected_percent': '-72.7', 'likelihood': -3}, {'offset': 2, 'projected_percent': '-73.3', 'likelihood': -3}]",,False,0,2,2.7,2.7,0,Ben,2.7,643,False,,,4.5,172850.jpg,4.0,False,Chilwell,0.4,False,,a,8,31,8,43090,536,18061,2851,0.6,1.8,Chilwell,,241.0,2026-09-01,1996-12-21,False,p172850,29,1,0,0,1,0,0,0,0,0,0,0,21,33.4,4.2,21.0,5.9,1,0,0,1,0,0.27,0.01,0.28,1.12,,,,,,,[],,241,97,312,110,179,55,272,102,0.84,0.0,0.03,0.87,3.48,3.1,444,92,142,55,88,38,260,96,0.0,0.0,3.1,Crystal Palace,CRY
True,True,,,450063,0,0,0,0,0.2,0,"[{'offset': 0, 'projected_percent': '0.2', 'likelihood': 1}, {'offset': 1, 'projected_percent': '0.2', 'likelihood': 1}, {'offset': 2, 'projected_percent': '0.2', 'likelihood': 1}]",,False,0,3,3.0,3.0,3,Quinten,3.0,644,False,,,5.0,450063.jpg,3.0,False,Timber,0.0,False,,a,8,31,9,4263,440,1493,301,0.6,1.8,Timber,,152.0,2026-09-01,2001-06-17,False,p450063,253,0,0,1,5,0,0,0,0,0,0,0,45,37.8,29.1,34.0,10.0,6,10,11,27,3,0.24,0.06,0.30,5.56,,,,,,,[],,226,97,190,108,141,74,209,98,0.09,0.0,0.02,0.11,1.98,1.78,281,170,123,47,143,58,523,208,1.07,0.36,9.6,Crystal Palace,CRY
True,True,,,533646,0,0,0,0,-71.5,0,"[{'offset': 0, 'projected_percent': '-71.5', 'likelihood': -3}, {'offset': 1, 'projected_percent': '-71.5', 'likelihood': -3}, {'offset': 2, 'projected_percent': '-71.5', 'likelihood': -3}]",,False,0,3,0.3,0.3,0,Darío,0.3,647,False,,,5.5,533646.jpg,1.0,False,Osorio,0.0,False,,a,8,31,1,945,26,408,72,0.1,0.2,Osorio,,44.0,2026-09-01,2004-01-24,False,p533646,1,0,0,0,0,0,0,0,0,0,0,0,2,2.0,0.3,0.0,0.2,0,0,1,1,0,0.00,0.00,0.00,0.13,,,,,,,[],,387,180,384,192,639,280,401,188,0.0,0.0,0.0,0.0,11.7,0.0,156,97,353,168,386,182,621,264,0.0,0.0,90.0,Crystal Palace,CRY
True,True,0.0,0.0,128295,-1,1,-2,2,-0.1,0,"[{'offset': 0, 'projected_percent': '-0.1', 'likelihood': -1}, {'offset': 1, 'projected_percent': '-0.1', 'likelihood': -1}, {'offset': 2, 'projected_percent': '-0.1', 'likelihood': -1}]",,False,0,3,0.0,0.0,0,Christian,0.0,21,False,Groin injury - Unknown return date,2026-08-15T20:00:06.779594Z,4.8,128295.jpg,0.0,False,Nørgaard,0.0,False,,i,9,11,0,489,49,7408,306,0.0,0.0,Nørgaard,,58.0,2026-08-05,1994-03-10,False,p128295,0,0,0,0,0,0,0,0,0,0,0,0,0,0.0,0.0,0.0,0.0,0,0,0,0,0,0.00,0.00,0.00,0.00,,,,,,,[],https://www.evertonfc.com/news/2026/august/21/everton-team-news-for-2026-27-premier-league-opener/,552,225,549,231,510,204,557,226,0.0,0.0,0.0,0.0,0.0,0.0,407,247,537,216,565,233,507,201,0.0,0.0,0.0,Everton,EVE
True,True,,,242898,0,0,-1,1,-19.1,0,"[{'offset': 0, 'projected_percent': '-19.1', 'likelihood': -1}, {'offset': 1, 'projected_percent': '-19.1', 'likelihood': -1}, {'offset': 2, 'projected_percent': '-19.1', 'likelihood': -1}]",,False,0,3,2.3,2.3,3,Brennan,2.3,209,False,,,5.9,242898.jpg,1.8,False,Johnson,0.1,False,,a,9,11,9,5277,382,10393,678,0.4,1.5,Johnson,,244.0,2026-08-11,2001-05-23,False,p242898,238,0,0,2,1,0,0,0,1,0,0,0,26,23.0,52.8,25.0,10.0,8,11,7,26,3,1.03,0.22,1.25,3.73,,,,,,,[],,275,116,107,71,169,92,210,99,0.39,0.0,0.08,0.47,1.41,0.38,84,55,176,77,258,114,383,140,1.13,0.76,9.83,Everton,EVE
True,True,,,111234,0,0,0,0,28.8,-1,"[{'offset': 0, 'projected_percent': '28.8', 'likelihood': 2}, {'offset': 1, 'projected_percent': '28.8', 'likelihood': 2}, {'offset': 2, 'projected_percent': '28.8', 'likelihood': 2}]",,False,0,1,5.0,5.0,8,Jordan,5.0,226,False,,,5.5,111234.jpg,5.0,False,Pickford,9.1,False,,a,9,11,25,295278,27761,234916,14797,0.9,4.5,Pickford,,241.0,2017-07-01,1994-03-07,False,p111234,450,0,0,3,3,0,0,0,0,0,15,1,121,119.2,0.0,0.0,12.0,7,53,0,0,5,0.00,0.02,0.02,6.94,,,,,,,[],,45,7,640,71,627,70,181,7,0.0,3.0,0.0,0.0,1.39,0.6,125,2,47,5,57,5,40,7,1.0,0.6,0.0,Everton,EVE
True,True,,,229600,0,0,0,0,-32.6,0,"[{'offset': 0, 'projected_percent': '-32.6', 'likelihood': -2}, {'offset': 1, 'projected_percent': '-32.6', 'likelihood': -2}, {'offset': 2, 'projected_percent': '-32.6', 'likelihood': -2}]",,False,0,1,0.0,0.0,0,Mark,0.0,227,False,,,5.0,229600.jpg,0.0,False,Travers,0.0,False,,a,9,11,0,1794,236,2113,251,0.0,0.0,Travers,,104.0,2025-07-15,1999-05-18,False,p229600,0,0,0,0,0,0,0,0,0,0,0,0,0,0.0,0.0,0.0,0.0,0,0,0,0,0,0.00,0.00,0.00,0.00,,,,,,,[],,594,72,596,66,573,65,600,72,0.0,0.0,0.0,0.0,0.0,0.0,270,10,585,72,603,72,511,58,0.0,0.0,0.0,Everton,EVE
True,True,,,138001,0,0,0,0,-40.5,0,"[{'offset': 0, 'projected_percent': '-40.5', 'likelihood': -3}, {'offset': 1, 'projected_percent': '-40.5', 'likelihood': -3}, {'offset': 2, 'projected_percent': '-40.5', 'likelihood': -3}]",,False,0,1,0.0,0.0,0,Tom,0.0,228,False,,,4.5,138001.jpg,0.0,False,King,0.0,False,,a,9,11,0,1178,111,1731,164,0.0,0.0,King,,244.0,2025-08-15,1995-03-09,False,p138001,0,0,0,0,0,0,0,0,0,0,0,0,0,0.0,0.0,0.0,0.0,0,0,0,0,0,0.00,0.00,0.00,0.00,,,,,,,[],,488,58,483,43,433,38,493,58,0.0,0.0,0.0,0.0,0.0,0.0,438,29,470,57,502,58,504,57,0.0,0.0,0.0,Everton,EVE
True,True,,,17761,0,0,1,-1,98.4,95,"[{'offset': 0, 'projected_percent': '99.0', 'likelihood': 4}, {'offset': 1, 'projected_percent': '100.4', 'likelihood': 5}, {'offset': 2, 'projected_percent': '101.8', 'likelihood': 5}]",,False,2,2,8.3,8.3,14,James,8.3,229,True,,,6.1,17761.jpg,8.6,False,Tarkowski,16.4,False,,a,9,11,43,928189,217381,282862,19276,1.4,7.0,Tarkowski,,241.0,2022-07-01,1992-11-19,False,p17761,450,1,1,3,3,0,0,0,0,0,0,7,138,149.6,25.6,30.0,20.5,40,18,11,51,5,0.18,0.04,0.22,6.94,,,,,,,[],,17,3,195,62,154,45,84,23,0.04,0.0,0.01,0.05,1.39,0.6,59,5,6,2,3,1,25,8,1.0,0.6,10.2,Everton,EVE
True,True,,,480455,0,0,0,0,34.8,8,"[{'offset': 0, 'projected_percent': '34.8', 'likelihood': 2}, {'offset': 1, 'projected_percent': '34.9', 'likelihood': 2}, {'offset': 2, 'projected_percent': '35.1', 'likelihood': 2}]",,False,0,2,5.7,5.7,8,Jarrad,5.7,230,False,,,5.5,480455.jpg,5.4,False,Branthwaite,2.4,False,,a,9,11,27,138966,18794,71054,6589,1.0,4.9,Branthwaite,,241.0,2020-06-20,2002-06-27,False,p480455,450,0,0,3,3,0,0,0,0,0,0,0,97,145.4,7.2,73.0,22.5,49,14,5,54,5,0.17,0.02,0.19,6.94,,,,,,,[],,23,6,288,105,56,5,65,12,0.03,0.0,0.0,0.03,1.39,0.6,153,17,32,17,49,19,119,46,1.0,0.6,10.8,Everton,EVE
True,True,,,106611,0,0,-2,2,-37.6,-2,"[{'offset': 0, 'projected_percent': '-37.8', 'likelihood': -2}, {'offset': 1, 'projected_percent': '-38.2', 'likelihood': -2}, {'offset': 2, 'projected_percent': '-38.7', 'likelihood': -2}]",,False,0,2,0.0,0.0,0,Michael,0.0,231,False,,,4.8,106611.jpg,0.0,False,Keane,0.7,False,,a,9,11,0,9275,370,90510,3711,0.0,0.0,Keane,,241.0,2017-07-03,1993-01-11,False,p106611,0,0,0,0,0,0,0,0,0,0,0,0,0,0.0,0.0,0.0,0.0,0,0,0,0,0,0.00,0.00,0.00,0.00,,,,,,,[],,551,203,548,202,509,197,556,203,0.0,0.0,0.0,0.0,0.0,0.0,406,74,536,200,564,203,207,80,0.0,0.0,0.0,Everton,EVE
True,True,,,512462,-1,1,-2,2,-3.4,0,"[{'offset': 0, 'projected_percent': '-3.4', 'likelihood': -1}, {'offset': 1, 'projected_percent': '-3.4', 'likelihood': -1}, {'offset': 2, 'projected_percent': '-3.4', 'likelihood': -1}]",,False,0,2,0.7,0.7,1,Jake,0.7,232,False,,,4.8,512462.jpg,1.0,False,O'Brien,0.3,False,,a,9,11,2,4574,319,24560,1089,0.1,0.4,O'Brien,,104.0,2024-07-30,2001-05-15,False,p512462,16,0,0,0,0,0,0,0,0,0,0,0,5,3.0,0.0,0.0,0.3,2,2,0,2,0,0.00,0.00,0.00,0.42,,,,,,,[],,378,140,553,203,515,199,393,142,0.0,0.0,0.0,0.0,2.36,0.0,417,77,291,107,329,127,298,108,0.0,0.0,11.25,Everton,EVE
True,True,,,224967,1,-1,1,-1,1.3,-4,"[{'offset': 0, 'projected_percent': '1.3', 'likelihood': 1}, {'offset': 1, 'projected_percent': '1.3', 'likelihood': 1}, {'offset': 2, 'projected_percent': '1.2', 'likelihood': 1}]",,False,1,2,5.7,5.7,5,Vitalii,5.7,233,False,,,4.6,224967.jpg,5.4,False,Mykolenko,4.2,False,,a,9,11,27,411660,40468,114289,17836,1.2,5.9,Mykolenko,,225.0,2022-01-01,1999-05-29,False,p224967,450,0,0,3,3,0,0,0,1,0,0,3,109,105.6,35.7,13.0,15.5,25,30,14,39,5,0.04,0.16,0.20,6.94,,,,,,,[],,66,30,169,49,231,77,132,44,0.01,0.0,0.03,0.04,1.39,0.6,425,81,30,15,46,17,80,32,1.0,0.6,7.8,Everton,EVE
True,False,0.0,0.0,243571,0,0,0,0,0.0,0,"[{'offset': 0, 'projected_percent': '0.0', 'likelihood': 0}, {'offset': 1, 'projected_percent': '0.0', 'likelihood': 0}, {'offset': 2, 'projected_percent': '0.0', 'likelihood': 0}]",,False,0,2,0.0,0.0,0,Nathan,0.0,234,False,Has joined Torino permanently,2026-09-02T16:05:23.326971Z,4.5,243571.jpg,0.0,False,Patterson,0.0,False,,u,9,11,0,371,0,2428,115,0.0,0.0,Patterson,,243.0,2022-01-04,2001-10-16,False,p243571,0,0,0,0,0,0,0,0,0,0,0,0,0,0.0,0.0,0.0,0.0,0,0,0,0,0,0.00,0.00,0.00,0.00,,,,,,,[],,499,191,495,190,446,180,504,191,0.0,0.0,0.0,0.0,0.0,0.0,466,107,482,186,513,191,593,201,0.0,0.0,0.0,Everton,EVE
True,False,0.0,0.0,499300,0,0,0,0,0.0,0,"[{'offset': 0, 'projected_percent': '0.0', 'likelihood': 0}, {'offset': 1, 'projected_percent': '0.0', 'likelihood': 0}, {'offset': 2, 'projected_percent': '0.0', 'likelihood': 0}]",,False,0,2,0.0,0.0,0,Adam,0.0,235,False,Has joined Malaga on loan for the rest of the season,2026-09-01T13:23:16.934847Z,4.0,499300.jpg,0.0,False,Aznou,0.1,False,,u,9,11,0,1728,0,11131,537,0.0,0.0,Aznou,,145.0,2025-07-29,2006-06-02,False,p499300,0,0,0,0,0,0,0,0,0,0,0,0,0,0.0,0.0,0.0,0.0,0,0,0,0,0,0.00,0.00,0.00,0.00,,,,,,,[],,442,160,433,159,377,144,447,160,0.0,0.0,0.0,0.0,0.0,0.0,633,185,419,150,456,160,428,155,0.0,0.0,0.0,Everton,EVE
True,True,,,215413,1,-1,1,-1,-15.1,-4,"[{'offset': 0, 'projected_percent': '-15.2', 'likelihood': -1}, {'offset': 1, 'projected_percent': '-15.2', 'likelihood': -1}, {'offset': 2, 'projected_percent': '-15.3', 'likelihood': -1}]",,False,0,3,2.3,2.3,3,Kiernan,2.3,236,False,,,6.6,215413.jpg,4.0,False,Dewsbury-Hall,6.0,False,,a,9,11,20,584265,33501,322512,43148,0.3,3.0,Dewsbury-Hall,,241.0,2025-08-06,1998-09-06,False,p215413,450,1,0,3,3,0,0,0,1,0,0,3,110,102.8,160.8,125.0,38.9,5,26,11,42,5,0.99,0.83,1.82,6.74,2.0,,,,,,[],,77,24,13,12,20,11,13,11,0.2,0.0,0.17,0.37,1.35,0.6,33,22,177,78,98,38,64,20,1.0,0.6,8.4,Everton,EVE
True,True,100.0,100.0,114283,0,0,0,0,8.5,4,"[{'offset': 0, 'projected_percent': '8.5', 'likelihood': 1}, {'offset': 1, 'projected_percent': '8.5', 'likelihood': 1}, {'offset': 2, 'projected_percent': '8.6', 'likelihood': 1}]",,False,0,3,1.7,1.7,3,Jack,1.7,238,False,,2026-07-29T10:00:10.492904Z,6.5,114283.jpg,1.5,False,Grealish,0.5,False,,a,9,11,6,40559,3515,23148,2864,0.3,0.9,Grealish,,241.0,2026-09-01,1995-09-10,False,p114283,135,0,0,1,1,0,0,0,0,0,0,0,36,21.6,71.7,20.0,11.4,2,8,3,13,1,0.02,0.44,0.46,1.67,,,,,,,"[{'property': 'loan_ineligible', 'notes': 'This player will not be available to face their parent club in Gameweek 18 as part of their loan conditions.', 'gameweek': 18, 'url': None}, {'property': 'loan_ineligible', 'notes': 'This player will not be available to face their parent club in Gameweek 28 as part of their loan conditions.', 'gameweek': 28, 'url': None}]",,281,121,70,56,190,103,195,92,0.01,0.0,0.29,0.3,1.11,0.67,35,23,224,99,276,123,254,83,0.67,0.67,8.67,Everton,EVE
True,True,100.0,100.0,232928,0,0,0,0,3.4,0,"[{'offset': 0, 'projected_percent': '3.4', 'likelihood': 1}, {'offset': 1, 'projected_percent': '3.4', 'likelihood': 1}, {'offset': 2, 'projected_percent': '3.4', 'likelihood': 1}]",,False,0,3,3.0,3.0,3,James,3.0,239,False,,2026-09-06T18:00:08.301702Z,6.0,232928.jpg,2.2,False,Garner,0.2,False,,a,9,11,11,21104,1652,13797,1897,0.5,1.8,Garner,,241.0,2022-09-01,2001-03-13,False,p232928,328,0,0,2,2,0,0,0,2,0,0,0,71,51.4,68.3,13.0,13.4,9,25,11,45,4,0.20,0.17,0.37,3.45,1.0,,1.0,,2.0,,[],,190,78,80,59,236,123,166,85,0.05,0.0,0.05,0.1,0.95,0.55,68,47,133,56,220,97,322,115,1.1,0.55,12.35,Everton,EVE
True,True,,,550615,0,0,0,0,29.6,2,"[{'offset': 0, 'projected_percent': '29.6', 'likelihood': 2}, {'offset': 1, 'projected_percent': '29.7', 'likelihood': 2}, {'offset': 2, 'projected_percent': '29.7', 'likelihood': 2}]",,False,0,3,4.7,4.7,1,Tyrique,4.7,242,False,,,5.5,550615.jpg,3.8,False,George,0.9,False,,a,9,11,19,107002,2337,42119,10455,0.9,3.5,George,,241.0,2026-07-06,2006-02-04,False,p550615,309,1,0,2,3,0,0,0,0,0,0,3,77,64.0,86.2,75.0,22.5,5,12,1,18,4,0.35,0.32,0.67,3.71,,,,,,,[],,150,55,54,44,54,33,66,41,0.1,0.0,0.09,0.19,1.08,0.87,160,100,56,19,106,42,190,61,1.17,0.58,5.24,Everton,EVE
True,True,,,502697,0,0,-1,1,-44.9,-2,"[{'offset': 0, 'projected_percent': '-46.9', 'likelihood': -3}, {'offset': 1, 'projected_percent': '-51.4', 'likelihood': -3}, {'offset': 2, 'projected_percent': '-55.9', 'likelihood': -3}]",,False,0,3,0.0,0.0,0,Carlos,0.0,243,False,,,4.9,502697.jpg,0.5,False,Alcaraz Durán,0.1,False,,a,9,11,1,2858,157,5827,394,0.0,0.2,Alcaraz,,10.0,2025-07-01,2002-11-30,False,p502697,5,0,0,0,0,0,0,0,1,0,0,0,5,5.0,0.8,25.0,2.7,0,2,1,3,0,0.05,0.02,0.07,0.04,,,,,,,[],,361,167,363,181,167,90,330,155,0.9,0.0,0.36,1.26,0.72,0.0,383,228,565,234,416,199,451,174,0.0,0.0,54.0,Everton,EVE
True,True,100.0,75.0,609873,0,0,0,0,9.2,0,"[{'offset': 0, 'projected_percent': '9.2', 'likelihood': 1}, {'offset': 1, 'projected_percent': '9.2', 'likelihood': 1}, {'offset': 2, 'projected_percent': '9.2', 'likelihood': 1}]",,False,0,3,2.0,1.5,2,Harrison,2.0,244,False,,2026-09-17T08:30:08.942299Z,5.0,609873.jpg,3.2,False,Armstrong,0.4,False,,a,9,11,16,53849,789,32588,3234,0.4,3.2,Armstrong,,241.0,2024-08-09,2007-01-19,False,p609873,446,0,1,3,3,0,0,0,2,0,0,0,61,62.6,64.5,19.0,14.7,13,19,8,40,5,0.21,0.49,0.70,6.94,,,,,,,[],,155,58,86,63,192,105,149,76,0.04,0.0,0.1,0.14,1.4,0.61,326,197,196,88,129,50,275,92,1.01,0.61,8.07,Everton,EVE
True,True,,,496661,0,0,-1,1,-88.5,0,"[{'offset': 0, 'projected_percent': '-88.5', 'likelihood': -3}, {'offset': 1, 'projected_percent': '-88.5', 'likelihood': -3}, {'offset': 2, 'projected_percent': '-88.5', 'likelihood': -3}]",,False,0,3,0.3,0.3,1,Tyler,0.3,245,False,,,5.4,496661.jpg,1.0,False,Dibling,0.0,False,,a,9,11,1,1168,113,2651,152,0.1,0.2,Dibling,,241.0,2025-08-25,2006-02-17,False,p496661,24,0,0,0,0,0,0,0,0,0,0,0,10,7.2,24.4,26.0,5.8,0,0,0,0,0,0.17,0.16,0.33,0.38,,,,,,,[],,346,161,201,114,163,87,274,121,0.64,0.0,0.6,1.24,1.42,0.0,201,125,352,167,382,179,548,225,0.0,0.0,0.0,Everton,EVE
True,True,0.0,0.0,513466,0,0,-1,1,-44.1,0,"[{'offset': 0, 'projected_percent': '-44.1', 'likelihood': -3}, {'offset': 1, 'projected_percent': '-44.1', 'likelihood': -3}, {'offset': 2, 'projected_percent': '-44.1', 'likelihood': -3}]",,False,0,3,0.0,0.0,0,Merlin,0.3,246,False,Unspecified injury - Expected back 11 Oct,2026-09-16T18:00:09.541933Z,4.9,513466.jpg,2.0,False,Röhl,0.0,False,,i,9,11,6,1962,7,4672,572,0.1,1.2,Röhl,,80.0,2026-06-15,2002-07-05,False,p513466,249,0,0,1,2,0,0,0,1,0,0,0,35,26.6,32.1,2.0,6.1,6,13,5,24,3,0.00,0.20,0.20,4.52,,,,,,,[],,261,108,181,106,325,161,266,119,0.0,0.0,0.07,0.07,1.63,0.72,385,229,341,158,230,100,529,212,1.08,0.36,8.67,Everton,EVE
True,True,100.0,100.0,244860,-1,1,-1,1,-4.9,0,"[{'offset': 0, 'projected_percent': '-4.9', 'likelihood': -1}, {'offset': 1, 'projected_percent': '-4.9', 'likelihood': -1}, {'offset': 2, 'projected_percent': '-4.9', 'likelihood': -1}]",,False,0,3,2.0,2.0,1,Hayden,2.0,247,False,,2026-08-26T22:00:07.797766Z,5.4,244860.jpg,2.0,False,Hackney,0.2,False,,a,9,11,10,3738,187,11895,1055,0.4,1.9,Hackney,,241.0,2026-07-02,2002-06-26,False,p244860,137,0,1,1,1,0,0,0,0,0,0,0,39,40.4,50.0,21.0,11.1,4,5,3,12,1,0.05,0.13,0.18,3.91,3.0,,,,,,[],,216,93,120,80,185,98,197,94,0.03,0.0,0.09,0.12,2.57,0.66,185,116,197,89,235,104,342,121,0.66,0.66,7.88,Everton,EVE
True,False,0.0,0.0,486385,0,0,-1,1,0.0,-6,"[{'offset': 0, 'projected_percent': '0.0', 'likelihood': 0}, {'offset': 1, 'projected_percent': '0.0', 'likelihood': 0}, {'offset': 2, 'projected_percent': '0.0', 'likelihood': 0}]",,False,0,4,0.0,0.0,0,Norberto Bercique,0.0,248,False,Has joined Fiorentina permanently,2026-09-02T16:05:23.357221Z,5.4,486385.jpg,1.0,False,Gomes Betuncal,0.6,False,,u,9,11,2,16222,0,219350,7028,0.0,0.4,Beto,Beto,90.0,2023-08-29,1998-01-31,False,p486385,31,0,0,0,0,0,0,0,0,0,0,0,5,3.0,0.3,5.0,0.8,1,0,0,1,0,0.09,0.00,0.09,1.92,,,,,,,[],,380,40,383,47,296,39,381,43,0.26,0.0,0.0,0.26,5.57,0.0,198,46,629,69,381,43,232,38,0.0,0.0,2.9,Everton,EVE
True,True,,,586309,1,-1,2,-2,0.1,32,"[{'offset': 0, 'projected_percent': '0.2', 'likelihood': 1}, {'offset': 1, 'projected_percent': '0.4', 'likelihood': 1}, {'offset': 2, 'projected_percent': '0.6', 'likelihood': 1}]",,False,0,4,3.3,3.3,6,Thierno,3.3,249,False,,,5.7,586309.jpg,4.0,False,Barry,8.3,False,,a,9,11,20,963809,81654,355391,37215,0.6,3.5,Barry,,73.0,2025-07-09,2002-10-21,False,p586309,417,2,0,3,3,0,0,0,0,0,0,2,83,85.8,72.0,207.0,36.5,5,11,1,17,5,3.50,0.15,3.65,5.02,,,,,1.0,,[],,105,9,69,3,3,2,16,4,0.76,0.0,0.03,0.79,1.08,0.65,119,30,102,10,95,8,47,8,1.08,0.65,3.67,Everton,EVE
True,True,,,154043,0,0,0,0,17.0,12,"[{'offset': 0, 'projected_percent': '17.0', 'likelihood': 1}, {'offset': 1, 'projected_percent': '17.2', 'likelihood': 1}, {'offset': 2, 'projected_percent': '17.4', 'likelihood': 1}]",,False,0,2,7.0,7.0,8,Ainsley,7.0,649,False,,,4.5,154043.jpg,7.0,False,Maitland-Niles,1.4,False,,a,9,11,21,91956,18924,14286,4394,1.6,4.7,Maitland-Niles,,241.0,2026-09-01,1997-08-29,False,p154043,177,1,0,2,1,0,0,0,0,0,0,2,75,67.2,38.8,8.0,11.4,8,7,5,13,2,0.06,0.25,0.31,2.00,,,,,,,[],,139,63,161,43,267,93,192,69,0.03,0.0,0.13,0.16,1.02,0.51,440,89,16,7,10,5,156,63,1.02,1.02,6.61,Everton,EVE
True,True,,,629068,0,0,0,0,-32.5,0,"[{'offset': 0, 'projected_percent': '-32.5', 'likelihood': -2}, {'offset': 1, 'projected_percent': '-32.5', 'likelihood': -2}, {'offset': 2, 'projected_percent': '-32.5', 'likelihood': -2}]",,False,0,3,0.0,0.0,0,Braiden,0.0,654,False,,,4.5,629068.jpg,0.0,False,Graham,0.1,False,,a,9,11,0,11272,226,5282,977,0.0,0.0,Graham,,242.0,2025-12-29,2007-11-07,False,p629068,0,0,0,0,0,0,0,0,0,0,0,0,0,0.0,0.0,0.0,0.0,0,0,0,0,0,0.00,0.00,0.00,0.00,,,,,,,[],,539,216,535,222,495,194,544,217,0.0,0.0,0.0,0.0,0.0,0.0,529,277,524,207,552,224,413,152,0.0,0.0,0.0,Everton,EVE
True,True,,,80201,0,0,0,0,8.5,4,"[{'offset': 0, 'projected_percent': '8.5', 'likelihood': 1}, {'offset': 1, 'projected_percent': '8.5', 'likelihood': 1}, {'offset': 2, 'projected_percent': '8.6', 'likelihood': 1}]",,False,0,1,4.0,4.0,3,Bernd,4.0,250,False,,,4.5,80201.jpg,3.6,False,Leno,3.4,False,,a,10,54,18,148031,37134,101621,10579,0.9,4.0,Leno,,80.0,2022-08-02,1992-03-04,False,p80201,450,0,0,1,8,0,0,0,0,0,16,2,77,127.6,0.0,0.0,12.8,6,41,0,0,5,0.00,0.00,0.00,9.11,,,,,,,[],,35,6,478,39,428,34,172,6,0.0,3.2,0.0,0.0,1.82,1.6,431,25,72,10,110,11,100,16,1.0,0.2,0.0,Fulham,FUL
True,True,,,86873,0,0,0,0,-23.4,0,"[{'offset': 0, 'projected_percent': '-23.4', 'likelihood': -2}, {'offset': 1, 'projected_percent': '-23.4', 'likelihood': -2}, {'offset': 2, 'projected_percent': '-23.4', 'likelihood': -2}]",,False,0,1,0.0,0.0,0,Benjamin,0.0,251,False,,,4.0,86873.jpg,0.0,False,Lecomte,1.1,False,,a,10,54,0,25090,2362,25825,2390,0.0,0.0,Lecomte,,73.0,2025-07-26,1991-04-26,False,p86873,0,0,0,0,0,0,0,0,0,0,0,0,0,0.0,0.0,0.0,0.0,0,0,0,0,0,0.00,0.00,0.00,0.00,,,,,,,[],,417,31,405,12,349,7,421,31,0.0,0.0,0.0,0.0,0.0,0.0,594,55,391,29,431,31,167,25,0.0,0.0,0.0,Fulham,FUL
True,False,0.0,0.0,505079,0,0,0,0,0.0,0,"[{'offset': 0, 'projected_percent': '0.0', 'likelihood': 0}, {'offset': 1, 'projected_percent': '0.0', 'likelihood': 0}, {'offset': 2, 'projected_percent': '0.0', 'likelihood': 0}]",,False,0,1,0.0,0.0,0,Alfie,0.0,252,False,Has joined York City on loan for the rest of the season,2026-09-01T13:25:11.231240Z,4.0,505079.jpg,0.0,False,McNally,0.1,False,,u,10,54,0,2589,0,6579,583,0.0,0.0,McNally,,,,,False,p505079,0,0,0,0,0,0,0,0,0,0,0,0,0,0.0,0.0,0.0,0.0,0,0,0,0,0,0.00,0.00,0.00,0.00,,,,,,,[],,444,48,435,29,379,24,449,48,0.0,0.0,0.0,0.0,0.0,0.0,635,72,421,46,458,48,399,47,0.0,0.0,0.0,Fulham,FUL
True,True,100.0,100.0,174874,0,0,0,0,0.7,4,"[{'offset': 0, 'projected_percent': '0.8', 'likelihood': 1}, {'offset': 1, 'projected_percent': '0.8', 'likelihood': 1}, {'offset': 2, 'projected_percent': '0.9', 'likelihood': 1}]",,False,0,2,0.8,0.8,1,Joachim,0.8,253,False,,2026-07-23T12:01:23.516350Z,5.0,174874.jpg,1.0,False,Andersen,0.2,False,,a,10,54,3,14474,2600,9160,1050,0.2,0.6,Andersen,,58.0,2024-08-23,1996-05-31,False,p174874,190,0,0,0,5,0,0,0,1,0,0,0,12,52.2,35.8,8.0,9.6,18,9,2,20,2,0.00,0.10,0.10,4.35,,,,,,,[],,185,77,168,48,270,95,215,76,0.0,0.0,0.05,0.05,2.06,2.37,253,37,280,103,351,134,366,140,0.95,0.0,9.47,Fulham,FUL
True,True,,,169528,0,0,0,0,-19.1,0,"[{'offset': 0, 'projected_percent': '-19.1', 'likelihood': -1}, {'offset': 1, 'projected_percent': '-19.1', 'likelihood': -1}, {'offset': 2, 'projected_percent': '-19.1', 'likelihood': -1}]",,False,0,2,2.8,2.8,2,Antonee,2.8,254,False,,,4.5,169528.jpg,2.4,False,Robinson,1.5,False,,a,10,54,12,57620,15135,70270,6295,0.6,2.7,Robinson,Antonee Robinson,229.0,2020-08-20,1997-08-08,False,p169528,429,0,0,1,8,0,0,0,0,0,0,0,65,93.6,106.7,18.0,21.8,18,20,13,31,5,0.26,0.30,0.56,9.08,,,,,2.0,,[],,88,40,39,7,201,59,74,16,0.05,0.0,0.06,0.11,1.9,1.68,442,91,136,53,193,77,153,61,1.05,0.21,6.5,Fulham,FUL
True,True,,,246301,0,0,0,0,-70.5,0,"[{'offset': 0, 'projected_percent': '-70.5', 'likelihood': -3}, {'offset': 1, 'projected_percent': '-70.5', 'likelihood': -3}, {'offset': 2, 'projected_percent': '-70.5', 'likelihood': -3}]",,False,0,2,0.0,0.0,0,Jorge,0.0,255,False,,,4.5,246301.jpg,3.0,False,Cuenca Barreno,0.0,False,,a,10,54,3,1543,63,1995,102,0.0,0.7,J.Cuenca,,200.0,2024-08-03,1999-11-17,False,p246301,90,0,0,0,3,0,0,0,0,0,0,0,7,32.8,21.3,0.0,5.4,9,3,1,10,1,0.00,0.03,0.03,2.24,,,,,,,[],,243,98,217,73,448,182,282,104,0.0,0.0,0.03,0.03,2.24,3.0,470,111,484,188,136,57,553,189,1.0,0.0,10.0,Fulham,FUL
True,True,100.0,0.0,167074,0,0,-1,1,-0.2,0,"[{'offset': 0, 'projected_percent': '-0.2', 'likelihood': -1}, {'offset': 1, 'projected_percent': '-0.2', 'likelihood': -1}, {'offset': 2, 'projected_percent': '-0.2', 'likelihood': -1}]",,False,0,2,0.0,0.0,0,Kenny,0.0,256,False,,2026-09-18T12:30:09.546158Z,4.4,167074.jpg,0.0,False,Tete,0.2,False,,a,10,54,0,1384,53,10465,1020,0.0,0.0,Tete,,152.0,2020-09-10,1995-10-09,False,p167074,27,0,0,0,0,0,0,0,1,0,0,0,-1,1.6,0.3,2.0,0.4,3,0,0,3,0,0.00,0.00,0.00,0.65,,,,,,,[],,388,143,379,141,317,117,390,140,0.0,0.0,0.0,0.0,2.17,0.0,551,138,448,174,483,182,343,129,0.0,0.0,10.0,Fulham,FUL
True,True,,,232892,0,0,0,0,-0.6,4,"[{'offset': 0, 'projected_percent': '-0.2', 'likelihood': -1}, {'offset': 1, 'projected_percent': '0.0', 'likelihood': 0}, {'offset': 2, 'projected_percent': '0.1', 'likelihood': 1}]",,False,0,2,3.8,3.8,6,Calvin,3.8,257,False,,,4.5,232892.jpg,3.0,False,Bassey,0.7,False,,a,10,54,15,26042,5028,29835,1689,0.8,3.3,Bassey,,157.0,2023-07-28,1999-12-31,False,p232892,450,0,1,1,8,0,0,0,1,0,0,1,69,97.0,15.3,40.0,15.2,23,22,6,29,5,0.13,0.08,0.21,9.11,,,,,,,[],,81,36,237,83,122,32,138,47,0.03,0.0,0.02,0.05,1.82,1.6,461,104,85,34,134,56,214,84,1.0,0.2,5.8,Fulham,FUL
True,True,,,166477,0,0,0,0,13.8,2,"[{'offset': 0, 'projected_percent': '13.8', 'likelihood': 1}, {'offset': 1, 'projected_percent': '13.9', 'likelihood': 1}, {'offset': 2, 'projected_percent': '13.9', 'likelihood': 1}]",,False,0,2,3.5,3.5,1,Timothy,3.5,258,False,,,4.5,166477.jpg,4.0,False,Castagne,0.9,False,,a,10,54,20,90635,13993,43346,4617,0.8,4.4,Castagne,,21.0,2023-08-29,1995-12-05,False,p166477,408,0,2,2,7,0,0,0,2,0,0,0,64,90.4,58.6,57.0,20.6,23,18,6,29,5,0.67,0.39,1.06,6.81,,,,,,,[],,96,44,97,22,78,11,83,22,0.15,0.0,0.09,0.24,1.5,1.54,441,90,92,37,87,37,186,71,1.1,0.44,6.4,Fulham,FUL
True,True,,,153133,0,0,-1,1,-58.4,1,"[{'offset': 0, 'projected_percent': '-58.4', 'likelihood': -3}, {'offset': 1, 'projected_percent': '-58.2', 'likelihood': -3}, {'offset': 2, 'projected_percent': '-58.1', 'likelihood': -3}]",,False,0,3,3.0,3.0,5,Alex,3.0,261,False,,,5.4,153133.jpg,2.8,False,Iwobi,0.7,False,,a,10,54,14,22146,3226,55443,3082,0.6,2.6,Iwobi,,157.0,2023-09-01,1996-05-03,False,p153133,408,0,0,2,7,0,0,0,0,0,0,2,94,60.6,167.5,49.0,27.7,5,19,5,29,5,0.39,1.22,1.61,8.16,1.0,,1.0,,3.0,,[],,163,62,9,8,97,54,42,31,0.09,0.0,0.27,0.36,1.8,1.54,169,107,126,50,170,71,221,69,1.1,0.44,6.4,Fulham,FUL
True,True,,,209289,-1,1,-2,2,-0.7,0,"[{'offset': 0, 'projected_percent': '-0.7', 'likelihood': -1}, {'offset': 1, 'projected_percent': '-0.7', 'likelihood': -1}, {'offset': 2, 'projected_percent': '-0.7', 'likelihood': -1}]",,False,0,3,0.8,0.8,0,Emile,0.8,262,False,,,5.3,209289.jpg,1.0,False,Smith Rowe,0.2,False,,a,10,54,3,4487,289,20953,1294,0.2,0.6,Smith Rowe,,241.0,2024-08-02,2000-07-28,False,p209289,38,0,0,0,0,0,0,0,0,0,0,0,11,6.6,23.8,9.0,4.0,1,2,0,3,0,0.06,0.02,0.08,0.87,,,,,,,[],,350,163,204,115,263,135,307,139,0.14,0.0,0.05,0.19,2.06,0.0,214,133,281,127,362,163,314,111,0.0,0.0,7.11,Fulham,FUL
True,True,,,560552,0,0,-2,2,-12.1,0,"[{'offset': 0, 'projected_percent': '-12.1', 'likelihood': -1}, {'offset': 1, 'projected_percent': '-12.1', 'likelihood': -1}, {'offset': 2, 'projected_percent': '-12.1', 'likelihood': -1}]",,False,0,3,0.8,0.8,1,Kevin,0.8,263,False,,,5.3,560552.jpg,1.0,False,Santos Lopes de Macedo,0.0,False,,a,10,54,4,1994,190,4208,271,0.2,0.8,Kevin,Kevin,30.0,2025-09-01,2003-01-04,False,p560552,61,0,0,0,1,0,0,0,0,0,0,0,14,10.6,6.8,18.0,3.5,1,4,3,8,0,0.07,0.12,0.19,1.23,4.0,,,,,,[],,322,145,289,144,204,112,316,144,0.1,0.0,0.18,0.28,1.81,1.48,233,146,282,128,369,169,510,202,0.0,0.0,11.8,Fulham,FUL
True,True,,,477555,0,0,0,0,-48.7,4,"[{'offset': 0, 'projected_percent': '-47.8', 'likelihood': -3}, {'offset': 1, 'projected_percent': '-45.7', 'likelihood': -3}, {'offset': 2, 'projected_percent': '-43.6', 'likelihood': -3}]",,False,0,3,2.8,2.8,3,Oscar,2.8,264,False,,,5.5,477555.jpg,2.6,False,Bobb,0.3,False,,a,10,54,13,16176,2173,20835,1729,0.5,2.4,Bobb,,161.0,2026-01-30,2003-07-12,False,p477555,343,0,0,3,6,0,0,0,0,0,0,0,53,42.0,118.7,77.0,23.8,5,15,8,28,5,0.54,1.14,1.68,6.19,2.0,,,,,,[],,212,90,30,26,52,32,58,38,0.14,0.0,0.3,0.44,1.62,1.57,152,94,139,60,185,81,292,100,1.31,0.79,7.35,Fulham,FUL
True,True,,,207189,0,0,-1,1,-33.0,0,"[{'offset': 0, 'projected_percent': '-33.0', 'likelihood': -2}, {'offset': 1, 'projected_percent': '-33.0', 'likelihood': -2}, {'offset': 2, 'projected_percent': '-33.0', 'likelihood': -2}]",,False,0,3,2.2,2.2,3,Sander,2.2,265,False,,,4.9,207189.jpg,2.2,False,Berge,0.3,False,,a,10,54,11,6322,591,17994,1238,0.4,2.2,Berge,,161.0,2024-08-22,1998-02-14,False,p207189,349,0,0,2,5,0,0,0,0,0,0,0,67,51.4,81.0,22.0,15.4,7,8,4,19,4,0.08,0.36,0.44,7.36,,,,,,,[],,189,77,61,50,176,95,135,71,0.02,0.0,0.09,0.11,1.9,1.29,347,209,182,80,209,90,297,103,1.03,0.52,4.9,Fulham,FUL
True,True,0.0,0.0,76357,0,0,-1,1,-14.9,0,"[{'offset': 0, 'projected_percent': '-14.9', 'likelihood': -1}, {'offset': 1, 'projected_percent': '-14.9', 'likelihood': -1}, {'offset': 2, 'projected_percent': '-14.9', 'likelihood': -1}]",,False,0,3,0.0,0.0,0,Tom,0.0,266,False,Knee injury - Expected back 10 Oct,2026-08-14T18:00:06.460944Z,4.9,76357.jpg,0.0,False,Cairney,0.0,False,,i,10,54,0,109,8,331,20,0.0,0.0,Cairney,,243.0,2015-07-07,1991-01-20,False,p76357,0,0,0,0,0,0,0,0,0,0,0,0,0,0.0,0.0,0.0,0.0,0,0,0,0,0,0.00,0.00,0.00,0.00,,,,,,,[],https://www.fulhamfc.com/news/2026/august/21/team-news-joachim-andersen-tom-cairney-absent-for-chelsea/,557,229,554,235,518,210,562,230,0.0,0.0,0.0,0.0,0.0,0.0,337,203,544,222,569,237,649,284,0.0,0.0,0.0,Fulham,FUL
True,True,,,577725,0,0,0,0,85.5,45,"[{'offset': 0, 'projected_percent': '85.8', 'likelihood': 3}, {'offset': 1, 'projected_percent': '86.5', 'likelihood': 3}, {'offset': 2, 'projected_percent': '87.1', 'likelihood': 3}]",,False,0,3,4.2,4.2,2,Josh,4.2,268,False,,,5.5,577725.jpg,4.8,False,King,2.6,False,,a,10,54,24,326870,82735,95766,17198,0.8,4.4,King,,241.0,2024-02-02,2007-01-03,False,p577725,425,2,0,2,7,0,0,0,1,0,0,3,109,111.4,67.2,179.0,35.8,5,16,7,28,5,1.54,0.46,2.00,8.29,,,,,,,[],,55,19,84,61,5,2,18,14,0.33,0.0,0.1,0.43,1.76,1.48,163,102,67,24,67,27,111,34,1.06,0.42,5.93,Fulham,FUL
True,True,100.0,75.0,184349,-1,1,-2,2,-1.6,0,"[{'offset': 0, 'projected_percent': '-1.6', 'likelihood': -1}, {'offset': 1, 'projected_percent': '-1.6', 'likelihood': -1}, {'offset': 2, 'projected_percent': '-1.6', 'likelihood': -1}]",,False,0,2,0.5,0.4,0,Ryan,0.5,269,False,,2026-09-14T11:30:07.403957Z,4.3,184349.jpg,1.0,False,Sessegnon,0.3,False,,a,10,54,3,2727,284,18960,1262,0.1,0.7,Sessegnon,,241.0,2024-07-26,2000-05-18,False,p184349,50,0,0,0,1,0,0,0,0,0,0,0,13,17.2,26.3,31.0,7.5,2,3,1,3,0,0.13,0.44,0.57,1.80,3.0,,,,,,[],,293,117,194,61,149,44,241,91,0.23,0.0,0.79,1.02,3.24,1.8,580,155,308,109,305,112,304,111,0.0,0.0,5.4,Fulham,FUL
True,True,,,153366,0,0,-1,1,-10.7,0,"[{'offset': 0, 'projected_percent': '-10.7', 'likelihood': -1}, {'offset': 1, 'projected_percent': '-10.7', 'likelihood': -1}, {'offset': 2, 'projected_percent': '-10.7', 'likelihood': -1}]",,False,0,3,0.0,0.0,0,Harrison,0.0,270,False,,,4.4,153366.jpg,0.0,False,Reed,1.1,False,,a,10,54,0,36224,2732,72843,6618,0.0,0.0,Reed,,241.0,2020-08-30,1995-01-27,False,p153366,0,0,0,0,0,0,0,0,0,0,0,0,0,0.0,0.0,0.0,0.0,0,0,0,0,0,0.00,0.00,0.00,0.00,,,,,,,[],,468,192,460,198,409,170,473,193,0.0,0.0,0.0,0.0,0.0,0.0,549,289,447,183,482,200,168,52,0.0,0.0,0.0,Fulham,FUL
True,True,,,244042,0,0,-1,1,-49.9,0,"[{'offset': 0, 'projected_percent': '-49.9', 'likelihood': -3}, {'offset': 1, 'projected_percent': '-49.9', 'likelihood': -3}, {'offset': 2, 'projected_percent': '-49.9', 'likelihood': -3}]",,False,0,4,0.5,0.5,0,Rodrigo,0.5,271,False,,,5.4,244042.jpg,0.8,False,Muniz Carvalho,0.4,False,,a,10,54,3,15961,1632,35027,2586,0.1,0.6,Muniz,Rodrigo Muniz,30.0,2021-08-20,2001-05-04,False,p244042,38,0,0,0,1,0,0,0,1,0,0,0,14,11.4,22.2,36.0,7.0,3,0,0,3,0,0.40,0.00,0.40,0.85,,,,,,,[],,317,32,215,25,136,26,251,25,0.95,0.0,0.0,0.95,2.01,2.37,184,44,324,37,409,49,265,45,0.0,0.0,7.11,Fulham,FUL
True,True,,,631786,0,0,0,0,-62.1,9,"[{'offset': 0, 'projected_percent': '-62.0', 'likelihood': -3}, {'offset': 1, 'projected_percent': '-61.8', 'likelihood': -3}, {'offset': 2, 'projected_percent': '-61.5', 'likelihood': -3}]",,False,0,4,0.0,0.0,0,Jonah,0.0,272,False,,,4.5,631786.jpg,0.0,False,Kusi-Asare,5.4,False,,a,10,54,0,159937,10466,300048,32243,0.0,0.0,Kusi-Asare,,206.0,2026-06-27,2007-07-04,False,p631786,0,0,0,0,0,0,0,0,0,0,0,0,0,0.0,0.0,0.0,0.0,0,0,0,0,0,0.00,0.00,0.00,0.00,,,,,,,[],,541,57,537,61,497,56,546,61,0.0,0.0,0.0,0.0,0.0,0.0,531,78,526,55,554,62,72,10,0.0,0.0,0.0,Fulham,FUL
True,True,,,551466,0,0,0,0,55.9,24,"[{'offset': 0, 'projected_percent': '56.1', 'likelihood': 3}, {'offset': 1, 'projected_percent': '56.4', 'likelihood': 3}, {'offset': 2, 'projected_percent': '56.8', 'likelihood': 3}]",,False,0,4,2.0,2.0,2,Gonzalo,2.0,569,False,,,6.0,551466.jpg,2.8,False,García,3.9,False,,a,10,54,14,425878,63569,310481,31096,0.3,2.3,Gonzalo,,200.0,2026-08-03,2004-03-24,False,p551466,425,1,0,2,7,0,0,0,0,0,0,0,53,53.0,46.8,125.0,22.1,7,9,2,18,5,2.33,0.58,2.91,8.29,,,,,1.0,,[],,182,14,132,12,19,9,72,14,0.49,0.0,0.12,0.61,1.76,1.48,73,17,202,20,175,17,87,12,1.06,0.42,3.81,Fulham,FUL
True,True,,,571779,0,0,-1,1,-6.7,0,"[{'offset': 0, 'projected_percent': '-6.7', 'likelihood': -1}, {'offset': 1, 'projected_percent': '-6.7', 'likelihood': -1}, {'offset': 2, 'projected_percent': '-6.7', 'likelihood': -1}]",,False,0,3,2.5,2.5,1,César,2.5,570,False,,,5.4,571779.jpg,3.0,False,Palacios,0.2,False,,a,10,54,12,5974,685,10560,914,0.5,2.2,Palacios,,200.0,2026-08-03,2004-11-11,False,p571779,226,1,0,0,7,0,0,0,1,0,0,1,48,45.4,32.6,62.0,14.0,4,10,3,17,3,0.98,0.03,1.01,5.46,,,,,,,[],,203,88,178,104,70,42,159,82,0.39,0.0,0.01,0.4,2.17,2.79,210,132,157,68,147,60,357,129,1.19,0.0,6.77,Fulham,FUL
True,True,,,463210,0,0,0,0,-80.9,0,"[{'offset': 0, 'projected_percent': '-80.9', 'likelihood': -3}, {'offset': 1, 'projected_percent': '-80.9', 'likelihood': -3}, {'offset': 2, 'projected_percent': '-80.9', 'likelihood': -3}]",,False,0,3,3.0,3.0,4,Shea,3.0,580,False,,,5.0,463210.jpg,2.6,False,Charles,0.1,False,,a,10,54,13,2291,561,4080,404,0.6,2.6,Charles,,242.0,2026-08-11,2003-11-05,False,p463210,303,0,0,1,5,0,0,0,0,0,0,0,60,85.4,46.1,14.0,14.5,23,19,4,46,3,0.09,0.16,0.25,6.65,,,,,,,[],,107,32,138,88,226,120,152,79,0.03,0.0,0.05,0.08,1.98,1.49,285,172,124,48,181,80,449,172,0.89,0.3,13.66,Fulham,FUL
True,False,0.0,0.0,547686,0,0,0,0,0.0,0,"[{'offset': 0, 'projected_percent': '0.0', 'likelihood': 0}, {'offset': 1, 'projected_percent': '0.0', 'likelihood': 0}, {'offset': 2, 'projected_percent': '0.0', 'likelihood': 0}]",,False,0,2,0.0,0.0,0,Luc,0.0,610,False,has joined  Real Salt Lake on loan for the rest of the seaon.,2026-08-28T11:30:08.336405Z,4.0,547686.jpg,0.0,False,De Fougerolles,0.1,False,,u,10,54,0,5787,0,5234,488,0.0,0.0,De Fougerolles,,39.0,2023-07-19,2005-10-12,False,p547686,0,0,0,0,0,0,0,0,0,0,0,0,0,0.0,0.0,0.0,0.0,0,0,0,0,0,0.00,0.00,0.00,0.00,,,,,,,[],,449,166,440,165,384,150,454,166,0.0,0.0,0.0,0.0,0.0,0.0,641,192,426,156,463,166,467,166,0.0,0.0,0.0,Fulham,FUL
True,True,,,616069,-1,1,-1,1,0.1,3,"[{'offset': 0, 'projected_percent': '0.1', 'likelihood': 1}, {'offset': 1, 'projected_percent': '0.1', 'likelihood': 1}, {'offset': 2, 'projected_percent': '0.2', 'likelihood': 1}]",,False,0,3,0.0,0.0,0,Macaulay,0.0,626,False,,,4.4,616069.jpg,0.0,False,Zepa,0.3,False,,a,10,54,0,34597,430,18390,2176,0.0,0.0,Zepa,,38.0,2026-07-06,2008-07-07,False,p616069,0,0,0,0,0,0,0,0,0,0,0,0,0,0.0,0.0,0.0,0.0,0,0,0,0,0,0.00,0.00,0.00,0.00,,,,,,,[],,482,199,474,205,424,177,487,200,0.0,0.0,0.0,0.0,0.0,0.0,577,297,463,190,496,207,295,102,0.0,0.0,0.0,Fulham,FUL
True,True,,,551050,0,0,0,0,0.0,0,"[{'offset': 0, 'projected_percent': '0.0', 'likelihood': 0}, {'offset': 1, 'projected_percent': '0.0', 'likelihood': 0}, {'offset': 2, 'projected_percent': '0.0', 'likelihood': 0}]",,False,0,3,1.0,1.0,1,Hugo,1.0,635,False,,,5.0,551050.jpg,1.0,False,Larsson,0.0,False,,a,10,54,3,834,89,303,70,0.2,0.6,Larsson,,206.0,2026-09-01,2004-06-27,False,p551050,37,0,0,0,1,0,0,0,0,0,0,0,9,6.8,1.9,9.0,1.8,2,3,1,6,0,0.13,0.23,0.36,0.88,,,,,,,[],,349,162,336,168,262,134,353,168,0.32,0.0,0.56,0.88,2.14,2.43,319,193,259,115,356,160,620,263,0.0,0.0,14.59,Fulham,FUL
True,True,,,500033,0,0,0,0,0.0,0,"[{'offset': 0, 'projected_percent': '0.0', 'likelihood': 0}, {'offset': 1, 'projected_percent': '0.0', 'likelihood': 0}, {'offset': 2, 'projected_percent': '0.0', 'likelihood': 0}]",,False,0,3,0.0,0.0,0,Manuel Ángel,0.0,636,False,,,5.0,500033.jpg,0.0,False,Morán Ibáñez,0.0,False,,a,10,54,0,368,31,168,26,0.0,0.0,Ángel,Manuel Ángel,200.0,2026-09-01,2004-03-15,False,p500033,0,0,0,0,0,0,0,0,0,0,0,0,0,0.0,0.0,0.0,0.0,0,0,0,0,0,0.00,0.00,0.00,0.00,,,,,,,[],,609,260,615,265,592,251,615,262,0.0,0.0,0.0,0.0,0.0,0.0,306,183,602,257,618,265,644,279,0.0,0.0,0.0,Fulham,FUL
True,True,,,442299,0,0,0,0,1.1,6,"[{'offset': 0, 'projected_percent': '1.1', 'likelihood': 1}, {'offset': 1, 'projected_percent': '1.2', 'likelihood': 1}, {'offset': 2, 'projected_percent': '1.3', 'likelihood': 1}]",,False,0,2,4.0,4.0,4,David,4.0,650,False,,,4.5,442299.jpg,6.0,False,Affengruber,0.1,False,,a,10,54,12,7787,4909,1715,1093,0.9,2.7,Affengruber,,14.0,2026-09-01,2001-03-19,False,p442299,180,0,0,1,1,0,0,0,0,0,0,0,40,51.0,14.6,0.0,6.6,20,7,3,23,2,0.00,0.02,0.02,2.88,,,,,,,[],,193,79,244,86,452,185,260,98,0.0,0.0,0.01,0.01,1.44,0.5,474,114,75,32,26,11,475,169,1.0,0.5,11.5,Fulham,FUL
True,True,100.0,100.0,490094,0,0,0,0,0.1,0,"[{'offset': 0, 'projected_percent': '0.1', 'likelihood': 1}, {'offset': 1, 'projected_percent': '0.1', 'likelihood': 1}, {'offset': 2, 'projected_percent': '0.1', 'likelihood': 1}]",,False,0,3,0.3,0.3,1,Tim,0.3,240,False,,2026-08-15T20:00:06.878792Z,5.0,490094.jpg,0.7,False,Iroegbunam,0.0,False,,a,11,88,2,1112,74,1148,134,0.1,0.4,Iroegbunam,,241.0,2026-09-01,2003-06-30,False,p490094,70,0,0,0,0,0,0,0,1,0,0,0,10,9.2,11.5,10.0,3.1,1,5,3,9,0,0.12,0.01,0.13,0.60,,,,,,,[],,329,150,270,137,256,132,318,146,0.15,0.0,0.01,0.16,0.77,0.0,296,177,346,163,411,196,584,241,0.0,0.0,11.57,Hull City,HUL
True,True,,,167825,0,0,0,0,-27.5,0,"[{'offset': 0, 'projected_percent': '-27.5', 'likelihood': -2}, {'offset': 1, 'projected_percent': '-27.5', 'likelihood': -2}, {'offset': 2, 'projected_percent': '-27.5', 'likelihood': -2}]",,False,0,1,0.0,0.0,0,Dillon,0.0,273,False,,,4.0,167825.jpg,0.0,False,Phillips,1.4,False,,a,11,88,0,29013,2888,38231,3348,0.0,0.0,Phillips,,241.0,2025-07-01,1995-06-11,False,p167825,0,0,0,0,0,0,0,0,0,0,0,0,0,0.0,0.0,0.0,0.0,0,0,0,0,0,0.00,0.00,0.00,0.00,,,,,,,[],,423,36,412,17,356,12,427,36,0.0,0.0,0.0,0.0,0.0,0.0,601,60,398,34,437,36,155,23,0.0,0.0,0.0,Hull City,HUL
True,True,0.0,0.0,105666,-1,1,-1,1,-0.6,0,"[{'offset': 0, 'projected_percent': '-0.6', 'likelihood': -1}, {'offset': 1, 'projected_percent': '-0.6', 'likelihood': -1}, {'offset': 2, 'projected_percent': '-0.6', 'likelihood': -1}]",,False,0,1,0.0,0.0,0,Jack,0.0,274,False,Arm injury - Unknown return date,2026-08-08T19:00:05.601633Z,4.4,105666.jpg,0.0,False,Butland,0.1,False,,i,11,88,0,635,66,4926,313,0.0,0.0,Butland,,241.0,2026-07-02,1993-03-10,False,p105666,0,0,0,0,0,0,0,0,0,0,0,0,0,0.0,0.0,0.0,0.0,0,0,0,0,0,0.00,0.00,0.00,0.00,,,,,,,[],,466,50,457,31,404,26,471,50,0.0,0.0,0.0,0.0,0.0,0.0,543,43,445,48,480,50,468,54,0.0,0.0,0.0,Hull City,HUL
True,False,0.0,0.0,494950,0,0,0,0,0.0,0,"[{'offset': 0, 'projected_percent': '0.0', 'likelihood': 0}, {'offset': 1, 'projected_percent': '0.0', 'likelihood': 0}, {'offset': 2, 'projected_percent': '0.0', 'likelihood': 0}]",,False,0,1,0.0,0.0,0,Harvey,0.0,275,False,Has joined Grimsby Town on loan for the rest of the season,2026-07-29T13:00:27.959925Z,4.0,494950.jpg,0.0,False,Cartwright,0.0,False,,u,11,88,0,0,0,326,24,0.0,0.0,Cartwright,,241.0,2020-07-01,2002-05-09,False,p494950,0,0,0,0,0,0,0,0,0,0,0,0,0,0.0,0.0,0.0,0.0,0,0,0,0,0,0.00,0.00,0.00,0.00,,,,,,,[],,441,47,432,28,376,23,446,47,0.0,0.0,0.0,0.0,0.0,0.0,631,71,418,45,455,47,627,73,0.0,0.0,0.0,Hull City,HUL
True,False,0.0,0.0,444307,0,0,0,0,0.0,0,"[{'offset': 0, 'projected_percent': '0.0', 'likelihood': 0}, {'offset': 1, 'projected_percent': '0.0', 'likelihood': 0}, {'offset': 2, 'projected_percent': '0.0', 'likelihood': 0}]",,False,0,1,0.0,0.0,0,Thimothée,0.0,276,False,Has joined Colchester United on loan for the rest of the season,2026-08-17T13:50:27.125537Z,4.0,444307.jpg,0.0,False,Lo-Tutala,0.0,False,,u,11,88,0,0,0,1104,110,0.0,0.0,Lo-Tutala,,73.0,2023-07-01,2003-02-13,False,p444307,0,0,0,0,0,0,0,0,0,0,0,0,0,0.0,0.0,0.0,0.0,0,0,0,0,0,0.00,0.00,0.00,0.00,,,,,,,[],,434,43,425,24,369,19,439,43,0.0,0.0,0.0,0.0,0.0,0.0,620,67,411,41,448,43,564,65,0.0,0.0,0.0,Hull City,HUL
True,True,,,108416,0,0,1,-1,25.8,-2,"[{'offset': 0, 'projected_percent': '25.8', 'likelihood': 2}, {'offset': 1, 'projected_percent': '25.8', 'likelihood': 2}, {'offset': 2, 'projected_percent': '25.7', 'likelihood': 2}]",,False,0,2,3.0,3.0,1,John,3.0,277,False,,,4.1,108416.jpg,5.2,False,Egan,7.0,False,,a,11,88,26,749466,26307,215246,28325,0.7,6.3,Egan,,104.0,2025-02-03,1992-10-20,False,p108416,437,0,0,3,4,0,0,0,1,0,0,1,71,110.8,1.3,21.0,13.4,50,12,9,59,5,0.05,0.00,0.05,7.27,,,,,,,[],,56,23,348,127,178,54,163,57,0.01,0.0,0.0,0.01,1.5,0.82,585,160,117,48,51,20,54,21,1.03,0.62,12.15,Hull City,HUL
True,True,0.0,0.0,501902,0,0,-1,1,0.5,0,"[{'offset': 0, 'projected_percent': '0.5', 'likelihood': 1}, {'offset': 1, 'projected_percent': '0.5', 'likelihood': 1}, {'offset': 2, 'projected_percent': '0.5', 'likelihood': 1}]",,False,0,2,0.0,0.0,0,Charlie,0.0,278,False,Groin injury - Unknown return date,2026-08-02T09:00:11.030017Z,3.9,501902.jpg,0.0,False,Hughes,0.2,False,,i,11,88,0,16856,1067,12834,1867,0.0,0.0,Hughes,,241.0,2024-08-16,2003-10-16,False,p501902,0,0,0,0,0,0,0,0,0,0,0,0,0,0.0,0.0,0.0,0.0,0,0,0,0,0,0.00,0.00,0.00,0.00,,,,,,,[],,409,150,397,146,341,131,413,149,0.0,0.0,0.0,0.0,0.0,0.0,667,217,383,137,423,150,351,132,0.0,0.0,0.0,Hull City,HUL
True,True,100.0,100.0,146426,0,0,2,-2,68.6,-6,"[{'offset': 0, 'projected_percent': '68.5', 'likelihood': 3}, {'offset': 1, 'projected_percent': '68.5', 'likelihood': 3}, {'offset': 2, 'projected_percent': '68.4', 'likelihood': 3}]",,False,1,2,2.3,2.3,1,Semi,2.3,279,False,,2026-08-22T17:30:07.668197Z,4.2,146426.jpg,5.4,False,Ajayi,14.0,False,,a,11,88,27,1353714,42329,307683,57181,0.5,6.4,Ajayi,,157.0,2025-07-01,1993-11-09,False,p146426,423,1,0,3,4,0,0,0,1,0,0,2,79,85.6,4.2,51.0,14.1,21,16,6,27,5,0.66,0.01,0.67,6.43,,,,,,,[],,106,48,311,109,90,16,157,54,0.14,0.0,0.0,0.14,1.37,0.85,584,159,164,61,45,16,29,10,1.06,0.64,5.74,Hull City,HUL
True,True,100.0,100.0,193278,0,0,0,0,0.2,0,"[{'offset': 0, 'projected_percent': '0.2', 'likelihood': 1}, {'offset': 1, 'projected_percent': '0.2', 'likelihood': 1}, {'offset': 2, 'projected_percent': '0.2', 'likelihood': 1}]",,False,0,2,2.7,2.7,1,Lewie,2.7,280,False,,2026-08-29T16:30:08.151841Z,4.0,193278.jpg,2.8,False,Coyle,0.7,False,,a,11,88,14,27570,1998,25778,1970,0.7,3.5,Coyle,,241.0,2020-08-07,1995-10-15,False,p193278,348,0,0,2,4,0,0,0,1,0,0,0,49,24.0,29.9,11.0,6.5,8,11,3,11,5,0.13,0.07,0.20,6.22,,,,,,,[],,272,111,185,58,243,81,262,99,0.03,0.0,0.02,0.05,1.61,1.03,605,167,140,54,159,64,220,86,1.29,0.52,2.84,Hull City,HUL
True,False,0.0,0.0,433590,0,0,0,0,0.0,0,"[{'offset': 0, 'projected_percent': '0.0', 'likelihood': 0}, {'offset': 1, 'projected_percent': '0.0', 'likelihood': 0}, {'offset': 2, 'projected_percent': '0.0', 'likelihood': 0}]",,False,0,2,0.0,0.0,0,Cody,0.0,281,False,Has joined Genoa permanently,2026-09-02T16:09:06.479140Z,4.0,433590.jpg,1.0,False,Drameh,0.0,False,,u,11,88,2,2118,0,4498,245,0.0,0.5,Drameh,,241.0,2024-07-23,2001-12-08,False,p433590,65,0,0,0,0,0,0,0,0,0,0,0,8,6.4,0.4,1.0,0.8,5,4,1,6,0,0.05,0.00,0.05,0.87,,,,,,,[],,351,129,376,139,335,125,379,135,0.07,0.0,0.0,0.07,1.2,0.0,617,175,408,145,301,108,508,179,0.0,0.0,8.31,Hull City,HUL
True,True,,,232351,0,0,0,0,68.9,-2,"[{'offset': 0, 'projected_percent': '68.9', 'likelihood': 3}, {'offset': 1, 'projected_percent': '68.8', 'likelihood': 3}, {'offset': 2, 'projected_percent': '68.8', 'likelihood': 3}]",,False,0,2,4.0,4.0,0,Ryan,4.0,282,False,,,4.0,232351.jpg,4.8,False,Giles,2.9,False,,a,11,88,24,277586,20769,65628,13337,1.0,6.0,Giles,,241.0,2024-06-27,2000-01-26,False,p232351,444,0,1,3,4,0,0,0,1,0,0,2,94,82.8,132.5,6.0,22.2,19,14,5,24,5,0.02,0.43,0.45,7.33,3.0,,1.0,,,,[],,112,51,24,2,282,99,70,14,0.0,0.0,0.09,0.09,1.49,0.81,613,174,70,28,61,26,106,40,1.01,0.61,4.86,Hull City,HUL
True,False,0.0,0.0,449428,0,0,0,0,0.0,0,"[{'offset': 0, 'projected_percent': '0.0', 'likelihood': 0}, {'offset': 1, 'projected_percent': '0.0', 'likelihood': 0}, {'offset': 2, 'projected_percent': '0.0', 'likelihood': 0}]",,False,0,2,0.0,0.0,0,Matty,0.0,283,False,Has joined Newport County on loan until January,2026-08-02T09:00:11.038361Z,4.0,449428.jpg,0.0,False,Jacob,0.0,False,,u,11,88,0,114,0,691,34,0.0,0.0,Jacob,,241.0,2019-07-01,2001-06-03,False,p449428,0,0,0,0,0,0,0,0,0,0,0,0,0,0.0,0.0,0.0,0.0,0,0,0,0,0,0.00,0.00,0.00,0.00,,,,,,,[],,435,157,426,156,370,141,440,157,0.0,0.0,0.0,0.0,0.0,0.0,621,177,412,147,449,157,624,211,0.0,0.0,0.0,Hull City,HUL
True,True,,,661800,0,0,0,0,0.4,0,"[{'offset': 0, 'projected_percent': '0.4', 'likelihood': 1}, {'offset': 1, 'projected_percent': '0.4', 'likelihood': 1}, {'offset': 2, 'projected_percent': '0.4', 'likelihood': 1}]",,False,0,2,0.0,0.0,0,Cathal,0.0,284,False,,,4.0,661800.jpg,0.0,False,McCarthy,0.1,False,,a,11,88,0,4917,383,4571,419,0.0,0.0,McCarthy,,,,,False,p661800,0,0,0,0,0,0,0,0,0,0,0,0,0,0.0,0.0,0.0,0.0,0,0,0,0,0,0.00,0.00,0.00,0.00,,,,,,,[],,465,181,456,180,401,166,470,181,0.0,0.0,0.0,0.0,0.0,0.0,661,211,443,172,479,181,424,154,0.0,0.0,0.0,Hull City,HUL
True,True,100.0,100.0,160817,0,0,0,0,-41.3,0,"[{'offset': 0, 'projected_percent': '-41.3', 'likelihood': -3}, {'offset': 1, 'projected_percent': '-41.3', 'likelihood': -3}, {'offset': 2, 'projected_percent': '-41.3', 'likelihood': -3}]",,False,0,2,0.0,0.0,0,Paddy,0.0,285,False,,2026-09-09T13:30:08.327907Z,4.0,160817.jpg,1.0,False,McNair,0.1,False,,a,11,88,1,3140,187,4709,400,0.0,0.2,McNair,,242.0,2026-01-28,1995-04-27,False,p160817,26,0,0,0,0,0,0,0,0,0,0,0,3,4.2,0.0,0.0,0.4,2,1,0,2,0,0.00,0.00,0.00,0.96,,,,,,,[],,367,137,411,149,355,134,389,139,0.0,0.0,0.0,0.0,3.32,0.0,600,164,397,140,298,105,397,148,0.0,0.0,6.92,Hull City,HUL
True,True,,,540324,0,0,1,-1,35.7,32,"[{'offset': 0, 'projected_percent': '35.9', 'likelihood': 2}, {'offset': 1, 'projected_percent': '36.3', 'likelihood': 2}, {'offset': 2, 'projected_percent': '36.8', 'likelihood': 2}]",,False,1,3,7.3,7.3,4,Mohamed,7.3,286,False,,,5.1,540324.jpg,6.2,False,Belloumi,5.1,False,,a,11,88,31,503534,73598,83813,23775,1.4,6.1,Belloumi,,3.0,2024-08-30,2002-06-01,False,p540324,394,2,2,3,3,0,0,0,1,0,0,2,111,157.8,67.5,100.0,32.5,14,14,16,44,5,0.72,0.43,1.15,6.44,2.0,,2.0,,,,[],,11,7,83,60,34,19,25,18,0.16,0.0,0.1,0.26,1.47,0.69,239,150,13,5,21,9,74,26,1.14,0.69,10.05,Hull City,HUL
True,False,0.0,0.0,232905,0,0,0,0,0.0,0,"[{'offset': 0, 'projected_percent': '0.0', 'likelihood': 0}, {'offset': 1, 'projected_percent': '0.0', 'likelihood': 0}, {'offset': 2, 'projected_percent': '0.0', 'likelihood': 0}]",,False,0,3,0.0,0.0,0,Liam,0.0,287,False,Has joined Birmingham on loan for the rest of the season,2026-09-02T15:36:41.038103Z,5.0,232905.jpg,3.0,False,Millar,0.0,False,,u,11,88,6,3178,0,7508,288,0.0,1.2,Millar,,39.0,2024-08-09,1999-09-27,False,p232905,50,1,0,0,0,0,0,0,1,0,0,0,26,36.0,1.1,15.0,5.2,2,1,1,4,0,0.58,0.00,0.58,0.87,,,,,,,[],,233,100,354,177,219,118,287,129,1.04,0.0,0.0,1.04,1.57,0.0,273,168,587,249,142,57,544,223,0.0,0.0,7.2,Hull City,HUL
True,True,,,171270,0,0,0,0,-93.1,0,"[{'offset': 0, 'projected_percent': '-93.1', 'likelihood': -3}, {'offset': 1, 'projected_percent': '-93.1', 'likelihood': -3}, {'offset': 2, 'projected_percent': '-93.1', 'likelihood': -3}]",,False,0,3,0.0,0.0,0,Kieran,0.0,288,False,,,4.5,171270.jpg,0.0,False,Dowell,0.3,False,,a,11,88,0,12325,568,21514,1931,0.0,0.0,Dowell,,241.0,2026-01-23,1997-10-10,False,p171270,0,0,0,0,0,0,0,0,0,0,0,0,0,0.0,0.0,0.0,0.0,0,0,0,0,0,0.00,0.00,0.00,0.00,,,,,,,[],,489,201,484,207,434,179,494,202,0.0,0.0,0.0,0.0,0.0,0.0,443,258,471,192,503,209,291,99,0.0,0.0,0.0,Hull City,HUL
True,True,100.0,100.0,101282,-1,1,-1,1,0.7,-3,"[{'offset': 0, 'projected_percent': '0.6', 'likelihood': 1}, {'offset': 1, 'projected_percent': '0.6', 'likelihood': 1}, {'offset': 2, 'projected_percent': '0.5', 'likelihood': 1}]",,False,0,3,0.3,0.3,0,Matt,0.3,289,False,,2026-08-29T15:00:08.569326Z,4.4,101282.jpg,1.0,False,Crooks,0.5,False,,a,11,88,3,24263,4904,40278,4049,0.1,0.7,Crooks,,241.0,2025-01-10,1994-01-20,False,p101282,203,0,0,1,4,0,0,0,3,0,0,0,17,37.8,17.3,0.0,5.4,9,4,8,21,3,0.00,0.12,0.12,3.57,,,,,,,[],,225,96,228,124,403,168,281,127,0.0,0.0,0.05,0.05,1.58,1.77,542,287,331,155,307,136,250,81,1.33,0.44,9.31,Hull City,HUL
True,True,,,243413,0,0,0,0,73.7,-11,"[{'offset': 0, 'projected_percent': '73.7', 'likelihood': 3}, {'offset': 1, 'projected_percent': '73.5', 'likelihood': 3}, {'offset': 2, 'projected_percent': '73.4', 'likelihood': 3}]",,False,0,3,2.3,2.3,2,Regan,2.3,290,False,,,4.5,243413.jpg,3.0,False,Slater,5.2,False,,a,11,88,15,498165,15232,277103,36104,0.5,3.3,Slater,,241.0,2022-01-27,1999-09-11,False,p243413,437,0,1,3,4,0,0,0,1,0,0,0,67,62.2,85.1,26.0,17.4,9,15,9,33,5,0.21,0.59,0.80,7.27,1.0,,,,,,[],,158,60,55,45,161,85,113,60,0.04,0.0,0.12,0.16,1.5,0.82,464,260,165,72,135,54,73,25,1.03,0.62,6.8,Hull City,HUL
True,True,0.0,0.0,465525,0,0,0,0,-13.6,0,"[{'offset': 0, 'projected_percent': '-13.6', 'likelihood': -1}, {'offset': 1, 'projected_percent': '-13.6', 'likelihood': -1}, {'offset': 2, 'projected_percent': '-13.6', 'likelihood': -1}]",,False,0,3,0.0,0.0,0,Eliot,0.0,291,False,Knee injury - Unknown return date,2026-07-23T12:01:23.532635Z,4.5,465525.jpg,0.0,False,Matazo,0.0,False,,i,11,88,0,380,29,489,51,0.0,0.0,Matazo,,21.0,2025-01-23,2002-02-15,False,p465525,0,0,0,0,0,0,0,0,0,0,0,0,0,0.0,0.0,0.0,0.0,0,0,0,0,0,0.00,0.00,0.00,0.00,,,,,,,[],,504,203,501,209,455,181,509,204,0.0,0.0,0.0,0.0,0.0,0.0,479,261,488,194,518,211,633,271,0.0,0.0,0.0,Hull City,HUL
True,True,,,208481,0,0,-1,1,-9.8,0,"[{'offset': 0, 'projected_percent': '-9.8', 'likelihood': -1}, {'offset': 1, 'projected_percent': '-9.8', 'likelihood': -1}, {'offset': 2, 'projected_percent': '-9.8', 'likelihood': -1}]",,False,0,3,0.0,0.0,0,Abdülkadir,0.0,292,False,,,4.9,208481.jpg,0.0,False,Ömür,0.0,False,,a,11,88,0,1202,84,1626,145,0.0,0.0,Ömür,,219.0,2024-02-01,1999-06-25,False,p208481,0,0,0,0,0,0,0,0,0,0,0,0,0,0.0,0.0,0.0,0.0,0,0,0,0,0,0.00,0.00,0.00,0.00,,,,,,,[],,564,233,560,238,526,214,569,234,0.0,0.0,0.0,0.0,0.0,0.0,348,210,550,225,575,240,580,238,0.0,0.0,0.0,Hull City,HUL
True,False,0.0,0.0,490161,0,0,0,0,0.0,0,"[{'offset': 0, 'projected_percent': '0.0', 'likelihood': 0}, {'offset': 1, 'projected_percent': '0.0', 'likelihood': 0}, {'offset': 2, 'projected_percent': '0.0', 'likelihood': 0}]",,False,0,3,0.0,0.0,0,Abu,0.0,293,False,Has joined Portsmouth permanently,2026-08-12T14:08:23.542043Z,5.0,490161.jpg,0.0,False,Kamara,0.0,False,,u,11,88,0,0,0,374,12,0.0,0.0,Kamara,,241.0,2024-08-30,2003-07-21,False,p490161,0,0,0,0,0,0,0,0,0,0,0,0,0,0.0,0.0,0.0,0.0,0,0,0,0,0,0.00,0.00,0.00,0.00,,,,,,,[],,603,257,609,262,586,248,609,259,0.0,0.0,0.0,0.0,0.0,0.0,297,178,595,253,612,262,659,292,0.0,0.0,0.0,Hull City,HUL
True,True,100.0,100.0,553783,0,0,0,0,-21.9,0,"[{'offset': 0, 'projected_percent': '-21.9', 'likelihood': -2}, {'offset': 1, 'projected_percent': '-21.9', 'likelihood': -2}, {'offset': 2, 'projected_percent': '-21.9', 'likelihood': -2}]",,False,0,3,0.0,0.0,0,Óscar,0.0,294,False,,2026-08-04T18:30:11.016909Z,4.5,553783.jpg,0.0,False,Zambrano,0.1,False,,a,11,88,0,3871,142,6809,480,0.0,0.0,Zambrano,,62.0,2026-07-21,2004-04-20,False,p553783,0,0,0,0,0,0,0,0,0,0,0,0,0,0.0,0.0,0.0,0.0,0,0,0,0,0,0.00,0.00,0.00,0.00,,,,,,,[],,520,207,517,213,474,185,525,208,0.0,0.0,0.0,0.0,0.0,0.0,502,265,504,198,534,215,430,162,0.0,0.0,0.0,Hull City,HUL
True,True,,,169432,0,0,0,0,27.3,-2,"[{'offset': 0, 'projected_percent': '27.2', 'likelihood': 2}, {'offset': 1, 'projected_percent': '27.2', 'likelihood': 2}, {'offset': 2, 'projected_percent': '27.2', 'likelihood': 2}]",,False,0,4,2.3,2.3,1,Oli,2.3,295,False,,,5.5,169432.jpg,2.6,False,McBurnie,1.9,False,,a,11,88,13,188552,7566,152784,17437,0.4,2.4,McBurnie,,243.0,2025-08-06,1996-06-04,False,p169432,441,0,2,3,4,0,0,0,3,0,0,0,52,47.2,69.1,114.0,23.0,9,9,3,21,5,1.23,0.13,1.36,7.21,,,,,1.0,,[],,201,16,76,5,26,11,63,13,0.25,0.0,0.03,0.28,1.47,0.82,128,34,172,17,184,18,129,21,1.02,0.61,4.29,Hull City,HUL
True,False,0.0,0.0,213292,0,0,0,0,0.0,0,"[{'offset': 0, 'projected_percent': '0.0', 'likelihood': 0}, {'offset': 1, 'projected_percent': '0.0', 'likelihood': 0}, {'offset': 2, 'projected_percent': '0.0', 'likelihood': 0}]",,False,0,3,0.0,0.0,0,David,0.0,296,False,Has joined Omonoia FC permanently,2026-09-11T14:42:38.120231Z,5.0,213292.jpg,0.0,False,Akintola,0.0,False,,u,11,88,0,2704,0,4871,258,0.0,0.0,Akintola,,157.0,2025-08-15,1996-01-13,False,p213292,0,0,0,0,0,0,0,0,0,0,0,0,0,0.0,0.0,0.0,0.0,0,0,0,0,0,0.00,0.00,0.00,0.00,,,,,,,[],,590,251,592,256,569,242,596,253,0.0,0.0,0.0,0.0,0.0,0.0,261,163,581,246,599,256,563,234,0.0,0.0,0.0,Hull City,HUL
True,True,0.0,0.0,470294,-1,1,-1,1,-0.3,0,"[{'offset': 0, 'projected_percent': '-0.3', 'likelihood': -1}, {'offset': 1, 'projected_percent': '-0.3', 'likelihood': -1}, {'offset': 2, 'projected_percent': '-0.3', 'likelihood': -1}]",,False,0,3,0.0,0.0,0,Darko,0.0,297,False,Thigh injury - Unknown return date,2026-08-04T18:30:11.027155Z,4.4,470294.jpg,0.0,False,Gyabi,0.0,False,,i,11,88,0,444,55,1603,135,0.0,0.0,Gyabi,,241.0,2025-09-01,2004-02-18,False,p470294,0,0,0,0,0,0,0,0,0,0,0,0,0,0.0,0.0,0.0,0.0,0,0,0,0,0,0.00,0.00,0.00,0.00,,,,,,,[],,472,194,464,200,414,172,477,195,0.0,0.0,0.0,0.0,0.0,0.0,563,292,451,185,486,202,581,239,0.0,0.0,0.0,Hull City,HUL
True,False,0.0,0.0,500957,0,0,0,0,0.0,0,"[{'offset': 0, 'projected_percent': '0.0', 'likelihood': 0}, {'offset': 1, 'projected_percent': '0.0', 'likelihood': 0}, {'offset': 2, 'projected_percent': '0.0', 'likelihood': 0}]",,False,0,4,0.0,0.0,0,Enis,0.0,298,False,Has joined Konyaspor permanently,2026-08-17T13:50:27.145733Z,4.5,500957.jpg,0.0,False,Destan,0.2,False,,u,11,88,0,0,0,22207,1254,0.0,0.0,Destan,,219.0,2025-08-01,2002-06-15,False,p500957,0,0,0,0,0,0,0,0,0,0,0,0,0,0.0,0.0,0.0,0.0,0,0,0,0,0,0.00,0.00,0.00,0.00,,,,,,,[],,510,47,507,52,464,46,515,51,0.0,0.0,0.0,0.0,0.0,0.0,490,68,494,45,524,53,350,55,0.0,0.0,0.0,Hull City,HUL
True,False,0.0,0.0,534392,0,0,0,0,0.0,0,"[{'offset': 0, 'projected_percent': '0.0', 'likelihood': 0}, {'offset': 1, 'projected_percent': '0.0', 'likelihood': 0}, {'offset': 2, 'projected_percent': '0.0', 'likelihood': 0}]",,False,0,4,0.0,0.0,0,Mason,0.0,299,False,Has joined Sheffield Wednesday on loan for the rest of the season,2026-08-03T14:05:20.234842Z,4.5,534392.jpg,0.0,False,Burstow,0.0,False,,u,11,88,0,0,0,3061,211,0.0,0.0,Burstow,,241.0,2024-08-16,2003-08-04,False,p534392,0,0,0,0,0,0,0,0,0,0,0,0,0,0.0,0.0,0.0,0.0,0,0,0,0,0,0.00,0.00,0.00,0.00,,,,,,,[],,515,48,512,53,469,47,520,52,0.0,0.0,0.0,0.0,0.0,0.0,496,69,499,46,529,54,537,72,0.0,0.0,0.0,Hull City,HUL
True,True,100.0,100.0,462635,0,0,0,0,0.0,0,"[{'offset': 0, 'projected_percent': '0.0', 'likelihood': 0}, {'offset': 1, 'projected_percent': '0.0', 'likelihood': 0}, {'offset': 2, 'projected_percent': '0.0', 'likelihood': 0}]",,False,0,3,0.3,0.3,1,Joe,0.3,340,False,,2026-08-17T21:30:07.799839Z,5.0,462635.jpg,1.0,False,Gelhardt,0.0,False,,a,11,88,1,702,92,1013,106,0.1,0.2,Gelhardt,,241.0,2026-08-15,2002-05-04,False,p462635,7,0,0,0,0,0,0,0,0,0,0,0,5,1.6,1.3,12.0,1.5,0,1,0,1,0,0.10,0.02,0.12,0.13,,,,,,,[],,389,181,353,176,238,124,362,173,1.29,0.0,0.26,1.55,1.67,0.0,284,171,345,162,353,158,601,253,0.0,0.0,12.86,Hull City,HUL
True,True,75.0,75.0,169359,0,0,0,0,-72.5,-10,"[{'offset': 0, 'projected_percent': '-72.7', 'likelihood': -3}, {'offset': 1, 'projected_percent': '-73.2', 'likelihood': -3}, {'offset': 2, 'projected_percent': '-73.6', 'likelihood': -3}]",,False,0,2,0.0,0.0,0,Matt,0.0,556,False,Ankle injury - 75% chance of playing,2026-09-17T14:00:26.419938Z,4.0,169359.jpg,1.0,False,Targett,1.6,False,,d,11,88,1,24832,108,86829,9553,0.0,0.2,Targett,,241.0,2026-07-23,1995-09-18,False,p169359,5,0,0,0,0,0,0,0,0,0,0,0,3,0.4,0.0,0.0,0.0,0,1,0,0,0,0.00,0.00,0.00,0.07,,,,,,,[],,402,146,413,150,357,135,428,152,0.0,0.0,0.0,0.0,1.26,0.0,602,165,399,141,299,106,140,56,0.0,0.0,0.0,Hull City,HUL
True,True,0.0,0.0,445028,-1,1,-1,1,0.0,0,"[{'offset': 0, 'projected_percent': '0.0', 'likelihood': 0}, {'offset': 1, 'projected_percent': '0.0', 'likelihood': 0}, {'offset': 2, 'projected_percent': '0.0', 'likelihood': 0}]",,False,0,3,0.0,0.0,0,Hidemasa,0.0,563,False,Calf injury - Expected back 11 Oct,2026-09-09T14:00:08.474217Z,4.9,445028.jpg,1.0,False,Morita,0.0,False,,i,11,88,1,727,24,1765,169,0.0,0.2,Morita,,108.0,2026-07-24,1995-05-10,False,p445028,45,0,0,0,0,0,0,0,0,0,0,0,6,11.0,13.4,0.0,2.4,2,1,0,3,1,0.00,0.00,0.00,1.09,,,,,,,[],,319,142,258,134,534,218,340,160,0.0,0.0,0.0,0.0,2.18,0.0,367,219,558,229,337,147,589,245,2.0,0.0,6.0,Hull City,HUL
True,True,,,473284,1,-1,2,-2,0.6,24,"[{'offset': 0, 'projected_percent': '0.6', 'likelihood': 1}, {'offset': 1, 'projected_percent': '0.8', 'likelihood': 1}, {'offset': 2, 'projected_percent': '0.9', 'likelihood': 1}]",,False,2,1,4.7,4.7,6,Konstantinos,4.7,572,True,,,4.7,473284.jpg,6.8,False,Tzolakis,12.8,False,,a,11,88,34,993736,122408,216326,20676,1.0,7.2,Tzolakis,,83.0,2026-08-05,2002-11-08,False,p473284,450,0,0,3,4,0,1,0,1,0,17,6,129,150.0,0.0,0.0,15.0,2,69,1,0,5,0.00,0.00,0.00,7.40,,,,,,,[],,16,2,546,54,507,52,141,3,0.0,3.4,0.0,0.0,1.48,0.8,423,22,55,7,13,1,31,5,1.0,0.6,0.0,Hull City,HUL
True,True,,,552946,0,0,-1,1,-73.3,0,"[{'offset': 0, 'projected_percent': '-73.3', 'likelihood': -3}, {'offset': 1, 'projected_percent': '-73.3', 'likelihood': -3}, {'offset': 2, 'projected_percent': '-73.3', 'likelihood': -3}]",,False,0,3,0.3,0.3,0,Jens,0.3,574,False,,,4.9,552946.jpg,1.0,False,Hjertø-Dahl,0.1,False,,a,11,88,1,1435,74,4439,319,0.1,0.2,Hjertø-Dahl,,161.0,2026-08-07,2005-10-31,False,p552946,8,0,0,0,0,0,0,0,0,0,0,0,4,0.0,0.0,0.0,0.0,0,1,0,1,0,0.00,0.00,0.00,0.00,,,,,,,[],,580,244,580,250,548,228,586,246,0.0,0.0,0.0,0.0,0.0,0.0,392,236,342,159,343,151,491,192,0.0,0.0,11.25,Hull City,HUL
True,True,,,608227,0,0,0,0,-51.1,0,"[{'offset': 0, 'projected_percent': '-51.1', 'likelihood': -3}, {'offset': 1, 'projected_percent': '-51.1', 'likelihood': -3}, {'offset': 2, 'projected_percent': '-51.1', 'likelihood': -3}]",,False,0,3,1.3,1.3,0,Elliot,1.3,576,False,,,5.0,608227.jpg,1.8,False,Stroud,0.1,False,,a,11,88,7,3664,142,4672,449,0.3,1.4,Stroud,,206.0,2026-08-09,2002-06-22,False,p608227,249,0,0,2,1,0,0,0,1,0,0,0,17,8.4,22.7,12.0,3.8,3,12,5,20,4,0.06,0.05,0.11,4.32,,,,,,,[],,335,155,207,117,239,125,312,141,0.02,0.0,0.02,0.04,1.56,0.36,325,196,240,107,255,112,442,169,1.45,0.72,7.23,Hull City,HUL
True,True,,,597462,0,0,0,0,-26.7,-4,"[{'offset': 0, 'projected_percent': '-27.2', 'likelihood': -2}, {'offset': 1, 'projected_percent': '-28.1', 'likelihood': -2}, {'offset': 2, 'projected_percent': '-29.0', 'likelihood': -2}]",,False,0,2,1.0,1.0,1,Lucas,1.0,585,False,,,4.0,597462.jpg,1.0,False,Herrington,0.6,False,,a,11,88,5,12806,1007,18517,1630,0.2,1.2,Herrington,,13.0,2026-08-12,2007-09-05,False,p597462,197,0,0,0,3,0,0,0,0,0,0,0,19,42.8,23.1,11.0,7.7,14,6,2,16,1,0.02,0.04,0.06,3.36,,,,,,,[],,208,84,206,68,244,82,237,87,0.01,0.0,0.02,0.03,1.54,1.37,654,204,249,91,304,111,235,91,0.46,0.0,7.31,Hull City,HUL
True,True,100.0,0.0,606930,0,0,1,-1,-0.4,4,"[{'offset': 0, 'projected_percent': '-0.3', 'likelihood': -1}, {'offset': 1, 'projected_percent': '-0.2', 'likelihood': -1}, {'offset': 2, 'projected_percent': '-0.1', 'likelihood': -1}]",,False,1,2,3.0,0.0,0,Nobel,3.0,586,False,,2026-09-12T18:00:09.334142Z,4.1,606930.jpg,6.2,False,Mendy,6.3,False,,a,11,88,25,683001,6709,357895,32912,0.7,6.1,Mendy,,189.0,2026-08-12,2004-09-03,False,p606930,249,1,0,2,1,0,0,0,0,0,0,1,69,108.2,1.4,54.0,16.4,32,6,7,39,4,0.32,0.00,0.32,4.02,,,,,,,[],,63,27,346,125,88,15,117,38,0.12,0.0,0.0,0.12,1.45,0.36,586,161,118,49,20,8,61,25,1.45,0.72,14.1,Hull City,HUL
True,True,,,469266,0,0,0,0,-77.7,0,"[{'offset': 0, 'projected_percent': '-77.7', 'likelihood': -3}, {'offset': 1, 'projected_percent': '-77.7', 'likelihood': -3}, {'offset': 2, 'projected_percent': '-77.7', 'likelihood': -3}]",,False,0,3,1.0,1.0,1,Lucas,1.0,589,False,,,5.0,469266.jpg,1.3,False,Gourna-Douath,0.0,False,,a,11,88,4,701,32,1341,106,0.2,0.8,Gourna-Douath,,73.0,2026-08-15,2003-08-05,False,p469266,138,0,0,1,0,0,0,0,1,0,0,0,18,29.4,33.5,2.0,6.5,5,7,5,17,1,0.03,0.03,0.06,2.26,,,,,,,[],,257,106,174,103,327,163,263,117,0.02,0.0,0.02,0.04,1.47,0.0,289,174,258,114,284,129,558,231,0.65,0.65,11.09,Hull City,HUL
True,True,,,490884,0,0,0,0,0.2,0,"[{'offset': 0, 'projected_percent': '0.2', 'likelihood': 1}, {'offset': 1, 'projected_percent': '0.2', 'likelihood': 1}, {'offset': 2, 'projected_percent': '0.2', 'likelihood': 1}]",,False,0,3,2.7,2.7,6,Mohamed-Ali,2.7,617,False,,,5.0,490884.jpg,2.2,False,Cho,0.0,False,,a,11,88,9,1777,341,756,144,0.5,1.8,Cho,,73.0,2026-08-27,2004-01-19,False,p490884,72,1,0,0,1,0,0,0,0,0,0,0,36,49.8,43.9,55.0,14.9,1,1,0,2,0,0.79,0.36,1.15,0.98,,,,,,,[],,196,83,142,90,85,51,144,73,0.99,0.0,0.45,1.44,1.22,1.25,299,180,144,62,216,94,585,242,0.0,0.0,2.5,Hull City,HUL
True,True,0.0,0.0,626751,0,0,0,0,-62.9,0,"[{'offset': 0, 'projected_percent': '-62.9', 'likelihood': -3}, {'offset': 1, 'projected_percent': '-62.9', 'likelihood': -3}, {'offset': 2, 'projected_percent': '-62.9', 'likelihood': -3}]",,False,0,4,0.0,0.0,0,Ilyas,0.0,632,False,Back injury - Unknown return date,2026-09-09T10:00:08.919489Z,5.0,626751.jpg,0.0,False,Ansah,0.0,False,,i,11,88,0,5115,68,3483,403,0.0,0.0,Ansah,,80.0,2026-09-01,2004-11-08,False,p626751,0,0,0,0,0,0,0,0,0,0,0,0,0,0.0,0.0,0.0,0.0,0,0,0,0,0,0.00,0.00,0.00,0.00,,,,,,,[],,618,66,624,70,602,65,624,70,0.0,0.0,0.0,0.0,0.0,0.0,329,60,611,64,627,71,555,74,0.0,0.0,0.0,Hull City,HUL
True,True,,,631000,0,0,0,0,1.2,2,"[{'offset': 0, 'projected_percent': '1.2', 'likelihood': 1}, {'offset': 1, 'projected_percent': '1.3', 'likelihood': 1}, {'offset': 2, 'projected_percent': '1.3', 'likelihood': 1}]",,False,0,4,0.7,0.7,1,Robinio,0.7,637,False,,,5.0,631000.jpg,1.0,False,Vaz,0.1,False,,a,11,88,2,12275,1770,3941,1120,0.1,0.4,Vaz,,73.0,2026-09-01,2007-02-17,False,p631000,20,0,0,0,0,0,0,0,0,0,0,0,8,2.4,11.7,2.0,1.6,0,2,0,2,0,0.00,0.01,0.01,0.31,,,,,,,[],,383,41,267,34,328,42,358,40,0.0,0.0,0.04,0.04,1.4,0.0,331,62,301,34,360,39,408,63,0.0,0.0,9.0,Hull City,HUL
True,True,75.0,,496181,0,0,0,0,-24.3,-1,"[{'offset': 0, 'projected_percent': '-24.5', 'likelihood': -2}, {'offset': 1, 'projected_percent': '-24.9', 'likelihood': -2}, {'offset': 2, 'projected_percent': '-25.3', 'likelihood': -2}]",,False,0,2,0.2,0.3,0,Brooke,0.3,638,False,Hamstring injury - 75% chance of playing,2026-09-21T08:30:09.561308Z,4.0,496181.jpg,0.5,False,Norton-Cuffy,0.2,False,,d,11,88,1,26064,448,10318,2492,0.1,0.2,Norton-Cuffy,,241.0,2026-09-01,2004-01-12,False,p496181,34,0,0,0,0,0,0,0,1,0,0,0,3,2.2,0.6,9.0,1.2,1,4,0,1,0,0.05,0.00,0.05,0.30,,,,,,,[],,384,142,366,135,259,89,370,131,0.13,0.0,0.0,0.13,0.79,0.0,632,184,330,116,414,144,311,116,0.0,0.0,2.65,Hull City,HUL
True,True,,,243951,0,0,0,0,0.2,0,"[{'offset': 0, 'projected_percent': '0.2', 'likelihood': 1}, {'offset': 1, 'projected_percent': '0.2', 'likelihood': 1}, {'offset': 2, 'projected_percent': '0.2', 'likelihood': 1}]",,False,0,3,1.3,1.3,2,Sorba,1.3,642,False,,,5.5,243951.jpg,1.3,False,Thomas,0.0,False,,a,11,88,4,3052,448,1190,341,0.2,0.7,Thomas,,244.0,2026-09-01,1999-01-25,False,p243951,119,0,0,0,3,0,0,0,0,0,0,0,13,8.8,40.9,12.0,5.8,0,7,1,8,1,0.21,0.11,0.32,2.04,,,,,,,[],,333,153,154,99,241,126,275,122,0.16,0.0,0.08,0.24,1.54,2.27,139,84,242,109,285,130,549,226,0.76,0.0,6.05,Hull City,HUL
True,True,,,647839,0,0,0,0,0.0,0,"[{'offset': 0, 'projected_percent': '0.0', 'likelihood': 0}, {'offset': 1, 'projected_percent': '0.0', 'likelihood': 0}, {'offset': 2, 'projected_percent': '0.0', 'likelihood': 0}]",,False,0,3,0.0,0.0,0,Christos,0.0,645,False,,,5.0,647839.jpg,0.0,False,Mouzakitis,0.0,False,,a,11,88,0,779,87,313,87,0.0,0.0,Mouzakitis,,83.0,2026-09-01,2006-12-25,False,p647839,0,0,0,0,0,0,0,0,0,0,0,0,0,0.0,0.0,0.0,0.0,0,0,0,0,0,0.00,0.00,0.00,0.00,,,,,,,[],,619,267,625,272,604,259,625,269,0.0,0.0,0.0,0.0,0.0,0.0,332,199,612,264,628,272,619,262,0.0,0.0,0.0,Hull City,HUL
True,True,,,219924,0,0,0,0,-52.0,-10,"[{'offset': 0, 'projected_percent': '-52.0', 'likelihood': -3}, {'offset': 1, 'projected_percent': '-52.1', 'likelihood': -3}, {'offset': 2, 'projected_percent': '-52.3', 'likelihood': -3}]",,False,0,2,2.5,2.5,4,Issa,2.5,259,False,,,4.0,219924.jpg,2.4,False,Diop,12.7,False,,a,12,40,12,135871,6834,506247,53625,0.6,3.0,Diop,,145.0,2026-07-22,1997-01-09,False,p219924,450,0,0,0,11,0,0,0,0,0,0,0,45,121.6,24.2,9.0,15.5,41,21,4,45,5,0.06,0.16,0.22,8.98,,,,,,,[],,41,18,202,66,258,88,131,43,0.01,0.0,0.03,0.04,1.8,2.2,610,171,151,57,192,76,32,11,1.0,0.0,9.0,Ipswich Town,IPS
True,True,,,212314,-1,1,-1,1,-4.8,0,"[{'offset': 0, 'projected_percent': '-4.8', 'likelihood': -1}, {'offset': 1, 'projected_percent': '-4.8', 'likelihood': -1}, {'offset': 2, 'projected_percent': '-4.8', 'likelihood': -1}]",,False,0,3,1.5,1.5,2,Saša,1.5,267,False,,,4.9,212314.jpg,2.2,False,Lukić,0.1,False,,a,12,40,11,3415,187,6448,495,0.3,2.2,Lukić,,190.0,2026-08-08,1996-08-13,False,p212314,400,0,1,0,10,0,0,0,2,0,0,0,68,71.0,81.2,6.0,15.8,17,13,7,37,5,0.02,0.41,0.43,7.37,1.0,,,,,,[],,131,44,59,48,287,147,124,65,0.0,0.0,0.09,0.09,1.66,2.25,350,212,229,101,210,91,420,154,1.12,0.0,8.32,Ipswich Town,IPS
True,True,,,108813,0,0,-1,1,-7.4,1,"[{'offset': 0, 'projected_percent': '-7.2', 'likelihood': -1}, {'offset': 1, 'projected_percent': '-6.7', 'likelihood': -1}, {'offset': 2, 'projected_percent': '-6.3', 'likelihood': -1}]",,False,0,1,0.5,0.5,2,Christian,0.5,300,False,,,4.4,108813.jpg,2.0,False,Walton,0.4,False,,a,12,40,2,3291,1606,14907,994,0.1,0.5,Walton,,241.0,2022-01-19,1995-11-09,False,p108813,90,0,0,0,1,0,0,0,0,0,1,0,10,12.0,0.0,0.0,1.2,2,17,0,0,1,0.00,0.01,0.01,2.24,,,,,,,[],,311,24,458,32,406,27,371,24,0.0,1.0,0.01,0.01,2.24,1.0,545,44,309,22,223,19,271,36,1.0,0.0,0.0,Ipswich Town,IPS
True,True,,,112520,0,0,0,0,-25.0,1,"[{'offset': 0, 'projected_percent': '-25.0', 'likelihood': -2}, {'offset': 1, 'projected_percent': '-25.0', 'likelihood': -2}, {'offset': 2, 'projected_percent': '-24.9', 'likelihood': -2}]",,False,0,1,0.0,0.0,0,Alex,0.0,301,False,,,4.0,112520.jpg,0.0,False,Palmer,3.9,False,,a,12,40,0,74431,3835,112745,11506,0.0,0.0,Palmer,,241.0,2025-02-03,1996-08-10,False,p112520,0,0,0,0,0,0,0,0,0,0,0,0,0,0.0,0.0,0.0,0.0,0,0,0,0,0,0.00,0.00,0.00,0.00,,,,,,,[],,420,33,408,14,352,9,424,33,0.0,0.0,0.0,0.0,0.0,0.0,597,57,394,31,434,33,88,14,0.0,0.0,0.0,Ipswich Town,IPS
True,True,,,50093,0,0,0,0,1.1,1,"[{'offset': 0, 'projected_percent': '1.1', 'likelihood': 1}, {'offset': 1, 'projected_percent': '1.1', 'likelihood': 1}, {'offset': 2, 'projected_percent': '1.1', 'likelihood': 1}]",,False,0,1,0.0,0.0,0,David,0.0,302,False,,,4.0,50093.jpg,0.0,False,Button,0.6,False,,a,12,40,0,31407,1397,15127,1275,0.0,0.0,Button,,241.0,2025-07-04,1989-02-27,False,p50093,0,0,0,0,0,0,0,0,0,0,0,0,0,0.0,0.0,0.0,0.0,0,0,0,0,0,0.00,0.00,0.00,0.00,,,,,,,[],,413,28,401,9,345,4,417,28,0.0,0.0,0.0,0.0,0.0,0.0,590,52,387,26,427,28,234,34,0.0,0.0,0.0,Ipswich Town,IPS
True,True,,,183015,0,0,-1,1,3.1,1,"[{'offset': 0, 'projected_percent': '3.1', 'likelihood': 1}, {'offset': 1, 'projected_percent': '3.1', 'likelihood': 1}, {'offset': 2, 'projected_percent': '3.1', 'likelihood': 1}]",,False,0,2,0.0,0.0,0,Cédric,0.0,303,False,,,3.9,183015.jpg,0.0,False,Kipré,0.9,False,,a,12,40,0,48961,4340,28978,4231,0.0,0.0,Kipré,,54.0,2026-07-01,1996-12-09,False,p183015,0,0,0,0,0,0,0,0,0,0,0,0,0,0.0,0.0,0.0,0.0,0,0,0,0,0,0.00,0.00,0.00,0.00,,,,,,,[],,407,148,395,144,339,129,411,147,0.0,0.0,0.0,0.0,0.0,0.0,665,215,381,135,421,148,197,75,0.0,0.0,0.0,Ipswich Town,IPS
True,True,,,216616,0,0,0,0,-39.3,0,"[{'offset': 0, 'projected_percent': '-39.3', 'likelihood': -2}, {'offset': 1, 'projected_percent': '-39.3', 'likelihood': -2}, {'offset': 2, 'projected_percent': '-39.3', 'likelihood': -2}]",,False,0,2,1.5,1.5,2,Dara,1.5,304,False,,,4.0,216616.jpg,2.0,False,O'Shea,2.7,False,,a,12,40,10,65307,1888,127527,14184,0.4,2.5,O'Shea,,104.0,2024-08-25,1999-03-04,False,p216616,450,0,0,0,11,0,0,0,0,0,0,0,24,130.0,71.0,21.0,22.1,41,18,7,48,5,0.07,0.26,0.33,8.98,,,,,,,[],,31,11,72,12,177,53,71,15,0.01,0.0,0.05,0.06,1.8,2.2,609,170,226,83,222,84,109,42,1.0,0.0,9.6,Ipswich Town,IPS
True,True,,,455084,0,0,0,0,71.1,4,"[{'offset': 0, 'projected_percent': '71.1', 'likelihood': 3}, {'offset': 1, 'projected_percent': '71.2', 'likelihood': 3}, {'offset': 2, 'projected_percent': '71.2', 'likelihood': 3}]",,False,1,2,5.8,5.8,2,Leif,5.8,305,False,,,4.0,455084.jpg,5.0,False,Davis,6.9,False,,a,12,40,25,368750,48547,184020,26404,1.4,6.2,Davis,,241.0,2022-07-25,1999-12-31,False,p455084,450,2,2,0,11,0,0,0,0,0,0,1,52,144.8,61.9,117.0,32.5,22,10,2,24,5,1.59,0.46,2.05,8.98,,,2.0,,,,[],,25,7,91,20,24,2,24,2,0.32,0.0,0.09,0.41,1.8,2.2,624,180,26,13,56,23,56,22,1.0,0.0,4.8,Ipswich Town,IPS
True,True,,,449429,0,0,0,0,-88.7,0,"[{'offset': 0, 'projected_percent': '-88.7', 'likelihood': -3}, {'offset': 1, 'projected_percent': '-88.7', 'likelihood': -3}, {'offset': 2, 'projected_percent': '-88.7', 'likelihood': -3}]",,False,0,2,0.2,0.2,0,Jacob,0.2,306,False,,,4.0,449429.jpg,0.8,False,Greaves,1.1,False,,a,12,40,3,8192,456,38079,3338,0.0,0.8,Greaves,,241.0,2024-07-12,2000-09-12,False,p449429,357,0,0,0,10,1,0,0,1,0,0,0,12,68.6,16.9,4.0,9.0,25,12,5,30,4,0.00,0.06,0.06,6.74,,,,,,,[],,136,62,230,78,301,106,223,81,0.0,0.0,0.02,0.02,1.7,2.52,622,178,361,126,401,137,170,66,1.01,0.0,7.56,Ipswich Town,IPS
True,False,0.0,0.0,222018,0,0,0,0,0.0,0,"[{'offset': 0, 'projected_percent': '0.0', 'likelihood': 0}, {'offset': 1, 'projected_percent': '0.0', 'likelihood': 0}, {'offset': 2, 'projected_percent': '0.0', 'likelihood': 0}]",,False,0,2,0.0,0.0,0,Ben,0.0,307,False,Has joined Stoke City on loan for the rest of the season,2026-09-04T12:36:56.236331Z,4.0,222018.jpg,0.0,False,Johnson,0.1,False,,u,12,40,0,1137,0,6295,348,0.0,0.0,Johnson,,241.0,2024-07-01,2000-01-24,False,p222018,0,0,0,0,0,0,0,0,0,0,0,0,0,0.0,0.0,0.0,0.0,0,0,0,0,0,0.00,0.00,0.00,0.00,,,,,,,[],,428,155,419,154,363,139,433,155,0.0,0.0,0.0,0.0,0.0,0.0,612,173,404,144,442,155,482,173,0.0,0.0,0.0,Ipswich Town,IPS
True,True,,,176420,0,0,-1,1,2.0,-2,"[{'offset': 0, 'projected_percent': '2.0', 'likelihood': 1}, {'offset': 1, 'projected_percent': '2.0', 'likelihood': 1}, {'offset': 2, 'projected_percent': '1.9', 'likelihood': 1}]",,False,0,2,0.2,0.2,0,Darnell,0.2,308,False,,,3.9,176420.jpg,1.0,False,Furlong,0.6,False,,a,12,40,1,18887,6250,19551,2774,0.1,0.3,Furlong,,241.0,2025-08-28,1995-10-31,False,p176420,17,0,0,0,1,0,0,0,0,0,0,0,-1,5.0,0.5,0.0,0.6,2,0,1,3,0,0.00,0.00,0.00,0.86,,,,,,,[],,359,134,370,138,338,128,386,138,0.0,0.0,0.0,0.0,4.55,5.29,664,214,360,125,297,104,229,87,0.0,0.0,15.88,Ipswich Town,IPS
True,True,,,501390,0,0,-1,1,-33.6,0,"[{'offset': 0, 'projected_percent': '-33.6', 'likelihood': -2}, {'offset': 1, 'projected_percent': '-33.6', 'likelihood': -2}, {'offset': 2, 'projected_percent': '-33.6', 'likelihood': -2}]",,False,0,3,0.5,0.5,0,Marcelino,0.5,309,False,,,4.9,501390.jpg,3.0,False,Núñez,0.1,False,,a,12,40,6,3111,94,7617,610,0.1,1.2,Núñez,,44.0,2025-08-29,2000-03-01,False,p501390,140,0,0,0,4,0,0,0,0,0,0,0,32,24.6,19.4,6.0,5.0,8,10,3,21,2,0.03,0.05,0.08,3.48,3.0,,1.0,,,,[],,269,113,220,120,288,148,291,130,0.02,0.0,0.03,0.05,2.24,2.57,382,227,318,149,139,55,411,150,1.29,0.0,13.5,Ipswich Town,IPS
True,True,100.0,100.0,241117,0,0,-1,1,0.0,0,"[{'offset': 0, 'projected_percent': '0.0', 'likelihood': 0}, {'offset': 1, 'projected_percent': '0.0', 'likelihood': 0}, {'offset': 2, 'projected_percent': '0.0', 'likelihood': 0}]",,False,0,3,0.0,0.0,0,Azor,0.0,310,False,,2026-07-29T18:00:10.305484Z,4.9,241117.jpg,0.0,False,Matusiwa,0.0,False,,a,12,40,0,126,15,279,18,0.0,0.0,Matusiwa,,152.0,2025-07-13,1998-04-28,False,p241117,0,0,0,0,0,0,0,0,0,0,0,0,0,0.0,0.0,0.0,0.0,0,0,0,0,0,0.00,0.00,0.00,0.00,,,,,,,[],,566,235,563,240,529,216,571,236,0.0,0.0,0.0,0.0,0.0,0.0,359,215,553,227,577,242,648,283,0.0,0.0,0.0,Ipswich Town,IPS
True,False,0.0,0.0,149929,0,0,0,0,0.0,0,"[{'offset': 0, 'projected_percent': '0.0', 'likelihood': 0}, {'offset': 1, 'projected_percent': '0.0', 'likelihood': 0}, {'offset': 2, 'projected_percent': '0.0', 'likelihood': 0}]",,False,0,3,0.0,0.0,0,Wes,0.0,311,False,Has joined Leicester City permanently,2026-08-10T14:02:47.597478Z,5.0,149929.jpg,0.0,False,Burns,0.0,False,,u,12,40,0,0,0,347,8,0.0,0.0,Burns,,244.0,2021-06-09,1994-11-23,False,p149929,0,0,0,0,0,0,0,0,0,0,0,0,0,0.0,0.0,0.0,0.0,0,0,0,0,0,0.00,0.00,0.00,0.00,,,,,,,[],,586,248,586,253,562,238,592,250,0.0,0.0,0.0,0.0,0.0,0.0,247,153,577,243,595,253,655,289,0.0,0.0,0.0,Ipswich Town,IPS
True,True,0.0,0.0,231899,-1,1,-1,1,0.1,0,"[{'offset': 0, 'projected_percent': '0.1', 'likelihood': 1}, {'offset': 1, 'projected_percent': '0.1', 'likelihood': 1}, {'offset': 2, 'projected_percent': '0.1', 'likelihood': 1}]",,False,0,3,0.0,0.0,0,Jack,0.0,312,False,Knee injury - Unknown return date,2026-07-29T18:00:10.319370Z,4.4,231899.jpg,0.0,False,Taylor,0.0,False,,i,12,40,0,947,371,2639,258,0.0,0.0,Taylor,,104.0,2023-06-26,1998-06-23,False,p231899,0,0,0,0,0,0,0,0,0,0,0,0,0,0.0,0.0,0.0,0.0,0,0,0,0,0,0.00,0.00,0.00,0.00,,,,,,,[],https://www.itfc.co.uk/news/2026/may/12/midfield-duo-undergo-surgery/,470,193,462,199,411,171,475,194,0.0,0.0,0.0,0.0,0.0,0.0,557,290,449,184,484,201,538,218,0.0,0.0,0.0,Ipswich Town,IPS
True,True,,,443261,0,0,-1,1,-83.1,0,"[{'offset': 0, 'projected_percent': '-83.1', 'likelihood': -3}, {'offset': 1, 'projected_percent': '-83.1', 'likelihood': -3}, {'offset': 2, 'projected_percent': '-83.1', 'likelihood': -3}]",,False,0,3,1.0,1.0,2,Jack,1.0,313,False,,,5.4,443261.jpg,2.8,False,Clarke,0.2,False,,a,12,40,11,5489,138,15691,897,0.2,2.0,Clarke,Jack Clarke,241.0,2024-08-24,2000-11-23,False,p443261,170,1,0,0,2,0,0,0,1,0,0,1,48,52.0,55.4,45.0,15.2,3,5,2,10,2,0.30,0.37,0.67,1.97,4.0,,3.0,,1.0,,[],,187,76,104,70,106,60,139,72,0.16,0.0,0.2,0.36,1.04,1.06,191,119,264,119,171,72,344,122,1.06,0.0,5.29,Ipswich Town,IPS
True,False,0.0,0.0,229164,0,0,-1,1,0.0,0,"[{'offset': 0, 'projected_percent': '0.0', 'likelihood': 0}, {'offset': 1, 'projected_percent': '0.0', 'likelihood': 0}, {'offset': 2, 'projected_percent': '0.0', 'likelihood': 0}]",,False,0,3,0.0,0.0,0,Chiedozie,0.0,314,False,Has joined Lincoln City on loan until January,2026-09-02T16:04:17.497385Z,4.9,229164.jpg,0.0,False,Ogbene,0.0,False,,u,12,40,0,104,0,1207,65,0.0,0.0,Ogbene,,104.0,2024-08-28,1997-05-01,False,p229164,0,0,0,0,0,0,0,0,0,0,0,0,0,0.0,0.0,0.0,0.0,0,0,0,0,0,0.00,0.00,0.00,0.00,,,,,,,[],,565,234,562,239,528,215,570,235,0.0,0.0,0.0,0.0,0.0,0.0,357,213,552,226,576,241,629,267,0.0,0.0,0.0,Ipswich Town,IPS
True,True,0.0,,531442,0,0,-1,1,-32.1,-1,"[{'offset': 0, 'projected_percent': '-32.3', 'likelihood': -2}, {'offset': 1, 'projected_percent': '-32.7', 'likelihood': -2}, {'offset': 2, 'projected_percent': '-33.1', 'likelihood': -2}]",,False,0,3,0.0,1.5,-1,Abdul,1.5,315,False,Suspended until 17 Oct,2026-09-19T15:30:10.126897Z,5.4,531442.jpg,1.6,False,Fatawu,0.2,False,,s,12,40,8,5354,52,13258,2414,0.3,1.5,Fatawu,Abdul Fatawu,81.0,2026-07-21,2004-03-08,False,p531442,352,0,1,0,10,0,0,0,2,1,0,0,71,64.8,133.7,41.0,24.0,8,11,9,28,5,0.17,1.11,1.28,7.79,2.0,,,,,,[],,148,53,23,22,120,67,56,37,0.04,0.0,0.28,0.32,1.99,2.56,206,130,236,105,268,120,362,130,1.28,0.0,7.16,Ipswich Town,IPS
True,True,100.0,100.0,543968,0,0,0,0,82.1,19,"[{'offset': 0, 'projected_percent': '82.2', 'likelihood': 3}, {'offset': 1, 'projected_percent': '82.5', 'likelihood': 3}, {'offset': 2, 'projected_percent': '82.8', 'likelihood': 3}]",,False,1,4,4.2,4.2,2,Emersonn,4.2,316,False,,2026-08-31T09:30:08.306145Z,5.5,543968.jpg,5.2,False,Correia da Silva,3.5,False,,a,12,40,26,316327,32629,141662,22388,0.8,4.7,Emersonn,Emersonn,30.0,2026-07-08,2004-07-16,False,p543968,317,2,1,0,6,0,0,0,0,0,0,6,110,98.8,50.4,104.0,25.3,3,4,3,10,5,1.61,0.12,1.73,4.29,,,,,2.0,,[],,80,6,117,10,32,13,52,9,0.46,0.0,0.03,0.49,1.22,1.7,157,39,66,7,54,5,96,14,1.42,0.0,2.84,Ipswich Town,IPS
True,False,0.0,0.0,222625,0,0,0,0,0.0,0,"[{'offset': 0, 'projected_percent': '0.0', 'likelihood': 0}, {'offset': 1, 'projected_percent': '0.0', 'likelihood': 0}, {'offset': 2, 'projected_percent': '0.0', 'likelihood': 0}]",,False,0,4,0.0,0.0,0,George,0.0,317,False,Has joined Stoke City permanently,2026-08-21T13:06:08.606019Z,5.0,222625.jpg,0.0,False,Hirst,0.1,False,,u,12,40,0,0,0,17086,456,0.0,0.0,Hirst,,243.0,2023-07-13,1999-02-15,False,p222625,0,0,0,0,0,0,0,0,0,0,0,0,0,0.0,0.0,0.0,0.0,0,0,0,0,0,0.00,0.00,0.00,0.00,,,,,,,[],,593,60,595,64,572,59,599,64,0.0,0.0,0.0,0.0,0.0,0.0,268,52,584,58,602,65,448,65,0.0,0.0,0.0,Ipswich Town,IPS
True,True,100.0,100.0,481624,0,0,-1,1,-7.7,0,"[{'offset': 0, 'projected_percent': '-7.7', 'likelihood': -1}, {'offset': 1, 'projected_percent': '-7.7', 'likelihood': -1}, {'offset': 2, 'projected_percent': '-7.7', 'likelihood': -1}]",,False,0,3,0.5,0.5,1,Jaden,0.5,318,False,,2026-08-25T11:30:07.532993Z,5.4,481624.jpg,1.0,False,Philogene,0.1,False,,a,12,40,2,300,32,9276,152,0.1,0.4,Philogene,,241.0,2025-01-15,2002-02-08,False,p481624,52,0,0,0,1,0,0,0,0,0,0,0,11,4.8,4.6,13.0,2.2,0,4,0,4,0,0.08,0.01,0.08,0.97,5.0,,,,3.0,,[],,362,168,309,159,235,122,344,162,0.14,0.0,0.02,0.16,1.68,1.73,196,122,325,152,379,177,455,178,0.0,0.0,6.92,Ipswich Town,IPS
True,False,0.0,0.0,172453,0,0,0,0,0.0,0,"[{'offset': 0, 'projected_percent': '0.0', 'likelihood': 0}, {'offset': 1, 'projected_percent': '0.0', 'likelihood': 0}, {'offset': 2, 'projected_percent': '0.0', 'likelihood': 0}]",,False,0,3,0.0,0.0,0,Sam,0.0,319,False,Has joined Derby County on loan for the rest of the season,2026-08-17T13:51:41.713979Z,5.0,172453.jpg,0.0,False,Szmodics,0.0,False,,u,12,40,0,0,0,760,13,0.0,0.0,Szmodics,,104.0,2024-08-16,1995-09-24,False,p172453,0,0,0,0,0,0,0,0,0,0,0,0,0,0.0,0.0,0.0,0.0,0,0,0,0,0,0.00,0.00,0.00,0.00,,,,,,,[],,588,250,588,255,565,241,594,252,0.0,0.0,0.0,0.0,0.0,0.0,251,157,579,245,597,255,651,286,0.0,0.0,0.0,Ipswich Town,IPS
True,True,,,147675,0,0,0,0,23.7,0,"[{'offset': 0, 'projected_percent': '23.7', 'likelihood': 2}, {'offset': 1, 'projected_percent': '23.7', 'likelihood': 2}, {'offset': 2, 'projected_percent': '23.7', 'likelihood': 2}]",,False,0,4,1.5,1.5,1,Chuba,1.5,320,False,,,5.0,147675.jpg,2.3,False,Akpom,1.2,False,,a,12,40,7,130843,4887,73787,9354,0.3,1.4,Akpom,,241.0,2026-07-01,1995-10-09,False,p147675,78,1,0,0,4,0,0,0,0,0,0,0,36,34.6,2.5,24.0,6.1,0,2,1,3,0,1.14,0.00,1.14,4.20,,,,,,,[],,238,20,326,42,170,29,267,28,1.32,0.0,0.0,1.32,4.85,4.62,246,51,230,26,203,21,165,26,0.0,0.0,3.46,Ipswich Town,IPS
True,True,,,557012,0,0,0,0,38.3,-7,"[{'offset': 0, 'projected_percent': '38.2', 'likelihood': 2}, {'offset': 1, 'projected_percent': '38.1', 'likelihood': 2}, {'offset': 2, 'projected_percent': '38.0', 'likelihood': 2}]",,False,0,4,0.0,0.0,0,Sindre,0.0,321,False,,,4.5,557012.jpg,1.0,False,Walle Egeli,3.5,False,,a,12,40,1,329983,17362,210370,25883,0.0,0.2,Walle Egeli,,161.0,2025-08-29,2006-06-21,False,p557012,10,0,0,0,0,0,0,0,0,0,0,0,3,0.0,0.1,0.0,0.0,0,0,0,0,0,0.00,0.00,0.00,0.03,,,,,,,[],,522,50,390,49,476,49,527,54,0.0,0.0,0.0,0.0,0.27,0.0,504,71,506,48,321,36,95,13,0.0,0.0,0.0,Ipswich Town,IPS
True,False,0.0,0.0,462387,0,0,0,0,0.0,0,"[{'offset': 0, 'projected_percent': '0.0', 'likelihood': 0}, {'offset': 1, 'projected_percent': '0.0', 'likelihood': 0}, {'offset': 2, 'projected_percent': '0.0', 'likelihood': 0}]",,False,0,4,0.0,0.0,0,Ali,0.0,322,False,Has joined Sheffield Wednesday on loan for the rest of the season,2026-08-27T14:54:10.215357Z,5.0,462387.jpg,0.0,False,Al-Hamadi,0.0,False,,u,12,40,0,755,0,9905,360,0.0,0.0,Al-Hamadi,Ali Al Hamadi,103.0,2024-01-29,2002-03-01,False,p462387,0,0,0,0,0,0,0,0,0,0,0,0,0,0.0,0.0,0.0,0.0,0,0,0,0,0,0.00,0.00,0.00,0.00,,,,,,,[],,597,62,602,66,579,61,603,66,0.0,0.0,0.0,0.0,0.0,0.0,283,55,589,60,606,67,497,71,0.0,0.0,0.0,Ipswich Town,IPS
True,True,,,461587,-1,1,-1,1,-0.8,-4,"[{'offset': 0, 'projected_percent': '-0.9', 'likelihood': -1}, {'offset': 1, 'projected_percent': '-1.3', 'likelihood': -1}, {'offset': 2, 'projected_percent': '-1.6', 'likelihood': -1}]",,False,0,3,0.5,0.5,0,Kasey,0.5,323,False,,,4.4,461587.jpg,1.0,False,McAteer,1.0,False,,a,12,40,3,28140,1396,62053,6206,0.1,0.7,McAteer,,104.0,2025-08-22,2001-11-22,False,p461587,42,0,0,0,0,0,0,0,0,0,0,0,12,4.6,1.8,7.0,1.4,0,4,1,5,0,0.05,0.00,0.05,0.21,,,,,,,[],,363,169,337,169,275,141,366,175,0.11,0.0,0.0,0.11,0.45,0.0,562,291,311,145,313,138,173,55,0.0,0.0,10.71,Ipswich Town,IPS
True,True,,,232457,-1,1,-2,2,-1.9,0,"[{'offset': 0, 'projected_percent': '-1.9', 'likelihood': -1}, {'offset': 1, 'projected_percent': '-1.9', 'likelihood': -1}, {'offset': 2, 'projected_percent': '-1.9', 'likelihood': -1}]",,False,0,3,0.0,0.0,0,Anis,0.0,324,False,,,4.8,232457.jpg,0.0,False,Mehmeti,0.0,False,,a,12,40,0,395,69,2463,132,0.0,0.0,Mehmeti,,2.0,2026-01-23,2001-01-09,False,p232457,0,0,0,0,0,0,0,0,0,0,0,0,0,0.0,0.0,0.0,0.0,0,0,0,0,0,0.00,0.00,0.00,0.00,,,,,,,[],,554,226,550,232,512,205,559,227,0.0,0.0,0.0,0.0,0.0,0.0,411,250,539,217,566,234,534,216,0.0,0.0,0.0,Ipswich Town,IPS
True,False,0.0,0.0,546600,0,0,0,0,0.0,0,"[{'offset': 0, 'projected_percent': '0.0', 'likelihood': 0}, {'offset': 1, 'projected_percent': '0.0', 'likelihood': 0}, {'offset': 2, 'projected_percent': '0.0', 'likelihood': 0}]",,False,0,1,0.0,0.0,0,Kayne,0.0,554,False,Has joined Valencia on loan for the rest of the season,2026-08-25T14:04:09.529320Z,4.5,546600.jpg,0.0,False,van Oevelen,0.0,False,,u,12,40,0,54,0,1953,79,0.0,0.0,Van Oevelen,,152.0,2026-07-21,2003-08-07,False,p546600,0,0,0,0,0,0,0,0,0,0,0,0,0,0.0,0.0,0.0,0.0,0,0,0,0,0,0.00,0.00,0.00,0.00,,,,,,,[],,516,66,513,53,470,51,521,66,0.0,0.0,0.0,0.0,0.0,0.0,497,42,500,65,530,66,582,70,0.0,0.0,0.0,Ipswich Town,IPS
True,True,,,442967,-1,1,-2,2,-9.6,-4,"[{'offset': 0, 'projected_percent': '-10.2', 'likelihood': -1}, {'offset': 1, 'projected_percent': '-11.6', 'likelihood': -1}, {'offset': 2, 'projected_percent': '-13.0', 'likelihood': -1}]",,False,0,3,1.5,1.5,1,Daizen,1.5,562,False,,,5.3,442967.jpg,1.6,False,Maeda,0.2,False,,a,12,40,8,2856,128,20186,1416,0.3,1.5,Maeda,,108.0,2026-07-25,1997-10-20,False,p442967,259,0,0,0,8,0,0,0,0,0,0,0,32,31.0,5.5,47.0,8.1,8,4,8,20,3,0.71,0.02,0.73,6.05,,,,,,,[],,251,103,300,151,102,57,236,107,0.25,0.0,0.01,0.26,2.1,2.78,222,140,233,103,267,119,320,113,1.04,0.0,6.95,Ipswich Town,IPS
True,True,,,240514,0,0,0,0,-30.9,-2,"[{'offset': 0, 'projected_percent': '-31.1', 'likelihood': -2}, {'offset': 1, 'projected_percent': '-31.5', 'likelihood': -2}, {'offset': 2, 'projected_percent': '-32.0', 'likelihood': -2}]",,False,0,1,1.2,1.2,0,Kjell,1.2,564,False,,,4.5,240514.jpg,1.8,False,Scherpen,0.6,False,,a,12,40,7,15157,590,23296,2719,0.3,1.6,Scherpen,,152.0,2026-07-28,2000-01-23,False,p240514,360,0,0,0,10,0,0,0,0,0,15,0,40,103.6,0.0,0.0,10.3,8,39,0,0,4,0.00,0.01,0.01,6.74,,,,,,,[],,75,14,493,48,444,43,205,14,0.0,3.75,0.0,0.0,1.68,2.5,462,34,247,20,249,21,238,35,1.0,0.0,0.0,Ipswich Town,IPS
True,True,100.0,100.0,216055,-1,1,-2,2,-2.3,0,"[{'offset': 0, 'projected_percent': '-2.3', 'likelihood': -1}, {'offset': 1, 'projected_percent': '-2.3', 'likelihood': -1}, {'offset': 2, 'projected_percent': '-2.3', 'likelihood': -1}]",,False,0,3,0.5,0.5,1,Florentino Ibrain,0.5,571,False,,2026-08-25T11:30:07.678802Z,4.8,216055.jpg,1.0,False,Morris Luís,0.1,False,,a,12,40,2,1052,107,7053,322,0.1,0.4,Florentino,Florentino,173.0,2026-08-04,1999-08-19,False,p216055,30,0,0,0,0,0,0,0,0,0,0,0,9,9.0,22.3,2.0,3.2,1,0,1,2,0,0.00,0.01,0.01,0.75,,,,,,,[],,331,151,213,118,323,160,317,145,0.0,0.0,0.03,0.03,2.25,0.0,410,249,314,146,327,141,444,170,0.0,0.0,6.0,Ipswich Town,IPS
True,True,100.0,100.0,474120,0,0,0,0,8.4,6,"[{'offset': 0, 'projected_percent': '8.5', 'likelihood': 1}, {'offset': 1, 'projected_percent': '8.6', 'likelihood': 1}, {'offset': 2, 'projected_percent': '8.6', 'likelihood': 1}]",,False,0,3,2.5,2.5,2,Julio,2.5,591,False,,2026-08-22T18:00:07.551930Z,5.5,474120.jpg,3.0,False,Enciso,0.8,False,,a,12,40,15,93670,2107,52221,5932,0.5,2.7,Enciso,,168.0,2026-08-17,2004-01-23,False,p474120,413,0,2,0,11,0,0,0,1,0,0,0,83,60.2,75.6,100.0,23.6,5,24,2,31,5,1.26,0.89,2.15,8.47,,,,,,,[],,164,63,66,54,35,20,59,39,0.27,0.0,0.19,0.46,1.85,2.4,150,92,159,69,152,63,201,63,1.09,0.0,6.76,Ipswich Town,IPS
True,True,,,572584,0,0,0,0,-31.2,0,"[{'offset': 0, 'projected_percent': '-31.2', 'likelihood': -2}, {'offset': 1, 'projected_percent': '-31.2', 'likelihood': -2}, {'offset': 2, 'projected_percent': '-31.2', 'likelihood': -2}]",,False,0,2,1.2,1.2,2,Abdoul,1.2,592,False,,,4.0,572584.jpg,1.2,False,Ouattara,0.9,False,,a,12,40,6,13440,655,26133,1997,0.3,1.5,Ouattara,,54.0,2026-08-17,2005-10-22,False,p572584,131,0,0,0,2,0,0,0,0,0,0,0,29,31.6,36.2,9.0,7.6,7,14,4,11,1,0.02,0.03,0.05,3.13,,,,,,,[],,249,104,167,47,260,90,240,90,0.01,0.0,0.02,0.03,2.15,1.37,647,198,246,89,289,100,198,76,0.69,0.0,7.56,Ipswich Town,IPS
True,False,0.0,0.0,524180,0,0,0,0,0.0,0,"[{'offset': 0, 'projected_percent': '0.0', 'likelihood': 0}, {'offset': 1, 'projected_percent': '0.0', 'likelihood': 0}, {'offset': 2, 'projected_percent': '0.0', 'likelihood': 0}]",,False,0,3,0.0,0.0,0,Cameron,0.0,602,False,Has joined Huddersfield Town on loan for the rest of the season,2026-09-02T16:04:17.524642Z,4.5,524180.jpg,0.0,False,Humphreys,0.0,False,,u,12,40,0,2861,0,3227,233,0.0,0.0,Humphreys,,241.0,2021-08-09,2003-10-30,False,p524180,0,0,0,0,0,0,0,0,0,0,0,0,0,0.0,0.0,0.0,0.0,0,0,0,0,0,0.00,0.00,0.00,0.00,,,,,,,[],,514,206,511,212,468,184,519,207,0.0,0.0,0.0,0.0,0.0,0.0,495,264,498,197,528,214,567,236,0.0,0.0,0.0,Ipswich Town,IPS
True,True,,,218543,0,0,0,0,1.0,0,"[{'offset': 0, 'projected_percent': '1.0', 'likelihood': 1}, {'offset': 1, 'projected_percent': '1.0', 'likelihood': 1}, {'offset': 2, 'projected_percent': '1.0', 'likelihood': 1}]",,False,0,3,2.8,2.8,2,Exequiel,2.8,619,False,,,5.0,218543.jpg,2.8,False,Palacios,0.1,False,,a,12,40,11,8971,483,3417,807,0.6,2.2,Palacios,,10.0,2026-08-27,1998-10-05,False,p218543,275,0,0,0,7,0,0,0,0,0,0,0,64,55.4,46.6,4.0,10.6,12,23,9,44,3,0.00,0.09,0.09,5.30,,,,,,,[],,175,70,133,85,307,157,201,97,0.0,0.0,0.03,0.03,1.73,2.29,263,164,137,58,164,68,473,183,0.98,0.0,14.4,Ipswich Town,IPS
True,True,,,431639,0,0,0,0,0.5,3,"[{'offset': 0, 'projected_percent': '0.5', 'likelihood': 1}, {'offset': 1, 'projected_percent': '0.5', 'likelihood': 1}, {'offset': 2, 'projected_percent': '0.6', 'likelihood': 1}]",,False,0,4,2.0,2.0,0,Zian,2.0,640,False,,,5.5,431639.jpg,2.0,False,Flemming,0.1,False,,a,12,40,6,9231,869,3182,960,0.4,1.1,Flemming,,152.0,2026-09-01,1998-08-01,False,p431639,60,1,0,0,1,0,0,0,1,0,0,0,34,38.2,12.1,55.0,10.5,1,3,1,5,0,0.64,0.01,0.65,0.63,,,,,,,[],,224,19,264,32,86,21,203,22,0.96,0.0,0.02,0.98,0.94,1.5,141,37,199,19,238,24,457,66,0.0,0.0,7.5,Ipswich Town,IPS
True,True,0.0,0.0,153682,0,0,-3,3,-58.4,-37,"[{'offset': 0, 'projected_percent': '-58.9', 'likelihood': -3}, {'offset': 1, 'projected_percent': '-60.1', 'likelihood': -3}, {'offset': 2, 'projected_percent': '-61.3', 'likelihood': -3}]",,False,0,3,0.0,0.0,0,Harry,0.5,260,False,Thigh injury - Unknown return date,2026-09-18T13:30:09.626858Z,6.2,153682.jpg,1.2,False,Wilson,1.7,False,,i,13,2,5,29042,71,455929,39227,0.1,0.8,Wilson,,244.0,2026-07-08,1997-03-22,False,p153682,145,0,0,1,1,0,0,0,1,0,0,0,19,19.2,52.4,12.0,8.5,3,4,4,11,1,0.01,0.09,0.10,3.28,2.0,,2.0,,,,[],,287,123,111,73,242,127,229,106,0.01,0.0,0.06,0.07,2.04,0.62,53,37,327,154,295,135,137,43,0.62,0.62,6.83,Leeds,LEE
True,False,0.0,0.0,201595,0,0,0,0,0.0,0,"[{'offset': 0, 'projected_percent': '0.0', 'likelihood': 0}, {'offset': 1, 'projected_percent': '0.0', 'likelihood': 0}, {'offset': 2, 'projected_percent': '0.0', 'likelihood': 0}]",,False,0,1,0.0,0.0,0,Lucas Estella,0.0,326,False,Has joined Torino on loan for the rest of the season,2026-09-01T13:12:39.210133Z,4.5,201595.jpg,0.0,False,Perri,0.3,False,,u,13,2,0,532,0,26429,1229,0.0,0.0,Perri,Lucas Perri,30.0,2025-07-26,1997-12-10,False,p201595,0,0,0,0,0,0,0,0,0,0,0,0,0,0.0,0.0,0.0,0.0,0,0,0,0,0,0.00,0.00,0.00,0.00,,,,,,,[],,491,60,486,45,436,40,496,60,0.0,0.0,0.0,0.0,0.0,0.0,449,31,473,59,505,60,283,38,0.0,0.0,0.0,Leeds,LEE
True,True,,,434752,0,0,0,0,4.9,-1,"[{'offset': 0, 'projected_percent': '4.9', 'likelihood': 1}, {'offset': 1, 'projected_percent': '4.9', 'likelihood': 1}, {'offset': 2, 'projected_percent': '4.9', 'likelihood': 1}]",,False,0,2,0.5,0.5,0,Jaka,0.5,327,False,,,5.0,434752.jpg,4.0,False,Bijol,0.7,False,,a,13,2,12,69077,775,58979,5364,0.1,2.4,Bijol,,195.0,2025-06-23,1999-02-05,False,p434752,164,0,0,1,2,0,0,0,0,0,0,2,29,38.2,0.6,15.0,5.4,18,7,3,21,2,0.11,0.00,0.11,3.16,,,,,,,[],,223,90,369,137,220,71,285,107,0.06,0.0,0.0,0.06,1.73,1.1,279,44,319,114,92,39,217,85,1.1,0.55,11.52,Leeds,LEE
True,True,0.0,0.0,214225,-1,1,-2,2,-6.1,-5,"[{'offset': 0, 'projected_percent': '-6.2', 'likelihood': -1}, {'offset': 1, 'projected_percent': '-6.4', 'likelihood': -1}, {'offset': 2, 'projected_percent': '-6.6', 'likelihood': -1}]",,False,0,2,0.0,0.0,0,Joe,0.2,329,False,Hamstring injury - Expected back 21 Nov,2026-08-30T16:00:08.564382Z,4.3,214225.jpg,3.5,False,Rodon,0.8,False,,i,13,2,7,26937,43,296551,8546,0.0,1.6,Rodon,,244.0,2024-07-02,1997-10-22,False,p214225,123,0,0,1,0,0,0,0,0,0,0,0,25,23.0,14.7,7.0,4.5,10,2,1,11,2,0.03,0.06,0.09,1.01,,,,,,,[],https://www.leedsunited.com/en/news/daniel-farke-provides-fitness-update-ahead-of-brighton-clash-a,274,112,241,84,274,96,299,112,0.02,0.0,0.04,0.06,0.74,0.0,581,156,362,127,116,46,203,78,1.46,0.73,8.05,Leeds,LEE
True,True,,,226182,0,0,1,-1,54.8,53,"[{'offset': 0, 'projected_percent': '55.1', 'likelihood': 3}, {'offset': 1, 'projected_percent': '55.9', 'likelihood': 3}, {'offset': 2, 'projected_percent': '56.6', 'likelihood': 3}]",,False,2,2,9.0,9.0,5,Jayden,9.0,330,True,,,4.6,226182.jpg,8.4,False,Bogle,7.1,False,,a,13,2,42,646487,119914,83528,24320,2.0,9.1,Bogle,,241.0,2024-07-20,2000-07-27,False,p226182,365,2,0,4,1,0,0,0,2,0,0,6,122,108.8,34.6,119.0,26.2,11,11,5,16,5,1.38,0.08,1.46,2.89,,,,,,,[],,59,25,171,51,23,1,46,5,0.34,0.0,0.02,0.36,0.71,0.25,426,82,2,1,4,2,53,20,1.23,0.99,3.95,Leeds,LEE
True,True,100.0,100.0,243526,0,0,0,0,0.9,-2,"[{'offset': 0, 'projected_percent': '0.9', 'likelihood': 1}, {'offset': 1, 'projected_percent': '0.9', 'likelihood': 1}, {'offset': 2, 'projected_percent': '0.8', 'likelihood': 1}]",,False,0,2,3.5,3.5,6,Gabriel,3.5,331,False,,2026-08-08T20:00:07.546568Z,4.5,243526.jpg,4.7,False,Gudmundsson,0.1,False,,a,13,2,14,4097,499,2745,315,0.8,3.1,Gudmundsson,,206.0,2025-07-08,1999-04-29,False,p243526,252,0,0,2,1,0,0,0,0,0,0,0,62,38.6,29.5,8.0,7.7,5,12,9,14,3,0.00,0.21,0.21,3.83,,,,,,,[],,222,89,188,59,268,94,238,88,0.0,0.0,0.08,0.08,1.37,0.36,465,106,93,38,69,31,462,164,1.07,0.71,5.0,Leeds,LEE
True,True,,,220627,0,0,0,0,17.7,-2,"[{'offset': 0, 'projected_percent': '17.7', 'likelihood': 1}, {'offset': 1, 'projected_percent': '17.7', 'likelihood': 1}, {'offset': 2, 'projected_percent': '17.6', 'likelihood': 1}]",,False,0,2,4.0,4.0,8,James,4.0,332,False,,,4.5,220627.jpg,5.2,False,Justin,1.4,False,,a,13,2,26,121269,3997,70508,5595,0.9,5.8,Justin,,241.0,2025-08-25,1998-02-23,False,p220627,450,0,0,2,3,0,0,0,0,0,0,4,91,103.6,56.1,41.0,20.0,28,14,16,44,5,0.22,0.42,0.64,6.46,,,,,,,[],,74,34,102,25,118,29,88,27,0.04,0.0,0.08,0.12,1.29,0.6,455,100,74,31,52,21,154,62,1.0,0.4,8.8,Leeds,LEE
True,False,0.0,0.0,437738,0,0,0,0,0.0,0,"[{'offset': 0, 'projected_percent': '0.0', 'likelihood': 0}, {'offset': 1, 'projected_percent': '0.0', 'likelihood': 0}, {'offset': 2, 'projected_percent': '0.0', 'likelihood': 0}]",,False,0,2,0.0,0.0,0,Sebastiaan,0.0,333,False,Has joined Hamburg SV on loan for the rest of the season,2026-08-19T13:56:14.645970Z,4.5,437738.jpg,0.0,False,Bornauw,0.0,False,,u,13,2,0,0,0,299,5,0.0,0.0,Bornauw,,21.0,2025-07-01,1999-03-22,False,p437738,0,0,0,0,0,0,0,0,0,0,0,0,0,0.0,0.0,0.0,0.0,0,0,0,0,0,0.00,0.00,0.00,0.00,,,,,,,[],,502,193,498,192,451,184,507,193,0.0,0.0,0.0,0.0,0.0,0.0,473,113,486,189,516,193,656,216,0.0,0.0,0.0,Leeds,LEE
True,True,,,522047,0,0,0,0,37.6,5,"[{'offset': 0, 'projected_percent': '37.7', 'likelihood': 2}, {'offset': 1, 'projected_percent': '37.7', 'likelihood': 2}, {'offset': 2, 'projected_percent': '37.8', 'likelihood': 2}]",,False,0,2,5.2,5.2,6,Tarik,5.2,334,False,,,5.0,522047.jpg,5.4,False,Muharemović,4.3,False,,a,13,2,27,297710,26425,171183,22299,1.0,5.4,Muharemović,,27.0,2026-07-17,2003-02-28,False,p522047,450,0,1,2,3,0,0,0,0,0,0,0,101,147.4,13.6,41.0,20.2,53,16,5,58,5,0.49,0.05,0.54,6.46,,,,,,,[],,19,4,255,92,119,30,86,25,0.1,0.0,0.01,0.11,1.29,0.6,312,54,42,22,47,18,79,31,1.0,0.4,11.6,Leeds,LEE
True,True,,,466525,0,0,0,0,15.7,-4,"[{'offset': 0, 'projected_percent': '15.7', 'likelihood': 1}, {'offset': 1, 'projected_percent': '15.7', 'likelihood': 1}, {'offset': 2, 'projected_percent': '15.6', 'likelihood': 1}]",,False,1,3,3.5,3.5,5,Anton,3.5,335,False,,,6.0,466525.jpg,5.4,False,Stach,2.5,False,,a,13,2,27,201939,4596,163665,18932,0.6,4.5,Stach,,80.0,2025-07-22,1998-11-15,False,p466525,447,1,0,3,2,0,0,0,0,0,0,3,86,116.4,93.3,55.0,26.5,27,21,13,61,5,0.97,0.31,1.28,6.17,1.0,,1.0,,,,[],,47,17,45,38,87,52,45,34,0.2,0.0,0.06,0.26,1.24,0.4,72,49,99,39,50,23,116,36,1.01,0.6,12.28,Leeds,LEE
True,True,,,435997,0,0,-2,2,1.4,2,"[{'offset': 0, 'projected_percent': '1.4', 'likelihood': 1}, {'offset': 1, 'projected_percent': '1.5', 'likelihood': 1}, {'offset': 2, 'projected_percent': '1.5', 'likelihood': 1}]",,False,0,3,4.2,4.2,3,Noah,4.2,336,False,,,5.8,435997.jpg,3.6,False,Okafor,0.4,False,,a,13,2,18,26789,1682,35031,3245,0.7,3.1,Okafor,,207.0,2025-08-21,2000-05-24,False,p435997,299,1,0,3,1,0,0,0,0,0,0,1,82,67.0,41.4,40.0,14.8,3,8,7,18,4,0.17,0.27,0.44,2.37,,,,,,,[],,140,47,152,97,124,69,148,75,0.05,0.0,0.08,0.13,0.71,0.3,102,65,68,25,113,45,270,89,1.2,0.9,5.42,Leeds,LEE
True,True,,,427637,-1,1,-2,2,-7.2,0,"[{'offset': 0, 'projected_percent': '-7.2', 'likelihood': -1}, {'offset': 1, 'projected_percent': '-7.2', 'likelihood': -1}, {'offset': 2, 'projected_percent': '-7.2', 'likelihood': -1}]",,False,0,3,1.0,1.0,1,Brenden,1.0,337,False,,,5.3,427637.jpg,1.4,False,Aaronson,0.5,False,,a,13,2,7,6770,207,47993,3264,0.2,1.3,Aaronson,,229.0,2022-07-01,2000-10-22,False,p427637,194,0,0,1,3,0,0,0,0,0,0,0,36,11.8,3.7,9.0,2.5,1,11,3,15,2,0.01,0.02,0.03,3.78,,,4.0,,,,[],,313,139,318,161,264,136,337,158,0.0,0.0,0.01,0.01,1.75,1.39,220,138,260,116,277,124,253,82,0.93,0.46,6.96,Leeds,LEE
True,True,,,199598,0,0,-1,1,-27.4,-2,"[{'offset': 0, 'projected_percent': '-27.6', 'likelihood': -2}, {'offset': 1, 'projected_percent': '-28.0', 'likelihood': -2}, {'offset': 2, 'projected_percent': '-28.3', 'likelihood': -2}]",,False,0,3,4.0,4.0,5,Ethan,4.0,338,False,,,5.4,199598.jpg,4.2,False,Ampadu,0.9,False,,a,13,2,21,17971,1538,60416,4737,0.7,3.9,Ampadu,,244.0,2023-07-19,2000-09-14,False,p199598,450,0,1,2,3,0,0,0,0,0,0,0,87,88.6,67.1,5.0,16.1,24,24,12,60,5,0.08,0.26,0.34,6.46,,,,,,,[],,100,28,85,62,295,153,122,64,0.02,0.0,0.05,0.07,1.29,0.6,175,111,78,28,82,34,188,59,1.0,0.4,12.0,Leeds,LEE
True,True,,,180135,0,0,-1,1,-94.3,0,"[{'offset': 0, 'projected_percent': '-94.3', 'likelihood': -3}, {'offset': 1, 'projected_percent': '-94.3', 'likelihood': -3}, {'offset': 2, 'projected_percent': '-94.3', 'likelihood': -3}]",,False,0,3,0.2,0.2,0,Sean,0.2,339,False,,,4.9,180135.jpg,1.0,False,Longstaff,0.1,False,,a,13,2,2,2496,123,8089,605,0.0,0.4,Longstaff,,241.0,2025-07-18,1997-10-30,False,p180135,10,0,0,0,1,0,0,0,0,0,0,0,7,0.0,0.2,0.0,0.0,0,0,0,0,0,0.00,0.00,0.00,0.35,3.0,,3.0,,,,[],,562,231,387,194,524,212,567,232,0.0,0.0,0.0,0.0,3.15,9.0,344,206,365,174,333,144,438,165,0.0,0.0,0.0,Leeds,LEE
True,False,0.0,0.0,492859,0,0,0,0,0.0,0,"[{'offset': 0, 'projected_percent': '0.0', 'likelihood': 0}, {'offset': 1, 'projected_percent': '0.0', 'likelihood': 0}, {'offset': 2, 'projected_percent': '0.0', 'likelihood': 0}]",,False,0,3,0.0,0.0,0,Wilfried,0.0,341,False,Has joined ACF Fiorentina on loan for the rest of the season,2026-09-02T16:04:47.189648Z,5.0,492859.jpg,0.0,False,Gnonto,0.0,False,,u,13,2,0,244,0,1809,51,0.0,0.0,Gnonto,,106.0,2022-09-01,2003-11-05,False,p492859,0,0,0,0,0,0,0,0,0,0,0,0,0,0.0,0.0,0.0,0.0,0,0,0,0,0,0.00,0.00,0.00,0.00,,,,,,,[],,606,259,612,264,589,250,612,261,0.0,0.0,0.0,0.0,0.0,0.0,302,181,598,255,615,264,625,266,0.0,0.0,0.0,Leeds,LEE
True,False,0.0,0.0,221399,0,0,0,0,0.0,0,"[{'offset': 0, 'projected_percent': '0.0', 'likelihood': 0}, {'offset': 1, 'projected_percent': '0.0', 'likelihood': 0}, {'offset': 2, 'projected_percent': '0.0', 'likelihood': 0}]",,False,0,3,0.0,0.0,0,Jack,0.0,342,False,Has joined New England Revolution permanently,2026-07-28T12:59:09.492431Z,5.0,221399.jpg,0.0,False,Harrison,0.0,False,,u,13,2,0,0,0,79,5,0.0,0.0,Harrison,,241.0,2021-07-02,1996-11-20,False,p221399,0,0,0,0,0,0,0,0,0,0,0,0,0,0.0,0.0,0.0,0.0,0,0,0,0,0,0.00,0.00,0.00,0.00,,,,,,,[],,591,252,593,257,570,243,597,254,0.0,0.0,0.0,0.0,0.0,0.0,265,165,582,247,600,257,665,297,0.0,0.0,0.0,Leeds,LEE
True,True,,,200617,0,0,-1,1,-26.8,-1,"[{'offset': 0, 'projected_percent': '-27.7', 'likelihood': -2}, {'offset': 1, 'projected_percent': '-29.7', 'likelihood': -2}, {'offset': 2, 'projected_percent': '-31.6', 'likelihood': -2}]",,False,0,3,0.8,0.8,1,Daniel,0.8,343,False,,,4.9,200617.jpg,1.0,False,James,0.1,False,,a,13,2,3,4148,179,7988,538,0.2,0.6,James,,244.0,2021-08-31,1997-11-10,False,p200617,52,0,0,0,1,0,0,0,0,0,0,0,9,1.2,1.3,19.0,1.9,1,4,0,5,0,0.35,0.01,0.36,1.61,,,,,,,[],,394,184,352,175,191,104,350,166,0.61,0.0,0.02,0.63,2.79,1.73,346,208,278,126,334,145,427,160,0.0,0.0,8.65,Leeds,LEE
True,True,100.0,100.0,486520,0,0,0,0,0.0,0,"[{'offset': 0, 'projected_percent': '0.0', 'likelihood': 0}, {'offset': 1, 'projected_percent': '0.0', 'likelihood': 0}, {'offset': 2, 'projected_percent': '0.0', 'likelihood': 0}]",,False,0,3,0.0,0.0,0,Ilia,0.0,344,False,,2026-08-14T23:00:06.272027Z,5.0,486520.jpg,0.0,False,Gruev,0.0,False,,a,13,2,0,124,45,313,18,0.0,0.0,Gruev,,34.0,2023-08-31,2000-05-06,False,p486520,0,0,0,0,0,0,0,0,0,0,0,0,0,0.0,0.0,0.0,0.0,0,0,0,0,0,0.00,0.00,0.00,0.00,,,,,,,[],,600,255,606,260,583,246,606,257,0.0,0.0,0.0,0.0,0.0,0.0,293,175,592,251,609,260,645,280,0.0,0.0,0.0,Leeds,LEE
True,True,,,248056,0,0,-1,1,4.7,0,"[{'offset': 0, 'projected_percent': '4.7', 'likelihood': 1}, {'offset': 1, 'projected_percent': '4.7', 'likelihood': 1}, {'offset': 2, 'projected_percent': '4.7', 'likelihood': 1}]",,False,0,3,3.5,3.5,2,Tanaka,3.5,345,False,,,4.9,248056.jpg,3.5,False,Ao,0.3,False,,a,13,2,14,22632,2114,17419,2184,0.7,2.9,Tanaka,,108.0,2024-08-30,1998-09-10,False,p248056,255,0,2,2,1,0,0,0,1,0,0,0,48,50.0,18.3,20.0,8.6,11,10,8,29,3,0.73,0.05,0.78,3.24,4.0,,,,,,[],,195,82,222,121,189,102,227,104,0.26,0.0,0.02,0.28,1.14,0.35,361,216,95,36,118,47,286,96,1.06,0.71,10.24,Leeds,LEE
True,True,,,177815,0,0,0,0,66.6,33,"[{'offset': 0, 'projected_percent': '66.9', 'likelihood': 3}, {'offset': 1, 'projected_percent': '67.3', 'likelihood': 3}, {'offset': 2, 'projected_percent': '67.8', 'likelihood': 3}]",,False,0,4,5.2,5.2,2,Dominic,5.2,346,False,,,6.0,177815.jpg,4.4,False,Calvert-Lewin,24.8,False,,a,13,2,22,1006594,89965,1317070,164128,0.9,3.7,Calvert-Lewin,,241.0,2025-08-15,1997-03-16,False,p177815,419,2,1,3,2,0,0,0,3,0,0,4,73,104.0,29.6,153.0,28.2,9,13,0,22,5,3.00,0.08,3.08,4.85,,,,,1.0,,[],,73,5,187,21,10,5,38,7,0.64,0.0,0.02,0.66,1.04,0.43,65,14,44,6,79,7,13,3,1.07,0.64,4.73,Leeds,LEE
True,True,,,174594,0,0,-1,1,-25.7,-4,"[{'offset': 0, 'projected_percent': '-26.3', 'likelihood': -2}, {'offset': 1, 'projected_percent': '-27.6', 'likelihood': -2}, {'offset': 2, 'projected_percent': '-28.9', 'likelihood': -2}]",,False,0,4,1.8,1.8,1,Lukas,1.8,347,False,,,5.4,174594.jpg,1.8,False,Nmecha,0.5,False,,a,13,2,7,22114,1920,37031,3610,0.3,1.3,Nmecha,,80.0,2025-07-01,1998-12-14,False,p174594,64,0,1,0,1,0,0,0,0,0,0,0,28,20.4,22.4,15.0,5.7,0,3,1,4,0,0.27,0.15,0.42,2.90,,,,,2.0,,[],,284,26,210,24,222,32,278,31,0.38,0.0,0.21,0.59,4.08,1.41,170,41,212,22,256,31,258,44,0.0,0.0,5.62,Leeds,LEE
True,False,0.0,0.0,235826,0,0,0,0,0.0,-1,"[{'offset': 0, 'projected_percent': '0.0', 'likelihood': 0}, {'offset': 1, 'projected_percent': '0.0', 'likelihood': 0}, {'offset': 2, 'projected_percent': '0.0', 'likelihood': 0}]",,False,0,4,0.0,0.0,0,Joël,0.0,348,False,Has joined West Ham United on loan for the rest of the season,2026-08-19T13:56:14.666726Z,5.0,235826.jpg,0.0,False,Piroe,0.1,False,,u,13,2,0,0,0,11207,412,0.0,0.0,Piroe,,203.0,2023-08-24,1999-08-02,False,p235826,0,0,0,0,0,0,0,0,0,0,0,0,0,0.0,0.0,0.0,0.0,0,0,0,0,0,0.00,0.00,0.00,0.00,,,,,3.0,,[],,596,61,598,65,575,60,602,65,0.0,0.0,0.0,0.0,0.0,0.0,274,54,588,59,605,66,487,68,0.0,0.0,0.0,Leeds,LEE
True,True,0.0,0.0,565297,0,0,0,0,-40.1,0,"[{'offset': 0, 'projected_percent': '-40.1', 'likelihood': -3}, {'offset': 1, 'projected_percent': '-40.1', 'likelihood': -3}, {'offset': 2, 'projected_percent': '-40.1', 'likelihood': -3}]",,False,0,4,0.0,0.0,0,Mateo,0.0,349,False,Knee injury - Unknown return date,2026-07-29T18:00:10.338170Z,4.5,565297.jpg,0.0,False,Joseph Fernández-Regatillo,0.1,False,,i,13,2,0,3088,302,4437,463,0.0,0.0,Mateo Joseph,,200.0,2022-11-04,2003-10-19,False,p565297,0,0,0,0,0,0,0,0,0,0,0,0,0,0.0,0.0,0.0,0.0,0,0,0,0,0,0.00,0.00,0.00,0.00,,,,,,,[],,523,51,519,55,477,50,528,55,0.0,0.0,0.0,0.0,0.0,0.0,505,72,507,49,536,56,495,69,0.0,0.0,0.0,Leeds,LEE
True,True,,,432720,0,0,0,0,32.8,10,"[{'offset': 0, 'projected_percent': '32.8', 'likelihood': 2}, {'offset': 1, 'projected_percent': '33.0', 'likelihood': 2}, {'offset': 2, 'projected_percent': '33.1', 'likelihood': 2}]",,False,0,1,4.8,4.8,10,James,4.8,385,False,,,5.0,432720.jpg,5.6,False,Trafford,5.5,False,,a,13,2,28,263173,21202,158574,14229,1.0,5.6,Trafford,,241.0,2026-08-06,2002-10-10,False,p432720,450,0,0,2,3,0,0,0,0,0,20,5,117,148.6,0.0,0.0,14.9,6,55,0,0,5,0.00,0.00,0.00,6.46,,,,,,,[],,18,3,599,67,576,66,143,4,0.0,4.0,0.0,0.0,1.29,0.6,277,11,53,6,39,3,71,10,1.0,0.4,0.0,Leeds,LEE
True,True,,,173774,0,0,0,0,0.6,0,"[{'offset': 0, 'projected_percent': '0.6', 'likelihood': 1}, {'offset': 1, 'projected_percent': '0.6', 'likelihood': 1}, {'offset': 2, 'projected_percent': '0.6', 'likelihood': 1}]",,False,0,2,3.2,3.2,6,Nico,3.2,598,False,,,4.5,173774.jpg,3.2,False,Elvedi,0.1,False,,a,13,2,13,5332,217,2778,219,0.7,2.9,Elvedi,,207.0,2026-08-19,1996-09-30,False,p173774,326,0,0,1,3,0,0,0,0,0,0,0,56,83.0,25.4,39.0,14.8,27,8,2,29,3,0.12,0.58,0.70,5.45,,,,,,,[],,110,49,196,63,126,34,145,50,0.03,0.0,0.16,0.19,1.5,0.83,445,93,107,43,125,53,492,176,0.83,0.28,8.01,Leeds,LEE
True,True,,,643970,0,0,0,0,0.1,0,"[{'offset': 0, 'projected_percent': '0.1', 'likelihood': 1}, {'offset': 1, 'projected_percent': '0.1', 'likelihood': 1}, {'offset': 2, 'projected_percent': '0.1', 'likelihood': 1}]",,False,0,2,0.0,0.0,0,Jayden,0.0,603,False,,,4.0,643970.jpg,0.0,False,Lienou,0.1,False,,a,13,2,0,6902,229,3969,502,0.0,0.0,Lienou,,244.0,2026-05-10,2008-04-08,False,p643970,0,0,0,0,0,0,0,0,0,0,0,0,0,0.0,0.0,0.0,0.0,0,0,0,0,0,0.00,0.00,0.00,0.00,,,,,,,[],,463,179,454,178,399,164,468,179,0.0,0.0,0.0,0.0,0.0,0.0,659,209,441,170,477,179,414,151,0.0,0.0,0.0,Leeds,LEE
True,True,,,592740,0,0,0,0,-11.1,-1,"[{'offset': 0, 'projected_percent': '-11.7', 'likelihood': -1}, {'offset': 1, 'projected_percent': '-13.1', 'likelihood': -1}, {'offset': 2, 'projected_percent': '-14.4', 'likelihood': -1}]",,False,0,3,0.0,0.0,0,Alfie,0.0,604,False,,,4.5,592740.jpg,0.0,False,Cresswell,0.1,False,,a,13,2,0,14052,296,7896,868,0.0,0.0,Cresswell,,241.0,2026-05-16,2007-07-15,False,p592740,0,0,0,0,0,0,0,0,0,0,0,0,0,0.0,0.0,0.0,0.0,0,0,0,0,0,0.00,0.00,0.00,0.00,,,,,,,[],,529,211,525,217,483,189,534,212,0.0,0.0,0.0,0.0,0.0,0.0,514,270,513,202,542,219,376,137,0.0,0.0,0.0,Leeds,LEE
True,True,,,97846,0,0,0,0,0.4,0,"[{'offset': 0, 'projected_percent': '0.4', 'likelihood': 1}, {'offset': 1, 'projected_percent': '0.4', 'likelihood': 1}, {'offset': 2, 'projected_percent': '0.4', 'likelihood': 1}]",,False,0,1,0.0,0.0,0,Alex,0.0,625,False,,,4.0,97846.jpg,0.0,False,Cairns,0.2,False,,a,13,2,0,19774,815,5913,755,0.0,0.0,Cairns,,241.0,2024-07-08,1993-01-04,False,p97846,0,0,0,0,0,0,0,0,0,0,0,0,0,0.0,0.0,0.0,0.0,0,0,0,0,0,0.00,0.00,0.00,0.00,,,,,,,[],,418,32,406,13,350,8,422,32,0.0,0.0,0.0,0.0,0.0,0.0,595,56,392,30,432,32,328,39,0.0,0.0,0.0,Leeds,LEE
True,True,,,155465,0,0,0,0,2.2,0,"[{'offset': 0, 'projected_percent': '2.2', 'likelihood': 1}, {'offset': 1, 'projected_percent': '2.2', 'likelihood': 1}, {'offset': 2, 'projected_percent': '2.2', 'likelihood': 1}]",,False,0,1,0.0,0.0,0,Michael,0.0,629,False,,,4.0,155465.jpg,0.0,False,Zetterer,0.7,False,,a,13,2,0,58382,2942,14064,2689,0.0,0.0,Zetterer,,80.0,2026-08-29,1995-07-12,False,p155465,0,0,0,0,0,0,0,0,0,0,0,0,0,0.0,0.0,0.0,0.0,0,0,0,0,0,0.00,0.00,0.00,0.00,,,,,,,[],,421,34,409,15,353,10,425,34,0.0,0.0,0.0,0.0,0.0,0.0,598,58,395,32,435,34,219,32,0.0,0.0,0.0,Leeds,LEE
True,True,,,437497,0,0,0,0,0.0,0,"[{'offset': 0, 'projected_percent': '0.0', 'likelihood': 0}, {'offset': 1, 'projected_percent': '0.0', 'likelihood': 0}, {'offset': 2, 'projected_percent': '0.0', 'likelihood': 0}]",,False,0,2,0.3,0.3,0,Melvin,0.3,641,False,,,4.5,437497.jpg,1.0,False,Bard,0.0,False,,a,13,2,1,956,94,352,76,0.1,0.2,Bard,,73.0,2026-09-01,2000-11-06,False,p437497,18,0,0,0,1,0,0,0,0,0,0,0,1,4.4,10.3,0.0,1.5,1,2,1,2,0,0.00,0.00,0.00,0.30,,,,,,,[],,365,136,279,100,450,183,361,126,0.0,0.0,0.0,0.0,1.5,5.0,472,112,335,120,319,122,615,208,0.0,0.0,10.0,Leeds,LEE
True,True,,,587982,0,0,0,0,-50.1,0,"[{'offset': 0, 'projected_percent': '-50.1', 'likelihood': -3}, {'offset': 1, 'projected_percent': '-50.1', 'likelihood': -3}, {'offset': 2, 'projected_percent': '-50.1', 'likelihood': -3}]",,False,0,3,0.3,0.3,1,Jean-Mattéo,0.3,648,False,,,5.0,587982.jpg,1.0,False,Bahoya,0.0,False,,a,13,2,1,2236,104,1137,169,0.1,0.2,Bahoya,,73.0,2026-09-01,2005-05-07,False,p587982,1,0,0,0,0,0,0,0,0,0,0,0,5,1.0,0.3,0.0,0.1,0,0,0,0,0,0.00,0.00,0.00,0.00,,,,,,,[],,397,186,382,191,600,257,405,190,0.0,0.0,0.0,0.0,0.0,0.0,322,194,347,164,357,161,595,248,0.0,0.0,0.0,Leeds,LEE
True,True,,,116535,0,0,0,0,1.5,8,"[{'offset': 0, 'projected_percent': '1.5', 'likelihood': 1}, {'offset': 1, 'projected_percent': '1.6', 'likelihood': 1}, {'offset': 2, 'projected_percent': '1.8', 'likelihood': 1}]",,False,0,1,8.3,8.3,8,Alisson,8.3,350,False,,,5.5,116535.jpg,5.4,False,Becker,4.1,False,,a,14,14,27,145651,12333,144753,11229,1.5,4.9,A.Becker,Alisson Becker,30.0,2018-07-19,1992-10-02,False,p116535,450,0,0,3,4,0,0,0,1,0,14,5,96,99.2,0.0,0.0,9.9,10,47,0,0,5,0.00,0.00,0.00,6.12,,,,,,,[],,79,15,641,72,628,71,211,16,0.0,2.8,0.0,0.0,1.22,0.8,126,3,5,1,48,4,82,13,1.0,0.6,0.0,Liverpool,LIV
True,True,,,449027,0,0,-1,1,-94.7,0,"[{'offset': 0, 'projected_percent': '-94.7', 'likelihood': -3}, {'offset': 1, 'projected_percent': '-94.7', 'likelihood': -3}, {'offset': 2, 'projected_percent': '-94.7', 'likelihood': -3}]",,False,0,1,0.0,0.0,0,Giorgi,0.0,351,False,,,4.9,449027.jpg,0.0,False,Mamardashvili,0.1,False,,a,14,14,0,2856,244,8613,595,0.0,0.0,Mamardashvili,,79.0,2024-08-27,2000-09-29,False,p449027,0,0,0,0,0,0,0,0,0,0,0,0,0,0.0,0.0,0.0,0.0,0,0,0,0,0,0.00,0.00,0.00,0.00,,,,,,,[],,570,70,568,59,535,57,576,70,0.0,0.0,0.0,0.0,0.0,0.0,368,19,559,70,581,70,377,41,0.0,0.0,0.0,Liverpool,LIV
True,True,,,155503,0,0,0,0,-30.8,-2,"[{'offset': 0, 'projected_percent': '-30.9', 'likelihood': -2}, {'offset': 1, 'projected_percent': '-31.3', 'likelihood': -2}, {'offset': 2, 'projected_percent': '-31.6', 'likelihood': -2}]",,False,0,1,0.0,0.0,0,Freddie,0.0,352,False,,,4.0,155503.jpg,0.0,False,Woodman,1.0,False,,a,14,14,0,18254,760,27146,2288,0.0,0.0,Woodman,,241.0,2025-07-01,1997-03-04,False,p155503,0,0,0,0,0,0,0,0,0,0,0,0,0,0.0,0.0,0.0,0.0,0,0,0,0,0,0.00,0.00,0.00,0.00,,,,,,,[],,422,35,410,16,354,11,426,35,0.0,0.0,0.0,0.0,0.0,0.0,599,59,396,33,436,35,175,26,0.0,0.0,0.0,Liverpool,LIV
True,False,0.0,0.0,586268,0,0,0,0,0.0,0,"[{'offset': 0, 'projected_percent': '0.0', 'likelihood': 0}, {'offset': 1, 'projected_percent': '0.0', 'likelihood': 0}, {'offset': 2, 'projected_percent': '0.0', 'likelihood': 0}]",,False,0,1,0.0,0.0,0,Armin,0.0,353,False,Has joined TSV Hartberg on loan for the rest of the season,2026-08-18T14:11:18.638344Z,4.0,586268.jpg,0.0,False,Pecsi,0.0,False,,u,14,14,0,0,0,1084,57,0.0,0.0,Pecsi,,,,,False,p586268,0,0,0,0,0,0,0,0,0,0,0,0,0,0.0,0.0,0.0,0.0,0,0,0,0,0,0.00,0.00,0.00,0.00,,,,,,,[],,458,49,449,30,394,25,463,49,0.0,0.0,0.0,0.0,0.0,0.0,653,73,436,47,472,49,578,69,0.0,0.0,0.0,Liverpool,LIV
True,True,0.0,0.0,432987,0,0,0,0,0.0,0,"[{'offset': 0, 'projected_percent': '0.0', 'likelihood': 0}, {'offset': 1, 'projected_percent': '0.0', 'likelihood': 0}, {'offset': 2, 'projected_percent': '0.0', 'likelihood': 0}]",,False,0,1,0.0,0.0,0,Vitezslav,0.0,354,False,Knee injury - Unknown return date,2026-07-29T18:00:10.351066Z,4.0,432987.jpg,0.0,False,Jaros,0.0,False,,i,14,14,0,1745,198,1237,151,0.0,0.0,Jaros,,57.0,2019-07-10,2001-07-23,False,p432987,0,0,0,0,0,0,0,0,0,0,0,0,0,0.0,0.0,0.0,0.0,0,0,0,0,0,0.00,0.00,0.00,0.00,,,,,,,[],https://www.liverpoolfc.com/news/ajax-issue-vitezslav-jaros-injury-update,431,41,422,22,366,17,436,41,0.0,0.0,0.0,0.0,0.0,0.0,616,65,407,39,445,41,572,68,0.0,0.0,0.0,Liverpool,LIV
True,True,,,464353,0,0,0,0,0.1,0,"[{'offset': 0, 'projected_percent': '0.1', 'likelihood': 1}, {'offset': 1, 'projected_percent': '0.1', 'likelihood': 1}, {'offset': 2, 'projected_percent': '0.1', 'likelihood': 1}]",,False,0,1,0.0,0.0,0,Harvey,0.0,355,False,,,4.0,464353.jpg,0.0,False,Davies,0.2,False,,a,14,14,0,4732,280,4234,454,0.0,0.0,Davies,,241.0,2021-03-09,2003-09-03,False,p464353,0,0,0,0,0,0,0,0,0,0,0,0,0,0.0,0.0,0.0,0.0,0,0,0,0,0,0.00,0.00,0.00,0.00,,,,,,,[],,436,44,427,25,371,20,441,44,0.0,0.0,0.0,0.0,0.0,0.0,626,68,413,42,450,44,363,40,0.0,0.0,0.0,Liverpool,LIV
True,True,,,97032,0,0,0,0,-58.4,-8,"[{'offset': 0, 'projected_percent': '-58.5', 'likelihood': -3}, {'offset': 1, 'projected_percent': '-58.5', 'likelihood': -3}, {'offset': 2, 'projected_percent': '-58.6', 'likelihood': -3}]",,False,0,2,7.3,7.3,8,Virgil,7.3,356,False,,,6.5,97032.jpg,5.0,False,van Dijk,16.2,False,,a,14,14,25,277257,20241,614843,42210,1.1,3.8,Virgil,,152.0,2018-01-01,1991-07-08,False,p97032,450,0,0,3,4,0,0,0,1,0,0,0,96,125.0,22.3,26.0,17.4,43,18,5,48,5,0.25,0.08,0.33,6.12,,,,,,,[],,36,15,214,71,164,49,114,37,0.05,0.0,0.02,0.07,1.22,0.8,34,2,14,6,58,24,26,9,1.0,0.6,9.6,Liverpool,LIV
True,True,,,216094,0,0,-2,2,-36.0,-11,"[{'offset': 0, 'projected_percent': '-36.5', 'likelihood': -2}, {'offset': 1, 'projected_percent': '-37.4', 'likelihood': -2}, {'offset': 2, 'projected_percent': '-38.4', 'likelihood': -2}]",,False,0,2,0.3,0.3,0,Jeremie,0.3,357,False,,,5.3,216094.jpg,0.7,False,Frimpong,1.8,False,,a,14,14,2,58891,1548,245727,12342,0.1,0.4,Frimpong,,152.0,2025-06-01,2000-12-10,False,p216094,178,0,0,0,4,0,0,0,1,0,0,0,24,39.4,76.5,16.0,13.2,8,7,4,12,2,0.01,0.23,0.24,3.91,,,,,,,[],,219,87,65,10,211,65,168,59,0.01,0.0,0.12,0.13,1.98,2.02,215,30,349,124,412,143,134,54,1.01,0.0,6.07,Liverpool,LIV
True,True,,,544877,0,0,-1,1,-100.2,-12,"[{'offset': 0, 'projected_percent': '-100.5', 'likelihood': -5}, {'offset': 1, 'projected_percent': '-101.4', 'likelihood': -5}, {'offset': 2, 'projected_percent': '-102.2', 'likelihood': -5}]",,False,0,2,4.0,4.0,6,Milos,4.0,358,False,,,5.4,544877.jpg,2.6,False,Kerkez,2.2,False,,a,14,14,13,47544,2527,187333,9961,0.7,2.4,Kerkez,,98.0,2025-06-26,2003-11-07,False,p544877,385,0,0,2,4,0,0,0,2,0,0,0,63,75.4,47.3,14.0,13.7,22,10,8,30,4,0.07,0.08,0.15,5.65,,,,,,,[],,122,55,129,34,227,74,160,56,0.02,0.0,0.02,0.04,1.32,0.94,208,27,79,33,183,71,121,48,0.94,0.47,7.01,Liverpool,LIV
True,True,100.0,100.0,171287,0,0,-1,1,0.0,0,"[{'offset': 0, 'projected_percent': '0.0', 'likelihood': 0}, {'offset': 1, 'projected_percent': '0.0', 'likelihood': 0}, {'offset': 2, 'projected_percent': '0.0', 'likelihood': 0}]",,False,0,2,0.0,0.0,0,Joe,0.0,359,False,,2026-07-26T08:30:10.078473Z,4.9,171287.jpg,0.0,False,Gomez,0.0,False,,a,14,14,0,725,305,1174,110,0.0,0.0,Gomez,,241.0,2015-06-20,1997-05-23,False,p171287,0,0,0,0,0,0,0,0,0,0,0,0,0,0.0,0.0,0.0,0.0,0,0,0,0,0,0.00,0.00,0.00,0.00,,,,,,,[],,561,205,558,204,523,201,566,205,0.0,0.0,0.0,0.0,0.0,0.0,343,59,548,202,573,204,565,191,0.0,0.0,0.0,Liverpool,LIV
True,True,0.0,0.0,492777,0,0,0,0,-84.9,0,"[{'offset': 0, 'projected_percent': '-84.9', 'likelihood': -3}, {'offset': 1, 'projected_percent': '-84.9', 'likelihood': -3}, {'offset': 2, 'projected_percent': '-84.9', 'likelihood': -3}]",,False,0,2,0.0,0.0,0,Conor,0.0,360,False,Knee injury - Unknown return date,2026-07-23T12:01:23.565711Z,5.0,492777.jpg,0.0,False,Bradley,0.0,False,,i,14,14,0,368,51,789,77,0.0,0.0,Bradley,,242.0,2023-09-25,2003-07-09,False,p492777,0,0,0,0,0,0,0,0,0,0,0,0,0,0.0,0.0,0.0,0.0,0,0,0,0,0,0.00,0.00,0.00,0.00,,,,,,,[],https://www.liverpoolfc.com/news/fitness-latest-joe-gomez-return-update-conor-bradley,605,212,611,212,588,209,611,212,0.0,0.0,0.0,0.0,0.0,0.0,301,52,597,210,614,211,610,205,0.0,0.0,0.0,Liverpool,LIV
True,True,,,519440,0,0,0,0,-51.8,1,"[{'offset': 0, 'projected_percent': '-51.1', 'likelihood': -3}, {'offset': 1, 'projected_percent': '-49.6', 'likelihood': -3}, {'offset': 2, 'projected_percent': '-48.1', 'likelihood': -3}]",,False,0,2,0.0,0.0,0,Wellity,0.0,361,False,,,4.0,519440.jpg,0.0,False,Lucky,0.1,False,,a,14,14,0,3855,278,5772,547,0.0,0.0,Lucky,,,,,False,p519440,0,0,0,0,0,0,0,0,0,0,0,0,0,0.0,0.0,0.0,0.0,0,0,0,0,0,0.00,0.00,0.00,0.00,,,,,,,[],,445,162,436,161,380,146,450,162,0.0,0.0,0.0,0.0,0.0,0.0,636,187,422,152,459,162,390,147,0.0,0.0,0.0,Liverpool,LIV
True,True,100.0,100.0,606702,0,0,0,0,54.3,24,"[{'offset': 0, 'projected_percent': '54.5', 'likelihood': 3}, {'offset': 1, 'projected_percent': '54.8', 'likelihood': 3}, {'offset': 2, 'projected_percent': '55.2', 'likelihood': 3}]",,False,0,2,6.7,6.7,6,Jeremy,6.7,362,False,,2026-07-23T12:01:23.581126Z,5.0,606702.jpg,4.8,False,Jacquet,3.5,False,,a,14,14,24,230121,32239,122761,12728,1.3,4.8,Jacquet,,73.0,2026-07-01,2005-07-13,False,p606702,415,0,0,3,4,0,0,0,1,0,0,3,112,106.2,44.5,4.0,15.5,25,21,11,36,5,0.00,0.14,0.14,5.51,,,,,,,[],,65,29,139,37,310,114,134,45,0.0,0.0,0.03,0.03,1.19,0.87,323,56,19,9,66,30,97,37,1.08,0.65,7.81,Liverpool,LIV
True,True,0.0,0.0,647681,0,0,0,0,-59.0,0,"[{'offset': 0, 'projected_percent': '-59.0', 'likelihood': -3}, {'offset': 1, 'projected_percent': '-59.0', 'likelihood': -3}, {'offset': 2, 'projected_percent': '-59.0', 'likelihood': -3}]",,False,0,2,0.0,0.0,0,Giovanni,0.0,363,False,Knee injury - Unknown return date,2026-07-23T12:01:23.596909Z,4.0,647681.jpg,0.0,False,Leoni,0.0,False,,i,14,14,0,863,62,2102,171,0.0,0.0,Leoni,,106.0,2025-08-15,2006-12-21,False,p647681,0,0,0,0,0,0,0,0,0,0,0,0,0,0.0,0.0,0.0,0.0,0,0,0,0,0,0.00,0.00,0.00,0.00,,,,,,,[],https://www.liverpoolfc.com/news/liverpools-injury-list-suspensions-and-availability?utm_source=premier-league-web&utm_medium=referral&utm_campaign=pl-referral-always-on&utm_term=injuries&utm_content=club-injury-article,464,180,455,179,400,165,469,180,0.0,0.0,0.0,0.0,0.0,0.0,660,210,442,171,478,180,536,186,0.0,0.0,0.0,Liverpool,LIV
True,True,,,214285,0,0,-1,1,-53.6,0,"[{'offset': 0, 'projected_percent': '-53.6', 'likelihood': -3}, {'offset': 1, 'projected_percent': '-53.6', 'likelihood': -3}, {'offset': 2, 'projected_percent': '-53.6', 'likelihood': -3}]",,False,0,2,0.3,0.3,0,Kostas,0.3,364,False,,,4.9,214285.jpg,1.0,False,Tsimikas,0.1,False,,a,14,14,2,1575,88,4411,385,0.1,0.4,Tsimikas,,83.0,2020-08-10,1996-05-12,False,p214285,64,0,0,0,0,0,0,0,0,0,0,0,6,6.4,2.9,9.0,1.8,2,3,1,3,1,0.04,0.02,0.06,0.47,4.0,,,,,,[],,352,130,322,115,261,91,352,123,0.06,0.0,0.03,0.09,0.66,0.0,351,60,340,123,335,130,456,162,1.41,0.0,4.22,Liverpool,LIV
True,False,0.0,0.0,489580,0,0,0,0,0.0,0,"[{'offset': 0, 'projected_percent': '0.0', 'likelihood': 0}, {'offset': 1, 'projected_percent': '0.0', 'likelihood': 0}, {'offset': 2, 'projected_percent': '0.0', 'likelihood': 0}]",,False,0,2,0.0,0.0,0,Calvin,0.0,365,False,Has joined St Mirren on loan for the rest of the season,2026-08-26T14:05:26.748768Z,4.0,489580.jpg,0.0,False,Ramsay,0.1,False,,u,14,14,0,638,0,12684,455,0.0,0.0,Ramsay,,243.0,2022-06-19,2003-07-31,False,p489580,0,0,0,0,0,0,0,0,0,0,0,0,0,0.0,0.0,0.0,0.0,0,0,0,0,0,0.00,0.00,0.00,0.00,,,,,,,[],,440,159,431,158,375,143,445,159,0.0,0.0,0.0,0.0,0.0,0.0,630,183,417,149,454,159,434,158,0.0,0.0,0.0,Liverpool,LIV
True,True,,,494595,0,0,-2,2,-35.9,-9,"[{'offset': 0, 'projected_percent': '-36.0', 'likelihood': -2}, {'offset': 1, 'projected_percent': '-36.3', 'likelihood': -2}, {'offset': 2, 'projected_percent': '-36.5', 'likelihood': -2}]",,False,0,3,4.0,4.0,6,Florian,4.0,366,False,,,7.3,494595.jpg,3.6,False,Wirtz,5.7,False,,a,14,14,18,133343,3075,764288,40891,0.5,2.5,Wirtz,,80.0,2025-06-20,2003-05-03,False,p494595,402,0,2,3,4,0,0,0,1,0,0,0,92,65.0,147.3,101.0,31.4,3,25,8,36,5,1.00,0.40,1.40,4.82,2.0,,2.0,,4.0,,[],,147,52,16,15,33,18,29,20,0.22,0.0,0.09,0.31,1.08,0.9,22,14,83,32,115,46,68,23,1.12,0.67,8.06,Liverpool,LIV
True,True,75.0,100.0,243298,0,0,2,-2,2.0,-177,"[{'offset': 0, 'projected_percent': '0.8', 'likelihood': 1}, {'offset': 1, 'projected_percent': '-1.0', 'likelihood': -1}, {'offset': 2, 'projected_percent': '-2.4', 'likelihood': -1}]",,False,2,3,3.8,5.0,3,Cody,5.0,367,False,Ankle injury - 75% chance of playing,2026-09-27T21:30:07.786183Z,7.2,243298.jpg,6.4,False,Gakpo,12.5,False,,d,14,14,32,1337069,50657,711338,83741,0.7,4.4,Gakpo,,152.0,2023-01-01,1999-05-07,False,p243298,370,1,3,2,4,0,0,0,0,0,0,5,113,133.4,148.8,70.0,35.2,9,15,8,32,4,0.64,1.71,2.35,5.51,3.0,,,,3.0,,[],,28,12,14,13,63,38,20,16,0.16,0.0,0.42,0.58,1.34,0.97,23,15,49,15,18,7,33,12,0.97,0.49,7.78,Liverpool,LIV
True,True,,,424876,0,0,0,0,-94.5,-42,"[{'offset': 0, 'projected_percent': '-94.6', 'likelihood': -3}, {'offset': 1, 'projected_percent': '-94.8', 'likelihood': -3}, {'offset': 2, 'projected_percent': '-95.0', 'likelihood': -4}]",,False,0,3,2.7,2.7,2,Dominik,2.7,368,False,,,7.0,424876.jpg,4.0,False,Szoboszlai,32.8,False,,a,14,14,20,926712,34353,1673405,205247,0.4,2.9,Szoboszlai,,98.0,2023-07-02,2000-10-25,False,p424876,440,1,0,3,4,0,0,0,1,0,0,1,103,108.8,178.0,57.0,34.4,13,22,6,41,5,1.42,0.82,2.24,5.99,1.0,,1.0,,1.0,,[],,60,21,6,6,80,48,21,17,0.29,0.0,0.17,0.46,1.23,0.82,26,17,150,66,99,39,7,3,1.02,0.61,8.39,Liverpool,LIV
True,True,,,611922,-1,1,-3,3,-22.3,-1,"[{'offset': 0, 'projected_percent': '-22.4', 'likelihood': -2}, {'offset': 1, 'projected_percent': '-22.6', 'likelihood': -2}, {'offset': 2, 'projected_percent': '-22.9', 'likelihood': -2}]",,False,0,3,0.3,0.3,0,Rio,0.3,369,False,,,5.7,611922.jpg,1.3,False,Ngumoha,0.5,False,,a,14,14,4,14504,726,89158,4132,0.1,0.7,Ngumoha,,241.0,2024-12-17,2008-08-29,False,p611922,99,0,0,0,2,0,0,0,0,0,0,0,13,4.4,8.1,11.0,2.1,1,2,1,4,1,0.15,0.05,0.20,0.68,,,,,,,[],,366,171,284,142,251,131,347,164,0.14,0.0,0.05,0.19,0.62,1.82,120,77,355,170,286,131,256,85,0.91,0.0,3.64,Liverpool,LIV
True,True,0.0,0.0,223541,-1,1,-2,2,-5.6,0,"[{'offset': 0, 'projected_percent': '-5.6', 'likelihood': -1}, {'offset': 1, 'projected_percent': '-5.6', 'likelihood': -1}, {'offset': 2, 'projected_percent': '-5.6', 'likelihood': -1}]",,False,0,3,0.0,0.0,0,Federico,0.0,370,False,Back injury - Unknown return date,2026-08-27T13:30:07.598926Z,5.3,223541.jpg,0.0,False,Chiesa,0.0,False,,i,14,14,0,681,16,10074,241,0.0,0.0,Chiesa,,106.0,2024-08-29,1997-10-25,False,p223541,0,0,0,0,0,0,0,0,0,0,0,0,0,0.0,0.0,0.0,0.0,0,0,0,0,0,0.00,0.00,0.00,0.00,,,,,,,[],https://www.liverpoolfc.com/news/federico-chiesa-injury-update-0,622,269,628,274,607,261,628,271,0.0,0.0,0.0,0.0,0.0,0.0,216,134,615,266,631,274,502,198,0.0,0.0,0.0,Liverpool,LIV
True,True,,,441266,-1,1,-2,2,-21.4,-10,"[{'offset': 0, 'projected_percent': '-21.7', 'likelihood': -2}, {'offset': 1, 'projected_percent': '-22.5', 'likelihood': -2}, {'offset': 2, 'projected_percent': '-23.3', 'likelihood': -2}]",,False,0,3,1.0,1.0,1,Ryan,1.0,371,False,,,5.8,441266.jpg,1.8,False,Gravenberch,1.1,False,,a,14,14,9,35705,1167,130185,8832,0.2,1.6,Gravenberch,,152.0,2023-09-01,2002-05-16,False,p441266,190,0,1,0,2,0,0,0,0,0,0,0,51,50.6,42.7,6.0,9.9,10,11,4,25,2,0.10,0.08,0.18,2.02,,,,,,,[],,194,81,145,92,292,150,212,100,0.05,0.0,0.04,0.09,0.96,0.95,104,67,271,124,257,113,171,53,0.95,0.0,11.84,Liverpool,LIV
True,True,,,243016,0,0,-1,1,-41.9,-7,"[{'offset': 0, 'projected_percent': '-42.2', 'likelihood': -3}, {'offset': 1, 'projected_percent': '-43.0', 'likelihood': -3}, {'offset': 2, 'projected_percent': '-43.8', 'likelihood': -3}]",,False,0,3,2.7,2.7,5,Alexis,2.7,372,False,,,5.4,243016.jpg,2.2,False,Mac Allister,1.3,False,,a,14,14,11,45327,3707,96392,6678,0.5,2.0,Mac Allister,,10.0,2023-06-14,1998-12-24,False,p243016,306,0,0,2,2,0,0,0,1,0,0,0,59,58.2,50.8,26.0,13.5,11,19,11,41,3,0.10,0.49,0.59,4.85,,,,,5.0,,[],,169,65,114,76,162,86,162,83,0.03,0.0,0.14,0.17,1.43,0.59,183,115,145,63,217,95,160,49,0.88,0.59,12.06,Liverpool,LIV
True,False,0.0,0.0,206915,0,0,0,0,0.0,-1,"[{'offset': 0, 'projected_percent': '0.0', 'likelihood': 0}, {'offset': 1, 'projected_percent': '0.0', 'likelihood': 0}, {'offset': 2, 'projected_percent': '0.0', 'likelihood': 0}]",,False,0,3,0.0,0.0,0,Curtis,0.0,373,False,Has joined Internazionale permanently,2026-08-16T18:30:07.426408Z,5.5,206915.jpg,0.0,False,Jones,0.0,False,,u,14,14,0,34,0,2644,57,0.0,0.0,C.Jones,,241.0,2018-04-06,2001-01-30,False,p206915,0,0,0,0,0,0,0,0,0,0,0,0,0,0.0,0.0,0.0,0.0,0,0,0,0,0,0.00,0.00,0.00,0.00,,,,,,,[],,640,279,646,281,633,274,645,280,0.0,0.0,0.0,0.0,0.0,0.0,137,82,637,278,645,281,566,235,0.0,0.0,0.0,Liverpool,LIV
True,True,100.0,100.0,158983,0,0,-1,1,-59.8,0,"[{'offset': 0, 'projected_percent': '-59.8', 'likelihood': -3}, {'offset': 1, 'projected_percent': '-59.8', 'likelihood': -3}, {'offset': 2, 'projected_percent': '-59.8', 'likelihood': -3}]",,False,0,3,0.0,0.0,0,Endo,0.0,374,False,,2026-07-23T12:01:23.612529Z,4.9,158983.jpg,0.0,False,Wataru,0.1,False,,a,14,14,0,2323,160,4793,427,0.0,0.0,Endo,,108.0,2023-08-18,1993-02-09,False,p158983,0,0,0,0,0,0,0,0,0,0,0,0,0,0.0,0.0,0.0,0.0,0,0,0,0,0,0.00,0.00,0.00,0.00,,,,,,,[],,560,230,557,236,522,211,565,231,0.0,0.0,0.0,0.0,0.0,0.0,341,204,547,223,572,238,478,186,0.0,0.0,0.0,Liverpool,LIV
True,True,,,591386,0,0,-1,1,-85.0,0,"[{'offset': 0, 'projected_percent': '-85.0', 'likelihood': -3}, {'offset': 1, 'projected_percent': '-85.0', 'likelihood': -3}, {'offset': 2, 'projected_percent': '-85.0', 'likelihood': -3}]",,False,0,3,0.7,0.7,1,Trey,0.7,375,False,,,4.9,591386.jpg,1.0,False,Nyoni,0.0,False,,a,14,14,3,1344,87,3052,307,0.1,0.6,Nyoni,,241.0,2023-11-11,2007-06-30,False,p591386,38,0,0,0,0,0,0,0,0,0,0,0,9,16.2,2.9,0.0,1.9,6,2,2,10,0,0.00,0.00,0.00,0.36,,,,,,,[],,296,126,324,164,553,233,351,167,0.0,0.0,0.0,0.0,0.85,0.0,398,242,294,135,347,155,514,204,0.0,0.0,23.68,Liverpool,LIV
True,False,0.0,0.0,535928,0,0,0,0,0.0,0,"[{'offset': 0, 'projected_percent': '0.0', 'likelihood': 0}, {'offset': 1, 'projected_percent': '0.0', 'likelihood': 0}, {'offset': 2, 'projected_percent': '0.0', 'likelihood': 0}]",,False,0,3,0.0,0.0,0,Stefan,0.0,376,False,Has joined Celta Vigo permanently,2026-07-23T12:01:23.628373Z,5.0,535928.jpg,0.0,False,Bajčetić Maquieira,0.0,False,,u,14,14,0,19,0,106,2,0.0,0.0,Bajcetic,,200.0,2022-07-11,2004-10-22,False,p535928,0,0,0,0,0,0,0,0,0,0,0,0,0,0.0,0.0,0.0,0.0,0,0,0,0,0,0.00,0.00,0.00,0.00,,,,,,,[],https://www.liverpoolfc.com/news/liverpools-injury-list-suspensions-and-availability?utm_source=premier-league-web&utm_medium=referral&utm_campaign=pl-referral-always-on&utm_term=injuries&utm_content=club-injury-article,612,262,618,267,595,253,618,264,0.0,0.0,0.0,0.0,0.0,0.0,314,188,605,259,621,267,663,295,0.0,0.0,0.0,Liverpool,LIV
True,True,,,551499,0,0,0,0,6.3,-4,"[{'offset': 0, 'projected_percent': '6.3', 'likelihood': 1}, {'offset': 1, 'projected_percent': '6.3', 'likelihood': 1}, {'offset': 2, 'projected_percent': '6.2', 'likelihood': 1}]",,False,0,3,1.7,1.7,1,Victor,1.7,377,False,,,6.5,551499.jpg,3.0,False,Munoz,0.9,False,,a,14,14,15,117359,1376,101532,11190,0.3,2.3,Munoz,,200.0,2026-06-18,2003-07-13,False,p551499,257,1,1,1,2,0,0,0,1,0,0,0,60,56.2,42.4,86.0,18.5,5,8,3,16,3,0.52,0.31,0.83,4.63,,,,,,,[],,173,68,147,93,42,25,103,55,0.18,0.0,0.11,0.29,1.62,0.7,43,29,225,100,157,66,189,60,1.05,0.35,5.6,Liverpool,LIV
True,True,,,491501,0,0,-1,1,-3.0,2,"[{'offset': 0, 'projected_percent': '-2.4', 'likelihood': -1}, {'offset': 1, 'projected_percent': '-1.1', 'likelihood': -1}, {'offset': 2, 'projected_percent': '0.0', 'likelihood': 0}]",,False,0,3,0.0,0.0,0,James,0.0,378,False,,,4.4,491501.jpg,0.0,False,McConnell,0.2,False,,a,14,14,0,6912,1037,12906,1449,0.0,0.0,McConnell,,241.0,2023-07-18,2004-09-13,False,p491501,0,0,0,0,0,0,0,0,0,0,0,0,0,0.0,0.0,0.0,0.0,0,0,0,0,0,0.00,0.00,0.00,0.00,,,,,,,[],,473,195,465,201,415,173,478,196,0.0,0.0,0.0,0.0,0.0,0.0,567,293,453,186,487,203,312,109,0.0,0.0,0.0,Liverpool,LIV
True,True,75.0,,219168,0,0,1,-1,9.7,-147,"[{'offset': 0, 'projected_percent': '8.7', 'likelihood': 1}, {'offset': 1, 'projected_percent': '6.5', 'likelihood': 1}, {'offset': 2, 'projected_percent': '4.4', 'likelihood': 1}]",,False,1,4,5.8,7.7,8,Alexander,7.7,379,False,Thigh injury - 75% chance of playing,2026-09-27T10:30:09.051435Z,9.1,219168.jpg,6.6,False,Isak,22.4,False,,d,14,14,33,1240583,113421,735912,75943,0.8,3.6,Isak,,206.0,2025-09-01,1999-09-21,False,p219168,413,4,0,3,4,0,0,0,1,0,0,8,133,146.2,47.5,207.0,40.0,3,3,1,7,5,3.54,0.08,3.62,5.82,,,,,2.0,,[],https://www.liverpoolfc.com/news/alexander-isak-return-international-duty,21,3,128,11,4,3,12,2,0.77,0.0,0.02,0.79,1.27,0.87,5,2,11,2,16,3,15,4,1.09,0.65,1.53,Liverpool,LIV
True,True,0.0,0.0,510663,0,0,-1,1,-26.8,-2,"[{'offset': 0, 'projected_percent': '-27.2', 'likelihood': -2}, {'offset': 1, 'projected_percent': '-28.3', 'likelihood': -2}, {'offset': 2, 'projected_percent': '-29.3', 'likelihood': -2}]",,False,0,4,0.0,0.0,0,Hugo,0.0,380,False,Achilles injury - Unknown return date,2026-07-23T12:01:23.643771Z,7.4,510663.jpg,0.0,False,Ekitiké,0.1,False,,i,14,14,0,2626,354,11263,800,0.0,0.0,Ekitiké,,73.0,2025-07-23,2002-06-20,False,p510663,0,0,0,0,0,0,0,0,0,0,0,0,0,0.0,0.0,0.0,0.0,0,0,0,0,0,0.00,0.00,0.00,0.00,,,,,,,[],https://www.liverpoolfc.com/news/lfc-fitness-update-bajcetic-bradley-ekitike-endo-and-leoni?utm_source=premier-league-web&utm_medium=referral&utm_campaign=pl-referral-always-on&utm_content=injuries-flag&utm_term=injury-news,665,78,665,78,665,78,665,78,0.0,0.0,0.0,0.0,0.0,0.0,20,7,663,78,664,78,406,61,0.0,0.0,0.0,Liverpool,LIV
True,True,,,514514,0,0,0,0,-92.1,0,"[{'offset': 0, 'projected_percent': '-92.1', 'likelihood': -3}, {'offset': 1, 'projected_percent': '-92.1', 'likelihood': -3}, {'offset': 2, 'projected_percent': '-92.1', 'likelihood': -3}]",,False,0,3,0.7,0.7,1,Lewis,0.7,381,False,,,5.0,514514.jpg,1.0,False,Koumas,0.0,False,,a,14,14,3,828,149,1386,185,0.1,0.6,Koumas,,244.0,2026-08-22,2005-09-19,False,p514514,22,0,0,0,0,0,0,0,0,0,0,0,14,4.2,0.5,24.0,2.9,0,1,0,1,0,0.28,0.00,0.28,0.72,,,,,,,[],,368,172,373,186,172,93,323,150,1.15,0.0,0.0,1.15,2.95,0.0,310,186,299,139,354,159,543,222,0.0,0.0,4.09,Liverpool,LIV
True,True,100.0,100.0,500058,0,0,0,0,3.5,0,"[{'offset': 0, 'projected_percent': '3.5', 'likelihood': 1}, {'offset': 1, 'projected_percent': '3.5', 'likelihood': 1}, {'offset': 2, 'projected_percent': '3.5', 'likelihood': 1}]",,False,0,4,0.0,0.0,0,Jayden,0.0,382,False,,2026-07-23T12:01:23.659279Z,4.5,500058.jpg,0.0,False,Danns,0.2,False,,a,14,14,0,23166,3359,9585,2306,0.0,0.0,Danns,,241.0,2024-02-20,2006-01-16,False,p500058,0,0,0,0,0,0,0,0,0,0,0,0,0,0.0,0.0,0.0,0.0,0,0,0,0,0,0.00,0.00,0.00,0.00,,,,,,,[],,508,46,505,51,462,45,513,50,0.0,0.0,0.0,0.0,0.0,0.0,488,67,492,44,522,52,317,50,0.0,0.0,0.0,Liverpool,LIV
True,False,0.0,0.0,444884,0,0,-1,1,0.0,-1,"[{'offset': 0, 'projected_percent': '0.0', 'likelihood': 0}, {'offset': 1, 'projected_percent': '0.0', 'likelihood': 0}, {'offset': 2, 'projected_percent': '0.0', 'likelihood': 0}]",,False,0,3,0.0,0.0,0,Harvey,0.0,383,False,Has joined Valencia on loan for the rest of the season,2026-09-02T16:05:49.104326Z,5.4,444884.jpg,0.0,False,Elliott,0.0,False,,u,14,14,0,907,0,6140,220,0.0,0.0,Elliott,,241.0,2019-07-28,2003-04-04,False,p444884,0,0,0,0,0,0,0,0,0,0,0,0,0,0.0,0.0,0.0,0.0,0,0,0,0,0,0.00,0.00,0.00,0.00,,,,,,,[],,631,275,634,277,621,270,636,276,0.0,0.0,0.0,0.0,0.0,0.0,192,120,626,273,637,277,535,217,0.0,0.0,0.0,Liverpool,LIV
True,True,,,445087,0,0,-1,1,33.1,17,"[{'offset': 0, 'projected_percent': '33.2', 'likelihood': 2}, {'offset': 1, 'projected_percent': '33.5', 'likelihood': 2}, {'offset': 2, 'projected_percent': '33.7', 'likelihood': 2}]",,False,0,2,7.0,7.0,7,Ronald,7.0,579,False,,,5.4,445087.jpg,4.4,False,Araujo,3.0,False,,a,14,14,22,148027,16111,159779,10090,1.3,4.1,Araujo,,230.0,2026-08-10,1999-03-07,False,p445087,284,0,0,3,0,0,0,0,1,0,0,1,81,60.8,10.5,6.0,7.7,19,15,5,24,3,0.00,0.06,0.06,2.75,,,,,,,[],,162,69,275,99,290,103,239,89,0.0,0.0,0.02,0.02,0.87,0.0,193,25,17,8,74,34,103,38,0.95,0.95,7.61,Liverpool,LIV
True,True,,,482616,0,0,0,0,-66.6,17,"[{'offset': 0, 'projected_percent': '-66.0', 'likelihood': -3}, {'offset': 1, 'projected_percent': '-64.6', 'likelihood': -3}, {'offset': 2, 'projected_percent': '-63.2', 'likelihood': -3}]",,False,0,3,2.3,2.3,3,Bradley,2.3,627,False,,,8.0,482616.jpg,2.3,False,Barcola,1.9,False,,a,14,14,7,287370,9908,129499,18253,0.3,0.9,Barcola,,73.0,2026-08-31,2002-09-02,False,p482616,168,0,0,2,0,0,0,0,0,0,0,0,22,10.8,27.4,31.0,7.0,0,5,3,8,2,0.26,0.13,0.39,1.43,,,,,,,[],,321,144,192,110,153,81,254,113,0.14,0.0,0.07,0.21,0.77,0.0,9,6,178,79,205,88,130,38,1.07,1.07,4.29,Liverpool,LIV
True,True,,,448047,0,0,-1,1,1.2,20,"[{'offset': 0, 'projected_percent': '1.3', 'likelihood': 1}, {'offset': 1, 'projected_percent': '1.6', 'likelihood': 1}, {'offset': 2, 'projected_percent': '1.9', 'likelihood': 1}]",,False,0,3,3.0,3.0,7,Enzo,3.0,155,False,,,6.9,448047.jpg,3.2,False,Fernández,3.6,False,,a,15,43,13,171501,29834,320733,13824,0.4,1.9,Enzo,,10.0,2026-09-01,2001-01-17,False,p448047,271,1,0,2,3,0,0,0,1,0,0,0,73,63.8,72.8,42.0,17.8,6,12,3,21,3,0.35,0.53,0.88,5.35,4.0,,3.0,,,,[],,152,56,68,55,116,66,110,59,0.12,0.0,0.18,0.3,1.78,1.0,30,19,135,57,133,53,92,31,1.0,0.66,6.97,Man City,MCI
True,True,,,440993,-1,1,-2,2,-19.1,-29,"[{'offset': 0, 'projected_percent': '-19.3', 'likelihood': -1}, {'offset': 1, 'projected_percent': '-19.6', 'likelihood': -1}, {'offset': 2, 'projected_percent': '-20.0', 'likelihood': -2}]",,False,0,3,3.0,3.0,5,Iliman,3.0,237,False,,,5.8,440993.jpg,4.4,False,Ndiaye,6.7,False,,a,15,43,22,297610,6741,1134807,66804,0.5,3.8,Ndiaye,Iliman Ndiaye,189.0,2026-09-01,2000-03-06,False,p440993,385,0,2,2,4,0,0,0,0,0,0,1,110,77.8,102.6,80.0,26.1,10,26,8,44,4,0.38,0.58,0.96,9.42,,,,,,,[],,116,37,41,34,48,30,48,35,0.09,0.0,0.14,0.23,2.2,0.94,103,66,130,54,78,32,59,19,0.94,0.47,10.29,Man City,MCI
True,True,,,204936,0,0,0,0,-50.0,-13,"[{'offset': 0, 'projected_percent': '-50.2', 'likelihood': -3}, {'offset': 1, 'projected_percent': '-50.4', 'likelihood': -3}, {'offset': 2, 'projected_percent': '-50.7', 'likelihood': -3}]",,False,0,1,5.3,5.3,2,Gianluigi,5.3,384,False,,,5.5,204936.jpg,3.8,False,Donnarumma,7.6,False,,a,15,43,19,206542,10351,315268,29352,1.0,3.5,Donnarumma,,106.0,2025-09-01,1999-02-25,False,p204936,450,0,0,2,5,1,0,0,0,0,14,0,84,112.6,0.0,0.0,11.4,4,32,0,0,5,0.00,0.00,0.00,7.25,,,,,,,[],,54,11,645,73,632,72,194,12,0.0,2.8,0.0,0.0,1.45,1.0,135,4,38,3,105,10,51,8,1.0,0.4,0.0,Man City,MCI
True,True,,,122074,0,0,0,0,-85.1,0,"[{'offset': 0, 'projected_percent': '-85.1', 'likelihood': -3}, {'offset': 1, 'projected_percent': '-85.1', 'likelihood': -3}, {'offset': 2, 'projected_percent': '-85.1', 'likelihood': -3}]",,False,0,1,0.0,0.0,0,Marcus,0.0,386,False,,,4.5,122074.jpg,0.0,False,Bettinelli,0.0,False,,a,15,43,0,566,51,1122,86,0.0,0.0,Bettinelli,,241.0,2025-06-10,1992-05-24,False,p122074,0,0,0,0,0,0,0,0,0,0,0,0,0,0.0,0.0,0.0,0.0,0,0,0,0,0,0.00,0.00,0.00,0.00,,,,,,,[],,487,57,482,42,432,37,492,57,0.0,0.0,0.0,0.0,0.0,0.0,437,28,469,56,501,57,551,64,0.0,0.0,0.0,Man City,MCI
True,True,100.0,100.0,472769,-1,1,-2,2,-3.4,-34,"[{'offset': 0, 'projected_percent': '-3.6', 'likelihood': -1}, {'offset': 1, 'projected_percent': '-3.8', 'likelihood': -1}, {'offset': 2, 'projected_percent': '-4.1', 'likelihood': -1}]",,False,0,2,0.7,0.7,1,Nico,0.7,387,False,,2026-09-05T18:00:06.379802Z,6.3,472769.jpg,1.5,False,O'Reilly,10.9,False,,a,15,43,6,192453,5109,1205061,68550,0.1,1.0,O'Reilly,,241.0,2022-12-16,2005-03-21,False,p472769,163,0,0,0,2,0,0,0,0,0,0,0,22,17.8,39.5,33.0,9.0,2,9,3,5,2,0.87,0.43,1.30,2.10,,,,,,,[],,290,115,158,42,145,40,224,82,0.48,0.0,0.24,0.72,1.16,1.1,49,4,307,108,275,99,37,12,1.1,0.0,2.76,Man City,MCI
True,True,,,209036,0,0,0,0,63.8,-36,"[{'offset': 0, 'projected_percent': '63.6', 'likelihood': 3}, {'offset': 1, 'projected_percent': '63.1', 'likelihood': 3}, {'offset': 2, 'projected_percent': '62.6', 'likelihood': 3}]",,False,0,2,6.0,6.0,4,Marc,6.0,388,False,,,6.0,209036.jpg,6.0,False,Guéhi,18.2,False,,a,15,43,30,504736,22816,461031,49055,1.0,5.0,Guéhi,,241.0,2026-01-19,2000-07-13,False,p209036,450,1,1,2,5,0,0,0,0,0,0,4,114,146.0,56.6,41.0,24.3,26,19,3,29,5,0.95,0.39,1.34,7.25,,,,,,,[],,22,5,101,24,121,31,55,9,0.19,0.0,0.08,0.27,1.45,1.0,66,6,23,12,31,13,21,6,1.0,0.4,5.8,Man City,MCI
True,True,100.0,100.0,465351,0,0,-1,1,-32.8,0,"[{'offset': 0, 'projected_percent': '-32.8', 'likelihood': -2}, {'offset': 1, 'projected_percent': '-32.8', 'likelihood': -2}, {'offset': 2, 'projected_percent': '-32.8', 'likelihood': -2}]",,False,0,2,3.3,3.3,1,Matheus,3.3,389,False,,2026-08-27T11:30:08.171622Z,5.9,465351.jpg,3.7,False,Nunes,1.0,False,,a,15,43,11,14746,1591,73956,2815,0.6,1.9,Matheus N.,Matheus Nunes,173.0,2023-09-01,1998-08-27,False,p465351,213,0,0,1,3,0,0,0,0,0,0,1,38,60.0,6.3,4.0,7.0,18,10,3,21,2,0.00,0.06,0.06,4.67,,,,,4.0,,[],,165,70,293,106,312,116,253,96,0.0,0.0,0.03,0.03,1.97,1.27,89,9,103,40,109,45,182,68,0.85,0.42,8.87,Man City,MCI
True,True,,,171314,0,0,0,0,3.8,0,"[{'offset': 0, 'projected_percent': '3.8', 'likelihood': 1}, {'offset': 1, 'projected_percent': '3.8', 'likelihood': 1}, {'offset': 2, 'projected_percent': '3.8', 'likelihood': 1}]",,False,0,2,4.3,4.3,1,Rúben,4.3,390,False,,,5.5,171314.jpg,3.4,False,dos Santos Gato Alves Dias,1.9,False,,a,15,43,17,67082,4494,73623,8821,0.8,3.1,Rúben,Rúben Dias,173.0,2020-09-29,1997-05-14,False,p171314,450,0,0,2,5,0,0,0,0,0,0,0,72,94.2,47.3,46.0,18.7,25,16,1,26,5,0.29,0.74,1.03,7.25,,,,,,,[],,87,39,130,35,104,23,101,32,0.06,0.0,0.15,0.21,1.45,1.0,129,13,63,27,122,50,128,52,1.0,0.4,5.2,Man City,MCI
True,True,,,477424,0,0,2,-2,77.4,20,"[{'offset': 0, 'projected_percent': '77.5', 'likelihood': 3}, {'offset': 1, 'projected_percent': '77.8', 'likelihood': 3}, {'offset': 2, 'projected_percent': '78.1', 'likelihood': 3}]",,False,0,2,7.7,7.7,4,Joško,7.7,391,True,,,5.7,477424.jpg,7.4,False,Gvardiol,26.8,False,,a,15,43,37,1824686,142654,411541,51325,1.4,6.5,Gvardiol,,97.0,2023-08-05,2002-01-23,False,p477424,434,1,3,2,5,0,0,0,1,0,0,6,135,144.4,63.5,32.0,24.0,20,21,11,31,5,0.22,0.74,0.96,7.25,,,,,,,[],,26,8,88,17,148,43,57,10,0.05,0.0,0.15,0.2,1.5,1.04,114,12,9,4,9,4,11,3,1.04,0.41,6.43,Man City,MCI
True,True,,,448514,0,0,-2,2,-95.6,0,"[{'offset': 0, 'projected_percent': '-95.6', 'likelihood': -4}, {'offset': 1, 'projected_percent': '-95.6', 'likelihood': -4}, {'offset': 2, 'projected_percent': '-95.6', 'likelihood': -4}]",,False,0,2,0.0,0.0,0,Rayan,0.0,392,False,,,5.3,448514.jpg,0.0,False,Aït-Nouri,0.4,False,,a,15,43,0,7858,506,61517,2108,0.0,0.0,Aït-Nouri,,3.0,2025-06-09,2001-06-06,False,p448514,0,0,0,0,0,0,0,0,0,0,0,0,0,0.0,0.0,0.0,0.0,0,0,0,0,0,0.00,0.00,0.00,0.00,,,,,,,[],,623,214,629,214,609,211,629,214,0.0,0.0,0.0,0.0,0.0,0.0,223,31,616,212,632,213,266,99,0.0,0.0,0.0,Man City,MCI
True,True,,,578153,0,0,-1,1,-33.4,-5,"[{'offset': 0, 'projected_percent': '-33.6', 'likelihood': -2}, {'offset': 1, 'projected_percent': '-34.1', 'likelihood': -2}, {'offset': 2, 'projected_percent': '-34.6', 'likelihood': -2}]",,False,0,2,1.7,1.7,0,Abdukodir,1.7,393,False,,,5.4,578153.jpg,3.0,False,Khusanov,1.4,False,,a,15,43,9,26791,1355,80407,8761,0.3,1.7,Khusanov,,231.0,2025-01-20,2004-02-29,False,p578153,268,0,0,1,2,0,0,0,1,0,0,0,53,51.6,12.6,4.0,6.8,9,13,8,17,3,0.00,0.06,0.06,2.68,,,,,,,[],,188,78,260,95,311,115,256,97,0.0,0.0,0.02,0.02,0.9,0.67,211,29,221,82,148,62,158,64,1.01,0.34,5.71,Man City,MCI
True,False,0.0,0.0,494307,0,0,0,0,0.0,0,"[{'offset': 0, 'projected_percent': '0.0', 'likelihood': 0}, {'offset': 1, 'projected_percent': '0.0', 'likelihood': 0}, {'offset': 2, 'projected_percent': '0.0', 'likelihood': 0}]",,False,0,2,0.0,0.0,0,Max,0.0,394,False,Has joined Burnley on loan for the rest of the season,2026-08-18T14:11:56.324656Z,5.0,494307.jpg,0.0,False,Alleyne,0.0,False,,u,15,43,0,0,0,618,20,0.0,0.0,Alleyne,,241.0,2022-12-16,2005-07-21,False,p494307,0,0,0,0,0,0,0,0,0,0,0,0,0,0.0,0.0,0.0,0.0,0,0,0,0,0,0.00,0.00,0.00,0.00,,,,,,,[],,607,213,613,213,590,210,613,213,0.0,0.0,0.0,0.0,0.0,0.0,303,53,599,211,616,212,641,214,0.0,0.0,0.0,Man City,MCI
True,True,,,477064,0,0,-1,1,-63.5,-2,"[{'offset': 0, 'projected_percent': '-64.3', 'likelihood': -3}, {'offset': 1, 'projected_percent': '-66.1', 'likelihood': -3}, {'offset': 2, 'projected_percent': '-68.0', 'likelihood': -3}]",,False,0,2,0.0,0.0,0,Rico,0.0,395,False,,,4.4,477064.jpg,1.0,False,Lewis,0.2,False,,a,15,43,1,8248,292,16233,1167,0.0,0.2,Lewis,,241.0,2022-07-16,2004-11-21,False,p477064,56,0,0,0,1,0,0,0,0,0,0,0,-1,3.8,3.8,39.0,4.7,2,0,0,2,1,0.17,0.02,0.19,0.55,,,,,,,[],,371,138,316,113,125,33,297,110,0.27,0.0,0.03,0.3,0.88,1.61,565,149,452,176,315,119,332,124,1.61,0.0,3.21,Man City,MCI
True,True,,,616222,0,0,0,0,-80.4,0,"[{'offset': 0, 'projected_percent': '-80.4', 'likelihood': -3}, {'offset': 1, 'projected_percent': '-80.4', 'likelihood': -3}, {'offset': 2, 'projected_percent': '-80.4', 'likelihood': -3}]",,False,0,2,0.0,0.0,0,Vitor,0.0,396,False,,,4.5,616222.jpg,1.0,False,de Oliveira Nunes dos Reis,0.0,False,,a,15,43,1,550,70,1169,146,0.0,0.2,Vitor Reis,Vitor Reis,30.0,2025-01-21,2006-01-12,False,p616222,1,0,0,0,0,0,0,0,0,0,0,0,3,1.2,0.9,0.0,0.2,0,0,0,0,0,0.00,0.00,0.00,0.00,,,,,,,[],,393,144,359,132,492,194,398,143,0.0,0.0,0.0,0.0,0.0,0.0,525,132,521,197,323,125,524,184,0.0,0.0,0.0,Man City,MCI
True,True,75.0,,437730,0,0,-1,1,-19.0,-63,"[{'offset': 0, 'projected_percent': '-19.2', 'likelihood': -1}, {'offset': 1, 'projected_percent': '-19.5', 'likelihood': -1}, {'offset': 2, 'projected_percent': '-19.8', 'likelihood': -1}]",,False,1,3,6.5,8.7,17,Antoine,8.7,397,True,Ankle injury - 75% chance of playing,2026-09-24T12:00:09.848000Z,8.4,437730.jpg,6.6,False,Semenyo,15.4,False,,d,15,43,33,314745,123842,1203978,61278,1.0,3.9,Semenyo,,81.0,2026-01-09,2000-01-07,False,p437730,450,2,3,2,5,0,0,0,0,0,0,2,147,155.4,148.1,130.0,43.4,2,14,6,22,5,0.33,1.16,1.49,7.25,,,,,2.0,,[],,14,9,15,14,16,9,10,9,0.07,0.0,0.23,0.3,1.45,1.0,6,4,4,3,15,6,28,10,1.0,0.4,4.4,Man City,MCI
True,True,0.0,0.0,209244,0,0,-1,1,-46.2,-25,"[{'offset': 0, 'projected_percent': '-46.6', 'likelihood': -3}, {'offset': 1, 'projected_percent': '-47.3', 'likelihood': -3}, {'offset': 2, 'projected_percent': '-48.1', 'likelihood': -3}]",,False,0,3,0.0,0.0,0,Phil,-0.3,398,False,Suspended until 17 Oct,2026-09-13T17:00:09.433455Z,6.9,209244.jpg,2.2,False,Foden,1.8,False,,s,15,43,9,303447,201,565195,27473,0.0,1.3,Foden,,241.0,2016-12-05,2000-05-28,False,p209244,217,0,2,0,2,0,0,0,1,1,0,1,52,57.6,122.3,45.0,22.3,2,8,4,14,3,1.61,0.88,2.49,1.91,2.0,,2.0,,,,[],,170,66,29,25,107,61,69,43,0.67,0.0,0.36,1.03,0.79,0.83,29,18,667,298,221,98,133,40,1.24,0.0,5.81,Man City,MCI
True,True,,,466052,0,0,3,-3,-55.9,78,"[{'offset': 0, 'projected_percent': '-55.4', 'likelihood': -3}, {'offset': 1, 'projected_percent': '-54.2', 'likelihood': -3}, {'offset': 2, 'projected_percent': '-53.1', 'likelihood': -3}]",,False,1,3,4.0,4.0,8,Rayan,4.0,399,True,,,7.8,466052.jpg,6.8,False,Cherki,28.4,False,,a,15,43,34,2664947,117786,952678,85733,0.5,4.4,Cherki,,73.0,2025-06-10,2003-08-17,False,p466052,302,3,2,1,4,0,0,0,1,0,0,5,150,165.8,199.0,108.0,47.3,3,9,0,12,4,0.72,1.54,2.26,5.00,1.0,,1.0,,,,[],,6,3,4,4,30,17,4,4,0.21,0.0,0.46,0.67,1.49,1.19,13,9,84,33,14,5,9,5,1.19,0.3,3.58,Man City,MCI
True,True,100.0,75.0,248875,0,0,-1,1,0.2,10,"[{'offset': 0, 'projected_percent': '0.2', 'likelihood': 1}, {'offset': 1, 'projected_percent': '0.4', 'likelihood': 1}, {'offset': 2, 'projected_percent': '0.5', 'likelihood': 1}]",,False,0,3,0.3,0.2,1,Jérémy,0.3,400,False,,2026-08-18T17:00:08.385597Z,7.4,248875.jpg,1.0,False,Doku,0.7,False,,a,15,43,1,5536,4069,128034,1948,0.0,0.1,Doku,,21.0,2023-08-24,2002-05-27,False,p248875,15,0,0,0,0,0,0,0,0,0,0,0,7,3.6,13.8,5.0,2.2,1,1,0,2,0,0.23,0.32,0.55,0.42,,,,,3.0,,[],,373,175,252,132,299,156,345,163,1.38,0.0,1.92,3.3,2.52,0.0,19,12,359,173,400,193,215,67,0.0,0.0,12.0,Man City,MCI
True,False,0.0,0.0,220566,0,0,0,0,0.0,0,"[{'offset': 0, 'projected_percent': '0.0', 'likelihood': 0}, {'offset': 1, 'projected_percent': '0.0', 'likelihood': 0}, {'offset': 2, 'projected_percent': '0.0', 'likelihood': 0}]",,False,0,3,0.0,0.0,0,Rodrigo 'Rodri',0.0,402,False,Has joined Barcelona permanently,2026-07-23T12:01:23.675537Z,6.5,220566.jpg,0.0,False,Hernandez Cascante,0.0,False,,u,15,43,0,0,0,1227,23,0.0,0.0,Rodrigo,Rodri,200.0,2019-07-04,1996-06-22,False,p220566,0,0,0,0,0,0,0,0,0,0,0,0,0,0.0,0.0,0.0,0.0,0,0,0,0,0,0.00,0.00,0.00,0.00,,,,,,,[],,662,296,663,296,661,296,663,296,0.0,0.0,0.0,0.0,0.0,0.0,36,24,661,295,662,296,608,257,0.0,0.0,0.0,Man City,MCI
True,False,0.0,0.0,433036,0,0,0,0,0.0,-2,"[{'offset': 0, 'projected_percent': '0.0', 'likelihood': 0}, {'offset': 1, 'projected_percent': '0.0', 'likelihood': 0}, {'offset': 2, 'projected_percent': '0.0', 'likelihood': 0}]",,False,0,3,0.0,0.0,0,Tijjani,0.0,404,False,Has joined Al Qadsiah permanently,2026-08-20T14:02:58.154273Z,6.0,433036.jpg,0.0,False,Reijnders,0.0,False,,u,15,43,0,0,0,8181,96,0.0,0.0,Reijnders,,152.0,2025-06-10,1998-07-29,False,p433036,0,0,0,0,0,0,0,0,0,0,0,0,0,0.0,0.0,0.0,0.0,0,0,0,0,0,0.00,0.00,0.00,0.00,,,,,,,[],,657,292,660,293,654,291,660,293,0.0,0.0,0.0,0.0,0.0,0.0,70,48,657,292,659,293,528,211,0.0,0.0,0.0,Man City,MCI
True,True,,,91651,0,0,-1,1,-93.3,0,"[{'offset': 0, 'projected_percent': '-93.3', 'likelihood': -3}, {'offset': 1, 'projected_percent': '-93.3', 'likelihood': -3}, {'offset': 2, 'projected_percent': '-93.3', 'likelihood': -3}]",,False,0,3,0.0,0.0,0,Mateo,0.0,406,False,,,5.4,91651.jpg,1.0,False,Kovačić,0.1,False,,a,15,43,2,2242,100,6269,440,0.0,0.4,Kovačić,,97.0,2023-06-27,1994-05-06,False,p91651,42,0,0,0,0,0,0,0,0,0,0,0,12,4.2,5.2,0.0,0.9,0,2,0,2,0,0.00,0.02,0.02,0.10,,,,,,,[],,369,173,302,153,616,266,378,178,0.0,0.0,0.04,0.04,0.21,0.0,167,105,619,268,374,173,447,171,0.0,0.0,4.29,Man City,MCI
True,False,0.0,0.0,575204,0,0,-1,1,0.0,0,"[{'offset': 0, 'projected_percent': '0.0', 'likelihood': 0}, {'offset': 1, 'projected_percent': '0.0', 'likelihood': 0}, {'offset': 2, 'projected_percent': '0.0', 'likelihood': 0}]",,False,0,3,0.0,0.0,0,Claudio,0.0,407,False,Has joined Benfica on loan for the rest of the season,2026-09-03T15:41:24.710479Z,4.9,575204.jpg,0.0,False,Echeverri,0.0,False,,u,15,43,0,250,0,1340,51,0.0,0.0,Echeverri,,10.0,2024-01-25,2006-01-02,False,p575204,0,0,0,0,0,0,0,0,0,0,0,0,0,0.0,0.0,0.0,0.0,0,0,0,0,0,0.00,0.00,0.00,0.00,,,,,,,[],,582,246,581,251,551,231,588,248,0.0,0.0,0.0,0.0,0.0,0.0,395,239,572,240,591,251,616,261,0.0,0.0,0.0,Man City,MCI
True,False,0.0,0.0,155405,0,0,0,0,0.0,0,"[{'offset': 0, 'projected_percent': '0.0', 'likelihood': 0}, {'offset': 1, 'projected_percent': '0.0', 'likelihood': 0}, {'offset': 2, 'projected_percent': '0.0', 'likelihood': 0}]",,False,0,3,0.0,0.0,0,Kalvin,0.0,408,False,Has joined Sheffield United on loan for the rest of the season,2026-08-18T14:11:56.348781Z,5.0,155405.jpg,0.0,False,Phillips,0.0,False,,u,15,43,0,0,0,571,12,0.0,0.0,Phillips,,241.0,2022-07-04,1995-12-02,False,p155405,0,0,0,0,0,0,0,0,0,0,0,0,0,0.0,0.0,0.0,0.0,0,0,0,0,0,0.00,0.00,0.00,0.00,,,,,,,[],,587,249,587,254,563,239,593,251,0.0,0.0,0.0,0.0,0.0,0.0,248,154,578,244,596,254,640,276,0.0,0.0,0.0,Man City,MCI
True,False,0.0,0.0,590039,0,0,0,0,0.0,-1,"[{'offset': 0, 'projected_percent': '0.0', 'likelihood': 0}, {'offset': 1, 'projected_percent': '0.0', 'likelihood': 0}, {'offset': 2, 'projected_percent': '0.0', 'likelihood': 0}]",,False,0,3,0.0,0.0,0,Divine,0.0,409,False,has joined West Ham on loan for the rest of the seaon.,2026-09-03T10:34:10.733520Z,4.5,590039.jpg,0.0,False,Mukasa,0.1,False,,u,15,43,0,1621,0,12141,574,0.0,0.0,Mukasa,,241.0,2025-08-07,2007-08-22,False,p590039,0,0,0,0,0,0,0,0,0,0,0,0,0,0.0,0.0,0.0,0.0,0,0,0,0,0,0.00,0.00,0.00,0.00,,,,,,,[],,528,210,524,216,482,188,533,211,0.0,0.0,0.0,0.0,0.0,0.0,513,269,512,201,541,218,436,164,0.0,0.0,0.0,Man City,MCI
True,False,0.0,0.0,649208,0,0,-1,1,0.0,0,"[{'offset': 0, 'projected_percent': '0.0', 'likelihood': 0}, {'offset': 1, 'projected_percent': '0.0', 'likelihood': 0}, {'offset': 2, 'projected_percent': '0.0', 'likelihood': 0}]",,False,0,3,0.0,0.0,0,Jeremy,0.0,410,False,Has joined Swansea City on loan for the rest of the season,2026-09-02T16:02:01.136760Z,4.9,649208.jpg,0.0,False,Monga,0.0,False,,u,15,43,0,219,0,1269,49,0.0,0.0,Monga,,241.0,2026-07-11,2009-07-10,False,p649208,0,0,0,0,0,0,0,0,0,0,0,0,0,0.0,0.0,0.0,0.0,0,0,0,0,0,0.00,0.00,0.00,0.00,,,,,,,[],,584,247,583,252,558,237,590,249,0.0,0.0,0.0,0.0,0.0,0.0,403,246,575,242,593,252,622,265,0.0,0.0,0.0,Man City,MCI
True,True,,,223094,0,0,1,-1,21.8,48,"[{'offset': 0, 'projected_percent': '22.1', 'likelihood': 2}, {'offset': 1, 'projected_percent': '22.8', 'likelihood': 2}, {'offset': 2, 'projected_percent': '23.5', 'likelihood': 2}]",,False,2,4,8.0,8.0,6,Erling,8.0,411,True,,,15.6,223094.jpg,7.8,False,Haaland,73.8,False,,a,15,43,39,920626,75349,320414,18756,0.5,2.5,Haaland,,161.0,2022-07-01,2000-07-21,False,p223094,450,5,0,2,5,0,0,0,0,0,0,9,167,184.2,22.5,258.0,46.5,10,10,0,20,5,4.42,0.53,4.95,7.25,,,,,1.0,,[],,3,1,209,23,1,1,5,1,0.88,0.0,0.11,0.99,1.45,1.0,1,1,7,1,7,2,1,1,1.0,0.4,4.0,Man City,MCI
True,True,100.0,100.0,215379,0,0,-2,2,-40.2,-3,"[{'offset': 0, 'projected_percent': '-40.2', 'likelihood': -3}, {'offset': 1, 'projected_percent': '-40.3', 'likelihood': -3}, {'offset': 2, 'projected_percent': '-40.4', 'likelihood': -3}]",,False,0,3,3.3,3.3,2,Elliot,3.3,481,False,,2026-08-23T17:00:07.952697Z,6.3,215379.jpg,3.0,False,Anderson,4.0,False,,a,15,43,15,104978,7539,444804,26964,0.5,2.4,Anderson,,241.0,2026-07-02,2002-11-06,False,p215379,413,0,0,2,5,0,0,0,1,0,0,0,95,87.4,77.1,19.0,18.4,18,23,13,54,5,0.11,0.67,0.78,7.15,3.0,,,,,,[],,102,30,64,53,199,110,105,56,0.02,0.0,0.15,0.17,1.56,1.09,45,31,104,42,156,65,84,28,1.09,0.44,11.77,Man City,MCI
True,True,,,106921,0,0,0,0,-88.0,0,"[{'offset': 0, 'projected_percent': '-88.0', 'likelihood': -3}, {'offset': 1, 'projected_percent': '-88.0', 'likelihood': -3}, {'offset': 2, 'projected_percent': '-88.0', 'likelihood': -3}]",,False,0,1,0.0,0.0,0,Gerónimo,0.0,587,False,,,5.0,106921.jpg,0.0,False,Rulli,0.0,False,,a,15,43,0,601,69,1112,101,0.0,0.0,Rulli,,10.0,2026-08-12,1992-05-20,False,p106921,0,0,0,0,0,0,0,0,0,0,0,0,0,0.0,0.0,0.0,0.0,0,0,0,0,0,0.00,0.00,0.00,0.00,,,,,,,[],,585,71,585,63,561,62,591,71,0.0,0.0,0.0,0.0,0.0,0.0,243,7,576,71,594,71,568,66,0.0,0.0,0.0,Man City,MCI
True,True,,,637238,0,0,0,0,-30.8,0,"[{'offset': 0, 'projected_percent': '-30.8', 'likelihood': -2}, {'offset': 1, 'projected_percent': '-30.8', 'likelihood': -2}, {'offset': 2, 'projected_percent': '-30.8', 'likelihood': -2}]",,False,0,3,0.3,0.3,0,Ayyoub,0.3,616,False,,,5.5,637238.jpg,1.0,False,Bouaddi,0.2,False,,a,15,43,2,21016,817,13498,2059,0.1,0.4,Bouaddi,,145.0,2026-08-26,2007-10-02,False,p637238,22,0,0,0,0,0,0,0,0,0,0,0,8,13.0,4.8,0.0,1.8,3,3,0,6,0,0.00,0.12,0.12,0.37,,,,,,,[],,305,133,306,157,641,282,354,169,0.0,0.0,0.49,0.49,1.51,0.0,165,104,354,169,388,184,353,126,0.0,0.0,24.55,Man City,MCI
True,True,,,616288,0,0,0,0,-85.9,-2,"[{'offset': 0, 'projected_percent': '-87.3', 'likelihood': -3}, {'offset': 1, 'projected_percent': '-90.2', 'likelihood': -3}, {'offset': 2, 'projected_percent': '-93.1', 'likelihood': -3}]",,False,0,3,0.3,0.3,0,Ryan,0.3,621,False,,,4.5,616288.jpg,1.0,False,McAidoo,0.1,False,,a,15,43,2,11356,187,7080,1057,0.1,0.4,McAidoo,,241.0,2025-09-26,2008-06-24,False,p616288,11,0,0,0,0,0,0,0,0,0,0,0,8,5.2,0.5,3.0,0.8,0,2,2,4,0,0.10,0.00,0.10,0.02,,,,,,,[],,358,166,371,184,314,158,380,179,0.82,0.0,0.0,0.82,0.16,0.0,526,275,337,156,324,139,409,148,0.0,0.0,32.73,Man City,MCI
True,True,,,554054,0,0,0,0,-37.0,2,"[{'offset': 0, 'projected_percent': '-36.2', 'likelihood': -2}, {'offset': 1, 'projected_percent': '-34.3', 'likelihood': -2}, {'offset': 2, 'projected_percent': '-32.5', 'likelihood': -2}]",,False,0,2,0.0,0.0,0,Kaden,0.0,622,False,,,4.0,554054.jpg,1.0,False,Braithwaite,0.2,False,,a,15,43,1,16765,558,9157,1606,0.0,0.2,Braithwaite,,241.0,2024-09-23,2008-02-08,False,p554054,1,0,0,0,0,0,0,0,0,0,0,0,3,0.6,0.8,0.0,0.1,0,1,0,0,0,0.00,0.00,0.00,0.00,,,,,,,[],,399,145,361,133,387,153,403,145,0.0,0.0,0.0,0.0,0.0,0.0,644,195,429,159,303,110,355,134,0.0,0.0,0.0,Man City,MCI
True,True,,,624777,0,0,0,0,0.1,0,"[{'offset': 0, 'projected_percent': '0.1', 'likelihood': 1}, {'offset': 1, 'projected_percent': '0.1', 'likelihood': 1}, {'offset': 2, 'projected_percent': '0.1', 'likelihood': 1}]",,False,0,3,0.0,0.0,0,Allan,0.0,628,False,,,6.0,624777.jpg,0.0,False,Andrade Elias,0.0,False,,a,15,43,0,1176,213,678,157,0.0,0.0,Allan,Allan,30.0,2026-08-31,2004-04-19,False,p624777,0,0,0,0,0,0,0,0,0,0,0,0,0,0.0,0.0,0.0,0.0,0,0,0,0,0,0.00,0.00,0.00,0.00,,,,,,,[],,659,293,661,294,656,292,661,294,0.0,0.0,0.0,0.0,0.0,0.0,76,50,658,293,660,294,606,255,0.0,0.0,0.0,Man City,MCI
True,True,,,595480,0,0,0,0,-38.3,0,"[{'offset': 0, 'projected_percent': '-38.3', 'likelihood': -2}, {'offset': 1, 'projected_percent': '-38.3', 'likelihood': -2}, {'offset': 2, 'projected_percent': '-38.3', 'likelihood': -2}]",,False,0,3,0.0,0.0,0,Floyd,0.0,653,False,,,4.5,595480.jpg,0.0,False,Samba,0.0,False,,a,15,43,0,3886,237,2158,475,0.0,0.0,Samba,Floyd Samba,241.0,2026-02-13,2009-01-15,False,p595480,0,0,0,0,0,0,0,0,0,0,0,0,0,0.0,0.0,0.0,0.0,0,0,0,0,0,0.00,0.00,0.00,0.00,,,,,,,[],,531,212,527,218,485,190,536,213,0.0,0.0,0.0,0.0,0.0,0.0,516,271,515,203,544,220,520,207,0.0,0.0,0.0,Man City,MCI
True,True,100.0,100.0,166989,0,0,-2,2,-35.6,-2,"[{'offset': 0, 'projected_percent': '-35.7', 'likelihood': -2}, {'offset': 1, 'projected_percent': '-35.9', 'likelihood': -2}, {'offset': 2, 'projected_percent': '-36.1', 'likelihood': -2}]",,False,0,3,3.0,3.0,4,Youri,3.0,43,False,,2026-07-23T12:01:23.321726Z,5.8,166989.jpg,2.8,False,Tielemans,1.5,False,,a,16,1,14,44446,2999,161023,10399,0.5,2.4,Tielemans,,21.0,2026-07-14,1997-05-07,False,p166989,402,0,0,0,8,0,0,0,0,0,0,0,93,87.2,112.6,43.0,24.4,11,25,7,43,5,0.65,0.52,1.17,6.16,,,,,3.0,,[],,103,31,34,29,112,63,54,36,0.15,0.0,0.12,0.27,1.38,1.79,98,62,129,53,173,74,150,46,1.12,0.0,9.63,Man Utd,MUN
True,True,100.0,50.0,535301,0,0,-1,1,0.0,0,"[{'offset': 0, 'projected_percent': '0.0', 'likelihood': 0}, {'offset': 1, 'projected_percent': '0.0', 'likelihood': 0}, {'offset': 2, 'projected_percent': '0.0', 'likelihood': 0}]",,False,0,3,0.0,0.0,0,Carlos,0.0,131,False,,2026-08-06T16:00:10.997714Z,4.9,535301.jpg,0.0,False,Baleba,0.1,False,,a,16,1,0,6647,1208,14337,696,0.0,0.0,Baleba,,38.0,2026-08-25,2004-01-03,False,p535301,0,0,0,0,0,0,0,0,0,0,0,0,0,0.0,0.0,0.0,0.0,0,0,0,0,0,0.00,0.00,0.00,0.00,,,,,,,[],,576,240,576,246,544,224,582,242,0.0,0.0,0.0,0.0,0.0,0.0,387,231,568,236,587,247,384,141,0.0,0.0,0.0,Man Utd,MUN
True,True,,,532605,0,0,-2,2,-47.5,-4,"[{'offset': 0, 'projected_percent': '-48.0', 'likelihood': -3}, {'offset': 1, 'projected_percent': '-49.1', 'likelihood': -3}, {'offset': 2, 'projected_percent': '-50.1', 'likelihood': -3}]",,False,0,3,0.5,0.5,0,Andrey,0.5,162,False,,,4.8,532605.jpg,1.3,False,Nascimento dos Santos,0.6,False,,a,16,1,4,22204,1007,73406,4787,0.1,0.8,Andrey Santos,Andrey Santos,30.0,2026-07-13,2004-05-03,False,p532605,82,0,0,0,4,0,0,0,0,0,0,0,23,24.8,5.5,8.0,3.9,7,7,4,18,1,0.00,0.24,0.24,2.03,,,,,,,[],,267,112,299,150,269,138,309,140,0.0,0.0,0.26,0.26,2.23,4.39,418,255,315,147,281,127,237,74,1.1,0.0,19.76,Man Utd,MUN
True,True,75.0,100.0,59735,0,0,0,0,-22.0,-1,"[{'offset': 0, 'projected_percent': '-23.1', 'likelihood': -2}, {'offset': 1, 'projected_percent': '-25.6', 'likelihood': -2}, {'offset': 2, 'projected_percent': '-28.1', 'likelihood': -2}]",,False,0,1,0.0,0.0,0,Karl,0.0,325,False,Unspecified injury - 75% chance of playing,2026-09-21T13:30:08.885505Z,4.5,59735.jpg,0.0,False,Darlow,0.0,False,,d,16,1,0,1064,57,1587,206,0.0,0.0,Darlow,,244.0,2026-06-14,1990-10-08,False,p59735,0,0,0,0,0,0,0,0,0,0,0,0,0,0.0,0.0,0.0,0.0,0,0,0,0,0,0.00,0.00,0.00,0.00,,,,,,,[],https://www.manutd.com/en/news/darlow-mainoo-rashford-withdraw-from-international-duty,484,55,476,37,426,32,489,55,0.0,0.0,0.0,0.0,0.0,0.0,429,23,465,53,498,55,512,59,0.0,0.0,0.0,Man Utd,MUN
True,True,,,465247,0,0,-1,1,-16.3,-14,"[{'offset': 0, 'projected_percent': '-16.4', 'likelihood': -1}, {'offset': 1, 'projected_percent': '-16.6', 'likelihood': -1}, {'offset': 2, 'projected_percent': '-16.8', 'likelihood': -1}]",,False,0,1,2.5,2.5,4,Senne,2.5,412,False,,,4.9,465247.jpg,2.2,False,Lammens,9.9,False,,a,16,1,11,98634,6426,685691,47260,0.5,2.2,Lammens,,21.0,2025-09-01,2002-07-07,False,p465247,450,0,0,0,8,0,0,0,0,0,16,0,58,132.8,0.0,0.0,13.3,5,38,0,0,5,0.00,0.00,0.00,6.80,,,,,,,[],,29,5,571,60,538,58,167,5,0.0,3.2,0.0,0.0,1.36,1.6,372,20,154,15,212,16,39,6,1.0,0.0,0.0,Man Utd,MUN
True,False,0.0,0.0,451302,0,0,0,0,0.0,0,"[{'offset': 0, 'projected_percent': '0.0', 'likelihood': 0}, {'offset': 1, 'projected_percent': '0.0', 'likelihood': 0}, {'offset': 2, 'projected_percent': '0.0', 'likelihood': 0}]",,False,0,1,0.0,0.0,0,Altay,0.0,413,False,Has joined Celta Vigo on loan for the rest of the season,2026-08-10T14:02:28.608415Z,4.5,451302.jpg,0.0,False,Bayındır,0.0,False,,u,16,1,0,0,0,1145,35,0.0,0.0,Bayindir,,219.0,2023-09-01,1998-04-14,False,p451302,0,0,0,0,0,0,0,0,0,0,0,0,0,0.0,0.0,0.0,0.0,0,0,0,0,0,0.00,0.00,0.00,0.00,,,,,,,[],,503,64,499,50,453,45,508,64,0.0,0.0,0.0,0.0,0.0,0.0,475,36,487,63,517,64,604,71,0.0,0.0,0.0,Man Utd,MUN
True,True,0.0,0.0,21205,0,0,0,0,-34.8,0,"[{'offset': 0, 'projected_percent': '-34.8', 'likelihood': -2}, {'offset': 1, 'projected_percent': '-34.8', 'likelihood': -2}, {'offset': 2, 'projected_percent': '-34.8', 'likelihood': -2}]",,False,0,1,0.0,0.0,0,Tom,0.0,414,False,Hamstring injury - Unknown return date,2026-08-15T16:00:07.854151Z,4.0,21205.jpg,0.0,False,Heaton,0.1,False,,i,16,1,0,2106,188,3545,258,0.0,0.0,Heaton,,241.0,2021-07-02,1986-04-15,False,p21205,0,0,0,0,0,0,0,0,0,0,0,0,0,0.0,0.0,0.0,0.0,0,0,0,0,0,0.00,0.00,0.00,0.00,,,,,,,[],,410,25,398,6,342,1,414,25,0.0,0.0,0.0,0.0,0.0,0.0,587,49,384,23,424,25,443,50,0.0,0.0,0.0,Man Utd,MUN
True,True,75.0,,596777,0,0,-2,2,-55.7,-8,"[{'offset': 0, 'projected_percent': '-56.3', 'likelihood': -3}, {'offset': 1, 'projected_percent': '-57.5', 'likelihood': -3}, {'offset': 2, 'projected_percent': '-58.6', 'likelihood': -3}]",,False,0,3,1.9,2.5,4,Patrick,2.5,415,False,Hamstring injury - 75% chance of playing,2026-09-27T21:30:07.831640Z,5.8,596777.jpg,2.0,False,Dorgu,0.5,False,,d,16,1,10,13989,1019,97394,3857,0.4,1.7,Dorgu,,58.0,2025-02-02,2004-10-26,False,p596777,171,0,1,0,6,0,0,0,1,0,0,0,27,49.2,44.1,72.0,15.6,8,4,8,20,2,0.78,0.09,0.87,3.38,,,,,,,[],https://www.manutd.com/en/news/latest-on-dorgu-and-fernandes-fitness-28-sep-2026,197,84,141,89,60,37,129,69,0.41,0.0,0.05,0.46,1.78,3.16,111,71,160,70,240,106,245,80,1.05,0.0,10.53,Man Utd,MUN
True,True,0.0,0.0,209365,0,0,0,0,-94.1,0,"[{'offset': 0, 'projected_percent': '-94.1', 'likelihood': -3}, {'offset': 1, 'projected_percent': '-94.1', 'likelihood': -3}, {'offset': 2, 'projected_percent': '-94.1', 'likelihood': -3}]",,False,0,2,0.0,0.0,0,Matthijs,0.0,416,False,Back injury - Unknown return date,2026-07-23T12:01:23.690880Z,5.0,209365.jpg,0.0,False,de Ligt,0.0,False,,i,16,1,0,447,68,1548,125,0.0,0.0,De Ligt,,152.0,2024-08-13,1999-08-12,False,p209365,0,0,0,0,0,0,0,0,0,0,0,0,0,0.0,0.0,0.0,0.0,0,0,0,0,0,0.00,0.00,0.00,0.00,,,,,,,[],https://www.manutd.com/en/news/team-news-for-man-utd-hull-opener-aug-2026,589,209,591,208,568,205,595,209,0.0,0.0,0.0,0.0,0.0,0.0,259,38,580,207,598,208,562,190,0.0,0.0,0.0,Man Utd,MUN
True,True,,,216051,0,0,-1,1,-75.0,-5,"[{'offset': 0, 'projected_percent': '-75.2', 'likelihood': -3}, {'offset': 1, 'projected_percent': '-75.6', 'likelihood': -3}, {'offset': 2, 'projected_percent': '-76.0', 'likelihood': -3}]",,False,0,2,1.8,1.8,2,Diogo,1.8,417,False,,,4.9,216051.jpg,1.6,False,Dalot Teixeira,1.6,False,,a,16,1,8,25968,1189,135760,7265,0.4,1.6,Dalot,Diogo Dalot,173.0,2018-06-08,1999-03-18,False,p216051,346,0,0,0,4,0,0,0,1,0,0,0,46,43.6,107.7,49.0,20.2,10,21,6,16,4,0.24,0.23,0.47,4.70,,,,,,,[],,206,82,38,6,95,20,85,24,0.06,0.0,0.06,0.12,1.22,1.04,353,61,209,75,264,94,141,57,1.04,0.0,4.16,Man Utd,MUN
True,True,,,95658,-1,1,-2,2,-1.6,-19,"[{'offset': 0, 'projected_percent': '-1.7', 'likelihood': -1}, {'offset': 1, 'projected_percent': '-1.9', 'likelihood': -1}, {'offset': 2, 'projected_percent': '-2.1', 'likelihood': -1}]",,False,0,2,2.2,2.2,2,Harry,2.2,418,False,,,4.8,95658.jpg,2.0,False,Maguire,8.6,False,,a,16,1,10,138065,4107,1002948,73257,0.5,2.1,Maguire,,241.0,2019-08-05,1993-03-05,False,p95658,450,0,1,0,8,0,0,0,2,0,0,0,50,86.0,50.1,50.0,18.6,28,21,3,31,5,0.20,0.46,0.66,6.80,,,,,,,[],,104,47,119,30,92,18,102,33,0.04,0.0,0.09,0.13,1.36,1.6,405,73,181,69,226,87,44,15,1.0,0.0,6.2,Man Utd,MUN
True,True,100.0,100.0,221820,0,0,0,0,-94.1,-1,"[{'offset': 0, 'projected_percent': '-94.2', 'likelihood': -3}, {'offset': 1, 'projected_percent': '-94.3', 'likelihood': -3}, {'offset': 2, 'projected_percent': '-94.4', 'likelihood': -3}]",,False,0,2,1.5,1.5,0,Lisandro,1.5,419,False,,2026-07-24T20:00:10.337107Z,5.0,221820.jpg,1.5,False,Martínez,1.3,False,,a,16,1,6,36482,3556,67091,6238,0.3,1.2,Martinez,Lisandro Martínez,10.0,2022-07-17,1998-01-18,False,p221820,360,0,0,0,6,1,0,0,0,0,0,0,29,66.4,18.8,32.0,11.8,17,14,3,20,4,0.21,0.16,0.37,5.79,,,,,,,[],,142,64,221,75,147,42,184,66,0.05,0.0,0.04,0.09,1.45,1.5,267,42,231,86,272,98,161,65,1.0,0.0,5.0,Man Utd,MUN
True,True,,,550864,-1,1,-2,2,-10.2,0,"[{'offset': 0, 'projected_percent': '-10.2', 'likelihood': -1}, {'offset': 1, 'projected_percent': '-10.2', 'likelihood': -1}, {'offset': 2, 'projected_percent': '-10.2', 'likelihood': -1}]",,False,0,2,0.5,0.5,0,Leny,0.5,420,False,,,4.8,550864.jpg,1.0,False,Yoro,0.5,False,,a,16,1,2,5234,452,35954,2112,0.1,0.4,Yoro,,73.0,2024-07-19,2005-11-13,False,p550864,22,0,0,0,2,0,0,0,0,0,0,0,-1,7.8,2.4,2.0,1.3,3,1,2,5,0,0.00,0.02,0.02,1.09,,,,,,,[],,341,126,327,117,324,123,368,129,0.0,0.0,0.08,0.08,4.46,8.18,419,78,316,113,330,128,259,95,0.0,0.0,20.45,Man Utd,MUN
True,True,,,606745,0,0,-1,1,-98.9,-1,"[{'offset': 0, 'projected_percent': '-99.2', 'likelihood': -4}, {'offset': 1, 'projected_percent': '-99.9', 'likelihood': -4}, {'offset': 2, 'projected_percent': '-100.6', 'likelihood': -5}]",,False,0,2,0.0,0.0,0,Ayden,0.0,421,False,,,4.4,606745.jpg,1.0,False,Heaven,0.3,False,,a,16,1,1,5995,225,24006,1420,0.0,0.2,Heaven,,241.0,2025-02-01,2006-09-22,False,p606745,90,0,0,0,2,0,0,0,0,0,0,0,5,6.8,2.6,11.0,2.0,1,4,1,2,1,0.12,0.04,0.16,1.01,,,,,,,[],,348,128,325,116,246,84,348,122,0.12,0.0,0.04,0.16,1.01,2.0,576,153,462,179,316,120,305,112,1.0,0.0,2.0,Man Utd,MUN
True,True,,,230001,0,0,-1,1,-71.5,-4,"[{'offset': 0, 'projected_percent': '-71.9', 'likelihood': -3}, {'offset': 1, 'projected_percent': '-73.0', 'likelihood': -3}, {'offset': 2, 'projected_percent': '-74.1', 'likelihood': -3}]",,False,0,2,0.5,0.5,0,Noussair,0.5,422,False,,,4.4,230001.jpg,1.0,False,Mazraoui,0.5,False,,a,16,1,3,14341,557,40892,2805,0.1,0.7,Mazraoui,,145.0,2024-08-13,1997-11-14,False,p230001,97,0,0,0,4,0,0,0,0,0,0,0,6,21.0,31.2,11.0,6.4,4,3,2,6,1,0.22,0.06,0.28,2.08,,,,,,,[],,283,114,183,57,245,83,264,100,0.2,0.0,0.06,0.26,1.93,3.71,555,142,310,110,311,116,248,93,0.93,0.0,5.57,Man Utd,MUN
True,True,100.0,50.0,106760,-1,1,-2,2,-4.4,-23,"[{'offset': 0, 'projected_percent': '-4.5', 'likelihood': -1}, {'offset': 1, 'projected_percent': '-4.8', 'likelihood': -1}, {'offset': 2, 'projected_percent': '-5.0', 'likelihood': -1}]",,False,0,2,2.0,1.0,2,Luke,2.0,423,False,,2026-09-11T13:00:09.030120Z,4.3,106760.jpg,2.2,False,Shaw,7.7,False,,a,16,1,9,100901,3417,1306862,74933,0.5,2.1,Shaw,,241.0,2014-07-01,1995-07-12,False,p106760,335,0,1,0,5,0,0,0,1,0,0,0,54,92.6,91.6,17.0,20.1,17,7,6,23,4,0.03,0.58,0.61,4.63,3.0,,,,,,[],,90,41,48,8,206,62,87,26,0.01,0.0,0.16,0.17,1.24,1.34,579,154,186,70,206,82,48,17,1.07,0.0,6.18,Man Utd,MUN
True,True,,,577974,0,0,0,0,-44.1,0,"[{'offset': 0, 'projected_percent': '-44.1', 'likelihood': -3}, {'offset': 1, 'projected_percent': '-44.1', 'likelihood': -3}, {'offset': 2, 'projected_percent': '-44.1', 'likelihood': -3}]",,False,0,2,0.0,0.0,0,Harry,0.0,424,False,,,4.0,577974.jpg,0.0,False,Amass,0.2,False,,a,16,1,0,6307,405,8785,755,0.0,0.0,Amass,,241.0,2024-04-06,2007-03-16,False,p577974,0,0,0,0,0,0,0,0,0,0,0,0,0,0.0,0.0,0.0,0.0,0,0,0,0,0,0.00,0.00,0.00,0.00,,,,,,,[],,455,172,446,171,391,157,460,172,0.0,0.0,0.0,0.0,0.0,0.0,650,201,433,163,469,172,333,125,0.0,0.0,0.0,Man Utd,MUN
True,False,0.0,0.0,547676,0,0,0,0,0.0,-1,"[{'offset': 0, 'projected_percent': '0.0', 'likelihood': 0}, {'offset': 1, 'projected_percent': '0.0', 'likelihood': 0}, {'offset': 2, 'projected_percent': '0.0', 'likelihood': 0}]",,False,0,2,0.0,0.0,0,Tyler,0.0,425,False,Has joined Lausanne-Sport permanently,2026-08-18T14:12:31.904433Z,4.0,547676.jpg,0.0,False,Fredricson,0.0,False,,u,16,1,0,0,0,1315,47,0.0,0.0,Fredricson,,241.0,2022-09-07,2005-02-23,False,p547676,0,0,0,0,0,0,0,0,0,0,0,0,0,0.0,0.0,0.0,0.0,0,0,0,0,0,0.00,0.00,0.00,0.00,,,,,,,[],,448,165,439,164,383,149,453,165,0.0,0.0,0.0,0.0,0.0,0.0,640,191,425,155,462,165,602,203,0.0,0.0,0.0,Man Utd,MUN
True,True,,,141746,-1,1,-1,1,-1.0,-19,"[{'offset': 0, 'projected_percent': '-1.1', 'likelihood': -1}, {'offset': 1, 'projected_percent': '-1.1', 'likelihood': -1}, {'offset': 2, 'projected_percent': '-1.2', 'likelihood': -1}]",,False,1,3,7.2,7.2,2,Bruno,7.2,426,False,,,11.9,141746.jpg,6.2,False,Borges Fernandes,38.5,False,,a,16,1,31,652588,40988,1844905,191955,0.6,2.6,B.Fernandes,Bruno Fernandes,173.0,2020-01-30,1994-09-08,False,p141746,450,3,1,0,8,0,0,0,0,0,0,3,148,187.0,241.7,117.0,54.6,3,21,5,29,5,2.56,1.32,3.88,6.80,1.0,,1.0,,1.0,,[],,2,2,1,1,25,13,1,1,0.51,0.0,0.26,0.77,1.36,1.6,2,1,15,6,24,11,6,2,1.0,0.0,5.8,Man Utd,MUN
True,True,,,446008,0,0,-1,1,-73.5,-19,"[{'offset': 0, 'projected_percent': '-73.5', 'likelihood': -3}, {'offset': 1, 'projected_percent': '-73.7', 'likelihood': -3}, {'offset': 2, 'projected_percent': '-73.8', 'likelihood': -3}]",,False,0,3,5.8,5.8,2,Bryan,5.8,427,False,,,7.9,446008.jpg,5.0,False,Mbeumo,20.6,False,,a,16,1,25,461637,34658,2012682,126183,0.7,3.2,Mbeumo,,38.0,2025-07-21,1999-08-07,False,p446008,450,2,1,0,8,0,0,0,1,0,0,3,110,120.8,164.2,156.0,44.2,7,14,5,26,5,3.07,0.80,3.87,6.80,2.0,,2.0,,2.0,,[],,42,15,11,10,9,5,7,6,0.61,0.0,0.16,0.77,1.36,1.6,11,8,27,9,59,25,17,7,1.0,0.0,5.2,Man Utd,MUN
True,True,,,430871,0,0,-1,1,-93.1,21,"[{'offset': 0, 'projected_percent': '-92.8', 'likelihood': -3}, {'offset': 1, 'projected_percent': '-92.3', 'likelihood': -3}, {'offset': 2, 'projected_percent': '-91.7', 'likelihood': -3}]",,False,0,3,6.0,6.0,10,Matheus,6.0,428,False,,,7.9,430871.jpg,5.2,False,Santos Carneiro da Cunha,5.8,False,,a,16,1,26,94306,20560,508910,20879,0.8,3.3,Cunha,Matheus Cunha,30.0,2025-06-01,1999-05-27,False,p430871,407,1,2,1,5,0,0,0,0,0,0,4,95,73.0,111.5,114.0,30.0,1,9,3,13,5,0.63,0.83,1.46,5.44,,,,,,,[],,126,41,35,30,27,14,34,24,0.14,0.0,0.18,0.32,1.2,1.11,10,7,25,8,55,24,67,22,1.11,0.22,2.87,Man Utd,MUN
True,True,75.0,,176297,0,0,0,0,-79.3,-25,"[{'offset': 0, 'projected_percent': '-80.0', 'likelihood': -3}, {'offset': 1, 'projected_percent': '-81.4', 'likelihood': -3}, {'offset': 2, 'projected_percent': '-82.8', 'likelihood': -3}]",,False,0,3,1.7,2.2,2,Marcus,2.2,429,False,Unspecified injury - 75% chance of playing,2026-09-21T10:30:09.221479Z,7.0,176297.jpg,2.0,False,Rashford,1.5,False,,d,16,1,10,85126,4097,128039,16958,0.3,1.4,Rashford,,241.0,2015-07-01,1997-10-31,False,p176297,351,0,0,1,3,0,0,0,0,0,0,0,58,53.4,163.2,157.0,37.3,4,10,4,18,4,0.78,0.43,1.21,4.50,,,3.0,,,,[],https://www.manutd.com/en/news/carrick-reveals-rashford-picked-up-an-issue,179,71,12,11,8,4,14,12,0.2,0.0,0.11,0.31,1.15,0.77,25,16,185,82,244,108,152,47,1.03,0.26,4.62,Man Utd,MUN
True,True,100.0,100.0,184341,0,0,-1,1,0.1,0,"[{'offset': 0, 'projected_percent': '0.1', 'likelihood': 1}, {'offset': 1, 'projected_percent': '0.1', 'likelihood': 1}, {'offset': 2, 'projected_percent': '0.1', 'likelihood': 1}]",,False,0,3,0.2,0.2,1,Mason,0.2,430,False,,2026-08-15T16:00:07.879135Z,5.4,184341.jpg,1.0,False,Mount,0.0,False,,a,16,1,1,901,173,1971,195,0.0,0.2,Mount,,241.0,2023-07-05,1999-01-10,False,p184341,10,0,0,0,0,0,0,0,0,0,0,0,3,0.6,1.1,5.0,0.7,0,1,0,1,0,0.09,0.01,0.10,0.00,,,4.0,,,,[],,400,187,355,178,294,152,384,180,0.81,0.0,0.09,0.9,0.0,0.0,173,109,375,181,375,174,532,214,0.0,0.0,9.0,Man Utd,MUN
True,True,0.0,0.0,493250,0,0,-3,3,-16.2,0,"[{'offset': 0, 'projected_percent': '-16.2', 'likelihood': -1}, {'offset': 1, 'projected_percent': '-16.2', 'likelihood': -1}, {'offset': 2, 'projected_percent': '-16.2', 'likelihood': -1}]",,False,0,3,0.0,0.0,0,Amad,0.0,431,False,Unspecified injury - Unknown return date,2026-08-22T11:00:08.617283Z,5.7,493250.jpg,0.0,False,Diallo,0.3,False,,i,16,1,0,2160,118,123457,1736,0.0,0.0,Amad,,54.0,2021-01-07,2002-07-11,False,p493250,0,0,0,0,0,0,0,0,0,0,0,0,0,0.0,0.0,0.0,0.0,0,0,0,0,0,0.00,0.00,0.00,0.00,4.0,,,,,,[],https://www.manutd.com/en/news/team-news-for-ipswich-visit-30-august,646,285,652,287,642,283,651,286,0.0,0.0,0.0,0.0,0.0,0.0,116,74,643,284,651,287,294,101,0.0,0.0,0.0,Man Utd,MUN
True,True,75.0,,516895,0,0,0,0,13.8,-8,"[{'offset': 0, 'projected_percent': '13.7', 'likelihood': 1}, {'offset': 1, 'projected_percent': '13.6', 'likelihood': 1}, {'offset': 2, 'projected_percent': '13.5', 'likelihood': 1}]",,False,0,3,3.9,5.2,4,Kobbie,5.2,432,False,Unspecified injury - 75% chance of playing,2026-09-21T13:00:09.169862Z,5.5,516895.jpg,4.4,False,Mainoo,1.6,False,,d,16,1,22,94597,7503,66704,14427,0.9,4.0,Mainoo,,241.0,2022-10-15,2005-04-19,False,p516895,354,0,1,0,4,0,0,0,0,0,0,2,102,83.2,88.8,21.0,19.3,10,40,6,56,4,0.30,0.52,0.82,4.77,,,,,,,[],https://www.manutd.com/en/news/darlow-mainoo-rashford-withdraw-from-international-duty,109,34,53,43,186,99,95,51,0.08,0.0,0.13,0.21,1.21,1.02,155,96,43,13,76,30,144,44,1.02,0.0,14.24,Man Utd,MUN
True,True,0.0,0.0,232112,0,0,0,0,-66.5,0,"[{'offset': 0, 'projected_percent': '-66.5', 'likelihood': -3}, {'offset': 1, 'projected_percent': '-66.5', 'likelihood': -3}, {'offset': 2, 'projected_percent': '-66.5', 'likelihood': -3}]",,False,0,3,0.0,0.0,0,Manuel,0.0,433,False,Knee injury - Unknown return date,2026-07-23T12:01:23.706702Z,5.0,232112.jpg,0.0,False,Ugarte Ribeiro,0.0,False,,i,16,1,0,118,22,263,23,0.0,0.0,Ugarte,,230.0,2024-08-30,2001-04-11,False,p232112,0,0,0,0,0,0,0,0,0,0,0,0,0,0.0,0.0,0.0,0.0,0,0,0,0,0,0.00,0.00,0.00,0.00,,,,,,,[],https://www.manutd.com/en/news/an-official-update-on-manuel-ugarte,595,253,597,258,574,244,601,255,0.0,0.0,0.0,0.0,0.0,0.0,272,167,586,248,604,258,643,278,0.0,0.0,0.0,Man Utd,MUN
True,True,,,547037,0,0,-1,1,-38.8,0,"[{'offset': 0, 'projected_percent': '-38.8', 'likelihood': -2}, {'offset': 1, 'projected_percent': '-38.8', 'likelihood': -2}, {'offset': 2, 'projected_percent': '-38.8', 'likelihood': -2}]",,False,0,3,0.0,0.0,0,Jack,0.0,434,False,,,4.9,547037.jpg,0.0,False,Fletcher,0.0,False,,a,16,1,0,321,41,705,57,0.0,0.0,J.Fletcher,Jack Fletcher,241.0,2024-07-12,2007-03-19,False,p547037,0,0,0,0,0,0,0,0,0,0,0,0,0,0.0,0.0,0.0,0.0,0,0,0,0,0,0.00,0.00,0.00,0.00,,,,,,,[],,579,243,579,249,547,227,585,245,0.0,0.0,0.0,0.0,0.0,0.0,390,234,571,239,590,250,605,254,0.0,0.0,0.0,Man Utd,MUN
True,True,,,576628,0,0,-1,1,-5.2,0,"[{'offset': 0, 'projected_percent': '-5.2', 'likelihood': -1}, {'offset': 1, 'projected_percent': '-5.2', 'likelihood': -1}, {'offset': 2, 'projected_percent': '-5.2', 'likelihood': -1}]",,False,0,3,0.0,0.0,0,Shea,0.0,435,False,,,4.9,576628.jpg,1.0,False,Lacey,0.1,False,,a,16,1,1,1719,366,3309,344,0.0,0.2,Lacey,,241.0,2025-05-26,2007-04-14,False,p576628,10,0,0,0,0,0,0,0,0,0,0,0,3,0.2,0.6,0.0,0.1,0,1,0,1,0,0.00,0.00,0.00,0.00,,,,,,,[],,405,191,368,183,552,232,404,189,0.0,0.0,0.0,0.0,0.0,0.0,396,240,573,241,346,154,488,190,0.0,0.0,9.0,Man Utd,MUN
True,False,0.0,0.0,490881,0,0,0,0,0.0,0,"[{'offset': 0, 'projected_percent': '0.0', 'likelihood': 0}, {'offset': 1, 'projected_percent': '0.0', 'likelihood': 0}, {'offset': 2, 'projected_percent': '0.0', 'likelihood': 0}]",,False,0,3,0.0,0.0,0,Toby,0.0,436,False,Has joined West Brom permanently,2026-09-01T13:16:48.584385Z,5.0,490881.jpg,0.0,False,Collyer,0.0,False,,u,16,1,0,150,0,1051,44,0.0,0.0,Collyer,,241.0,2023-07-01,2004-01-03,False,p490881,0,0,0,0,0,0,0,0,0,0,0,0,0,0.0,0.0,0.0,0.0,0,0,0,0,0,0.00,0.00,0.00,0.00,,,,,,,[],,604,258,610,263,587,249,610,260,0.0,0.0,0.0,0.0,0.0,0.0,298,179,596,254,613,263,609,258,0.0,0.0,0.0,Man Utd,MUN
True,True,,,576620,-1,1,-1,1,0.0,-2,"[{'offset': 0, 'projected_percent': '0.0', 'likelihood': 0}, {'offset': 1, 'projected_percent': '-1.0', 'likelihood': -1}, {'offset': 2, 'projected_percent': '-2.1', 'likelihood': -1}]",,False,0,3,0.0,0.0,0,Bendito,0.0,437,False,,,4.4,576620.jpg,0.0,False,Mantato,0.2,False,,a,16,1,0,5048,384,9608,827,0.0,0.0,Bendito Mantato,,,,,False,p576620,0,0,0,0,0,0,0,0,0,0,0,0,0,0.0,0.0,0.0,0.0,0,0,0,0,0,0.00,0.00,0.00,0.00,,,,,,,[],,481,198,473,204,423,176,486,199,0.0,0.0,0.0,0.0,0.0,0.0,575,296,461,189,495,206,356,128,0.0,0.0,0.0,Man Utd,MUN
True,True,,,519913,0,0,-1,1,0.4,0,"[{'offset': 0, 'projected_percent': '0.4', 'likelihood': 1}, {'offset': 1, 'projected_percent': '0.4', 'likelihood': 1}, {'offset': 2, 'projected_percent': '0.4', 'likelihood': 1}]",,False,0,3,0.0,0.0,0,Tyler,0.0,438,False,,,4.4,519913.jpg,0.0,False,Fletcher,0.3,False,,a,16,1,0,10583,2514,16822,2053,0.0,0.0,Fletcher,Tyler Fletcher,243.0,2025-05-26,2007-03-19,False,p519913,0,0,0,0,0,0,0,0,0,0,0,0,0,0.0,0.0,0.0,0.0,0,0,0,0,0,0.00,0.00,0.00,0.00,,,,,,,[],,477,197,469,203,419,175,482,198,0.0,0.0,0.0,0.0,0.0,0.0,571,295,457,188,491,205,282,95,0.0,0.0,0.0,Man Utd,MUN
True,True,75.0,100.0,485711,0,0,0,0,-39.0,-18,"[{'offset': 0, 'projected_percent': '-39.4', 'likelihood': -2}, {'offset': 1, 'projected_percent': '-40.3', 'likelihood': -3}, {'offset': 2, 'projected_percent': '-41.2', 'likelihood': -3}]",,False,0,4,1.4,1.8,0,Benjamin,1.8,439,False,Shin injury - 75% chance of playing,2026-09-20T19:30:08.505755Z,7.0,485711.jpg,2.0,False,Sesko,1.6,False,,d,16,1,8,103987,6548,132945,23272,0.3,1.1,Šeško,,195.0,2025-08-09,2003-05-31,False,p485711,76,1,0,0,3,0,0,0,0,0,0,0,39,34.6,11.9,36.0,8.2,0,5,0,5,0,0.39,0.01,0.40,2.00,,,,,,,[],https://www.manutd.com/en/news/sesko-withdraws-from-slovenia-squad,239,21,266,33,137,27,235,24,0.46,0.0,0.01,0.47,2.37,3.55,28,10,214,23,246,28,142,22,0.0,0.0,5.92,Man Utd,MUN
True,True,,,458249,-1,1,-2,2,-8.0,-2,"[{'offset': 0, 'projected_percent': '-8.3', 'likelihood': -1}, {'offset': 1, 'projected_percent': '-8.8', 'likelihood': -1}, {'offset': 2, 'projected_percent': '-9.3', 'likelihood': -1}]",,False,0,4,0.5,0.5,1,Joshua,0.5,440,False,,,5.3,458249.jpg,1.0,False,Zirkzee,0.4,False,,a,16,1,2,15725,1845,43592,3039,0.1,0.4,Zirkzee,,152.0,2024-07-17,2001-05-22,False,p458249,20,0,0,0,0,0,0,0,0,0,0,0,8,7.6,14.9,0.0,2.2,2,2,0,4,0,0.00,0.01,0.01,0.02,,,,,,,[],,343,35,239,27,610,68,343,39,0.0,0.0,0.04,0.04,0.09,0.0,224,49,321,35,364,40,267,46,0.0,0.0,18.0,Man Utd,MUN
True,False,0.0,0.0,596047,0,0,0,0,0.0,-8,"[{'offset': 0, 'projected_percent': '0.0', 'likelihood': 0}, {'offset': 1, 'projected_percent': '0.0', 'likelihood': 0}, {'offset': 2, 'projected_percent': '0.0', 'likelihood': 0}]",,False,0,4,0.0,0.0,0,Chido,0.0,441,False,Has joined Willem II on loan for the rest of the season,2026-09-14T16:12:42.090874Z,4.5,596047.jpg,0.0,False,Obi,0.9,False,,u,16,1,0,45543,0,73928,10986,0.0,0.0,Obi,,58.0,2025-02-15,2007-11-29,False,p596047,0,0,0,0,0,0,0,0,0,0,0,0,0,0.0,0.0,0.0,0.0,0,0,0,0,0,0.00,0.00,0.00,0.00,,,,,,,[],,532,54,528,58,486,53,537,58,0.0,0.0,0.0,0.0,0.0,0.0,517,75,516,52,545,59,187,29,0.0,0.0,0.0,Man Utd,MUN
True,True,100.0,0.0,465694,0,0,0,0,0.8,0,"[{'offset': 0, 'projected_percent': '0.8', 'likelihood': 1}, {'offset': 1, 'projected_percent': '0.8', 'likelihood': 1}, {'offset': 2, 'projected_percent': '0.8', 'likelihood': 1}]",,False,0,3,1.0,0.0,0,Nico,1.0,405,False,,2026-09-14T21:30:07.343728Z,5.5,465694.jpg,1.7,False,González Iglesias,0.2,False,,a,17,4,5,18036,573,16973,1804,0.2,0.9,N.Gonzalez,,200.0,2026-08-26,2002-01-03,False,p465694,164,0,0,1,2,0,0,0,1,0,0,0,23,13.4,42.0,2.0,5.8,3,9,0,12,3,0.00,0.21,0.21,2.34,,,,,,,[],,304,132,149,95,334,167,276,123,0.0,0.0,0.12,0.12,1.28,1.1,148,90,268,122,262,116,335,118,1.65,0.55,6.59,Newcastle,NEW
True,True,,,98747,0,0,-1,1,-43.0,-2,"[{'offset': 0, 'projected_percent': '-43.2', 'likelihood': -3}, {'offset': 1, 'projected_percent': '-43.5', 'likelihood': -3}, {'offset': 2, 'projected_percent': '-43.8', 'likelihood': -3}]",,False,0,1,0.0,0.0,0,Nick,0.0,442,False,,,4.9,98747.jpg,0.0,False,Pope,0.9,False,,a,17,4,0,13325,832,53754,3031,0.0,0.0,Pope,,241.0,2022-06-23,1992-04-19,False,p98747,0,0,0,0,0,0,0,0,0,0,0,0,0,0.0,0.0,0.0,0.0,0,0,0,0,0,0.00,0.00,0.00,0.00,,,,,,,[],,558,67,555,55,519,53,563,67,0.0,0.0,0.0,0.0,0.0,0.0,338,15,545,66,570,67,185,29,0.0,0.0,0.0,Newcastle,NEW
True,True,,,81441,0,0,0,0,-37.7,0,"[{'offset': 0, 'projected_percent': '-37.7', 'likelihood': -2}, {'offset': 1, 'projected_percent': '-37.7', 'likelihood': -2}, {'offset': 2, 'projected_percent': '-37.7', 'likelihood': -2}]",,False,0,1,0.0,0.0,0,Mark,0.0,443,False,,,4.5,81441.jpg,0.0,False,Gillespie,0.0,False,,a,17,4,0,767,42,1205,85,0.0,0.0,Gillespie,,241.0,2020-07-27,1992-03-27,False,p81441,0,0,0,0,0,0,0,0,0,0,0,0,0,0.0,0.0,0.0,0.0,0,0,0,0,0,0.00,0.00,0.00,0.00,,,,,,,[],,485,56,479,40,429,35,490,56,0.0,0.0,0.0,0.0,0.0,0.0,432,26,467,55,499,56,530,62,0.0,0.0,0.0,Newcastle,NEW
True,True,50.0,50.0,554578,-1,1,-1,1,-6.3,0,"[{'offset': 0, 'projected_percent': '-6.3', 'likelihood': -1}, {'offset': 1, 'projected_percent': '-6.3', 'likelihood': -1}, {'offset': 2, 'projected_percent': '-6.3', 'likelihood': -1}]",,False,0,1,0.0,0.0,0,Ewen,0.0,444,False,Ankle injury - 50% chance of playing,2026-09-10T16:00:09.127466Z,4.4,554578.jpg,0.0,False,Jaouen,0.0,False,,d,17,4,0,452,19,1519,114,0.0,0.0,Jaouen,,73.0,2026-06-15,2005-12-29,False,p554578,0,0,0,0,0,0,0,0,0,0,0,0,0,0.0,0.0,0.0,0.0,0,0,0,0,0,0.00,0.00,0.00,0.00,,,,,,,[],https://www.newcastleunited.com/en/video/1001979?utm_source=premier-league-web&utm_medium=referral&utm_campaign=pl-referral-always-on&utm_term=injury-news,479,54,471,36,421,31,484,54,0.0,0.0,0.0,0.0,0.0,0.0,573,48,459,52,493,54,570,67,0.0,0.0,0.0,Newcastle,NEW
True,True,,,465642,0,0,0,0,17.4,-1,"[{'offset': 0, 'projected_percent': '17.4', 'likelihood': 1}, {'offset': 1, 'projected_percent': '17.4', 'likelihood': 1}, {'offset': 2, 'projected_percent': '17.4', 'likelihood': 1}]",,False,0,2,1.7,1.7,4,Malick,1.7,445,False,,,5.0,465642.jpg,2.8,False,Thiaw,2.2,False,,a,17,4,14,177525,8224,122600,9589,0.3,2.8,Thiaw,,80.0,2025-08-12,2001-08-08,False,p465642,450,0,0,1,9,1,0,0,0,0,0,0,32,106.2,16.3,4.0,12.7,45,10,0,45,5,0.00,0.08,0.08,9.14,,,,,,,[],,64,28,233,81,309,113,174,62,0.0,0.0,0.02,0.02,1.83,1.8,286,47,218,79,166,69,123,49,1.0,0.2,9.0,Newcastle,NEW
True,True,100.0,100.0,119471,0,0,-1,1,-11.0,0,"[{'offset': 0, 'projected_percent': '-11.0', 'likelihood': -1}, {'offset': 1, 'projected_percent': '-11.0', 'likelihood': -1}, {'offset': 2, 'projected_percent': '-11.0', 'likelihood': -1}]",,False,0,2,0.3,0.3,1,Fabian,0.3,446,False,,2026-08-15T16:30:07.209742Z,4.9,119471.jpg,1.0,False,Schär,0.2,False,,a,17,4,2,7043,532,13829,883,0.1,0.4,Schär,,207.0,2018-07-26,1991-12-20,False,p119471,25,0,0,0,2,0,0,0,0,0,0,0,0,25.0,10.5,0.0,3.6,7,0,0,7,0,0.00,0.01,0.01,1.87,,,2.0,,,,[],,266,108,273,98,521,200,314,117,0.0,0.0,0.04,0.04,6.73,7.2,340,58,339,122,332,129,326,121,0.0,0.0,25.2,Newcastle,NEW
True,True,,,220237,0,0,0,0,9.5,5,"[{'offset': 0, 'projected_percent': '9.5', 'likelihood': 1}, {'offset': 1, 'projected_percent': '9.6', 'likelihood': 1}, {'offset': 2, 'projected_percent': '9.7', 'likelihood': 1}]",,False,0,2,2.3,2.3,4,Sven,2.3,447,False,,,5.0,220237.jpg,3.0,False,Botman,0.7,False,,a,17,4,15,47244,4570,28155,2861,0.5,3.0,Botman,,152.0,2022-06-28,2000-01-12,False,p220237,450,0,0,1,9,0,0,0,1,0,0,0,43,136.0,4.1,23.0,16.4,54,14,5,59,5,0.06,0.17,0.23,9.14,,,,,,,[],,27,9,315,112,174,52,118,39,0.01,0.0,0.03,0.04,1.83,1.8,264,40,168,62,140,60,211,82,1.0,0.2,11.8,Newcastle,NEW
True,True,0.0,0.0,78916,-1,1,-2,2,-3.5,-2,"[{'offset': 0, 'projected_percent': '-3.5', 'likelihood': -1}, {'offset': 1, 'projected_percent': '-3.6', 'likelihood': -1}, {'offset': 2, 'projected_percent': '-3.7', 'likelihood': -1}]",,False,0,2,0.0,0.0,0,Dan,0.0,448,False,Ankle injury - Expected back 12 Oct,2026-08-23T18:00:08.367241Z,4.8,78916.jpg,0.0,False,Burn,0.7,False,,i,17,4,0,7318,103,160514,5606,0.0,0.0,Burn,,241.0,2022-01-31,1992-05-09,False,p78916,0,0,0,0,0,0,0,0,0,0,0,0,0,0.0,0.0,0.0,0.0,0,0,0,0,0,0.00,0.00,0.00,0.00,,,,,,,[],https://www.newcastleunited.com/en/news/confimed-line-up-opening-day-debuts-for-hornicek-dedic-and-steur-against-liverpool,550,202,547,201,508,196,555,202,0.0,0.0,0.0,0.0,0.0,0.0,404,72,535,199,563,202,210,81,0.0,0.0,0.0,Newcastle,NEW
True,True,,,487838,1,-1,3,-3,6.3,85,"[{'offset': 0, 'projected_percent': '6.5', 'likelihood': 1}, {'offset': 1, 'projected_percent': '7.0', 'likelihood': 1}, {'offset': 2, 'projected_percent': '7.5', 'likelihood': 1}]",,False,2,2,5.7,5.7,13,Lewis,5.7,449,False,,,5.3,487838.jpg,6.2,False,Hall,17.3,False,,a,17,4,31,1652922,239420,346977,19144,1.1,5.8,Hall,,241.0,2024-07-01,2004-09-08,False,p487838,449,1,1,1,9,0,0,0,0,0,0,6,127,175.6,89.0,38.0,30.2,33,38,13,46,5,0.25,0.79,1.04,9.12,1.0,,1.0,,,,[],,4,1,52,9,129,36,33,4,0.05,0.0,0.16,0.21,1.83,1.8,229,32,31,16,22,9,23,7,1.0,0.2,9.22,Newcastle,NEW
True,True,75.0,100.0,441191,0,0,-1,1,1.5,0,"[{'offset': 0, 'projected_percent': '1.5', 'likelihood': 1}, {'offset': 1, 'projected_percent': '1.5', 'likelihood': 1}, {'offset': 2, 'projected_percent': '1.5', 'likelihood': 1}]",,False,0,2,1.0,1.3,0,Tino,1.3,450,False,Unspecified injury - 75% chance of playing,2026-09-19T14:00:09.046677Z,4.9,441191.jpg,2.0,False,Livramento,0.1,False,,d,17,4,4,10229,433,5888,1448,0.3,0.8,Livramento,,241.0,2023-08-08,2002-11-12,False,p441191,33,0,1,0,1,0,0,0,1,0,0,0,12,5.0,3.8,4.0,1.3,1,4,2,3,0,0.00,0.01,0.01,0.18,,,,,,,[],,360,135,317,114,306,111,369,130,0.0,0.0,0.03,0.03,0.49,2.73,365,65,238,88,229,88,415,152,0.0,0.0,8.18,Newcastle,NEW
True,False,0.0,0.0,545477,0,0,0,0,0.0,-1,"[{'offset': 0, 'projected_percent': '0.0', 'likelihood': 0}, {'offset': 1, 'projected_percent': '0.0', 'likelihood': 0}, {'offset': 2, 'projected_percent': '0.0', 'likelihood': 0}]",,False,0,2,0.0,0.0,0,Alex,0.0,451,False,Has joined FC Kaiserslautern on loan for the rest of the season,2026-08-12T14:05:29.224600Z,4.0,545477.jpg,0.0,False,Murphy,0.1,False,,u,17,4,0,0,0,6931,280,0.0,0.0,A.Murphy,,104.0,2023-07-19,2004-06-25,False,p545477,0,0,0,0,0,0,0,0,0,0,0,0,0,0.0,0.0,0.0,0.0,0,0,0,0,0,0.00,0.00,0.00,0.00,,,,,,,[],,447,164,438,163,382,148,452,164,0.0,0.0,0.0,0.0,0.0,0.0,639,190,424,154,461,164,489,175,0.0,0.0,0.0,Newcastle,NEW
True,True,,,201666,1,-1,1,-1,15.0,58,"[{'offset': 0, 'projected_percent': '15.2', 'likelihood': 1}, {'offset': 1, 'projected_percent': '15.5', 'likelihood': 1}, {'offset': 2, 'projected_percent': '15.8', 'likelihood': 1}]",,False,1,3,7.7,7.7,9,Harvey,7.7,453,False,,,6.1,201666.jpg,5.6,False,Barnes,5.6,False,,a,17,4,28,624880,153777,148534,16626,1.3,4.6,Barnes,,241.0,2023-07-23,1997-12-09,False,p201666,450,1,3,1,9,0,0,0,0,0,0,3,105,105.2,80.9,96.0,28.2,14,16,3,33,5,0.62,0.48,1.10,9.14,3.0,,,,,,[],,67,22,62,51,39,22,39,28,0.12,0.0,0.1,0.22,1.83,1.8,62,43,10,4,41,20,70,24,1.0,0.2,6.6,Newcastle,NEW
True,True,0.0,0.0,449434,-1,1,1,-1,-38.3,-90,"[{'offset': 0, 'projected_percent': '-38.6', 'likelihood': -2}, {'offset': 1, 'projected_percent': '-39.2', 'likelihood': -2}, {'offset': 2, 'projected_percent': '-39.8', 'likelihood': -2}]",,False,0,3,0.0,0.0,0,Anthony,0.3,454,False,Unspecified injury - Unknown return date,2026-09-14T20:00:09.505598Z,6.1,449434.jpg,6.0,False,Elanga,4.6,False,,i,17,4,18,1286151,314,1083443,163482,0.0,3.0,Elanga,,206.0,2025-07-11,2002-04-27,False,p449434,232,2,0,1,3,0,0,0,1,0,0,2,71,82.6,50.6,61.0,19.4,2,3,4,9,3,0.42,0.34,0.76,4.01,2.0,,,,,,[],https://www.newcastleunited.com/en/news/matthias-jaissles-team-news-update-elanga-latest-ahead-of-hull-visit,113,35,115,77,71,43,94,50,0.16,0.0,0.13,0.29,1.56,1.16,63,44,357,171,33,15,78,27,1.16,0.39,3.49,Newcastle,NEW
True,True,0.0,0.0,232653,0,0,-1,1,-88.8,-4,"[{'offset': 0, 'projected_percent': '-89.2', 'likelihood': -3}, {'offset': 1, 'projected_percent': '-90.0', 'likelihood': -3}, {'offset': 2, 'projected_percent': '-90.8', 'likelihood': -3}]",,False,0,3,0.0,0.0,0,Jacob,2.0,456,False,Thigh injury - Unknown return date,2026-09-15T09:00:08.191022Z,4.9,232653.jpg,2.3,False,Ramsey,0.2,False,,i,17,4,7,16604,58,30817,4614,0.4,1.4,J.Ramsey,,241.0,2025-08-17,2001-05-28,False,p232653,69,1,0,0,1,0,0,0,1,0,0,0,26,40.4,6.3,21.0,6.7,3,6,2,11,0,0.17,0.16,0.33,1.92,,,,,,,[],https://www.newcastleunited.com/en/news/matthias-jaissles-team-news-update-elanga-latest-ahead-of-hull-visit,215,92,291,146,181,96,257,114,0.22,0.0,0.21,0.43,2.5,1.3,358,214,189,84,202,87,310,108,0.0,0.0,14.35,Newcastle,NEW
True,True,,,114243,0,0,-1,1,-19.7,2,"[{'offset': 0, 'projected_percent': '-18.5', 'likelihood': -1}, {'offset': 1, 'projected_percent': '-15.9', 'likelihood': -1}, {'offset': 2, 'projected_percent': '-13.3', 'likelihood': -1}]",,False,0,3,0.7,0.7,1,Jacob,0.7,457,False,,,5.9,114243.jpg,0.6,False,Murphy,0.1,False,,a,17,4,3,6021,918,10917,738,0.1,0.5,J.Murphy,Jacob Murphy,241.0,2017-07-19,1995-02-24,False,p114243,181,0,0,0,5,0,0,0,3,0,0,0,21,13.0,26.9,10.0,4.9,4,10,4,18,2,0.03,0.41,0.44,4.96,4.0,,,,,,[],,306,134,193,111,257,133,294,132,0.01,0.0,0.2,0.21,2.47,2.49,79,52,304,142,413,197,375,136,0.99,0.0,8.95,Newcastle,NEW
True,True,0.0,0.0,180974,0,0,-1,1,-61.1,0,"[{'offset': 0, 'projected_percent': '-61.1', 'likelihood': -3}, {'offset': 1, 'projected_percent': '-61.1', 'likelihood': -3}, {'offset': 2, 'projected_percent': '-61.1', 'likelihood': -3}]",,False,0,3,0.0,0.0,0,Joelinton Cássio,0.0,458,False,Unspecified injury - Unknown return date,2026-08-16T08:00:08.074045Z,5.4,180974.jpg,0.0,False,Apolinário de Lira,0.0,False,,i,17,4,0,223,12,2236,74,0.0,0.0,Joelinton,Joelinton,30.0,2019-07-24,1996-08-14,False,p180974,0,0,0,0,0,0,0,0,0,0,0,0,0,0.0,0.0,0.0,0.0,0,0,0,0,0,0.00,0.00,0.00,0.00,,,,,,,[],https://www.newcastleunited.com/en/news/matthias-jaissles-team-news-update-livramento-and-joelinton-latest-ahead-of-premier-league-opener,629,273,632,275,618,267,634,274,0.0,0.0,0.0,0.0,0.0,0.0,172,108,621,269,635,275,577,237,0.0,0.0,0.0,Newcastle,NEW
True,True,100.0,100.0,547719,0,0,0,0,0.6,0,"[{'offset': 0, 'projected_percent': '0.6', 'likelihood': 1}, {'offset': 1, 'projected_percent': '0.6', 'likelihood': 1}, {'offset': 2, 'projected_percent': '0.6', 'likelihood': 1}]",,False,0,3,2.0,2.0,4,Lewis,2.0,459,False,,2026-07-23T12:01:23.785456Z,5.5,547719.jpg,2.4,False,Miley,0.1,False,,a,17,4,12,6324,460,5439,432,0.4,2.2,L.Miley,,241.0,2023-02-01,2006-05-01,False,p547719,396,0,0,1,8,1,0,0,1,0,0,0,68,58.4,57.3,5.0,12.0,20,26,6,52,5,0.05,0.14,0.19,7.95,5.0,,,,,,[],,167,64,100,69,297,154,182,89,0.01,0.0,0.03,0.04,1.81,1.82,158,98,200,91,198,86,441,168,1.14,0.23,11.82,Newcastle,NEW
True,True,,,200089,0,0,0,0,14.9,0,"[{'offset': 0, 'projected_percent': '14.9', 'likelihood': 1}, {'offset': 1, 'projected_percent': '14.9', 'likelihood': 1}, {'offset': 2, 'projected_percent': '14.9', 'likelihood': 1}]",,False,0,3,4.3,4.3,10,Joe,4.3,460,False,,,5.0,200089.jpg,4.4,False,Willock,0.6,False,,a,17,4,22,64208,9388,30579,2594,0.9,4.4,Willock,,241.0,2021-08-13,1999-08-20,False,p200089,284,2,0,1,5,0,0,0,0,0,0,3,80,92.2,41.0,68.0,19.4,4,9,5,18,3,0.81,0.30,1.11,5.19,,,,,,,[],,93,27,153,98,64,39,93,49,0.26,0.0,0.1,0.36,1.64,1.58,254,158,62,22,73,28,242,78,0.95,0.32,5.7,Newcastle,NEW
True,True,,,611665,0,0,-2,2,-10.3,0,"[{'offset': 0, 'projected_percent': '-10.3', 'likelihood': -1}, {'offset': 1, 'projected_percent': '-10.3', 'likelihood': -1}, {'offset': 2, 'projected_percent': '-10.3', 'likelihood': -1}]",,False,0,3,2.3,2.3,1,Bazoumana,2.3,461,False,,,5.8,611665.jpg,2.7,False,Touré,0.1,False,,a,17,4,8,3696,313,16436,829,0.4,1.4,Touré,,54.0,2026-07-05,2006-03-02,False,p611665,50,1,0,0,1,0,0,0,0,0,0,0,29,37.6,5.3,21.0,6.4,1,3,0,4,0,0.28,0.01,0.29,0.76,,,,,,,[],,227,98,301,152,187,100,265,118,0.5,0.0,0.02,0.52,1.37,1.8,112,72,175,76,177,76,379,138,0.0,0.0,7.2,Newcastle,NEW
True,True,,,636852,0,0,-1,1,-50.5,0,"[{'offset': 0, 'projected_percent': '-50.5', 'likelihood': -3}, {'offset': 1, 'projected_percent': '-50.5', 'likelihood': -3}, {'offset': 2, 'projected_percent': '-50.5', 'likelihood': -3}]",,False,0,3,2.0,2.0,3,Sean,2.0,462,False,,,4.9,636852.jpg,1.6,False,Steur,0.1,False,,a,17,4,8,2416,260,6165,368,0.4,1.6,Steur,,152.0,2026-07-09,2008-01-11,False,p636852,223,0,0,1,5,0,0,0,0,0,0,0,42,35.4,52.2,0.0,8.8,9,8,4,21,2,0.00,0.06,0.06,4.23,,,,,,,[],,235,101,112,74,557,236,225,103,0.0,0.0,0.02,0.02,1.71,2.02,402,245,191,86,265,117,454,177,0.81,0.4,8.48,Newcastle,NEW
True,False,0.0,0.0,470313,0,0,-1,1,0.0,-2,"[{'offset': 0, 'projected_percent': '0.0', 'likelihood': 0}, {'offset': 1, 'projected_percent': '0.0', 'likelihood': 0}, {'offset': 2, 'projected_percent': '0.0', 'likelihood': 0}]",,False,0,4,0.0,0.0,0,Nick,0.0,463,False,Has joined Juventus on loan for the rest of the season,2026-09-02T16:07:16.549304Z,5.9,470313.jpg,4.0,False,Woltemade,0.5,False,,u,17,4,4,14520,0,141983,3548,0.0,0.7,Woltemade,,80.0,2025-08-30,2002-02-14,False,p470313,19,0,1,0,0,0,0,0,0,0,0,0,18,18.2,10.5,11.0,4.0,0,0,0,0,0,0.02,0.01,0.03,0.38,,,,,,,[],,288,28,276,36,252,36,308,34,0.09,0.0,0.05,0.14,1.8,0.0,90,23,654,76,97,10,252,42,0.0,0.0,0.0,Newcastle,NEW
True,True,,,216646,0,0,2,-2,60.3,23,"[{'offset': 0, 'projected_percent': '60.4', 'likelihood': 3}, {'offset': 1, 'projected_percent': '60.8', 'likelihood': 3}, {'offset': 2, 'projected_percent': '61.1', 'likelihood': 3}]",,False,0,4,1.0,1.0,0,Yoane,1.0,464,False,,,6.2,216646.jpg,3.0,False,Wissa,18.7,False,,a,17,4,15,2278765,83253,724565,137555,0.2,2.4,Wissa,,50.0,2025-09-01,1996-09-03,False,p216646,441,1,1,1,8,0,0,1,2,0,0,2,54,66.6,60.6,106.0,23.3,6,15,6,27,5,2.35,0.06,2.41,7.97,,,,,2.0,,[],,141,11,92,8,31,12,62,12,0.48,0.0,0.01,0.49,1.63,1.63,54,13,273,31,155,15,20,5,1.02,0.2,5.51,Newcastle,NEW
True,True,0.0,0.0,538207,-1,1,-2,2,-7.6,-4,"[{'offset': 0, 'projected_percent': '-7.8', 'likelihood': -1}, {'offset': 1, 'projected_percent': '-8.2', 'likelihood': -1}, {'offset': 2, 'projected_percent': '-8.7', 'likelihood': -1}]",,False,0,4,0.0,0.0,0,William,0.0,465,False,Foot injury - Unknown return date,2026-08-25T19:00:08.004915Z,5.8,538207.jpg,4.0,False,Osula,0.3,False,,i,17,4,4,21442,119,86583,2278,0.0,0.7,Osula,,58.0,2024-08-08,2003-08-04,False,p538207,55,0,1,0,1,0,0,0,0,0,0,0,18,28.2,13.7,8.0,5.0,2,2,1,5,1,0.06,0.14,0.20,1.48,,,4.0,,1.0,,[],,260,25,254,29,273,38,292,33,0.1,0.0,0.23,0.33,2.42,1.64,109,28,647,73,96,9,288,48,1.64,0.0,8.18,Newcastle,NEW
True,False,0.0,0.0,599303,0,0,0,0,0.0,-4,"[{'offset': 0, 'projected_percent': '0.0', 'likelihood': 0}, {'offset': 1, 'projected_percent': '0.0', 'likelihood': 0}, {'offset': 2, 'projected_percent': '0.0', 'likelihood': 0}]",,False,0,4,0.0,0.0,0,Sean,0.0,466,False,Has joined Wolves on loan for the rest of the season,2026-09-04T12:37:43.515176Z,4.5,599303.jpg,0.0,False,Neave,0.5,False,,u,17,4,0,23805,0,52396,3774,0.0,0.0,Neave,,241.0,2025-02-07,2007-05-27,False,p599303,0,0,0,0,0,0,0,0,0,0,0,0,0,0.0,0.0,0.0,0.0,0,0,0,0,0,0.00,0.00,0.00,0.00,,,,,,,[],,534,55,530,59,488,54,539,59,0.0,0.0,0.0,0.0,0.0,0.0,519,76,518,53,547,60,247,40,0.0,0.0,0.0,Newcastle,NEW
True,True,,,632794,0,0,-1,1,-67.7,-1,"[{'offset': 0, 'projected_percent': '-68.6', 'likelihood': -3}, {'offset': 1, 'projected_percent': '-70.4', 'likelihood': -3}, {'offset': 2, 'projected_percent': '-72.3', 'likelihood': -3}]",,False,0,3,0.7,0.7,1,Aladji,0.7,559,False,,,4.9,632794.jpg,1.0,False,Bamba,0.1,False,,a,17,4,3,2564,124,7560,476,0.1,0.6,Bamba,,73.0,2026-07-24,2006-07-14,False,p632794,27,0,0,0,1,0,0,0,0,0,0,0,12,11.6,0.4,0.0,1.2,3,2,3,8,0,0.00,0.00,0.00,1.29,,,,,,,[],,314,140,378,188,556,235,373,176,0.0,0.0,0.0,0.0,4.3,3.33,401,244,295,136,349,157,423,157,0.0,0.0,26.67,Newcastle,NEW
True,True,,,470551,0,0,0,0,23.3,1,"[{'offset': 0, 'projected_percent': '23.3', 'likelihood': 2}, {'offset': 1, 'projected_percent': '23.3', 'likelihood': 2}, {'offset': 2, 'projected_percent': '23.3', 'likelihood': 2}]",,False,0,1,2.0,2.0,3,Lukás,2.0,567,False,,,5.0,470551.jpg,2.8,False,Hornícek,1.5,False,,a,17,4,14,151582,6932,71286,4733,0.4,2.8,Horníček,,57.0,2026-08-03,2002-07-13,False,p470551,450,0,0,1,9,0,0,0,1,0,19,0,72,155.6,0.0,0.0,15.5,11,31,0,0,5,0.00,0.00,0.00,9.14,,,,,,,[],,12,1,604,69,581,68,133,2,0.0,3.8,0.0,0.0,1.83,1.8,290,13,195,18,167,15,149,22,1.0,0.2,0.0,Newcastle,NEW
True,True,0.0,0.0,463726,0,0,0,0,-9.5,-22,"[{'offset': 0, 'projected_percent': '-9.8', 'likelihood': -1}, {'offset': 1, 'projected_percent': '-10.4', 'likelihood': -1}, {'offset': 2, 'projected_percent': '-11.1', 'likelihood': -1}]",,False,1,2,0.0,0.0,0,Amar,0.3,593,False,Unspecified injury - Unknown return date,2026-09-17T14:30:09.823731Z,4.5,463726.jpg,3.2,False,Dedic,1.8,False,,i,17,4,13,447868,246,306609,36559,0.1,2.9,Dedić,,27.0,2026-08-18,2002-08-18,False,p463726,327,0,1,1,7,0,0,0,0,0,0,2,36,70.0,40.7,15.0,12.6,16,15,8,24,4,0.14,0.08,0.22,7.38,,,3.0,,,,[],https://www.newcastleunited.com/en/news/matthias-jaissles-team-news-update-elanga-latest-ahead-of-hull-visit,133,59,155,41,217,69,175,63,0.04,0.0,0.02,0.06,2.03,1.93,478,116,336,121,126,54,132,53,1.1,0.28,6.61,Newcastle,NEW
True,False,0.0,0.0,553746,0,0,0,0,0.0,0,"[{'offset': 0, 'projected_percent': '0.0', 'likelihood': 0}, {'offset': 1, 'projected_percent': '0.0', 'likelihood': 0}, {'offset': 2, 'projected_percent': '0.0', 'likelihood': 0}]",,False,0,2,0.0,0.0,0,Leo,0.0,609,False,has joined Arouca on loan for the rest of the seaon.,2026-09-11T14:41:57.406766Z,4.0,553746.jpg,0.0,False,Shahar,0.2,False,,u,17,4,0,18236,0,15714,1816,0.0,0.0,Shahar,,241.0,2024-08-08,2007-03-18,False,p553746,0,0,0,0,0,0,0,0,0,0,0,0,0,0.0,0.0,0.0,0.0,0,0,0,0,0,0.00,0.00,0.00,0.00,,,,,,,[],,451,168,442,167,386,152,456,168,0.0,0.0,0.0,0.0,0.0,0.0,643,194,428,158,465,168,352,133,0.0,0.0,0.0,Newcastle,NEW
True,True,,,613221,0,0,0,0,0.7,4,"[{'offset': 0, 'projected_percent': '0.7', 'likelihood': 1}, {'offset': 1, 'projected_percent': '0.8', 'likelihood': 1}, {'offset': 2, 'projected_percent': '0.8', 'likelihood': 1}]",,False,0,4,1.3,1.3,2,Matias,1.3,634,False,,,6.0,613221.jpg,1.3,False,Fernandez-Pardo,0.1,False,,a,17,4,4,16942,1871,6260,1360,0.2,0.7,Fernandez-Pardo,,21.0,2026-09-01,2005-02-03,False,p613221,157,0,0,0,4,0,0,0,0,0,0,0,16,3.4,12.5,15.0,3.1,0,3,2,5,2,0.05,0.01,0.06,2.94,,,,,,,[],,374,37,261,30,223,33,319,35,0.03,0.0,0.01,0.04,1.69,2.29,75,19,245,27,288,35,385,57,1.15,0.0,2.87,Newcastle,NEW
True,True,,,665243,0,0,0,0,0.0,0,"[{'offset': 0, 'projected_percent': '0.0', 'likelihood': 0}, {'offset': 1, 'projected_percent': '0.0', 'likelihood': 0}, {'offset': 2, 'projected_percent': '0.0', 'likelihood': 0}]",,False,0,3,0.0,0.0,0,Mason,0.0,659,False,,,4.5,665243.jpg,0.0,False,Miley,0.0,False,,a,17,4,0,4803,1365,1229,627,0.0,0.0,Miley,,241.0,2026-07-24,2008-09-29,False,p665243,0,0,0,0,0,0,0,0,0,0,0,0,0,0.0,0.0,0.0,0.0,0,0,0,0,0,0.00,0.00,0.00,0.00,,,,,,,[],,546,221,542,227,503,200,551,222,0.0,0.0,0.0,0.0,0.0,0.0,538,283,531,212,559,229,506,200,0.0,0.0,0.0,Newcastle,NEW
True,True,,,578512,0,0,0,0,0.0,0,"[{'offset': 0, 'projected_percent': '0.0', 'likelihood': 0}, {'offset': 1, 'projected_percent': '0.0', 'likelihood': 0}, {'offset': 2, 'projected_percent': '0.0', 'likelihood': 0}]",2026-10-02T19:10:51.639791Z,False,0,2,1.1,1.1,0,Miodrag,0.0,663,False,,,4.0,578512.jpg,0.0,False,Pivas,0.0,False,,a,17,4,0,379,379,53,53,0.0,0.0,Pivas,,190.0,2026-07-24,2005-05-17,False,p578512,0,0,0,0,0,0,0,0,0,0,0,0,0,0.0,0.0,0.0,0.0,0,0,0,0,0,0.00,0.00,0.00,0.00,,,,,,,[],,456,173,447,172,392,158,461,173,0.0,0.0,0.0,0.0,0.0,0.0,651,202,434,164,470,173,635,212,0.0,0.0,0.0,Newcastle,NEW
True,True,,,601767,0,0,0,0,0.0,0,"[{'offset': 0, 'projected_percent': '0.0', 'likelihood': 0}, {'offset': 1, 'projected_percent': '0.0', 'likelihood': 0}, {'offset': 2, 'projected_percent': '0.0', 'likelihood': 0}]",2026-10-02T19:11:17.402697Z,False,0,4,1.0,1.0,0,Vakhtang,0.0,664,False,,,4.5,601767.jpg,0.0,False,Salia,0.1,False,,a,17,4,0,9246,9246,1475,1475,0.0,0.0,Salia,,79.0,2026-07-24,2007-08-30,False,p601767,0,0,0,0,0,0,0,0,0,0,0,0,0,0.0,0.0,0.0,0.0,0,0,0,0,0,0.00,0.00,0.00,0.00,,,,,,,[],,535,56,531,60,489,55,540,60,0.0,0.0,0.0,0.0,0.0,0.0,520,77,519,54,548,61,396,59,0.0,0.0,0.0,Newcastle,NEW
True,True,,,655585,0,0,0,0,0.0,0,"[{'offset': 0, 'projected_percent': '0.0', 'likelihood': 0}, {'offset': 1, 'projected_percent': '0.0', 'likelihood': 0}, {'offset': 2, 'projected_percent': '0.0', 'likelihood': 0}]",2026-10-02T19:11:39.931907Z,False,0,3,1.1,1.1,0,Michael,0.0,665,False,,,4.5,655585.jpg,0.0,False,Mills,0.0,False,,a,17,4,0,156,156,26,26,0.0,0.0,Mills,,241.0,2026-09-18,2009-02-18,False,p655585,0,0,0,0,0,0,0,0,0,0,0,0,0,0.0,0.0,0.0,0.0,0,0,0,0,0,0.00,0.00,0.00,0.00,,,,,,,[],,543,219,539,225,500,198,548,220,0.0,0.0,0.0,0.0,0.0,0.0,535,281,528,210,556,227,652,287,0.0,0.0,0.0,Newcastle,NEW
True,True,,,671875,0,0,0,0,0.0,0,"[{'offset': 0, 'projected_percent': '0.0', 'likelihood': 0}, {'offset': 1, 'projected_percent': '0.0', 'likelihood': 0}, {'offset': 2, 'projected_percent': '0.0', 'likelihood': 0}]",2026-10-02T19:12:09.032926Z,False,0,3,1.1,1.1,0,Kyran,0.0,666,False,,,4.5,671875.jpg,0.0,False,Thompson,0.0,False,,a,17,4,0,229,229,35,35,0.0,0.0,Thompson,,241.0,2026-09-18,2009-09-06,False,p671875,0,0,0,0,0,0,0,0,0,0,0,0,0,0.0,0.0,0.0,0.0,0,0,0,0,0,0.00,0.00,0.00,0.00,,,,,,,[],,547,222,543,228,504,201,552,223,0.0,0.0,0.0,0.0,0.0,0.0,539,284,532,213,560,230,647,282,0.0,0.0,0.0,Newcastle,NEW
True,True,,,463034,1,-1,1,-1,-23.1,-8,"[{'offset': 0, 'projected_percent': '-23.3', 'likelihood': -2}, {'offset': 1, 'projected_percent': '-23.8', 'likelihood': -2}, {'offset': 2, 'projected_percent': '-24.2', 'likelihood': -2}]",,False,0,4,2.7,2.7,1,Liam,2.7,167,False,,,5.6,463034.jpg,2.2,False,Delap,2.7,False,,a,18,17,9,311654,24478,81591,28019,0.5,1.6,Delap,,241.0,2026-08-27,2003-02-08,False,p463034,277,1,0,1,3,0,0,0,2,0,0,0,49,40.0,68.6,71.0,17.9,5,10,2,17,3,0.89,0.35,1.24,2.62,,,,,3.0,,[],,217,18,79,7,61,18,109,16,0.29,0.0,0.11,0.4,0.85,0.97,121,31,148,14,219,22,108,17,0.97,0.32,5.52,Nott'm Forest,NFO
True,True,,,247348,0,0,-1,1,-45.7,-10,"[{'offset': 0, 'projected_percent': '-45.9', 'likelihood': -3}, {'offset': 1, 'projected_percent': '-46.1', 'likelihood': -3}, {'offset': 2, 'projected_percent': '-46.4', 'likelihood': -3}]",,False,0,2,1.7,1.7,2,Daniel,1.7,201,False,,,5.4,247348.jpg,1.2,False,Muñoz Mejía,5.7,False,,a,18,17,5,158144,7586,483281,29105,0.3,0.9,Muñoz,,48.0,2026-08-31,1996-05-26,False,p247348,257,0,0,0,4,0,0,0,0,0,0,0,29,39.2,62.3,79.0,18.1,8,8,7,15,3,0.60,0.21,0.81,2.59,,,,,,,[],,220,88,90,19,49,4,106,35,0.21,0.0,0.07,0.28,0.91,1.4,186,22,219,80,293,102,69,28,1.05,0.0,5.25,Nott'm Forest,NFO
True,True,,,85633,0,0,0,0,4.4,-3,"[{'offset': 0, 'projected_percent': '4.4', 'likelihood': 1}, {'offset': 1, 'projected_percent': '4.3', 'likelihood': 1}, {'offset': 2, 'projected_percent': '4.3', 'likelihood': 1}]",,False,0,1,3.7,3.7,2,Matz,3.7,467,False,,,5.0,85633.jpg,2.8,False,Sels,1.6,False,,a,18,17,14,68169,1916,61959,5897,0.7,2.8,Sels,,21.0,2024-02-01,1992-02-26,False,p85633,450,0,0,1,5,0,0,0,0,0,11,0,67,82.0,0.0,0.0,8.2,6,46,0,0,5,0.00,0.01,0.01,4.77,,,,,,,[],,114,19,584,62,559,60,234,19,0.0,2.2,0.0,0.0,0.95,1.0,240,5,88,12,163,14,143,21,1.0,0.2,0.0,Nott'm Forest,NFO
True,True,,,221389,0,0,0,0,-72.2,0,"[{'offset': 0, 'projected_percent': '-72.2', 'likelihood': -3}, {'offset': 1, 'projected_percent': '-72.2', 'likelihood': -3}, {'offset': 2, 'projected_percent': '-72.2', 'likelihood': -3}]",,False,0,1,0.0,0.0,0,John Victor,0.0,468,False,,,4.5,221389.jpg,0.0,False,Maciel Furtado,0.1,False,,a,18,17,0,864,57,2008,148,0.0,0.0,John,John Victor,30.0,2025-08-31,1996-02-13,False,p221389,0,0,0,0,0,0,0,0,0,0,0,0,0,0.0,0.0,0.0,0.0,0,0,0,0,0,0.00,0.00,0.00,0.00,,,,,,,[],,494,61,489,46,440,41,499,61,0.0,0.0,0.0,0.0,0.0,0.0,456,32,477,60,508,61,484,56,0.0,0.0,0.0,Nott'm Forest,NFO
True,True,,,215136,0,0,0,0,23.9,-14,"[{'offset': 0, 'projected_percent': '23.8', 'likelihood': 2}, {'offset': 1, 'projected_percent': '23.6', 'likelihood': 2}, {'offset': 2, 'projected_percent': '23.4', 'likelihood': 2}]",,False,0,2,3.7,3.7,2,Neco,3.7,469,False,,,5.0,215136.jpg,3.8,False,Williams,8.7,False,,a,18,17,19,325150,10664,349527,44269,0.7,3.8,N.Williams,,244.0,2022-07-11,2001-04-13,False,p215136,450,0,1,1,5,0,0,0,0,0,0,1,85,90.4,123.7,42.0,25.6,15,28,14,29,5,0.41,0.61,1.02,4.77,2.0,,3.0,,,,[],,97,45,28,4,114,27,50,7,0.08,0.0,0.12,0.2,0.95,1.0,262,39,89,35,102,43,43,14,1.0,0.2,5.8,Nott'm Forest,NFO
True,False,0.0,0.0,485047,0,0,0,0,0.0,0,"[{'offset': 0, 'projected_percent': '0.0', 'likelihood': 0}, {'offset': 1, 'projected_percent': '0.0', 'likelihood': 0}, {'offset': 2, 'projected_percent': '0.0', 'likelihood': 0}]",,False,0,2,0.0,0.0,0,Felipe,0.0,470,False,Has joined West Ham on loan for the rest of the season,2026-09-02T16:19:54.503286Z,5.0,485047.jpg,0.0,False,Rodrigues da Silva,0.0,False,,u,18,17,0,424,0,3693,113,0.0,0.0,Morato,Morato,30.0,2024-08-30,2001-06-30,False,p485047,0,0,0,0,0,0,0,0,0,0,0,0,0,0.0,0.0,0.0,0.0,0,0,0,0,0,0.00,0.00,0.00,0.00,,,,,,,[],,599,211,605,211,582,208,605,211,0.0,0.0,0.0,0.0,0.0,0.0,292,50,591,209,608,210,575,196,0.0,0.0,0.0,Nott'm Forest,NFO
True,True,0.0,0.0,227444,-1,1,-1,1,-12.6,-6,"[{'offset': 0, 'projected_percent': '-12.7', 'likelihood': -1}, {'offset': 1, 'projected_percent': '-12.9', 'likelihood': -1}, {'offset': 2, 'projected_percent': '-13.1', 'likelihood': -1}]",,False,0,2,0.0,0.0,0,Nikola,2.3,471,False,Hamstring injury - Expected back 11 Oct,2026-09-12T14:00:09.705107Z,5.4,227444.jpg,4.0,False,Milenković,1.0,False,,i,18,17,12,17995,63,106967,11810,0.4,2.2,Milenković,,190.0,2024-07-18,1997-10-12,False,p227444,270,0,0,1,3,0,0,0,1,0,0,0,34,53.2,1.4,16.0,7.0,26,12,5,31,3,0.11,0.03,0.14,3.28,,,,,,,[],https://www.nottinghamforest.co.uk/news/2026/september/14/glasner-s-update-on-milenkovi----jair-cunha/,180,76,347,126,212,66,250,95,0.04,0.0,0.01,0.05,1.09,1.0,182,21,170,64,94,41,176,67,1.0,0.33,10.33,Nott'm Forest,NFO
True,True,100.0,100.0,575476,0,0,0,0,23.5,6,"[{'offset': 0, 'projected_percent': '23.6', 'likelihood': 2}, {'offset': 1, 'projected_percent': '23.6', 'likelihood': 2}, {'offset': 2, 'projected_percent': '23.7', 'likelihood': 2}]",,False,0,2,6.0,6.0,4,Murillo,6.0,472,False,,2026-07-23T12:01:23.801183Z,5.5,575476.jpg,4.6,False,Costa dos Santos,2.1,False,,a,18,17,23,103377,7880,61001,7740,1.1,4.2,Murillo,Murillo,30.0,2023-08-31,2002-07-04,False,p575476,449,0,1,1,5,0,0,0,1,0,0,0,76,124.2,62.6,27.0,21.4,44,18,9,53,5,0.42,0.37,0.79,4.77,,,2.0,,,,[],,38,17,89,18,160,48,80,21,0.08,0.0,0.07,0.15,0.96,1.0,162,18,22,11,72,33,125,50,1.0,0.2,10.62,Nott'm Forest,NFO
True,True,,,159506,-1,1,-1,1,-2.6,-8,"[{'offset': 0, 'projected_percent': '-2.7', 'likelihood': -1}, {'offset': 1, 'projected_percent': '-3.0', 'likelihood': -1}, {'offset': 2, 'projected_percent': '-3.3', 'likelihood': -1}]",,False,0,2,1.0,1.0,0,Ola,1.0,473,False,,,4.4,159506.jpg,2.0,False,Aina,2.4,False,,a,18,17,8,69143,1030,169648,19861,0.2,1.8,Aina,,157.0,2023-07-22,1996-10-08,False,p159506,306,0,0,1,3,0,0,0,2,0,0,0,45,58.2,53.3,15.0,12.7,12,14,10,22,4,0.04,0.53,0.57,3.72,,,,,,,[],,168,72,105,26,216,68,173,61,0.01,0.0,0.16,0.17,1.09,0.88,550,137,250,92,224,85,120,47,1.18,0.29,6.47,Nott'm Forest,NFO
True,True,100.0,75.0,575458,0,0,0,0,-46.9,0,"[{'offset': 0, 'projected_percent': '-46.9', 'likelihood': -3}, {'offset': 1, 'projected_percent': '-46.9', 'likelihood': -3}, {'offset': 2, 'projected_percent': '-46.9', 'likelihood': -3}]",,False,0,2,3.0,2.2,1,Jair,3.0,474,False,,2026-09-12T14:00:09.724349Z,4.5,575458.jpg,2.8,False,Paula da Cunha Filho,0.2,False,,a,18,17,11,9741,235,13148,622,0.7,2.4,Jair Cunha,Jair Cunha,30.0,2025-07-11,2005-03-07,False,p575458,360,0,0,1,4,0,0,0,2,0,0,0,40,69.6,14.2,2.0,8.6,29,8,7,36,4,0.05,0.02,0.07,3.95,,,,,,,[],,134,60,248,88,321,121,226,83,0.01,0.0,0.0,0.01,0.99,1.0,509,127,119,50,161,66,340,128,1.0,0.25,9.0,Nott'm Forest,NFO
True,True,0.0,0.0,500151,0,0,0,0,-18.0,0,"[{'offset': 0, 'projected_percent': '-18.0', 'likelihood': -1}, {'offset': 1, 'projected_percent': '-18.0', 'likelihood': -1}, {'offset': 2, 'projected_percent': '-18.0', 'likelihood': -1}]",,False,0,2,0.0,0.0,0,Nicolò,0.0,475,False,Knee injury - Unknown return date,2026-07-23T12:01:23.816304Z,4.5,500151.jpg,0.0,False,Savona,0.0,False,,i,18,17,0,240,20,276,18,0.0,0.0,Savona,,106.0,2025-08-30,2003-03-19,False,p500151,0,0,0,0,0,0,0,0,0,0,0,0,0,0.0,0.0,0.0,0.0,0,0,0,0,0,0.00,0.00,0.00,0.00,,,,,,,[],https://www.nottinghamforest.co.uk/news/2026/september/10/live-blog---pre-aston-villa-press-conference/,509,194,506,193,463,186,514,194,0.0,0.0,0.0,0.0,0.0,0.0,489,119,493,190,523,194,653,215,0.0,0.0,0.0,Nott'm Forest,NFO
True,True,,,204822,0,0,0,0,-65.5,0,"[{'offset': 0, 'projected_percent': '-65.5', 'likelihood': -3}, {'offset': 1, 'projected_percent': '-65.5', 'likelihood': -3}, {'offset': 2, 'projected_percent': '-65.5', 'likelihood': -3}]",,False,0,2,0.0,0.0,0,Omar,0.0,476,False,,,4.0,204822.jpg,0.0,False,Richards,0.2,False,,a,18,17,0,3987,287,8259,708,0.0,0.0,O.Richards,,241.0,2022-07-10,1998-02-15,False,p204822,0,0,0,0,0,0,0,0,0,0,0,0,0,0.0,0.0,0.0,0.0,0,0,0,0,0,0.00,0.00,0.00,0.00,,,,,,,[],,425,153,416,152,360,137,430,153,0.0,0.0,0.0,0.0,0.0,0.0,607,169,401,142,439,153,325,120,0.0,0.0,0.0,Nott'm Forest,NFO
True,False,0.0,0.0,549067,0,0,0,0,0.0,-1,"[{'offset': 0, 'projected_percent': '0.0', 'likelihood': 0}, {'offset': 1, 'projected_percent': '0.0', 'likelihood': 0}, {'offset': 2, 'projected_percent': '0.0', 'likelihood': 0}]",,False,0,2,0.0,0.0,0,Zach,0.0,477,False,Has joined Southampton on loan for the rest of the season,2026-09-02T16:19:54.536676Z,4.0,549067.jpg,0.0,False,Abbott,0.1,False,,u,18,17,0,2459,0,13865,792,0.0,0.0,Abbott,,241.0,2022-08-22,2006-05-13,False,p549067,0,0,0,0,0,0,0,0,0,0,0,0,0,0.0,0.0,0.0,0.0,0,0,0,0,0,0.00,0.00,0.00,0.00,,,,,,,[],,450,167,441,166,385,151,455,167,0.0,0.0,0.0,0.0,0.0,0.0,642,193,427,157,464,167,373,143,0.0,0.0,0.0,Nott'm Forest,NFO
True,True,,,470315,0,0,-1,1,-7.6,0,"[{'offset': 0, 'projected_percent': '-7.6', 'likelihood': -1}, {'offset': 1, 'projected_percent': '-7.6', 'likelihood': -1}, {'offset': 2, 'projected_percent': '-7.6', 'likelihood': -1}]",,False,0,2,0.3,0.3,1,Luca,0.3,478,False,,,4.4,470315.jpg,1.0,False,Netz,0.0,False,,a,18,17,3,684,54,1585,114,0.1,0.7,Netz,,80.0,2026-02-02,2003-05-15,False,p470315,27,0,0,0,1,0,0,0,0,0,0,0,8,6.0,17.5,2.0,2.6,0,1,1,1,0,0.00,0.02,0.02,0.13,,,,,,,[],,355,132,226,77,318,118,333,120,0.0,0.0,0.07,0.07,0.43,3.33,564,148,334,119,314,118,540,187,0.0,0.0,3.33,Nott'm Forest,NFO
True,False,0.0,0.0,538638,0,0,0,0,0.0,0,"[{'offset': 0, 'projected_percent': '0.0', 'likelihood': 0}, {'offset': 1, 'projected_percent': '0.0', 'likelihood': 0}, {'offset': 2, 'projected_percent': '0.0', 'likelihood': 0}]",,False,0,2,0.0,0.0,0,Tyler,0.0,479,False,Has joined Charlton Athletic on loan for the rest of the season,2026-09-01T13:16:05.383880Z,4.0,538638.jpg,0.0,False,Bindon,0.1,False,,u,18,17,0,799,0,8638,508,0.0,0.0,Bindon,,154.0,2025-02-03,2005-01-27,False,p538638,0,0,0,0,0,0,0,0,0,0,0,0,0,0.0,0.0,0.0,0.0,0,0,0,0,0,0.00,0.00,0.00,0.00,,,,,,,[],,446,163,437,162,381,147,451,163,0.0,0.0,0.0,0.0,0.0,0.0,637,188,423,153,460,163,405,150,0.0,0.0,0.0,Nott'm Forest,NFO
True,True,100.0,100.0,222531,0,0,0,0,49.9,9,"[{'offset': 0, 'projected_percent': '50.0', 'likelihood': 3}, {'offset': 1, 'projected_percent': '50.1', 'likelihood': 3}, {'offset': 2, 'projected_percent': '50.3', 'likelihood': 3}]",,False,1,3,4.3,4.3,2,Morgan,4.3,480,False,,2026-08-24T15:30:08.350159Z,8.0,222531.jpg,5.6,False,Gibbs-White,15.7,False,,a,18,17,28,1206561,62879,662212,79518,0.5,3.5,Gibbs-White,,241.0,2022-08-19,2000-01-27,False,p222531,450,1,2,1,5,0,0,0,0,0,0,6,116,123.4,204.7,78.0,40.6,2,14,5,21,5,1.56,1.42,2.98,4.77,,,1.0,,1.0,,[],,39,13,3,3,51,31,11,10,0.31,0.0,0.28,0.59,0.95,1.0,7,5,64,23,42,21,27,9,1.0,0.2,4.2,Nott'm Forest,NFO
True,True,100.0,100.0,209046,0,0,-2,2,-36.9,0,"[{'offset': 0, 'projected_percent': '-36.9', 'likelihood': -2}, {'offset': 1, 'projected_percent': '-36.9', 'likelihood': -2}, {'offset': 2, 'projected_percent': '-36.9', 'likelihood': -2}]",,False,0,3,0.0,0.0,0,Callum,0.0,482,False,,2026-07-23T12:01:23.832709Z,5.8,209046.jpg,1.0,False,Hudson-Odoi,0.1,False,,a,18,17,1,5260,249,17527,1127,0.0,0.2,Hudson-Odoi,,241.0,2023-09-01,2000-11-07,False,p209046,1,0,0,0,0,0,0,0,0,0,0,0,2,0.0,0.3,0.0,0.0,0,0,0,0,0,0.00,0.00,0.00,0.00,,,4.0,,,,[],,647,286,385,193,643,284,652,287,0.0,0.0,0.0,0.0,0.0,0.0,100,64,644,285,390,185,370,133,0.0,0.0,0.0,Nott'm Forest,NFO
True,True,,,456512,0,0,0,0,13.1,-4,"[{'offset': 0, 'projected_percent': '13.1', 'likelihood': 1}, {'offset': 1, 'projected_percent': '13.0', 'likelihood': 1}, {'offset': 2, 'projected_percent': '12.9', 'likelihood': 1}]",,False,0,3,1.0,1.0,1,Dan,1.0,483,False,,,5.5,456512.jpg,3.0,False,Ndoye,0.7,False,,a,18,17,15,72317,721,49069,7906,0.2,2.7,Ndoye,,207.0,2025-07-31,2000-10-25,False,p456512,316,1,0,1,3,0,0,0,1,0,0,2,44,39.0,63.6,90.0,19.0,3,15,2,20,5,1.25,0.93,2.18,3.84,,,,,,,[],,221,95,87,64,41,24,98,53,0.36,0.0,0.26,0.62,1.09,0.85,146,89,267,121,151,62,213,66,1.42,0.28,5.7,Nott'm Forest,NFO
True,False,0.0,0.0,503301,0,0,-1,1,0.0,0,"[{'offset': 0, 'projected_percent': '0.0', 'likelihood': 0}, {'offset': 1, 'projected_percent': '0.0', 'likelihood': 0}, {'offset': 2, 'projected_percent': '0.0', 'likelihood': 0}]",,False,0,3,0.0,0.0,0,Omari,0.0,484,False,Has joined AC Milan on loan for the rest of the season,2026-09-01T13:23:52.340206Z,5.4,503301.jpg,0.0,False,Hutchinson,0.1,False,,u,18,17,0,427,0,10972,344,0.0,0.0,Hutchinson,,241.0,2025-08-16,2003-10-30,False,p503301,0,0,0,0,0,0,0,0,0,0,0,0,0,0.0,0.0,0.0,0.0,0,0,0,0,0,0.00,0.00,0.00,0.00,,,,,,,[],,634,277,637,279,624,272,639,278,0.0,0.0,0.0,0.0,0.0,0.0,204,128,631,276,639,279,458,179,0.0,0.0,0.0,Nott'm Forest,NFO
True,False,0.0,0.0,476887,0,0,0,0,0.0,0,"[{'offset': 0, 'projected_percent': '0.0', 'likelihood': 0}, {'offset': 1, 'projected_percent': '0.0', 'likelihood': 0}, {'offset': 2, 'projected_percent': '0.0', 'likelihood': 0}]",,False,0,3,0.0,0.0,0,Dilane,0.0,485,False,Has joined Lille on loan for the rest of the season,2026-08-27T14:53:03.381941Z,5.5,476887.jpg,0.0,False,Bakwa,0.0,False,,u,18,17,0,107,0,1175,33,0.0,0.0,Bakwa,,73.0,2025-09-01,2002-08-26,False,p476887,0,0,0,0,0,0,0,0,0,0,0,0,0,0.0,0.0,0.0,0.0,0,0,0,0,0,0.00,0.00,0.00,0.00,,,,,,,[],,644,283,650,285,638,279,649,284,0.0,0.0,0.0,0.0,0.0,0.0,151,93,641,282,649,285,638,274,0.0,0.0,0.0,Nott'm Forest,NFO
True,True,,,432714,0,0,0,0,2.2,-2,"[{'offset': 0, 'projected_percent': '2.2', 'likelihood': 1}, {'offset': 1, 'projected_percent': '2.2', 'likelihood': 1}, {'offset': 2, 'projected_percent': '2.1', 'likelihood': 1}]",,False,0,3,2.3,2.3,2,James,2.3,486,False,,,5.5,432714.jpg,2.4,False,McAtee,0.1,False,,a,18,17,12,9980,335,5933,887,0.4,2.2,McAtee,,241.0,2025-08-16,2002-10-18,False,p432714,416,0,0,2,4,0,0,0,2,0,0,0,91,62.4,174.8,38.0,27.6,9,21,9,39,5,0.37,0.96,1.33,4.55,1.0,,,,,,[],,157,59,7,7,130,71,43,32,0.08,0.0,0.21,0.29,0.98,0.87,142,86,173,75,196,85,410,149,1.08,0.43,8.44,Nott'm Forest,NFO
True,True,,,250199,0,0,-1,1,-65.4,0,"[{'offset': 0, 'projected_percent': '-65.4', 'likelihood': -3}, {'offset': 1, 'projected_percent': '-65.4', 'likelihood': -3}, {'offset': 2, 'projected_percent': '-65.4', 'likelihood': -3}]",,False,0,3,0.0,0.0,0,Nicolás,0.0,487,False,,,4.9,250199.jpg,1.0,False,Domínguez,0.1,False,,a,18,17,1,1200,62,4088,286,0.0,0.2,Dominguez,,10.0,2023-09-01,1998-06-28,False,p250199,1,0,0,0,0,0,0,0,0,0,0,0,3,0.2,0.0,0.0,0.0,0,0,0,0,0,0.00,0.00,0.00,0.00,,,,,,,[],,404,190,565,241,531,217,573,237,0.0,0.0,0.0,0.0,0.0,0.0,362,217,555,228,336,146,486,189,0.0,0.0,0.0,Nott'm Forest,NFO
True,True,100.0,100.0,210462,0,0,-1,1,-94.8,-1,"[{'offset': 0, 'projected_percent': '-95.0', 'likelihood': -4}, {'offset': 1, 'projected_percent': '-95.4', 'likelihood': -4}, {'offset': 2, 'projected_percent': '-95.8', 'likelihood': -4}]",,False,0,3,0.7,0.7,1,Ibrahim,0.7,488,False,,2026-08-28T09:30:07.471668Z,4.9,210462.jpg,1.3,False,Sangaré,0.4,False,,a,18,17,4,9189,290,68511,2932,0.1,0.8,I.Sangaré,,54.0,2023-09-01,1997-12-02,False,p210462,105,0,0,0,1,0,0,0,0,0,0,0,15,21.6,13.7,5.0,4.1,4,3,1,8,1,0.09,0.02,0.11,0.56,,,,,,,[],,278,118,253,133,293,151,305,138,0.08,0.0,0.02,0.1,0.48,0.86,349,211,292,134,282,128,261,86,0.86,0.0,6.86,Nott'm Forest,NFO
True,True,100.0,100.0,204968,0,0,0,0,-85.5,-3,"[{'offset': 0, 'projected_percent': '-85.6', 'likelihood': -3}, {'offset': 1, 'projected_percent': '-86.0', 'likelihood': -3}, {'offset': 2, 'projected_percent': '-86.3', 'likelihood': -3}]",,False,0,3,0.0,0.0,0,Ryan,0.0,489,False,,2026-08-17T20:30:08.195072Z,4.5,204968.jpg,0.0,False,Yates,1.2,False,,a,18,17,0,30223,577,93502,7147,0.0,0.0,Yates,,241.0,2018-08-01,1997-11-21,False,p204968,0,0,0,0,0,0,0,0,0,0,0,0,0,0.0,0.0,0.0,0.0,0,0,0,0,0,0.00,0.00,0.00,0.00,,,,,,,[],,492,202,487,208,437,180,497,203,0.0,0.0,0.0,0.0,0.0,0.0,451,259,474,193,506,210,166,51,0.0,0.0,0.0,Nott'm Forest,NFO
True,True,,,60689,0,0,-2,2,-38.4,-1,"[{'offset': 0, 'projected_percent': '-38.4', 'likelihood': -2}, {'offset': 1, 'projected_percent': '-38.5', 'likelihood': -2}, {'offset': 2, 'projected_percent': '-38.6', 'likelihood': -2}]",,False,0,4,1.0,1.0,1,Chris,1.0,490,False,,,5.8,60689.jpg,1.0,False,Wood,0.9,False,,a,18,17,4,24457,1878,116131,6284,0.2,0.7,Wood,,154.0,2023-07-01,1991-12-07,False,p60689,62,0,0,0,1,0,0,0,0,0,0,0,13,1.2,4.8,3.0,0.7,0,1,0,1,0,0.12,0.01,0.13,0.53,,,,,2.0,,[],,395,43,307,39,316,41,385,44,0.17,0.0,0.01,0.18,0.77,1.45,96,25,270,29,389,45,191,30,0.0,0.0,1.45,Nott'm Forest,NFO
True,True,,,482973,0,0,-2,2,0.1,4,"[{'offset': 0, 'projected_percent': '0.1', 'likelihood': 1}, {'offset': 1, 'projected_percent': '0.2', 'likelihood': 1}, {'offset': 2, 'projected_percent': '0.2', 'likelihood': 1}]",,False,0,4,3.0,3.0,1,Igor Jesus,3.0,491,False,,,5.8,482973.jpg,2.4,False,Maciel da Cruz,2.6,False,,a,18,17,12,125919,6919,269850,22505,0.5,2.1,Igor Jesus,Igor Jesus,30.0,2025-07-05,2001-02-25,False,p482973,257,1,0,0,3,0,0,0,1,0,0,2,53,54.8,40.7,100.0,19.6,5,8,2,15,2,1.25,0.08,1.33,2.61,,,,,4.0,,[],,177,13,156,16,36,14,90,15,0.44,0.0,0.03,0.47,0.91,1.05,107,27,131,12,199,20,110,18,0.7,0.0,5.25,Nott'm Forest,NFO
True,True,,,465680,0,0,-1,1,0.0,0,"[{'offset': 0, 'projected_percent': '0.0', 'likelihood': 0}, {'offset': 1, 'projected_percent': '0.0', 'likelihood': 0}, {'offset': 2, 'projected_percent': '0.0', 'likelihood': 0}]",,False,0,4,0.0,0.0,0,Arnaud,0.0,493,False,,,5.4,465680.jpg,1.0,False,Kalimuendo,0.1,False,,a,18,17,1,3023,213,4102,402,0.0,0.2,Kalimuendo,,73.0,2025-08-18,2002-01-20,False,p465680,1,0,0,0,0,0,0,0,0,0,0,0,3,0.0,0.0,0.0,0.0,0,0,0,0,0,0.00,0.00,0.00,0.00,,,,,,,[],,632,69,635,73,622,70,637,73,0.0,0.0,0.0,0.0,0.0,0.0,194,45,627,68,378,42,496,70,0.0,0.0,0.0,Nott'm Forest,NFO
True,True,,,204561,0,0,0,0,0.4,0,"[{'offset': 0, 'projected_percent': '0.4', 'likelihood': 1}, {'offset': 1, 'projected_percent': '0.4', 'likelihood': 1}, {'offset': 2, 'projected_percent': '0.4', 'likelihood': 1}]",,False,0,3,2.7,2.7,2,Xaver,2.7,558,False,,,5.0,204561.jpg,2.6,False,Schlager,0.1,False,,a,18,17,13,5893,213,5771,754,0.5,2.6,Schlager,Xaver Schlager,14.0,2026-07-23,1997-09-28,False,p204561,376,0,0,1,5,0,0,0,1,0,0,0,70,68.4,25.0,31.0,12.5,11,21,17,49,4,0.19,0.18,0.37,4.43,3.0,,,,,,[],,137,45,198,112,152,80,177,87,0.05,0.0,0.04,0.09,1.06,1.2,257,160,143,61,180,79,404,147,0.96,0.24,11.73,Nott'm Forest,NFO
True,True,,,568420,0,0,-1,1,-48.9,0,"[{'offset': 0, 'projected_percent': '-48.9', 'likelihood': -3}, {'offset': 1, 'projected_percent': '-48.9', 'likelihood': -3}, {'offset': 2, 'projected_percent': '-48.9', 'likelihood': -3}]",,False,0,2,2.3,2.3,2,Ousmane,2.3,581,False,,,5.4,568420.jpg,2.3,False,Diomande,0.5,False,,a,18,17,7,13589,1467,41643,2178,0.4,1.3,Diomande,,54.0,2026-08-11,2003-12-04,False,p568420,163,0,0,0,2,0,0,0,0,0,0,0,17,32.4,1.0,19.0,5.2,18,10,1,19,2,0.16,0.01,0.17,1.45,,,,,,,[],,245,100,357,131,196,58,288,108,0.09,0.0,0.01,0.1,0.8,1.1,209,28,171,65,204,81,243,92,1.1,0.0,10.49,Nott'm Forest,NFO
True,True,,,428971,0,0,0,0,0.0,0,"[{'offset': 0, 'projected_percent': '0.0', 'likelihood': 0}, {'offset': 1, 'projected_percent': '0.0', 'likelihood': 0}, {'offset': 2, 'projected_percent': '0.0', 'likelihood': 0}]",,False,0,1,0.0,0.0,0,Steven,0.0,590,False,,,4.5,428971.jpg,0.0,False,Benda,0.1,False,,a,18,17,0,2661,121,2832,231,0.0,0.0,Benda,,80.0,2026-08-15,1998-10-01,False,p428971,0,0,0,0,0,0,0,0,0,0,0,0,0,0.0,0.0,0.0,0.0,0,0,0,0,0,0.00,0.00,0.00,0.00,,,,,,,[],,501,63,497,49,449,44,506,63,0.0,0.0,0.0,0.0,0.0,0.0,471,35,485,62,515,63,465,53,0.0,0.0,0.0,Nott'm Forest,NFO
True,True,,,469142,0,0,-1,1,-26.7,2,"[{'offset': 0, 'projected_percent': '-26.7', 'likelihood': -2}, {'offset': 1, 'projected_percent': '-26.6', 'likelihood': -2}, {'offset': 2, 'projected_percent': '-26.6', 'likelihood': -2}]",,False,0,2,7.3,7.3,6,Jan Paul,7.3,112,False,,,4.9,469142.jpg,4.8,False,van Hecke,6.6,False,,a,19,6,24,154007,17838,472310,26915,1.5,4.9,Van Hecke,,152.0,2026-06-18,2000-06-08,False,p469142,450,1,0,2,8,0,0,0,1,0,0,2,85,171.8,74.9,70.0,31.6,33,17,10,43,5,0.69,0.42,1.11,7.78,,,,,,,[],,5,2,67,11,62,7,27,3,0.14,0.0,0.08,0.22,1.56,1.6,374,68,12,5,64,29,60,24,1.0,0.4,8.6,Spurs,TOT
True,True,,,109646,0,0,-1,1,-38.0,0,"[{'offset': 0, 'projected_percent': '-38.0', 'likelihood': -2}, {'offset': 1, 'projected_percent': '-38.0', 'likelihood': -2}, {'offset': 2, 'projected_percent': '-38.0', 'likelihood': -2}]",,False,0,2,0.2,0.2,0,Tosin,0.2,147,False,,,4.4,109646.jpg,1.0,False,Adarabioyo,0.1,False,,a,19,6,1,1989,97,7895,543,0.0,0.2,Tosin,,241.0,2026-09-01,1997-09-24,False,p109646,5,0,0,0,0,0,0,0,0,0,0,0,5,9.0,0.2,0.0,0.9,2,1,2,4,0,0.00,0.00,0.00,0.03,,,,,,,[],,330,124,386,142,407,168,377,134,0.0,0.0,0.0,0.0,0.54,0.0,546,135,363,128,309,114,368,142,0.0,0.0,72.0,Spurs,TOT
True,True,,,438234,0,0,0,0,36.7,6,"[{'offset': 0, 'projected_percent': '36.8', 'likelihood': 2}, {'offset': 1, 'projected_percent': '36.9', 'likelihood': 2}, {'offset': 2, 'projected_percent': '36.9', 'likelihood': 2}]",,False,0,4,2.0,2.0,2,Omar,2.0,401,False,,,7.0,438234.jpg,2.0,False,Marmoush,2.1,False,,a,19,6,8,232894,10415,162137,21004,0.3,1.1,Marmoush,Omar Marmoush,63.0,2026-08-27,1999-02-07,False,p438234,339,0,0,2,5,0,0,0,0,0,0,0,37,18.0,55.5,58.0,12.9,0,11,2,13,4,0.38,0.15,0.53,3.84,8.0,,4.0,,2.0,,"[{'property': 'loan_ineligible', 'notes': 'This player will not be available to face their parent club in Gameweek 25 as part of their loan conditions.', 'gameweek': 25, 'url': None}, {'property': 'loan_ineligible', 'notes': 'This player will not be available to face their parent club in Gameweek 19 as part of their loan conditions.', 'gameweek': 19, 'url': None}]",,289,29,103,9,77,20,170,21,0.1,0.0,0.04,0.14,1.02,1.33,27,9,205,21,245,27,124,20,1.06,0.53,3.45,Spurs,TOT
True,True,100.0,100.0,510281,0,0,0,0,10.5,-1,"[{'offset': 0, 'projected_percent': '10.5', 'likelihood': 1}, {'offset': 1, 'projected_percent': '10.5', 'likelihood': 1}, {'offset': 2, 'projected_percent': '10.5', 'likelihood': 1}]",,False,0,3,2.7,2.7,2,Sávio,2.7,403,False,,2026-08-29T16:30:08.380416Z,6.5,510281.jpg,2.7,False,Moreira de Oliveira,0.7,False,,a,19,6,8,99655,2743,79322,6559,0.4,1.2,Sávio,Sávio,30.0,2026-08-25,2004-04-10,False,p510281,240,0,0,2,3,0,0,0,0,0,0,0,66,51.4,130.0,96.0,27.8,3,8,0,11,3,0.41,0.70,1.11,2.76,2.0,,,,,,[],,191,79,25,23,40,23,41,30,0.15,0.0,0.26,0.41,1.04,1.12,41,28,149,65,178,77,222,70,1.12,0.75,4.12,Spurs,TOT
True,True,100.0,100.0,432422,-1,1,-2,2,-18.4,-6,"[{'offset': 0, 'projected_percent': '-18.6', 'likelihood': -1}, {'offset': 1, 'projected_percent': '-18.9', 'likelihood': -1}, {'offset': 2, 'projected_percent': '-19.2', 'likelihood': -1}]",,False,0,3,3.3,3.3,2,Sandro,3.3,455,False,,2026-09-14T14:30:07.387706Z,5.3,432422.jpg,2.8,False,Tonali,1.8,False,,a,19,6,14,47777,2188,269244,14637,0.6,2.6,Tonali,,106.0,2026-07-06,2000-05-08,False,p432422,427,0,0,2,8,0,0,0,0,0,0,0,86,63.0,89.0,28.0,18.0,11,20,11,42,5,0.24,0.61,0.85,7.72,,,,,,,[],,153,57,51,42,157,83,107,57,0.05,0.0,0.13,0.18,1.63,1.69,221,139,101,41,169,70,131,39,1.05,0.42,8.85,Spurs,TOT
True,False,0.0,0.0,184254,0,0,0,0,0.0,-1,"[{'offset': 0, 'projected_percent': '0.0', 'likelihood': 0}, {'offset': 1, 'projected_percent': '0.0', 'likelihood': 0}, {'offset': 2, 'projected_percent': '0.0', 'likelihood': 0}]",,False,0,1,0.0,0.0,0,Guglielmo,0.0,494,False,Has joined Juventus on loan for the rest of the season,2026-08-19T13:55:33.193962Z,4.5,184254.jpg,0.0,False,Vicario,0.1,False,,u,19,6,0,0,0,22076,693,0.0,0.0,Vicario,,106.0,2023-07-01,1996-10-07,False,p184254,0,0,0,0,0,0,0,0,0,0,0,0,0,0.0,0.0,0.0,0.0,0,0,0,0,0,0.00,0.00,0.00,0.00,,,,,,,[],,490,59,485,44,435,39,495,59,0.0,0.0,0.0,0.0,0.0,0.0,446,30,472,58,504,59,381,42,0.0,0.0,0.0,Spurs,TOT
True,True,,,214572,0,0,0,0,2.1,-2,"[{'offset': 0, 'projected_percent': '2.1', 'likelihood': 1}, {'offset': 1, 'projected_percent': '2.1', 'likelihood': 1}, {'offset': 2, 'projected_percent': '2.0', 'likelihood': 1}]",,False,0,1,0.0,0.0,0,Brandon,0.0,495,False,,,4.0,214572.jpg,0.0,False,Austin,1.0,False,,a,19,6,0,29503,1852,21781,2096,0.0,0.0,Austin,,241.0,2017-07-22,1999-01-08,False,p214572,0,0,0,0,0,0,0,0,0,0,0,0,0,0.0,0.0,0.0,0.0,0,0,0,0,0,0.00,0.00,0.00,0.00,,,,,,,[],,426,38,417,19,361,14,431,38,0.0,0.0,0.0,0.0,0.0,0.0,608,62,402,36,440,38,178,28,0.0,0.0,0.0,Spurs,TOT
True,True,,,485055,0,0,0,0,-49.4,-18,"[{'offset': 0, 'projected_percent': '-49.5', 'likelihood': -3}, {'offset': 1, 'projected_percent': '-49.6', 'likelihood': -3}, {'offset': 2, 'projected_percent': '-49.8', 'likelihood': -3}]",,False,0,1,5.0,5.0,2,Antonín,5.0,496,False,,,4.5,485055.jpg,3.6,False,Kinský,17.3,False,,a,19,6,18,346099,16945,790319,108092,1.1,4.0,Kinsky,,57.0,2025-01-05,2003-03-13,False,p485055,450,0,0,2,8,0,0,0,0,0,12,0,77,104.8,10.0,0.0,11.5,10,34,0,0,5,0.00,0.00,0.00,7.78,,,,,,,[],,68,12,282,3,457,48,190,11,0.0,2.4,0.0,0.0,1.56,1.6,482,39,46,4,111,12,22,3,1.0,0.4,0.0,Spurs,TOT
True,True,,,67089,0,0,0,0,-23.7,-4,"[{'offset': 0, 'projected_percent': '-23.8', 'likelihood': -2}, {'offset': 1, 'projected_percent': '-23.8', 'likelihood': -2}, {'offset': 2, 'projected_percent': '-23.8', 'likelihood': -2}]",,False,0,1,0.0,0.0,0,Martin,0.0,497,False,,,4.0,67089.jpg,0.0,False,Dubravka,17.1,False,,a,19,6,0,396110,25471,439017,46367,0.0,0.0,Dubravka,,194.0,2026-07-01,1989-01-15,False,p67089,0,0,0,0,0,0,0,0,0,0,0,0,0,0.0,0.0,0.0,0.0,0,0,0,0,0,0.00,0.00,0.00,0.00,,,,,,,[],,414,29,402,10,346,5,418,29,0.0,0.0,0.0,0.0,0.0,0.0,591,53,388,27,428,29,24,4,0.0,0.0,0.0,Spurs,TOT
True,True,,,221466,0,0,-2,2,-52.9,-13,"[{'offset': 0, 'projected_percent': '-53.2', 'likelihood': -3}, {'offset': 1, 'projected_percent': '-53.8', 'likelihood': -3}, {'offset': 2, 'projected_percent': '-54.3', 'likelihood': -3}]",,False,0,2,0.0,0.0,0,Marcos,0.0,498,False,,,5.8,221466.jpg,3.0,False,Senesi Barón,3.5,False,,a,19,6,3,29276,1132,457355,20892,0.0,0.5,Senesi,,10.0,2026-07-01,1997-05-10,False,p221466,90,0,0,0,3,0,0,0,0,0,0,0,10,36.6,2.2,0.0,3.9,11,2,5,16,1,0.00,0.02,0.02,3.87,,,,,,,[],,231,92,328,118,644,215,310,116,0.0,0.0,0.02,0.02,3.87,3.0,101,10,645,215,153,63,94,36,1.0,0.0,16.0,Spurs,TOT
True,True,75.0,100.0,441164,0,0,-1,1,-29.0,-64,"[{'offset': 0, 'projected_percent': '-29.3', 'likelihood': -2}, {'offset': 1, 'projected_percent': '-30.0', 'likelihood': -2}, {'offset': 2, 'projected_percent': '-30.6', 'likelihood': -2}]",,False,0,2,2.0,2.7,1,Pedro,2.7,499,False,Hamstring injury - 75% chance of playing,2026-09-19T12:00:08.823872Z,5.4,441164.jpg,3.0,False,Porro Sauceda,7.6,False,,d,19,6,9,124430,1656,990208,72460,0.5,1.7,Pedro Porro,,200.0,2023-07-01,1999-09-13,False,p441164,198,0,0,1,2,0,0,0,0,0,0,1,33,22.6,47.6,28.0,9.8,6,5,3,9,3,0.37,0.16,0.53,1.68,1.0,,1.0,,,,[],,276,113,127,33,158,47,213,75,0.17,0.0,0.07,0.24,0.76,0.91,190,24,146,56,146,61,49,18,1.36,0.45,4.09,Spurs,TOT
True,False,0.0,0.0,221632,0,0,0,0,0.0,-4,"[{'offset': 0, 'projected_percent': '0.0', 'likelihood': 0}, {'offset': 1, 'projected_percent': '0.0', 'likelihood': 0}, {'offset': 2, 'projected_percent': '0.0', 'likelihood': 0}]",,False,0,2,0.0,0.0,0,Cristian,0.0,500,False,Has joined Atletico Madrid permanently,2026-08-17T13:49:05.465401Z,5.0,221632.jpg,0.0,False,Romero,0.1,False,,u,19,6,0,0,0,16797,283,0.0,0.0,Romero,,10.0,2022-08-30,1998-04-27,False,p221632,0,0,0,0,0,0,0,0,0,0,0,0,0,0.0,0.0,0.0,0.0,0,0,0,0,0,0.00,0.00,0.00,0.00,,,,,,,[],,592,210,594,209,571,206,598,210,0.0,0.0,0.0,0.0,0.0,0.0,266,41,583,208,601,209,437,160,0.0,0.0,0.0,Spurs,TOT
True,True,,,122798,0,0,-1,1,0.4,-6,"[{'offset': 0, 'projected_percent': '0.3', 'likelihood': 1}, {'offset': 1, 'projected_percent': '0.2', 'likelihood': 1}, {'offset': 2, 'projected_percent': '0.1', 'likelihood': 1}]",,False,0,2,4.0,4.0,4,Andrew,4.0,502,False,,,4.4,122798.jpg,3.4,False,Robertson,2.5,False,,a,19,6,17,66952,5280,182969,12293,0.9,3.9,Robertson,,243.0,2026-07-01,1994-03-11,False,p122798,366,0,1,1,7,0,0,0,0,0,0,1,68,89.6,123.9,41.0,25.4,15,15,5,20,4,0.13,0.43,0.56,7.05,6.0,,,,,,[],,98,46,27,3,117,28,51,8,0.03,0.0,0.11,0.14,1.73,1.72,548,136,71,29,120,49,112,43,0.98,0.25,4.92,Spurs,TOT
True,True,100.0,100.0,491279,0,0,0,0,-21.1,4,"[{'offset': 0, 'projected_percent': '-21.0', 'likelihood': -2}, {'offset': 1, 'projected_percent': '-20.8', 'likelihood': -2}, {'offset': 2, 'projected_percent': '-20.7', 'likelihood': -2}]",,False,0,2,5.3,5.3,1,Micky,5.3,503,False,,2026-08-21T15:00:07.610517Z,5.0,491279.jpg,4.0,False,van de Ven,3.8,False,,a,19,6,16,93907,5451,266402,19161,1.1,3.2,Van de Ven,,152.0,2023-08-08,2001-04-19,False,p491279,360,0,0,2,5,0,0,0,1,0,0,3,69,75.8,8.7,18.0,10.3,24,17,5,29,4,0.59,0.05,0.64,3.91,,,,,,,[],,121,54,283,102,203,61,206,73,0.15,0.0,0.01,0.16,0.98,1.25,300,51,36,18,93,40,90,34,1.0,0.5,7.25,Spurs,TOT
True,False,0.0,0.0,232859,0,0,0,0,0.0,-2,"[{'offset': 0, 'projected_percent': '0.0', 'likelihood': 0}, {'offset': 1, 'projected_percent': '0.0', 'likelihood': 0}, {'offset': 2, 'projected_percent': '0.0', 'likelihood': 0}]",,False,0,2,0.0,0.0,0,Djed,0.0,505,False,Has joined Internazionale permanently,2026-08-18T14:13:08.454214Z,4.5,232859.jpg,0.0,False,Spence,0.2,False,,u,19,6,0,0,0,69230,1144,0.0,0.0,Spence,,241.0,2022-07-19,2000-08-09,False,p232859,0,0,0,0,0,0,0,0,0,0,0,0,0,0.0,0.0,0.0,0.0,0,0,0,0,0,0.00,0.00,0.00,0.00,,,,,,,[],,497,189,492,188,443,178,502,189,0.0,0.0,0.0,0.0,0.0,0.0,460,103,480,184,511,189,319,119,0.0,0.0,0.0,Spurs,TOT
True,True,100.0,100.0,487053,0,0,-1,1,-19.9,0,"[{'offset': 0, 'projected_percent': '-19.9', 'likelihood': -1}, {'offset': 1, 'projected_percent': '-19.9', 'likelihood': -1}, {'offset': 2, 'projected_percent': '-19.9', 'likelihood': -1}]",,False,0,2,1.7,1.7,0,Destiny,1.7,506,False,,2026-09-11T18:00:09.092110Z,4.4,487053.jpg,2.3,False,Udogie,0.3,False,,a,19,6,7,5567,328,22400,1570,0.4,1.6,Udogie,,106.0,2022-08-16,2002-11-28,False,p487053,86,0,0,1,1,0,0,0,1,0,0,0,21,9.8,13.5,4.0,2.7,3,4,1,4,1,0.00,0.23,0.23,1.17,,,,,,,[],,326,123,256,93,303,108,328,118,0.0,0.0,0.24,0.24,1.22,1.05,566,150,215,78,200,79,281,103,1.05,1.05,4.19,Spurs,TOT
True,False,0.0,0.0,548308,0,0,0,0,0.0,0,"[{'offset': 0, 'projected_percent': '0.0', 'likelihood': 0}, {'offset': 1, 'projected_percent': '0.0', 'likelihood': 0}, {'offset': 2, 'projected_percent': '0.0', 'likelihood': 0}]",,False,0,2,0.0,0.0,0,Ashley,0.0,507,False,Has joined Middlesbrough permanently,2026-08-18T14:13:08.474144Z,4.5,548308.jpg,0.0,False,Phillips,0.0,False,,u,19,6,0,0,0,1269,54,0.0,0.0,Phillips,,241.0,2023-08-05,2005-06-26,False,p548308,0,0,0,0,0,0,0,0,0,0,0,0,0,0.0,0.0,0.0,0.0,0,0,0,0,0,0.00,0.00,0.00,0.00,,,,,,,[],,517,197,514,196,471,189,522,197,0.0,0.0,0.0,0.0,0.0,0.0,498,123,501,193,531,197,599,202,0.0,0.0,0.0,Spurs,TOT
True,True,,,115556,-1,1,-1,1,1.5,5,"[{'offset': 0, 'projected_percent': '1.5', 'likelihood': 1}, {'offset': 1, 'projected_percent': '1.6', 'likelihood': 1}, {'offset': 2, 'projected_percent': '1.7', 'likelihood': 1}]",,False,0,2,0.0,0.0,0,Ben,0.0,508,False,,,3.9,115556.jpg,0.0,False,Davies,0.9,False,,a,19,6,0,18983,7187,41159,3716,0.0,0.0,Davies,,244.0,2014-07-23,1993-04-24,False,p115556,0,0,0,0,0,0,0,0,0,0,0,0,0,0.0,0.0,0.0,0.0,0,0,0,0,0,0.00,0.00,0.00,0.00,,,,,,,[],,406,147,394,143,337,127,410,146,0.0,0.0,0.0,0.0,0.0,0.0,662,212,379,133,420,147,192,72,0.0,0.0,0.0,Spurs,TOT
True,True,,,640419,0,0,0,0,-4.0,-1,"[{'offset': 0, 'projected_percent': '-5.3', 'likelihood': -1}, {'offset': 1, 'projected_percent': '-8.3', 'likelihood': -1}, {'offset': 2, 'projected_percent': '-11.3', 'likelihood': -1}]",,False,0,2,0.0,0.0,0,Jun'ai,0.0,509,False,,,4.0,640419.jpg,0.0,False,Byfield,0.1,False,,a,19,6,0,2334,119,2585,241,0.0,0.0,Byfield,,,,,False,p640419,0,0,0,0,0,0,0,0,0,0,0,0,0,0.0,0.0,0.0,0.0,0,0,0,0,0,0.00,0.00,0.00,0.00,,,,,,,[],,462,178,453,177,398,163,467,178,0.0,0.0,0.0,0.0,0.0,0.0,658,208,440,169,476,178,481,172,0.0,0.0,0.0,Spurs,TOT
True,True,,,499716,0,0,0,0,-15.8,0,"[{'offset': 0, 'projected_percent': '-15.8', 'likelihood': -1}, {'offset': 1, 'projected_percent': '-15.8', 'likelihood': -1}, {'offset': 2, 'projected_percent': '-15.8', 'likelihood': -1}]",,False,0,2,0.0,0.0,0,James,0.0,510,False,,,4.0,499716.jpg,0.0,False,Rowswell,0.1,False,,a,19,6,0,2878,149,3458,330,0.0,0.0,Rowswell,,,,,False,p499716,0,0,0,0,0,0,0,0,0,0,0,0,0,0.0,0.0,0.0,0.0,0,0,0,0,0,0.00,0.00,0.00,0.00,,,,,,,[],,443,161,434,160,378,145,448,161,0.0,0.0,0.0,0.0,0.0,0.0,634,186,420,151,457,161,435,159,0.0,0.0,0.0,Spurs,TOT
True,False,0.0,0.0,616221,0,0,0,0,0.0,-2,"[{'offset': 0, 'projected_percent': '0.0', 'likelihood': 0}, {'offset': 1, 'projected_percent': '0.0', 'likelihood': 0}, {'offset': 2, 'projected_percent': '0.0', 'likelihood': 0}]",,False,0,2,0.0,0.0,0,João Victor,0.0,511,False,Has joined FC Porto on loan for the rest of the season,2026-09-01T13:24:26.858636Z,4.0,616221.jpg,0.0,False,de Souza Menezes,0.2,False,,u,19,6,0,2555,0,16848,862,0.0,0.0,Souza,Souza,30.0,2026-01-22,2006-06-16,False,p616221,0,0,0,0,0,0,0,0,0,0,0,0,0,0.0,0.0,0.0,0.0,0,0,0,0,0,0.00,0.00,0.00,0.00,,,,,,,[],,461,177,452,176,397,162,466,177,0.0,0.0,0.0,0.0,0.0,0.0,657,207,439,168,475,177,361,138,0.0,0.0,0.0,Spurs,TOT
True,True,100.0,100.0,460842,0,0,0,0,2.0,3,"[{'offset': 0, 'projected_percent': '2.1', 'likelihood': 1}, {'offset': 1, 'projected_percent': '2.1', 'likelihood': 1}, {'offset': 2, 'projected_percent': '2.2', 'likelihood': 1}]",,False,0,3,2.0,2.0,4,Mohammed,2.0,512,False,,2026-07-23T12:01:23.848657Z,6.5,460842.jpg,1.8,False,Kudus,0.2,False,,a,19,6,7,12952,2158,11032,1077,0.3,1.1,Kudus,,81.0,2025-07-10,2000-08-02,False,p460842,123,0,1,0,3,0,0,0,0,0,0,0,49,37.2,48.7,26.0,11.2,0,11,3,14,0,0.11,0.42,0.53,1.46,7.0,,6.0,,3.0,,[],,229,99,123,82,165,88,196,93,0.08,0.0,0.31,0.39,1.07,2.2,40,27,204,94,259,115,365,131,0.0,0.0,10.24,Spurs,TOT
True,True,0.0,0.0,493362,0,0,-1,1,-16.6,0,"[{'offset': 0, 'projected_percent': '-16.6', 'likelihood': -1}, {'offset': 1, 'projected_percent': '-16.6', 'likelihood': -1}, {'offset': 2, 'projected_percent': '-16.6', 'likelihood': -1}]",,False,0,3,0.0,0.0,0,Xavi,0.0,513,False,Knee injury - Unknown return date,2026-07-23T12:01:23.864304Z,5.9,493362.jpg,0.0,False,Simons,0.0,False,,i,19,6,0,342,50,1120,79,0.0,0.0,Xavi,,152.0,2025-08-29,2003-04-21,False,p493362,0,0,0,0,0,0,0,0,0,0,0,0,0,0.0,0.0,0.0,0.0,0,0,0,0,0,0.00,0.00,0.00,0.00,,,2.0,,4.0,,[],,655,291,659,292,653,290,659,292,0.0,0.0,0.0,0.0,0.0,0.0,91,58,655,290,658,292,597,250,0.0,0.0,0.0,Spurs,TOT
True,True,,,511499,-1,1,-3,3,-25.4,0,"[{'offset': 0, 'projected_percent': '-25.4', 'likelihood': -2}, {'offset': 1, 'projected_percent': '-25.4', 'likelihood': -2}, {'offset': 2, 'projected_percent': '-25.4', 'likelihood': -2}]",,False,0,3,1.3,1.3,0,Mathys,1.3,514,False,,,5.7,511499.jpg,2.0,False,Tel,0.2,False,,a,19,6,8,9127,195,46718,1901,0.2,1.4,Tel,,73.0,2025-07-01,2005-04-27,False,p511499,257,0,0,1,4,0,0,0,0,0,0,0,41,21.6,52.7,72.0,14.6,1,11,1,13,3,0.21,0.23,0.44,5.55,3.0,,3.0,,,,[],,280,120,109,72,59,36,150,77,0.07,0.0,0.08,0.15,1.94,1.4,117,75,243,110,239,105,341,120,1.05,0.35,4.55,Spurs,TOT
True,True,100.0,100.0,172780,0,0,-2,2,-68.8,0,"[{'offset': 0, 'projected_percent': '-68.8', 'likelihood': -3}, {'offset': 1, 'projected_percent': '-68.8', 'likelihood': -3}, {'offset': 2, 'projected_percent': '-68.8', 'likelihood': -3}]",,False,0,3,0.7,0.7,1,James,0.7,515,False,,2026-08-25T14:30:07.623508Z,6.3,172780.jpg,1.0,False,Maddison,0.4,False,,a,19,6,3,5765,716,96177,1924,0.1,0.5,Maddison,,241.0,2023-06-28,1996-11-23,False,p172780,59,0,0,0,2,0,0,0,0,0,0,0,18,21.8,14.5,19.0,5.6,3,4,4,11,0,0.06,0.04,0.10,1.03,5.0,,5.0,,,,[],,277,117,247,131,198,109,280,126,0.09,0.0,0.06,0.15,1.57,3.05,44,30,306,144,397,191,268,88,0.0,0.0,16.78,Spurs,TOT
True,True,,,202993,0,0,0,0,-72.1,-1,"[{'offset': 0, 'projected_percent': '-72.6', 'likelihood': -3}, {'offset': 1, 'projected_percent': '-73.6', 'likelihood': -3}, {'offset': 2, 'projected_percent': '-74.6', 'likelihood': -3}]",,False,0,3,4.0,4.0,4,Rodrigo,4.0,516,False,,,5.5,202993.jpg,3.0,False,Bentancur,0.2,False,,a,19,6,15,5111,347,8330,673,0.7,2.7,Bentancur,,230.0,2022-01-31,1997-06-25,False,p202993,370,0,0,2,6,0,0,0,0,0,0,0,69,77.4,39.3,8.0,12.6,22,23,15,60,4,0.02,0.12,0.14,5.59,,,,,,,[],,117,38,159,101,272,140,176,86,0.0,0.0,0.03,0.03,1.36,1.46,134,81,80,29,149,61,346,124,0.97,0.49,14.59,Spurs,TOT
True,True,0.0,0.0,550839,0,0,0,0,0.0,0,"[{'offset': 0, 'projected_percent': '0.0', 'likelihood': 0}, {'offset': 1, 'projected_percent': '0.0', 'likelihood': 0}, {'offset': 2, 'projected_percent': '0.0', 'likelihood': 0}]",,False,0,3,0.0,0.0,0,Wilson,0.0,517,False,Knee injury - Unknown return date,2026-07-23T12:01:23.879434Z,5.5,550839.jpg,0.0,False,Odobert,0.0,False,,i,19,6,0,126,24,108,13,0.0,0.0,Odobert,,73.0,2024-08-16,2004-11-28,False,p550839,0,0,0,0,0,0,0,0,0,0,0,0,0,0.0,0.0,0.0,0.0,0,0,0,0,0,0.00,0.00,0.00,0.00,,,,,,,[],https://www.tottenhamhotspur.com/news/1008505/odobert-suffers-acl-injury,645,284,651,286,640,281,650,285,0.0,0.0,0.0,0.0,0.0,0.0,161,101,642,283,650,286,660,293,0.0,0.0,0.0,Spurs,TOT
True,False,0.0,0.0,482442,0,0,-1,1,0.0,-1,"[{'offset': 0, 'projected_percent': '0.0', 'likelihood': 0}, {'offset': 1, 'projected_percent': '0.0', 'likelihood': 0}, {'offset': 2, 'projected_percent': '0.0', 'likelihood': 0}]",,False,0,3,0.0,0.0,0,Pape Matar,0.0,518,False,Has joined Juventus on loan for the rest of the season,2026-09-02T16:02:43.386849Z,4.9,482442.jpg,0.0,False,Sarr,0.1,False,,u,19,6,0,4138,0,23717,650,0.0,0.0,P.M.Sarr,Pape Matar Sarr,189.0,2021-08-27,2002-09-14,False,p482442,0,0,0,0,0,0,0,0,0,0,0,0,0,0.0,0.0,0.0,0.0,0,0,0,0,0,0.00,0.00,0.00,0.00,,,,,,,[],,573,238,572,244,539,221,579,240,0.0,0.0,0.0,0.0,0.0,0.0,376,224,563,232,584,245,452,175,0.0,0.0,0.0,Spurs,TOT
True,True,,,232787,0,0,-2,2,0.1,4,"[{'offset': 0, 'projected_percent': '0.1', 'likelihood': 1}, {'offset': 1, 'projected_percent': '0.1', 'likelihood': 1}, {'offset': 2, 'projected_percent': '0.2', 'likelihood': 1}]",,False,0,3,3.0,3.0,6,Conor,3.0,519,False,,,5.3,232787.jpg,3.0,False,Gallagher,0.2,False,,a,19,6,9,4644,788,17019,631,0.6,1.7,Gallagher,,241.0,2026-01-14,2000-02-06,False,p232787,134,1,0,1,2,0,0,0,1,0,0,0,48,48.6,12.2,36.0,9.6,1,9,8,18,2,0.37,0.12,0.49,2.65,,,,,,,[],,199,85,263,136,135,73,216,101,0.25,0.0,0.08,0.33,1.78,1.34,218,136,125,49,144,59,338,119,1.34,0.67,12.09,Spurs,TOT
True,True,,,570526,-1,1,-2,2,-2.7,-2,"[{'offset': 0, 'projected_percent': '-3.3', 'likelihood': -1}, {'offset': 1, 'projected_percent': '-4.8', 'likelihood': -1}, {'offset': 2, 'projected_percent': '-6.3', 'likelihood': -1}]",,False,0,3,0.7,0.7,1,Lucas,0.7,520,False,,,5.3,570526.jpg,1.0,False,Bergvall,0.1,False,,a,19,6,3,1881,101,9537,604,0.1,0.6,Bergvall,,206.0,2024-07-01,2006-02-02,False,p570526,78,0,0,0,2,0,0,0,0,0,0,0,13,11.0,10.8,11.0,2.9,1,9,3,13,1,0.06,0.27,0.33,2.21,,,,,,,[],,320,143,272,139,249,129,325,152,0.07,0.0,0.31,0.38,2.55,2.31,234,147,302,140,370,170,374,135,1.15,0.0,15.0,Spurs,TOT
True,True,0.0,0.0,445044,0,0,0,0,-79.1,0,"[{'offset': 0, 'projected_percent': '-79.1', 'likelihood': -3}, {'offset': 1, 'projected_percent': '-79.1', 'likelihood': -3}, {'offset': 2, 'projected_percent': '-79.1', 'likelihood': -3}]",,False,0,3,0.0,0.0,0,Dejan,0.0,521,False,Knee injury - Unknown return date,2026-07-23T12:01:23.895175Z,6.5,445044.jpg,0.0,False,Kulusevski,0.0,False,,i,19,6,0,390,84,729,64,0.0,0.0,Kulusevski,,206.0,2023-07-01,2000-04-25,False,p445044,0,0,0,0,0,0,0,0,0,0,0,0,0,0.0,0.0,0.0,0.0,0,0,0,0,0,0.00,0.00,0.00,0.00,,,,,,,[],https://www.tottenhamhotspur.com/news/1089549/team-news-mudryk-injured-kulusevski-still-out,663,297,664,297,662,297,664,297,0.0,0.0,0.0,0.0,0.0,0.0,38,26,662,296,663,297,613,260,0.0,0.0,0.0,Spurs,TOT
True,True,,,547701,0,0,-1,1,-23.0,0,"[{'offset': 0, 'projected_percent': '-23.0', 'likelihood': -2}, {'offset': 1, 'projected_percent': '-23.0', 'likelihood': -2}, {'offset': 2, 'projected_percent': '-23.0', 'likelihood': -2}]",,False,0,3,1.7,1.7,2,Archie,1.7,522,False,,,4.9,547701.jpg,2.2,False,Gray,0.2,False,,a,19,6,9,6830,453,13331,1160,0.3,1.8,Gray,,241.0,2024-07-02,2006-03-12,False,p547701,307,0,0,1,7,0,0,0,0,0,0,0,51,28.4,14.6,27.0,7.0,10,12,5,27,3,0.23,0.05,0.28,6.11,,,,,,,[],,258,107,245,130,159,84,248,110,0.07,0.0,0.01,0.08,1.79,2.05,391,235,217,98,214,93,345,123,0.88,0.29,7.92,Spurs,TOT
True,False,0.0,0.0,499721,0,0,0,0,0.0,0,"[{'offset': 0, 'projected_percent': '0.0', 'likelihood': 0}, {'offset': 1, 'projected_percent': '0.0', 'likelihood': 0}, {'offset': 2, 'projected_percent': '0.0', 'likelihood': 0}]",,False,0,3,0.0,0.0,0,Mikey,0.0,523,False,Has joined FC Köln on loan for the rest of the season,2026-09-04T12:39:48.098158Z,5.0,499721.jpg,1.5,False,Moore,0.1,False,,u,19,6,3,3258,0,17010,525,0.0,0.6,Moore,,241.0,2024-05-01,2007-08-11,False,p499721,89,0,0,0,4,0,0,0,0,0,0,0,11,14.2,6.3,56.0,7.5,0,2,1,3,1,0.40,0.02,0.42,3.26,,,,,,,[],,301,130,292,147,83,49,243,108,0.4,0.0,0.02,0.42,3.3,4.04,305,182,601,256,273,121,490,191,1.01,0.0,3.03,Spurs,TOT
True,True,,,499726,0,0,-1,1,7.7,0,"[{'offset': 0, 'projected_percent': '7.7', 'likelihood': 1}, {'offset': 1, 'projected_percent': '7.7', 'likelihood': 1}, {'offset': 2, 'projected_percent': '7.7', 'likelihood': 1}]",,False,0,3,0.0,0.0,0,Callum,0.0,524,False,,,4.4,499726.jpg,0.0,False,Olusesi,1.0,False,,a,19,6,0,55652,6036,49302,7457,0.0,0.0,Olusesi,,,,,False,p499726,0,0,0,0,0,0,0,0,0,0,0,0,0,0.0,0.0,0.0,0.0,0,0,0,0,0,0.00,0.00,0.00,0.00,,,,,,,[],,475,196,467,202,417,174,480,197,0.0,0.0,0.0,0.0,0.0,0.0,569,294,455,187,489,204,181,58,0.0,0.0,0.0,Spurs,TOT
True,True,,,551226,-1,1,-3,3,-9.3,-10,"[{'offset': 0, 'projected_percent': '-9.8', 'likelihood': -1}, {'offset': 1, 'projected_percent': '-11.0', 'likelihood': -1}, {'offset': 2, 'projected_percent': '-12.1', 'likelihood': -1}]",,False,0,3,1.3,1.3,1,Mateus,1.3,525,False,,,5.7,551226.jpg,1.4,False,Fernandes,0.8,False,,a,19,6,7,14432,451,124540,6453,0.2,1.2,Fernandes,Mateus Fernandes,173.0,2026-07-02,2004-07-10,False,p551226,249,0,0,1,4,0,0,0,1,0,0,0,50,24.2,92.6,34.0,14.6,2,12,7,21,3,0.19,0.28,0.47,4.43,4.0,,,,,,[],,271,114,46,39,142,75,151,78,0.07,0.0,0.1,0.17,1.6,1.45,118,76,244,111,278,125,204,64,1.08,0.36,7.59,Spurs,TOT
True,True,,,154566,0,0,-2,2,-29.3,2,"[{'offset': 0, 'projected_percent': '-29.2', 'likelihood': -2}, {'offset': 1, 'projected_percent': '-28.9', 'likelihood': -2}, {'offset': 2, 'projected_percent': '-28.7', 'likelihood': -2}]",,False,0,4,1.7,1.7,2,Dominic,1.7,526,False,,,5.8,154566.jpg,1.4,False,Solanke-Mitchell,0.8,False,,a,19,6,7,29351,1804,94566,5515,0.3,1.2,Solanke,,241.0,2024-08-10,1997-09-14,False,p154566,170,0,0,1,1,0,0,0,0,0,0,0,21,8.4,17.5,37.0,6.1,2,5,2,9,2,0.56,0.01,0.57,2.57,,,,,1.0,,[],,336,33,227,26,134,25,268,29,0.3,0.0,0.01,0.31,1.36,0.53,97,26,223,25,279,32,200,32,1.06,0.53,4.76,Spurs,TOT
True,False,0.0,0.0,212319,0,0,-1,1,0.0,-10,"[{'offset': 0, 'projected_percent': '0.0', 'likelihood': 0}, {'offset': 1, 'projected_percent': '0.0', 'likelihood': 0}, {'offset': 2, 'projected_percent': '0.0', 'likelihood': 0}]",,False,0,4,0.0,0.0,0,Richarlison,0.0,527,False,not included in squad.,2026-09-04T12:32:39.183614Z,5.9,212319.jpg,2.0,False,de Andrade,0.6,False,,u,19,6,2,21439,0,268035,5552,0.0,0.3,Richarlison,Richarlison,30.0,2022-07-01,1997-05-10,False,p212319,67,0,0,0,3,0,0,0,0,0,0,0,6,0.0,2.2,0.0,0.2,1,0,0,1,1,0.00,0.00,0.00,3.02,,,,,,,[],,652,74,329,43,650,75,402,46,0.0,0.0,0.0,0.0,4.06,4.03,83,22,651,75,241,25,226,37,1.34,0.0,1.34,Spurs,TOT
True,False,0.0,0.0,490145,0,0,0,0,0.0,-2,"[{'offset': 0, 'projected_percent': '0.0', 'likelihood': 0}, {'offset': 1, 'projected_percent': '0.0', 'likelihood': 0}, {'offset': 2, 'projected_percent': '0.0', 'likelihood': 0}]",,False,0,4,0.0,0.0,0,Dane,0.0,528,False,Has joined Leyton Orient permanently,2026-09-02T16:02:43.413625Z,4.5,490145.jpg,0.0,False,Scarlett,1.1,False,,u,19,6,0,42525,0,109395,7828,0.0,0.0,Scarlett,,241.0,2020-08-21,2004-03-24,False,p490145,0,0,0,0,0,0,0,0,0,0,0,0,0,0.0,0.0,0.0,0.0,0,0,0,0,0,0.00,0.00,0.00,0.00,,,,,,,[],,505,45,502,50,459,44,510,49,0.0,0.0,0.0,0.0,0.0,0.0,485,66,489,43,519,51,169,27,0.0,0.0,0.0,Spurs,TOT
True,True,0.0,0.0,465920,-1,1,-2,2,-11.3,0,"[{'offset': 0, 'projected_percent': '-11.3', 'likelihood': -1}, {'offset': 1, 'projected_percent': '-11.3', 'likelihood': -1}, {'offset': 2, 'projected_percent': '-11.3', 'likelihood': -1}]",,False,0,3,0.0,0.0,0,Mykhailo,0.2,578,False,Ankle injury - Unknown return date,2026-09-11T18:00:09.154412Z,5.3,465920.jpg,1.0,False,Mudryk,0.0,False,,i,19,6,1,5439,19,7597,549,0.0,0.2,Mudryk,,225.0,2026-09-01,2001-01-05,False,p465920,16,0,0,0,0,0,0,0,0,0,0,0,3,0.0,0.1,2.0,0.1,0,0,0,0,0,0.00,0.00,0.00,0.16,,,,,,,"[{'property': 'loan_ineligible', 'notes': 'This player will not be available to face their parent club in Gameweek 35 as part of their loan conditions.', 'gameweek': 35, 'url': None}, {'property': 'loan_ineligible', 'notes': 'This player will not be available to face their parent club in Gameweek 8 as part of their loan conditions.', 'gameweek': 8, 'url': None}]",https://www.tottenhamhotspur.com/news/1089549/team-news-mudryk-injured-kulusevski-still-out,624,270,392,196,330,164,407,191,0.0,0.0,0.0,0.0,0.9,0.0,226,141,371,177,365,165,513,203,0.0,0.0,0.0,Spurs,TOT
True,True,,,611917,0,0,0,0,-50.8,0,"[{'offset': 0, 'projected_percent': '-50.8', 'likelihood': -3}, {'offset': 1, 'projected_percent': '-50.8', 'likelihood': -3}, {'offset': 2, 'projected_percent': '-50.8', 'likelihood': -3}]",,False,0,3,0.0,0.0,0,Luca,0.0,601,False,,,4.5,611917.jpg,0.0,False,Williams-Barnett,0.1,False,,a,19,6,0,10245,163,7026,743,0.0,0.0,Williams-Barnett,,241.0,2025-07-25,2008-10-01,False,p611917,0,0,0,0,0,0,0,0,0,0,0,0,0,0.0,0.0,0.0,0.0,0,0,0,0,0,0.00,0.00,0.00,0.00,,,,,,,[],,536,214,532,220,490,192,541,215,0.0,0.0,0.0,0.0,0.0,0.0,523,274,520,205,549,222,386,142,0.0,0.0,0.0,Spurs,TOT
True,True,,,135720,0,0,0,0,-81.1,1,"[{'offset': 0, 'projected_percent': '-80.6', 'likelihood': -3}, {'offset': 1, 'projected_percent': '-79.5', 'likelihood': -3}, {'offset': 2, 'projected_percent': '-78.4', 'likelihood': -3}]",,False,0,2,1.0,1.0,0,Kevin,1.0,501,False,,,5.0,135720.jpg,1.0,False,Danso,0.2,False,,a,20,56,3,6549,1124,9847,810,0.2,0.6,Danso,,14.0,2026-09-01,1998-09-19,False,p135720,270,0,0,0,8,0,0,0,0,0,0,0,7,55.2,32.9,21.0,11.0,19,11,1,20,3,0.07,0.17,0.24,5.91,,,,,,,"[{'property': 'loan_ineligible', 'notes': 'This player will not be available to face their parent club in Gameweek 23 as part of their loan conditions.', 'gameweek': 23, 'url': None}, {'property': 'loan_ineligible', 'notes': 'This player will not be available to face their parent club in Gameweek 12 as part of their loan conditions.', 'gameweek': 12, 'url': None}]",,176,74,176,55,183,57,198,71,0.02,0.0,0.06,0.08,1.97,2.67,245,36,257,97,350,133,359,136,1.0,0.0,6.67,Sunderland,SUN
True,True,,,498016,0,0,-1,1,-15.8,-2,"[{'offset': 0, 'projected_percent': '-15.8', 'likelihood': -1}, {'offset': 1, 'projected_percent': '-15.9', 'likelihood': -1}, {'offset': 2, 'projected_percent': '-16.0', 'likelihood': -1}]",,False,0,1,2.5,2.5,0,Robin,2.5,529,False,,,4.9,498016.jpg,2.2,False,Roefs,2.4,False,,a,20,56,11,21856,2007,177388,11263,0.5,2.2,Roefs,,152.0,2025-08-01,2003-01-17,False,p498016,450,0,0,1,10,0,0,0,0,0,6,0,41,73.4,0.0,0.0,7.3,7,35,0,0,5,0.00,0.01,0.01,8.66,,,,,,,[],,124,20,574,61,541,59,245,20,0.0,1.2,0.0,0.0,1.73,2.0,380,21,155,16,213,17,118,18,1.0,0.2,0.0,Sunderland,SUN
True,False,0.0,0.0,232571,0,0,0,0,0.0,0,"[{'offset': 0, 'projected_percent': '0.0', 'likelihood': 0}, {'offset': 1, 'projected_percent': '0.0', 'likelihood': 0}, {'offset': 2, 'projected_percent': '0.0', 'likelihood': 0}]",,False,0,1,0.0,0.0,0,Anthony,0.0,530,False,Has joined Wrexham permanently,2026-08-12T14:08:03.064533Z,4.0,232571.jpg,0.0,False,Patterson,0.1,False,,u,20,56,0,0,0,5990,338,0.0,0.0,Patterson,,241.0,2018-10-09,2000-05-10,False,p232571,0,0,0,0,0,0,0,0,0,0,0,0,0,0.0,0.0,0.0,0.0,0,0,0,0,0,0.00,0.00,0.00,0.00,,,,,,,[],,429,39,420,20,364,15,434,39,0.0,0.0,0.0,0.0,0.0,0.0,614,63,405,37,443,39,395,45,0.0,0.0,0.0,Sunderland,SUN
True,True,,,515046,-1,1,-1,1,-0.1,1,"[{'offset': 0, 'projected_percent': '0.0', 'likelihood': 0}, {'offset': 1, 'projected_percent': '0.0', 'likelihood': 0}, {'offset': 2, 'projected_percent': '0.0', 'likelihood': 0}]",,False,0,1,0.0,0.0,0,Melker,0.0,531,False,,,4.4,515046.jpg,0.0,False,Ellborg,0.1,False,,a,20,56,0,1169,130,3325,244,0.0,0.0,Ellborg,,206.0,2026-02-01,2003-05-22,False,p515046,0,0,0,0,0,0,0,0,0,0,0,0,0,0.0,0.0,0.0,0.0,0,0,0,0,0,0.00,0.00,0.00,0.00,,,,,,,[],,476,52,468,34,418,29,481,52,0.0,0.0,0.0,0.0,0.0,0.0,570,46,456,50,490,52,445,51,0.0,0.0,0.0,Sunderland,SUN
True,True,75.0,,223827,0,0,-1,1,-51.3,-25,"[{'offset': 0, 'projected_percent': '-51.7', 'likelihood': -3}, {'offset': 1, 'projected_percent': '-52.5', 'likelihood': -3}, {'offset': 2, 'projected_percent': '-53.3', 'likelihood': -3}]",,False,0,2,2.6,3.5,2,Daniel,3.5,532,False,Hamstring injury - 75% chance of playing,2026-09-25T21:30:10.370384Z,4.9,223827.jpg,2.8,False,Ballard,2.5,False,,d,20,56,14,45478,3579,316665,16097,0.7,2.9,Ballard,,242.0,2022-07-01,1999-09-22,False,p223827,450,0,0,1,10,0,0,0,2,0,0,0,31,104.2,23.8,35.0,16.3,39,12,10,49,5,0.31,0.16,0.47,8.66,,,,,,,[],,72,33,203,67,139,39,119,40,0.06,0.0,0.03,0.09,1.73,2.0,356,63,94,39,162,67,114,44,1.0,0.2,9.8,Sunderland,SUN
True,True,100.0,100.0,200834,0,0,-1,1,-16.4,-4,"[{'offset': 0, 'projected_percent': '-16.5', 'likelihood': -1}, {'offset': 1, 'projected_percent': '-16.8', 'likelihood': -1}, {'offset': 2, 'projected_percent': '-17.2', 'likelihood': -1}]",,False,0,2,3.2,3.2,0,Nordi,3.2,533,False,,2026-08-09T08:30:05.954750Z,5.4,200834.jpg,3.2,False,Mukiele,1.9,False,,a,20,56,13,44304,4973,129641,8536,0.6,2.4,Mukiele,,73.0,2025-08-17,1997-11-01,False,p200834,360,0,0,1,8,0,0,0,1,0,0,1,44,115.6,48.4,59.0,22.3,35,16,13,48,4,0.75,0.28,1.03,6.86,,,,,,,[],,51,22,124,32,73,10,68,13,0.19,0.0,0.07,0.26,1.72,2.0,176,19,112,46,130,55,127,51,1.0,0.25,12.0,Sunderland,SUN
True,True,,,487676,-1,1,-2,2,-7.4,-4,"[{'offset': 0, 'projected_percent': '-7.4', 'likelihood': -1}, {'offset': 1, 'projected_percent': '-7.6', 'likelihood': -1}, {'offset': 2, 'projected_percent': '-7.7', 'likelihood': -1}]",,False,0,2,2.0,2.0,1,Trai,2.0,534,False,,,4.3,487676.jpg,2.5,False,Hume,2.8,False,,a,20,56,10,37821,1195,396613,28938,0.5,2.3,Hume,,242.0,2022-01-04,2002-03-18,False,p487676,206,0,0,1,2,0,0,0,0,0,0,0,44,32.2,59.0,23.0,11.5,3,12,10,13,2,0.14,0.29,0.43,4.57,3.0,,,,,,[],,246,101,96,21,173,51,189,67,0.06,0.0,0.13,0.19,2.0,0.87,582,157,187,71,187,73,107,41,0.87,0.44,5.68,Sunderland,SUN
True,True,100.0,100.0,201895,-1,1,-2,2,-6.3,1,"[{'offset': 0, 'projected_percent': '-6.1', 'likelihood': -1}, {'offset': 1, 'projected_percent': '-5.7', 'likelihood': -1}, {'offset': 2, 'projected_percent': '-5.2', 'likelihood': -1}]",,False,0,2,0.0,0.0,0,Omar,0.0,535,False,,2026-08-09T08:30:05.962393Z,4.8,201895.jpg,1.0,False,Alderete,0.2,False,,a,20,56,1,4966,212,27314,1038,0.0,0.2,Alderete,,168.0,2025-08-12,1996-12-26,False,p201895,23,0,0,0,1,0,0,0,0,0,0,0,2,0.0,0.6,0.0,0.0,0,2,0,0,0,0.00,0.01,0.01,0.10,,,,,,,[],,553,204,367,136,511,198,558,204,0.0,0.0,0.04,0.04,0.39,3.91,409,75,538,201,326,126,315,117,0.0,0.0,0.0,Sunderland,SUN
True,True,100.0,0.0,434399,-1,1,-1,1,-0.0,0,"[{'offset': 0, 'projected_percent': '-0.0', 'likelihood': 0}, {'offset': 1, 'projected_percent': '-0.0', 'likelihood': 0}, {'offset': 2, 'projected_percent': '-0.0', 'likelihood': 0}]",,False,0,2,1.5,0.0,0,Reinildo,1.5,536,False,,2026-09-12T21:30:09.421687Z,4.4,434399.jpg,1.8,False,Mandava,0.3,False,,a,20,56,7,4041,178,24339,1539,0.3,1.6,Reinildo,Reinildo Mandava,146.0,2025-07-08,1994-01-21,False,p434399,360,0,0,1,5,0,0,0,0,1,0,0,37,53.8,36.4,6.0,9.5,21,18,8,29,4,0.00,0.32,0.32,5.05,,,,,,,[],,178,75,166,46,283,100,217,77,0.0,0.0,0.08,0.08,1.26,1.25,559,145,227,84,248,91,308,115,1.0,0.25,7.25,Sunderland,SUN
True,False,0.0,0.0,519634,0,0,0,0,0.0,0,"[{'offset': 0, 'projected_percent': '0.0', 'likelihood': 0}, {'offset': 1, 'projected_percent': '0.0', 'likelihood': 0}, {'offset': 2, 'projected_percent': '0.0', 'likelihood': 0}]",,False,0,2,0.0,0.0,0,Jenson,0.0,537,False,Has joined Swansea City on loan for the rest of the season,2026-08-29T00:34:52.425076Z,4.5,519634.jpg,0.0,False,Seelt,0.0,False,,u,20,56,0,61,0,664,22,0.0,0.0,Seelt,,152.0,2023-07-01,2003-05-23,False,p519634,0,0,0,0,0,0,0,0,0,0,0,0,0,0.0,0.0,0.0,0.0,0,0,0,0,0,0.00,0.00,0.00,0.00,,,,,,,[],,513,196,510,195,467,188,518,196,0.0,0.0,0.0,0.0,0.0,0.0,494,122,497,192,527,196,637,213,0.0,0.0,0.0,Sunderland,SUN
True,False,0.0,0.0,477547,0,0,0,0,0.0,0,"[{'offset': 0, 'projected_percent': '0.0', 'likelihood': 0}, {'offset': 1, 'projected_percent': '0.0', 'likelihood': 0}, {'offset': 2, 'projected_percent': '0.0', 'likelihood': 0}]",,False,0,2,0.0,0.0,0,Leo Fuhr,0.0,538,False,Has joined KV Mechelen on loan for the rest of the season,2026-08-12T14:08:03.081789Z,4.0,477547.jpg,0.0,False,Hjelde,0.0,False,,u,20,56,0,0,0,2522,151,0.0,0.0,Hjelde,,161.0,2024-01-30,2003-08-26,False,p477547,0,0,0,0,0,0,0,0,0,0,0,0,0,0.0,0.0,0.0,0.0,0,0,0,0,0,0.00,0.00,0.00,0.00,,,,,,,[],,437,158,428,157,372,142,442,158,0.0,0.0,0.0,0.0,0.0,0.0,627,182,414,148,451,158,525,185,0.0,0.0,0.0,Sunderland,SUN
True,True,,,167512,-1,1,-1,1,3.9,9,"[{'offset': 0, 'projected_percent': '4.0', 'likelihood': 1}, {'offset': 1, 'projected_percent': '4.1', 'likelihood': 1}, {'offset': 2, 'projected_percent': '4.2', 'likelihood': 1}]",,False,0,2,0.0,0.0,0,Luke,0.0,539,False,,,3.9,167512.jpg,1.0,False,O'Nien,2.5,False,,a,20,56,1,31948,17205,121098,11198,0.0,0.3,O'Nien,,241.0,2018-07-30,1994-11-21,False,p167512,66,0,0,0,1,0,0,0,1,0,0,0,1,11.4,1.4,4.0,1.7,4,4,1,5,1,0.01,0.01,0.02,1.69,,,,,,,[],,316,120,345,124,300,105,355,124,0.01,0.0,0.01,0.02,2.3,1.36,663,213,380,134,296,103,115,45,1.36,0.0,6.82,Sunderland,SUN
True,False,0.0,0.0,105717,0,0,0,0,0.0,0,"[{'offset': 0, 'projected_percent': '0.0', 'likelihood': 0}, {'offset': 1, 'projected_percent': '0.0', 'likelihood': 0}, {'offset': 2, 'projected_percent': '0.0', 'likelihood': 0}]",,False,0,2,0.0,0.0,0,Arthur,0.0,540,False,Has joined Konyaspor permanently,2026-08-12T14:08:03.097784Z,4.0,105717.jpg,0.0,False,Masuaku,0.1,False,,u,20,56,0,0,0,11543,610,0.0,0.0,Masuaku,,50.0,2025-08-10,1993-11-07,False,p105717,0,0,0,0,0,0,0,0,0,0,0,0,0,0.0,0.0,0.0,0.0,0,0,0,0,0,0.00,0.00,0.00,0.00,,,,,,,[],,419,152,407,148,351,133,423,151,0.0,0.0,0.0,0.0,0.0,0.0,596,163,393,139,433,152,378,144,0.0,0.0,0.0,Sunderland,SUN
True,True,100.0,100.0,93605,0,0,0,0,-32.3,-1,"[{'offset': 0, 'projected_percent': '-32.6', 'likelihood': -2}, {'offset': 1, 'projected_percent': '-33.3', 'likelihood': -2}, {'offset': 2, 'projected_percent': '-33.9', 'likelihood': -2}]",,False,0,2,3.2,3.2,3,Thomas,3.2,541,False,,2026-08-16T08:30:07.830062Z,4.5,93605.jpg,2.8,False,Meunier,0.3,False,,a,20,56,14,6967,1566,9588,836,0.7,3.1,Meunier,,21.0,2026-07-15,1991-09-12,False,p93605,396,0,1,1,8,0,0,0,0,0,0,0,42,70.2,41.4,43.0,15.6,16,15,4,20,5,0.34,0.58,0.92,5.94,,,,,,,[],,132,58,151,40,110,25,127,42,0.08,0.0,0.13,0.21,1.35,1.82,434,86,106,42,160,65,300,109,1.14,0.23,4.55,Sunderland,SUN
True,True,,,484420,-1,1,-3,3,-4.2,-2,"[{'offset': 0, 'projected_percent': '-4.2', 'likelihood': -1}, {'offset': 1, 'projected_percent': '-4.3', 'likelihood': -1}, {'offset': 2, 'projected_percent': '-4.3', 'likelihood': -1}]",,False,0,3,4.0,4.0,5,Enzo,4.0,542,False,,,5.7,484420.jpg,3.6,False,Le Fée,3.4,False,,a,20,56,18,44557,10985,649851,23276,0.7,3.2,E.Le Fée,,73.0,2025-07-01,2000-02-03,False,p484420,438,1,1,1,9,0,0,1,0,0,0,1,90,88.6,137.3,82.0,31.0,3,11,7,21,5,2.06,1.34,3.40,8.46,1.0,,3.0,,2.0,,[],,101,29,22,21,45,27,30,21,0.42,0.0,0.28,0.7,1.74,1.85,115,73,82,31,112,44,99,33,1.03,0.21,4.32,Sunderland,SUN
True,True,0.0,0.0,547027,-1,1,-2,2,0.0,0,"[{'offset': 0, 'projected_percent': '0.0', 'likelihood': 0}, {'offset': 1, 'projected_percent': '0.0', 'likelihood': 0}, {'offset': 2, 'projected_percent': '0.0', 'likelihood': 0}]",,False,0,3,0.0,0.0,0,Habib,1.0,543,False,Hamstring injury - Unknown return date,2026-08-30T16:30:08.428960Z,5.3,547027.jpg,2.5,False,Diarra,0.0,False,,i,20,56,5,557,19,5901,218,0.2,0.9,Diarra,,189.0,2025-07-01,2004-01-03,False,p547027,28,0,1,0,1,0,0,0,0,0,0,0,18,15.6,10.9,2.0,2.9,0,0,0,0,0,0.03,0.16,0.19,0.12,,,,,1.0,,[],https://www.safc.com/news/2026/september/10/le-bris-on-mundle-and-diarra-injuries/,297,127,271,138,331,165,324,151,0.1,0.0,0.51,0.61,0.39,3.21,231,144,262,118,190,82,561,233,0.0,0.0,0.0,Sunderland,SUN
True,True,,,84450,0,0,0,0,-71.4,-5,"[{'offset': 0, 'projected_percent': '-71.5', 'likelihood': -3}, {'offset': 1, 'projected_percent': '-71.7', 'likelihood': -3}, {'offset': 2, 'projected_percent': '-71.9', 'likelihood': -3}]",,False,0,3,3.0,3.0,2,Granit,3.0,544,False,,,5.5,84450.jpg,4.2,False,Xhaka,3.6,False,,a,20,56,21,130545,6013,207720,22631,0.5,3.8,Xhaka,,207.0,2025-07-30,1992-09-27,False,p84450,450,0,1,1,10,0,0,0,2,0,0,5,116,93.6,191.1,3.0,28.8,12,33,9,54,5,0.06,1.32,1.38,8.66,2.0,,2.0,,,,[],,89,26,5,5,315,159,37,27,0.01,0.0,0.26,0.27,1.73,2.0,124,79,127,51,83,35,93,32,1.0,0.2,10.8,Sunderland,SUN
True,True,,,577669,0,0,-1,1,-71.5,0,"[{'offset': 0, 'projected_percent': '-71.5', 'likelihood': -3}, {'offset': 1, 'projected_percent': '-71.5', 'likelihood': -3}, {'offset': 2, 'projected_percent': '-71.5', 'likelihood': -3}]",,False,0,3,2.0,2.0,2,Noah,2.0,545,False,,,4.9,577669.jpg,2.0,False,Sadiki,0.2,False,,a,20,56,10,5705,392,18324,1299,0.4,2.0,Sadiki,,50.0,2025-07-04,2004-12-17,False,p577669,410,0,0,1,9,0,0,0,1,0,0,0,75,52.8,59.5,81.0,19.2,11,12,6,29,5,0.44,0.24,0.68,6.47,,,,,,,[],,183,73,94,66,46,28,96,52,0.1,0.0,0.05,0.15,1.42,1.98,397,241,190,85,231,101,321,114,1.1,0.22,6.37,Sunderland,SUN
True,False,0.0,0.0,535818,0,0,-1,1,0.0,0,"[{'offset': 0, 'projected_percent': '0.0', 'likelihood': 0}, {'offset': 1, 'projected_percent': '0.0', 'likelihood': 0}, {'offset': 2, 'projected_percent': '0.0', 'likelihood': 0}]",,False,0,3,0.0,0.0,0,Simon,0.0,546,False,Has joined Ajax on loan for the rest of the season,2026-08-20T14:00:08.416985Z,4.9,535818.jpg,0.0,False,Adingra,0.0,False,,u,20,56,0,240,0,7414,186,0.0,0.0,Adingra,,54.0,2025-07-10,2002-01-01,False,p535818,0,0,0,0,0,0,0,0,0,0,0,0,0,0.0,0.0,0.0,0.0,0,0,0,0,0,0.00,0.00,0.00,0.00,,,,,,,[],https://www.safc.com/news/2026/august/20/le-bris-provides-latest-team-news-ahead-of-ipswich/,577,241,577,247,545,225,583,243,0.0,0.0,0.0,0.0,0.0,0.0,388,232,569,237,588,248,559,232,0.0,0.0,0.0,Sunderland,SUN
True,True,0.0,0.0,461199,0,0,-1,1,-76.6,0,"[{'offset': 0, 'projected_percent': '-76.6', 'likelihood': -3}, {'offset': 1, 'projected_percent': '-76.6', 'likelihood': -3}, {'offset': 2, 'projected_percent': '-76.6', 'likelihood': -3}]",,False,0,3,0.0,0.0,0,Romaine,0.2,547,False,Knee injury - Unknown return date,2026-09-09T14:00:08.462705Z,4.9,461199.jpg,1.0,False,Mundle,0.0,False,,i,20,56,1,201,10,671,53,0.0,0.2,Mundle,,241.0,2024-02-01,2003-04-24,False,p461199,1,0,0,0,0,0,0,0,0,0,0,0,2,8.0,0.1,17.0,2.5,1,0,0,1,0,0.17,0.00,0.17,0.09,,,,,,,[],https://www.safc.com/news/2026/september/10/le-bris-on-mundle-and-diarra-injuries/,340,158,391,195,208,114,336,157,15.3,0.0,0.0,15.3,8.1,0.0,371,222,366,175,338,148,636,273,0.0,0.0,90.0,Sunderland,SUN
True,True,,,554197,0,0,-1,1,-74.7,0,"[{'offset': 0, 'projected_percent': '-74.7', 'likelihood': -3}, {'offset': 1, 'projected_percent': '-74.7', 'likelihood': -3}, {'offset': 2, 'projected_percent': '-74.7', 'likelihood': -3}]",,False,0,3,0.2,0.2,0,Chris,0.2,548,False,,,4.9,554197.jpg,1.0,False,Rigg,0.0,False,,a,20,56,2,466,29,2840,220,0.0,0.4,Rigg,,241.0,2022-12-31,2007-06-18,False,p554197,17,0,0,0,1,0,0,0,0,0,0,0,6,0.0,0.3,0.0,0.0,0,1,0,1,0,0.00,0.00,0.00,0.44,,,,,,,[],,581,245,380,189,549,229,587,247,0.0,0.0,0.0,0.0,2.33,5.29,393,237,367,176,344,152,501,197,0.0,0.0,5.29,Sunderland,SUN
True,True,,,549912,0,0,-2,2,-28.5,0,"[{'offset': 0, 'projected_percent': '-28.5', 'likelihood': -2}, {'offset': 1, 'projected_percent': '-28.5', 'likelihood': -2}, {'offset': 2, 'projected_percent': '-28.5', 'likelihood': -2}]",,False,0,3,0.0,0.0,0,Chemsdine,0.0,549,False,,,5.3,549912.jpg,1.0,False,Talbi,0.1,False,,a,20,56,1,1338,105,11776,556,0.0,0.2,Talbi,,145.0,2025-07-09,2005-05-09,False,p549912,31,0,0,0,1,0,0,0,0,0,0,0,1,0.0,0.9,0.0,0.0,0,2,0,2,0,0.00,0.00,0.00,0.14,,,,,,,[],,626,272,360,179,613,264,631,273,0.0,0.0,0.0,0.0,0.41,2.9,232,145,617,267,368,168,382,139,0.0,0.0,5.81,Sunderland,SUN
True,True,,,699989,0,0,0,0,-92.5,0,"[{'offset': 0, 'projected_percent': '-92.5', 'likelihood': -3}, {'offset': 1, 'projected_percent': '-92.5', 'likelihood': -3}, {'offset': 2, 'projected_percent': '-92.5', 'likelihood': -3}]",,False,0,3,0.0,0.0,0,Djiamgone Jocelin Ta,0.0,550,False,,,5.0,699989.jpg,0.0,False,Bi,0.0,False,,a,20,56,0,301,27,420,39,0.0,0.0,Jocelin.T,,54.0,2026-01-16,2005-02-09,False,p699989,0,0,0,0,0,0,0,0,0,0,0,0,0,0.0,0.0,0.0,0.0,0,0,0,0,0,0.00,0.00,0.00,0.00,,,,,,,[],,621,268,627,273,606,260,627,270,0.0,0.0,0.0,0.0,0.0,0.0,335,201,614,265,630,273,631,269,0.0,0.0,0.0,Sunderland,SUN
True,True,,,536661,0,0,0,0,1.3,0,"[{'offset': 0, 'projected_percent': '1.3', 'likelihood': 1}, {'offset': 1, 'projected_percent': '1.3', 'likelihood': 1}, {'offset': 2, 'projected_percent': '1.3', 'likelihood': 1}]",,False,0,3,2.8,2.8,4,Nilson,2.8,551,False,,,5.0,536661.jpg,3.2,False,Angulo,0.1,False,,a,20,56,16,12775,496,10551,763,0.6,3.2,N.Angulo,,62.0,2026-02-02,2003-06-19,False,p536661,313,1,1,1,7,0,0,0,1,0,0,0,67,72.2,38.3,47.0,15.7,5,14,5,24,5,0.60,0.13,0.73,4.56,,,1.0,,,,[],,128,43,162,102,101,56,126,67,0.17,0.0,0.04,0.21,1.31,2.01,315,189,138,59,128,49,391,144,1.44,0.29,6.9,Sunderland,SUN
True,True,75.0,,441264,-1,1,-3,3,79.8,-19,"[{'offset': 0, 'projected_percent': '79.7', 'likelihood': 3}, {'offset': 1, 'projected_percent': '79.4', 'likelihood': 3}, {'offset': 2, 'projected_percent': '79.1', 'likelihood': 3}]",,False,1,4,4.1,5.5,17,Brian,5.5,552,False,Hamstring injury - 75% chance of playing,2026-09-24T21:30:10.382142Z,5.7,441264.jpg,4.8,False,Brobbey,7.0,False,,d,20,56,24,284665,193207,928595,42423,1.0,4.2,Brobbey,,152.0,2025-09-01,2002-02-01,False,p441264,399,3,0,1,9,0,0,0,1,0,0,3,113,108.4,69.0,142.0,31.7,1,10,0,11,5,2.94,0.11,3.05,8.18,,,,,,,[],https://www.safc.com/news/2026/september/24/international-round-up--thursday/,62,4,77,6,14,7,26,6,0.66,0.0,0.02,0.68,1.85,2.03,113,29,33,4,68,6,55,9,1.13,0.23,2.48,Sunderland,SUN
True,True,,,437505,0,0,0,0,3.1,0,"[{'offset': 0, 'projected_percent': '3.1', 'likelihood': 1}, {'offset': 1, 'projected_percent': '3.1', 'likelihood': 1}, {'offset': 2, 'projected_percent': '3.1', 'likelihood': 1}]",,False,0,4,3.5,3.5,1,Wilson,3.5,553,False,,,5.5,437505.jpg,3.0,False,Isidor,1.3,False,,a,20,56,15,95367,3065,86467,11313,0.6,2.7,Isidor,,92.0,2025-02-01,2000-08-27,False,p437505,117,1,1,0,3,0,0,0,0,0,0,3,51,30.8,1.0,35.0,6.7,0,3,2,5,0,1.49,0.01,1.50,3.78,,,,,,,[],,253,23,358,45,140,28,259,27,1.15,0.0,0.01,1.16,2.91,2.31,143,38,96,9,150,14,163,25,0.0,0.0,3.85,Sunderland,SUN
True,True,100.0,100.0,638411,0,0,0,0,0.0,1,"[{'offset': 0, 'projected_percent': '0.0', 'likelihood': 0}, {'offset': 1, 'projected_percent': '0.1', 'likelihood': 1}, {'offset': 2, 'projected_percent': '0.1', 'likelihood': 1}]",,False,0,2,-0.2,-0.2,-1,Dayann,-0.2,612,False,,2026-08-28T13:00:08.950445Z,4.5,638411.jpg,-1.0,False,Méthalie,0.0,False,,a,20,56,-1,900,111,491,65,0.0,-0.2,Methalie,,73.0,2026-08-21,2006-02-15,False,p638411,90,0,0,0,5,0,0,0,1,0,0,0,-8,8.0,2.0,2.0,1.2,2,4,1,3,1,0.03,0.01,0.04,2.82,,,,,,,[],,339,125,333,119,322,122,372,132,0.03,0.0,0.01,0.04,2.82,5.0,533,134,666,217,667,217,614,207,1.0,0.0,3.0,Sunderland,SUN
True,True,,,696104,0,0,0,0,-44.0,0,"[{'offset': 0, 'projected_percent': '-44.0', 'likelihood': -3}, {'offset': 1, 'projected_percent': '-44.0', 'likelihood': -3}, {'offset': 2, 'projected_percent': '-44.0', 'likelihood': -3}]",,False,0,3,0.0,0.0,0,Jules,0.0,613,False,,,4.5,696104.jpg,0.0,False,Ahoka,0.2,False,,a,20,56,0,25370,575,14258,1560,0.0,0.0,Ahoka,,50.0,2026-08-24,2006-05-08,False,p696104,0,0,0,0,0,0,0,0,0,0,0,0,0,0.0,0.0,0.0,0.0,0,0,0,0,0,0.00,0.00,0.00,0.00,,,,,,,[],,549,224,545,230,506,203,554,225,0.0,0.0,0.0,0.0,0.0,0.0,541,286,534,215,562,232,316,112,0.0,0.0,0.0,Sunderland,SUN
True,True,,,549940,0,0,0,0,-13.1,0,"[{'offset': 0, 'projected_percent': '-13.1', 'likelihood': -1}, {'offset': 1, 'projected_percent': '-13.1', 'likelihood': -1}, {'offset': 2, 'projected_percent': '-13.1', 'likelihood': -1}]",,False,0,3,1.0,1.0,1,Malick,1.0,646,False,,,5.5,549940.jpg,1.0,False,Fofana,0.0,False,,a,20,56,3,4054,318,1720,292,0.2,0.5,Fofana,,21.0,2026-09-01,2005-03-31,False,p549940,60,0,0,0,2,0,0,0,0,0,0,0,11,12.4,2.1,44.0,5.8,0,2,1,3,0,0.39,0.01,0.40,3.25,,,,,,,[],,310,137,332,167,108,62,277,124,0.58,0.0,0.02,0.6,4.88,3.0,159,99,269,123,387,183,539,219,0.0,0.0,4.5,Sunderland,SUN
True,True,,,661313,0,0,0,0,4.7,2,"[{'offset': 0, 'projected_percent': '4.8', 'likelihood': 1}, {'offset': 1, 'projected_percent': '4.8', 'likelihood': 1}, {'offset': 2, 'projected_percent': '4.8', 'likelihood': 1}]",,False,0,4,0.0,0.0,0,Juan,0.0,651,False,,,4.5,661313.jpg,0.0,False,Angulo,0.7,False,,a,20,56,0,90376,8508,30119,7104,0.0,0.0,J.Angulo,,62.0,2026-09-01,2008-01-12,False,p661313,0,0,0,0,0,0,0,0,0,0,0,0,0,0.0,0.0,0.0,0.0,0,0,0,0,0,0.00,0.00,0.00,0.00,,,,,,,[],,545,58,541,62,502,57,550,62,0.0,0.0,0.0,0.0,0.0,0.0,537,79,530,56,558,63,208,34,0.0,0.0,0.0,Sunderland,SUN
